{
    "company": "30 seconds of code",
    "h-index": 16,
    "repo count": 18,
    "contributor count": 447,
    "size": "todo",
    "employee count": "todo",
    "country": "Greece",
    "top language": "JavaScript",
    "repos": {
        "30-seconds-of-code": "| 111423 | 11474 |   JavaScript   |",
        "30-seconds-of-css": "| 16111 | 1086 |   CSS   |",
        "30-seconds-of-interviews": "| 11305 | 984 |   JavaScript   |",
        "30-seconds-of-python": "| 8747 | 1301 |   Python   |",
        "30-seconds-of-react": "| 4842 | 461 |   JavaScript   |",
        "30-seconds-of-php": "| 2507 | 310 |   PHP   |",
        "30-seconds-web": "| 1212 | 131 |   JavaScript   |",
        "30-seconds-blog": "| 565 | 89 |   None   |",
        "30-seconds-of-git": "| 278 | 43 |   None   |",
        "30-seconds-of-csharp": "| 171 | 36 |   C#   |",
        "30-seconds-of-golang": "| 143 | 22 |   Go   |",
        "30-seconds-of-dart": "| 105 | 23 |   Dart   |",
        "markdown-builder": "| 84 | 16 |   JavaScript   |",
        "integration-tools": "| 34 | 15 |   JavaScript   |",
        "twitter-bot": "| 34 | 9 |   JavaScript   |",
        "30-seconds-content": "| 27 | 9 |   None   |",
        "brand-and-design": "| 15 | 3 |   None   |",
        ".github": "| 3 | 1 |   None   |"
    }
}