{
    "company": "Adevinta",
    "h-index": 7,
    "repo count": 65,
    "contributor count": 737,
    "size": "todo",
    "employee count": "todo",
    "country": null,
    "top language": "Go",
    "repos": {
        "zoe": "| 272 | 21 |   Kotlin   |",
        "maiao": "| 98 | 7 |   Go   |",
        "spark-android": "| 28 | 1 |   Kotlin   |",
        "spark": "| 23 | 2 |   TypeScript   |",
        "vulcan-checks": "| 11 | 20 |   Go   |",
        "vulcan-local": "| 8 | 3 |   Go   |",
        "spark-ios": "| 8 | 1 |   Swift   |",
        "vulcan-core-compose": "| 5 | 0 |   Shell   |",
        "vulcan-api": "| 5 | 2 |   Go   |",
        "vulcan-scan-engine": "| 3 | 2 |   Go   |",
        "graph-notebook-docker": "| 3 | 4 |   Shell   |",
        "graph-asset-inventory-api": "| 3 | 2 |   Python   |",
        "spark-ios-snapshots": "| 3 | 0 |   None   |",
        "vulcan-report": "| 2 | 3 |   Go   |",
        "kafka-health-check": "| 2 | 1 |   Go   |",
        "kafka_exporter": "| 2 | 1 |   None   |",
        "vulcan-ui": "| 2 | 3 |   TypeScript   |",
        "spark-tokens": "| 2 | 0 |   JavaScript   |",
        "vulcan-types": "| 1 | 1 |   Go   |",
        "vulcan-stream": "| 1 | 3 |   Go   |",
        "vulnerability-db-api": "| 1 | 2 |   Go   |",
        "vulcan-local-action": "| 1 | 1 |   Shell   |",
        "beholder": "| 1 | 0 |   None   |",
        "fiaas-deploy-daemon": "| 0 | 0 |   Python   |",
        "errors": "| 0 | 0 |   Go   |",
        "vulcan-results": "| 0 | 2 |   Go   |",
        "restuss": "| 0 | 2 |   Go   |",
        "dockerutils": "| 0 | 1 |   Go   |",
        "gozuul": "| 0 | 1 |   Go   |",
        "vulcan-agent": "| 0 | 4 |   Go   |",
        "vulcan-persistence": "| 0 | 4 |   Ruby   |",
        "vulcan-core-cli": "| 0 | 1 |   Go   |",
        "vulcan-check-sdk": "| 0 | 5 |   Go   |",
        "vulcan-charts": "| 0 | 1 |   Smarty   |",
        "vulcan-cicd": "| 0 | 1 |   Shell   |",
        "vulcan-checks-bsys": "| 0 | 1 |   Go   |",
        "vulcan-groupie": "| 0 | 2 |   Go   |",
        "security-overview": "| 0 | 1 |   HTML   |",
        "homebrew-zoe": "| 0 | 1 |   Kotlin   |",
        "of-watchdog": "| 0 | 1 |   None   |",
        "vulcan-metrics-client": "| 0 | 1 |   Go   |",
        "kafka": "| 0 | 1 |   Go   |",
        "vulnerability-db": "| 0 | 2 |   Go   |",
        "vulcan-crontinuous": "| 0 | 3 |   Go   |",
        "envsubst": "| 0 | 1 |   None   |",
        "sbt-artifactory-settings": "| 0 | 2 |   Scala   |",
        "sbt-tricklerdowner": "| 0 | 0 |   Scala   |",
        "vulcan-reports-generator": "| 0 | 1 |   Go   |",
        "maiao-tests": "| 0 | 0 |   None   |",
        "graph-altimeter": "| 0 | 1 |   Python   |",
        "python-avro-json-serializer": "| 0 | 1 |   None   |",
        "kafka-python": "| 0 | 0 |   None   |",
        "kubectl-switch-docker": "| 0 | 0 |   Shell   |",
        "vulcan-docs": "| 0 | 0 |   Python   |",
        "graph-vulcan-assets": "| 0 | 0 |   Go   |",
        "kafka-extras-storage": "| 0 | 0 |   None   |",
        "vulcan-check-catalog": "| 0 | 0 |   Go   |",
        "vulcan-tracker": "| 0 | 0 |   Go   |",
        "fluent-bit-storage-exporter": "| 0 | 0 |   Go   |",
        "graph-intel-api": "| 0 | 1 |   Go   |",
        "confluent-kafka-python": "| 0 | 0 |   None   |",
        ".github": "| 0 | 0 |   None   |",
        "altimeter": "| 0 | 0 |   None   |",
        "graph-proposal": "| 0 | 0 |   None   |",
        "tailwind-config-viewer": "| 0 | 0 |   Vue   |"
    }
}