{
    "company": "Adobe, Inc.",
    "h-index": 63,
    "repo count": 867,
    "contributor count": 7066,
    "size": "todo",
    "employee count": "todo",
    "country": "San Jose, CA",
    "top language": "JavaScript",
    "repos": {
        "brackets": "| 33452 | 7966 |   JavaScript   |",
        "react-spectrum": "| 8684 | 713 |   TypeScript   |",
        "antialiased-cnns": "| 1611 | 206 |   Python   |",
        "leonardo": "| 1571 | 81 |   JavaScript   |",
        "balance-text": "| 1302 | 85 |   JavaScript   |",
        "adobe.github.com": "| 1229 | 339 |   CSS   |",
        "brackets-shell": "| 1174 | 632 |   Python   |",
        "spectrum-css": "| 1073 | 192 |   CSS   |",
        "spectrum-web-components": "| 846 | 139 |   TypeScript   |",
        "aem-core-wcm-components": "| 646 | 697 |   Java   |",
        "S3Mock": "| 617 | 160 |   Java   |",
        "NLP-Cube": "| 515 | 98 |   Python   |",
        "ferrum": "| 493 | 25 |   JavaScript   |",
        "brackets-app": "| 492 | 131 |   C++   |",
        "jsonschema2md": "| 478 | 148 |   JavaScript   |",
        "aem-project-archetype": "| 470 | 378 |   JavaScript   |",
        "cryptr": "| 439 | 33 |   HTML   |",
        "cssfilterlab": "| 349 | 108 |   JavaScript   |",
        "hyde": "| 298 | 38 |   C++   |",
        "node-smb-server": "| 275 | 53 |   JavaScript   |",
        "htl-spec": "| 265 | 145 |   None   |",
        "aem-guides-wknd": "| 235 | 425 |   JavaScript   |",
        "lit-mobx": "| 223 | 13 |   TypeScript   |",
        "xdm": "| 215 | 286 |   JavaScript   |",
        "lagrange": "| 215 | 18 |   C++   |",
        "webkit": "| 214 | 118 |   None   |",
        "chromium": "| 204 | 222 |   C++   |",
        "elixir-styler": "| 203 | 2 |   Elixir   |",
        "ops-cli": "| 182 | 38 |   Python   |",
        "avmplus": "| 179 | 72 |   ActionScript   |",
        "glsl2agal": "| 163 | 39 |   C++   |",
        "pdf-embed-api-samples": "| 155 | 120 |   JavaScript   |",
        "aem-htl-repl": "| 151 | 61 |   JavaScript   |",
        "OSAS": "| 150 | 24 |   Python   |",
        "Deep-Audio-Prior": "| 148 | 23 |   Python   |",
        "stringlifier": "| 148 | 18 |   Python   |",
        "Spry": "| 142 | 161 |   HTML   |",
        "XMP-Toolkit-SDK": "| 135 | 68 |   C++   |",
        "imgui": "| 132 | 15 |   C++   |",
        "svg-native-viewer": "| 132 | 30 |   C++   |",
        "rules_gitops": "| 123 | 35 |   Starlark   |",
        "brackets-phonegap": "| 112 | 56 |   JavaScript   |",
        "brackets.io": "| 111 | 81 |   HTML   |",
        "tf-manage": "| 110 | 14 |   Shell   |",
        "GLS3D": "| 105 | 54 |   C   |",
        "coral-spectrum": "| 103 | 76 |   JavaScript   |",
        "aem-component-generator": "| 103 | 43 |   Java   |",
        "adobe-client-data-layer": "| 101 | 25 |   JavaScript   |",
        "react-webcomponent": "| 95 | 17 |   JavaScript   |",
        "aem-core-cif-components": "| 92 | 76 |   Java   |",
        "web-platform": "| 90 | 59 |   JavaScript   |",
        "ride": "| 86 | 39 |   Java   |",
        "go-starter": "| 83 | 6 |   Go   |",
        "himl": "| 81 | 30 |   Python   |",
        "orc": "| 79 | 8 |   C++   |",
        "asset-share-commons": "| 77 | 93 |   Java   |",
        "alloy": "| 77 | 41 |   JavaScript   |",
        "pdfservices-node-sdk-samples": "| 77 | 18 |   HTML   |",
        "sbmc": "| 76 | 18 |   Python   |",
        "git-server": "| 75 | 29 |   JavaScript   |",
        "aem-sample-we-retail-journal": "| 66 | 69 |   CSS   |",
        "frontend-regression-validator": "| 65 | 8 |   Python   |",
        "blackhole": "| 65 | 6 |   Go   |",
        "aem-spa-project-archetype": "| 62 | 30 |   CSS   |",
        "experience-platform-postman-samples": "| 61 | 128 |   None   |",
        "aio-cli": "| 60 | 28 |   JavaScript   |",
        "Marinus": "| 59 | 14 |   JavaScript   |",
        "dds2atf": "| 58 | 20 |   C++   |",
        "aem-modernize-tools": "| 58 | 38 |   Java   |",
        "redux-saga-promise": "| 58 | 12 |   JavaScript   |",
        "aem-guides-wknd-spa": "| 56 | 81 |   None   |",
        "aio-theme": "| 54 | 42 |   JavaScript   |",
        "aem-brackets-extension": "| 53 | 22 |   JavaScript   |",
        "brackets-edge-web-fonts": "| 50 | 23 |   JavaScript   |",
        "aem-enablement": "| 50 | 33 |   Java   |",
        "aem-upload": "| 50 | 12 |   JavaScript   |",
        "brackets-registry": "| 47 | 24 |   JavaScript   |",
        "xmp-docs": "| 47 | 10 |   None   |",
        "aem-testing-clients": "| 45 | 37 |   Java   |",
        "htlengine": "| 45 | 23 |   HTML   |",
        "aem-dispatcher-experiments": "| 44 | 24 |   HTML   |",
        "pdfservices-python-sdk-samples": "| 44 | 18 |   Python   |",
        "aem-react-editable-components": "| 43 | 23 |   TypeScript   |",
        "helix-project-boilerplate": "| 43 | 108 |   JavaScript   |",
        "helix-home": "| 42 | 65 |   HTML   |",
        "commerce-cif-connector": "| 42 | 23 |   Java   |",
        "node-fetch-retry": "| 42 | 20 |   JavaScript   |",
        "behavior_tree_editor": "| 41 | 9 |   JavaScript   |",
        "aem-react-core-wcm-components": "| 41 | 15 |   None   |",
        "commerce-cif-magento": "| 40 | 9 |   JavaScript   |",
        "starter-repo": "| 40 | 60 |   None   |",
        "aem-guides-wknd-graphql": "| 39 | 47 |   JavaScript   |",
        "libLOL": "| 39 | 10 |   Python   |",
        "helix-cli": "| 38 | 46 |   JavaScript   |",
        "bin2c": "| 38 | 8 |   C   |",
        "graphicalweb-keynote": "| 37 | 16 |   JavaScript   |",
        "aio-cli-plugin-cloudmanager": "| 37 | 27 |   JavaScript   |",
        "aem-site-template-standard": "| 37 | 40 |   SCSS   |",
        "aem-eclipse-developer-tools": "| 35 | 21 |   Java   |",
        "oss-contributors": "| 35 | 9 |   JavaScript   |",
        "telemetry-utils": "| 34 | 16 |   Python   |",
        "PDFServices.NET.SDK.Samples": "| 33 | 18 |   HTML   |",
        "fetch": "| 33 | 11 |   JavaScript   |",
        "adobe-dx": "| 32 | 28 |   Java   |",
        "aem-cif-guides-venia": "| 31 | 28 |   JavaScript   |",
        "helix-pipeline": "| 30 | 18 |   JavaScript   |",
        "pdfservices-java-sdk-samples": "| 30 | 22 |   HTML   |",
        "obfuscation-detection": "| 28 | 8 |   Python   |",
        "generator-tsx": "| 27 | 13 |   TypeScript   |",
        "mocka": "| 26 | 11 |   JavaScript   |",
        "aem-contrib-wcm-components": "| 26 | 12 |   Java   |",
        "aem-spa-page-model-manager": "| 26 | 21 |   TypeScript   |",
        "spectrum-tokens": "| 26 | 8 |   JavaScript   |",
        "react-twist": "| 25 | 9 |   JavaScript   |",
        "WebkitAIR": "| 24 | 12 |   C++   |",
        "twist": "| 24 | 9 |   JavaScript   |",
        "athena": "| 24 | 7 |   JavaScript   |",
        "target-nodejs-sdk": "| 24 | 19 |   JavaScript   |",
        "css-pseudo-elements": "| 23 | 15 |   JavaScript   |",
        "react-native-acpanalytics": "| 23 | 16 |   JavaScript   |",
        "adobe-license-decoder.rs": "| 23 | 7 |   Rust   |",
        "htl-tck": "| 22 | 12 |   HTML   |",
        "Chronikis": "| 22 | 4 |   Haskell   |",
        "react-native-acpcore": "| 22 | 19 |   JavaScript   |",
        "commerce-cif-graphql-integration-reference": "| 22 | 23 |   JavaScript   |",
        "iphone-filter-demo": "| 21 | 11 |   CSS   |",
        "aem-test-samples": "| 21 | 30 |   Java   |",
        "experience-platform-dsw-reference": "| 21 | 25 |   Python   |",
        "commerce-cif-magento-graphql": "| 21 | 9 |   Java   |",
        "aem-spa-project-core": "| 21 | 27 |   Java   |",
        "angle": "| 20 | 13 |   C++   |",
        "aem-cif-project-archetype": "| 20 | 11 |   CSS   |",
        "aem-spa-component-mapping": "| 20 | 7 |   TypeScript   |",
        "aem-site-template-builder": "| 20 | 4 |   JavaScript   |",
        "cluster-registry": "| 20 | 12 |   Go   |",
        "stock-api-libphp": "| 19 | 20 |   PHP   |",
        "open-development-template": "| 19 | 8 |   None   |",
        "target-java-sdk": "| 19 | 25 |   Java   |",
        "kompos": "| 19 | 11 |   Python   |",
        "aemanalyser-maven-plugin": "| 19 | 14 |   Java   |",
        "aem-core-forms-components": "| 19 | 36 |   JavaScript   |",
        "brackets-updates": "| 18 | 23 |   JavaScript   |",
        "target-nodejs-sdk-samples": "| 18 | 38 |   JavaScript   |",
        "commerce-cif-api": "| 18 | 9 |   Java   |",
        "wskdebug": "| 18 | 6 |   JavaScript   |",
        "experience-platform-streaming-connect": "| 18 | 20 |   Java   |",
        "acc-js-sdk": "| 18 | 16 |   JavaScript   |",
        "reactor-helloworld-extension": "| 17 | 15 |   HTML   |",
        "reactor-turbine": "| 17 | 24 |   JavaScript   |",
        "aio-cli-plugin-app": "| 17 | 30 |   JavaScript   |",
        "reactor-extension-core": "| 17 | 12 |   JavaScript   |",
        "aepsdk-core-ios": "| 17 | 35 |   Swift   |",
        "porter2k8s": "| 17 | 5 |   Go   |",
        "aio-cli-plugin-aem-cloud-service-migration": "| 17 | 11 |   JavaScript   |",
        "vent": "| 16 | 5 |   JavaScript   |",
        "shredder": "| 16 | 11 |   Shell   |",
        "toughday2": "| 16 | 12 |   Java   |",
        "DrawAIng": "| 16 | 7 |   Python   |",
        "sledgehammer": "| 16 | 1 |   Go   |",
        "aio-cli-plugin-runtime": "| 16 | 29 |   JavaScript   |",
        "commerce-cif-graphql-client": "| 16 | 9 |   Java   |",
        "aem-headless-client-js": "| 16 | 8 |   JavaScript   |",
        "angle.js": "| 15 | 12 |   C++   |",
        "ml-featurizer": "| 15 | 7 |   Scala   |",
        "graphql-java-generator": "| 15 | 6 |   Java   |",
        "tripod": "| 15 | 4 |   Python   |",
        "xmp-toolkit-rs": "| 15 | 11 |   Rust   |",
        "aem-react-core-wcm-components-base": "| 15 | 9 |   TypeScript   |",
        "k8s-shredder": "| 15 | 5 |   Go   |",
        "stock-api-sdk": "| 14 | 5 |   None   |",
        "stock-api-samples": "| 14 | 6 |   JavaScript   |",
        "experience-platform-etl-reference": "| 14 | 22 |   Java   |",
        "fastly-native-promises": "| 14 | 12 |   JavaScript   |",
        "butler": "| 14 | 10 |   Go   |",
        "pdf-names-list": "| 14 | 3 |   None   |",
        "jwt-auth": "| 14 | 14 |   JavaScript   |",
        "squashtoberfest": "| 14 | 6 |   None   |",
        "hugo-spectrum": "| 14 | 11 |   HTML   |",
        "aem-cloud-service-dispatcher-converter": "| 14 | 3 |   Python   |",
        "aem-angular-editable-components": "| 14 | 11 |   TypeScript   |",
        "aio-lib-photoshop-api": "| 14 | 9 |   JavaScript   |",
        "imscli": "| 14 | 5 |   Go   |",
        "express-website": "| 14 | 31 |   JavaScript   |",
        "coriolis": "| 14 | 6 |   TypeScript   |",
        "skia": "| 13 | 7 |   C++   |",
        "legacy-stock-api-docs": "| 13 | 26 |   None   |",
        "adobe-sensei-ai-functions": "| 13 | 4 |   JavaScript   |",
        "zdw": "| 13 | 11 |   C++   |",
        "aio-cli-plugin-aem": "| 13 | 11 |   JavaScript   |",
        "aem-cloud-migration": "| 13 | 8 |   Java   |",
        "bot_army": "| 13 | 2 |   Elixir   |",
        "aepsdk-rulesengine-ios": "| 13 | 16 |   Swift   |",
        "kafka-connect-s3": "| 13 | 13 |   Java   |",
        "aem-performance-experiments": "| 13 | 4 |   Java   |",
        "swinch": "| 13 | 3 |   Go   |",
        "aem-core-email-components": "| 13 | 7 |   Java   |",
        "aem-nextjs-template": "| 13 | 7 |   JavaScript   |",
        "aem-dispatcher-docker": "| 13 | 9 |   Shell   |",
        "aem-importer-markdown": "| 12 | 6 |   Java   |",
        "reactor-postman": "| 12 | 6 |   None   |",
        "node-cgroup-metrics": "| 12 | 2 |   JavaScript   |",
        "reactor-sdk-javascript": "| 12 | 8 |   JavaScript   |",
        "spectrum-css-workflow-icons": "| 12 | 14 |   JavaScript   |",
        "aem-react-core-wcm-components-spa": "| 12 | 5 |   TypeScript   |",
        "helix-website": "| 12 | 15 |   JavaScript   |",
        "css-tools": "| 12 | 10 |   CSS   |",
        "SimpleSensor": "| 11 | 40 |   Python   |",
        "passport-adobe-oauth2": "| 11 | 6 |   JavaScript   |",
        "adobeio-cna-starter-project": "| 11 | 7 |   JavaScript   |",
        "aem-guides-wknd-mobile": "| 11 | 12 |   Java   |",
        "node-httptransfer": "| 11 | 13 |   JavaScript   |",
        "aem-react-core-wcm-components-examples": "| 11 | 2 |   JavaScript   |",
        "acrobat-sign": "| 11 | 14 |   C#   |",
        "brackets-plugin-exclusions": "| 10 | 12 |   JavaScript   |",
        "SimpleTable": "| 10 | 12 |   Objective-C   |",
        "reactor-scaffold": "| 10 | 8 |   JavaScript   |",
        "reactor-developer-docs": "| 10 | 16 |   CSS   |",
        "aio-tvm": "| 10 | 12 |   JavaScript   |",
        "reactor-extension-alloy": "| 10 | 11 |   JavaScript   |",
        "wechat": "| 10 | 10 |   JavaScript   |",
        "generator-aio-app": "| 10 | 22 |   JavaScript   |",
        "uxp-optimized": "| 10 | 5 |   TypeScript   |",
        "apollo-link-mutation-queue": "| 10 | 3 |   TypeScript   |",
        "aepsdk-edge-ios": "| 10 | 24 |   Swift   |",
        "sizewatcher": "| 10 | 5 |   JavaScript   |",
        "log-parser": "| 10 | 7 |   Java   |",
        "reactor-uploader": "| 9 | 9 |   JavaScript   |",
        "commerce-cif-common": "| 9 | 2 |   JavaScript   |",
        "project-helix.io": "| 9 | 5 |   JavaScript   |",
        "helix-shared": "| 9 | 13 |   JavaScript   |",
        "cloudinventory": "| 9 | 12 |   Go   |",
        "opentsdb-protector": "| 9 | 7 |   Python   |",
        "aio-lib-state": "| 9 | 11 |   JavaScript   |",
        "sign-cemt-boilerplate": "| 9 | 13 |   HTML   |",
        "acc_docker": "| 9 | 6 |   HTML   |",
        "helix-deploy": "| 9 | 14 |   JavaScript   |",
        "aem-dispatcher-optimizer-tool": "| 9 | 9 |   Java   |",
        "magento-storefront-event-collector": "| 9 | 6 |   TypeScript   |",
        "json-formula": "| 9 | 5 |   JavaScript   |",
        "aepsdk-react-native": "| 9 | 20 |   TypeScript   |",
        "buildrunner": "| 9 | 12 |   Python   |",
        "metrics-client-for-java": "| 8 | 9 |   Java   |",
        "UST-Install-Scripts": "| 8 | 5 |   NSIS   |",
        "commerce-cif-magento-extension": "| 8 | 4 |   PHP   |",
        "prometheus-emcisilon-exporter": "| 8 | 10 |   Go   |",
        "aec-bot-integrations": "| 8 | 8 |   JavaScript   |",
        "experience-platform-workshop-201901": "| 8 | 2 |   None   |",
        "helix-pages": "| 8 | 9 |   JavaScript   |",
        "adobe-cloudmanager-io-runtime-deployer": "| 8 | 3 |   JavaScript   |",
        "reactor-sync": "| 8 | 7 |   JavaScript   |",
        "ims-go": "| 8 | 7 |   Go   |",
        "helix-vulcain-filters": "| 8 | 1 |   JavaScript   |",
        "asset-compute-example-workers": "| 8 | 10 |   JavaScript   |",
        "pages": "| 8 | 19 |   JavaScript   |",
        "on-device-decisioning-demo-site": "| 8 | 5 |   JavaScript   |",
        "pdfservices-python-sdk": "| 8 | 13 |   Python   |",
        "helix-sidekick-extension": "| 8 | 23 |   JavaScript   |",
        "helix-importer-ui": "| 8 | 11 |   JavaScript   |",
        "reactor-packager": "| 7 | 4 |   JavaScript   |",
        "reactor-sandbox": "| 7 | 14 |   JavaScript   |",
        "websocketpp": "| 7 | 8 |   C++   |",
        "ust-configapp": "| 7 | 9 |   JavaScript   |",
        "aio-cli-plugin-console": "| 7 | 10 |   JavaScript   |",
        "loadIcons": "| 7 | 4 |   JavaScript   |",
        "franklin-service": "| 7 | 9 |   JavaScript   |",
        "aio-lib-files": "| 7 | 13 |   JavaScript   |",
        "aio-lib-campaign-standard": "| 7 | 4 |   JavaScript   |",
        "aio-sdk": "| 7 | 10 |   JavaScript   |",
        "rundeck-plugin-builder": "| 7 | 4 |   Python   |",
        "helix-onedrive-cli": "| 7 | 7 |   JavaScript   |",
        "helix-qr-code": "| 7 | 3 |   JavaScript   |",
        "ae-plugin-thread-safety": "| 7 | 4 |   C++   |",
        "parliament-client-template": "| 7 | 15 |   JavaScript   |",
        "aem-cloud-service-source-migration": "| 7 | 13 |   JavaScript   |",
        "magento-storefront-events-sdk": "| 7 | 6 |   TypeScript   |",
        "business-website": "| 7 | 13 |   JavaScript   |",
        "aquarium-fish": "| 7 | 0 |   Go   |",
        "adobe-photoshop-api-sdk": "| 7 | 3 |   JavaScript   |",
        "babel-plugin-transform-react-twist": "| 6 | 7 |   JavaScript   |",
        "d3-dashboard-api": "| 6 | 3 |   JavaScript   |",
        "cla-bot": "| 6 | 12 |   JavaScript   |",
        "ossia": "| 6 | 2 |   Go   |",
        "acs-android-example": "| 6 | 6 |   Java   |",
        "react-native-acptarget": "| 6 | 9 |   JavaScript   |",
        "spectrum-css-grid": "| 6 | 2 |   CSS   |",
        "aio-lib-analytics": "| 6 | 5 |   JavaScript   |",
        "adobe-fetch": "| 6 | 6 |   JavaScript   |",
        "reactor-downloader": "| 6 | 8 |   JavaScript   |",
        "theblog": "| 6 | 16 |   JavaScript   |",
        "dynamic-workflow": "| 6 | 8 |   JavaScript   |",
        "bot_army_starter": "| 6 | 3 |   Elixir   |",
        "aio-lib-cloudmanager": "| 6 | 11 |   JavaScript   |",
        "aepsdk-sample-app-android": "| 6 | 20 |   Java   |",
        "aem-headless-client-nodejs": "| 6 | 1 |   JavaScript   |",
        "helix-html-pipeline": "| 6 | 11 |   JavaScript   |",
        "alloy-samples": "| 6 | 6 |   JavaScript   |",
        "reactor-bridge": "| 5 | 2 |   JavaScript   |",
        "reactor-validator": "| 5 | 6 |   JavaScript   |",
        "focus-ring-polyfill": "| 5 | 2 |   JavaScript   |",
        "aio-cli-plugin-config": "| 5 | 10 |   JavaScript   |",
        "commerce-cif-testing-kit": "| 5 | 2 |   None   |",
        "vscode-helix": "| 5 | 4 |   JavaScript   |",
        "AEM-utility-scripts": "| 5 | 2 |   Shell   |",
        "helix-embed": "| 5 | 2 |   JavaScript   |",
        "helix-publish": "| 5 | 5 |   HTML   |",
        "spinnaker-puppet": "| 5 | 2 |   Puppet   |",
        "commerce-salesforce": "| 5 | 12 |   Java   |",
        "aio-lib-ims": "| 5 | 10 |   JavaScript   |",
        "react-native-acpmedia": "| 5 | 7 |   JavaScript   |",
        "aem-miniprogram-integration-demo": "| 5 | 4 |   JavaScript   |",
        "koperator": "| 5 | 12 |   Go   |",
        "asset-compute-sdk": "| 5 | 6 |   JavaScript   |",
        "xamarin-acpcore": "| 5 | 6 |   C#   |",
        "void": "| 5 | 2 |   Rust   |",
        "kratos": "| 5 | 7 |   Go   |",
        "aem-angular-core-wcm-components": "| 5 | 3 |   None   |",
        "dc-acrobat-sdk-docs": "| 5 | 3 |   None   |",
        "frl-online-proxy": "| 5 | 7 |   Rust   |",
        "aemwettemplates": "| 5 | 3 |   HTML   |",
        "blog": "| 5 | 13 |   JavaScript   |",
        "S3-FileSystem": "| 5 | 3 |   Java   |",
        "aepsdk-rulesengine-typescript": "| 5 | 4 |   TypeScript   |",
        "havoc": "| 4 | 7 |   Python   |",
        "vertice": "| 4 | 3 |   Shell   |",
        "soul": "| 4 | 4 |   Python   |",
        "stasher": "| 4 | 4 |   Shell   |",
        "reactor-adobe-va-sample-player": "| 4 | 4 |   JavaScript   |",
        "svgcombiner": "| 4 | 3 |   JavaScript   |",
        "parcel-plugin-htl": "| 4 | 3 |   JavaScript   |",
        "azure_file": "| 4 | 2 |   Ruby   |",
        "aio-cli-plugin-jwt-auth": "| 4 | 7 |   JavaScript   |",
        "helix-simulator": "| 4 | 8 |   JavaScript   |",
        "argo": "| 4 | 5 |   Go   |",
        "projectdyno": "| 4 | 3 |   CSS   |",
        "aio-cli-plugin-boilerplate": "| 4 | 6 |   JavaScript   |",
        "prometheus_tftp_exporter": "| 4 | 2 |   Python   |",
        "aio-cli-plugin-pgb": "| 4 | 5 |   JavaScript   |",
        "openwhisk-action-builder": "| 4 | 3 |   JavaScript   |",
        "commerce-cif-cart-abandonment": "| 4 | 3 |   None   |",
        "aio-app-actions-auth-passport": "| 4 | 4 |   JavaScript   |",
        "aio-lib-web": "| 4 | 13 |   JavaScript   |",
        "helix-dispatch": "| 4 | 1 |   JavaScript   |",
        "aio-lib-target": "| 4 | 4 |   JavaScript   |",
        "github-reporter": "| 4 | 4 |   Scala   |",
        "helix-run-query": "| 4 | 12 |   JavaScript   |",
        "gym-scaling": "| 4 | 5 |   Python   |",
        "eks-jsonnet": "| 4 | 4 |   Jsonnet   |",
        "aio-lib-events": "| 4 | 13 |   JavaScript   |",
        "helix-onedrive-support": "| 4 | 9 |   JavaScript   |",
        "aio-lib-magento": "| 4 | 4 |   JavaScript   |",
        "aio-lib-customer-profile": "| 4 | 4 |   JavaScript   |",
        "helix-data-embed": "| 4 | 1 |   JavaScript   |",
        "babel-plugin-dynamic-import-override": "| 4 | 2 |   JavaScript   |",
        "react-native-aepassurance": "| 4 | 10 |   Java   |",
        "aa-client-go": "| 4 | 5 |   Go   |",
        "flutter-acpplaces": "| 4 | 4 |   Dart   |",
        "parliament-ui-components": "| 4 | 12 |   JavaScript   |",
        "aepsdk-sample-app-ios": "| 4 | 21 |   Swift   |",
        "aepsdk-analytics-ios": "| 4 | 18 |   Swift   |",
        "reactor-turbine-edge": "| 4 | 5 |   JavaScript   |",
        "spark-website": "| 4 | 9 |   JavaScript   |",
        "ferry": "| 4 | 1 |   Go   |",
        "aio-lib-java": "| 4 | 15 |   Java   |",
        "captivate-prime-aem-components": "| 4 | 4 |   Java   |",
        "Marketo-SSFS-Service-Provider-Interface": "| 4 | 5 |   JavaScript   |",
        "phased-testing": "| 4 | 3 |   Java   |",
        "solutions-flickerlessly": "| 4 | 1 |   HTML   |",
        "lagrange-docs": "| 4 | 0 |   Python   |",
        "aem-forms-af-runtime": "| 4 | 7 |   HTML   |",
        "PDF_WebPart_SharePoint": "| 4 | 5 |   TypeScript   |",
        "aem-cf-admin-ui-ext-tpl": "| 4 | 6 |   JavaScript   |",
        "generator-aem": "| 4 | 1 |   JavaScript   |",
        "universal-editor-sample-editable-app": "| 4 | 7 |   HTML   |",
        "aepp": "| 4 | 0 |   Python   |",
        "preact-compat": "| 3 | 3 |   JavaScript   |",
        "aem-importer-markdown-node": "| 3 | 4 |   JavaScript   |",
        "alerter": "| 3 | 4 |   Shell   |",
        "research-datasets": "| 3 | 2 |   None   |",
        "ccd": "| 3 | 2 |   Go   |",
        "reactor-hotjar-extension": "| 3 | 2 |   HTML   |",
        "server.adobe.github.com": "| 3 | 4 |   JavaScript   |",
        "reactor-pixel-template-extension": "| 3 | 1 |   HTML   |",
        "osgi-example-kubernetes": "| 3 | 2 |   Java   |",
        "reactor-mobile-examples": "| 3 | 5 |   HTML   |",
        "helix-markdown-preview": "| 3 | 5 |   JavaScript   |",
        "reactor-turbine-schemas": "| 3 | 7 |   JavaScript   |",
        "franklin-library": "| 3 | 10 |   JavaScript   |",
        "places-monitor-ios": "| 3 | 13 |   Objective-C   |",
        "places-scripts": "| 3 | 5 |   Python   |",
        "aio-app-actions-jwt-ims": "| 3 | 2 |   JavaScript   |",
        "aio-app-auth-cache": "| 3 | 3 |   JavaScript   |",
        "brackets-notifications": "| 3 | 4 |   JavaScript   |",
        "aio-app-actions-auth": "| 3 | 4 |   JavaScript   |",
        "reactor-releaser": "| 3 | 4 |   JavaScript   |",
        "xdmVisualization": "| 3 | 5 |   HTML   |",
        "helix-static": "| 3 | 5 |   JavaScript   |",
        "react-native-acpcampaign": "| 3 | 8 |   Java   |",
        "helix-status": "| 3 | 11 |   JavaScript   |",
        "react-native-acpuserprofile": "| 3 | 4 |   Java   |",
        "helix-log": "| 3 | 8 |   JavaScript   |",
        "aio-lib-ims-oauth": "| 3 | 7 |   JavaScript   |",
        "aio-lib-core-tvm": "| 3 | 10 |   JavaScript   |",
        "aio-lib-core-errors": "| 3 | 4 |   JavaScript   |",
        "helix-index-pipelines": "| 3 | 1 |   JavaScript   |",
        "aio-e2e-tests": "| 3 | 9 |   JavaScript   |",
        "puppet-dispatcher": "| 3 | 5 |   Ruby   |",
        "adobe-api-client-base": "| 3 | 1 |   JavaScript   |",
        "helix-ops": "| 3 | 11 |   JavaScript   |",
        "adobe-api-client-decisioning": "| 3 | 4 |   JavaScript   |",
        "aio-cli-plugin-auth": "| 3 | 8 |   JavaScript   |",
        "flutter_assurance": "| 3 | 9 |   Dart   |",
        "flutter_acpanalytics": "| 3 | 11 |   Dart   |",
        "flutter_acpcore": "| 3 | 12 |   Dart   |",
        "aio-apps-action": "| 3 | 11 |   JavaScript   |",
        "state-machine-input-output-processing": "| 3 | 4 |   Java   |",
        "zookeeper-operator": "| 3 | 4 |   Go   |",
        "cordova-acpcore": "| 3 | 10 |   JavaScript   |",
        "cordova-acpsample": "| 3 | 6 |   Java   |",
        "aio-lib-audience-manager-cd": "| 3 | 7 |   JavaScript   |",
        "bot_army_ui_testing_demo": "| 3 | 2 |   Elixir   |",
        "aio-cli-lib-console": "| 3 | 7 |   JavaScript   |",
        "aepsdk-messaging-ios": "| 3 | 17 |   Swift   |",
        "griffon-toolkit": "| 3 | 6 |   TypeScript   |",
        "aio-lib-launch": "| 3 | 4 |   JavaScript   |",
        "aio-lib-runtime": "| 3 | 17 |   JavaScript   |",
        "flutter-acpuserprofile": "| 3 | 8 |   Dart   |",
        "helix-querybuilder": "| 3 | 1 |   JavaScript   |",
        "gatsby-remark-afm": "| 3 | 3 |   JavaScript   |",
        "flutter_acpplaces_monitor": "| 3 | 5 |   Dart   |",
        "pdftools-extract-java-sdk-samples": "| 3 | 4 |   Java   |",
        "sign-resource-hub": "| 3 | 2 |   JavaScript   |",
        "helix-importer": "| 3 | 12 |   JavaScript   |",
        "aem-guides-wknd-asset-compute": "| 3 | 2 |   JavaScript   |",
        "aem-site-theme-builder": "| 3 | 5 |   JavaScript   |",
        "aio-lib-java-cloudmanager": "| 3 | 5 |   Java   |",
        "target-python-sdk": "| 3 | 7 |   Python   |",
        "aem-site-template-standard-theme-e2e": "| 3 | 1 |   SCSS   |",
        "fedpub": "| 3 | 11 |   JavaScript   |",
        "adobe-io-website": "| 3 | 13 |   JavaScript   |",
        "adobe-changelog-generator": "| 3 | 1 |   JavaScript   |",
        "aem-headless-client-java": "| 3 | 6 |   Java   |",
        "aem-angular-core-wcm-components-examples": "| 3 | 5 |   Less   |",
        "helix-sidekick": "| 3 | 8 |   JavaScript   |",
        "dy-sql": "| 3 | 6 |   Python   |",
        "proteus-aws-operator": "| 3 | 4 |   Go   |",
        "design-website": "| 3 | 11 |   CSS   |",
        "mkto-flow-lookup": "| 3 | 3 |   JavaScript   |",
        "aem-cloud-engineering-video-series-exercises": "| 3 | 5 |   Java   |",
        "bash-framework": "| 3 | 1 |   Shell   |",
        "pydc-control": "| 3 | 3 |   Python   |",
        "aepsdk_flutter": "| 3 | 13 |   Dart   |",
        "aio-cli-plugin-telemetry": "| 3 | 2 |   JavaScript   |",
        "aepsdk-core-android": "| 3 | 21 |   Java   |",
        "aio-template-submission": "| 3 | 11 |   JavaScript   |",
        "helix-slack-notification": "| 3 | 7 |   JavaScript   |",
        "aquarium-bait": "| 3 | 1 |   Shell   |",
        "aquarium-net-jenkins": "| 3 | 0 |   Java   |",
        "commerce-events": "| 3 | 5 |   TypeScript   |",
        "helix-block-collection": "| 3 | 6 |   JavaScript   |",
        "helix-html2md": "| 3 | 11 |   JavaScript   |",
        "api-mesh-sources": "| 3 | 5 |   Go   |",
        "aem-cloud-foundation-site": "| 3 | 4 |   JavaScript   |",
        "incubator-openwhisk-k8sinvoker": "| 3 | 1 |   None   |",
        "aio-cli-plugin-aem-rde": "| 3 | 8 |   JavaScript   |",
        "franklin-json-ingestion-service": "| 3 | 6 |   JavaScript   |",
        "lattice_extract": "| 3 | 1 |   C++   |",
        "appmeasurement": "| 3 | 2 |   None   |",
        "babel-plugin-transform-twist": "| 2 | 6 |   JavaScript   |",
        "eslint-plugin-twist": "| 2 | 5 |   JavaScript   |",
        "twist-configuration": "| 2 | 6 |   JavaScript   |",
        "brackets-site-sass": "| 2 | 5 |   CSS   |",
        "stock-api-libjs": "| 2 | 5 |   None   |",
        "helix-helpx": "| 2 | 3 |   HTML   |",
        "parcel-plugin-jst": "| 2 | 2 |   JavaScript   |",
        "openwhisk-loggly-wrapper": "| 2 | 2 |   JavaScript   |",
        "helix-dockerimage": "| 2 | 3 |   JavaScript   |",
        "probot-serverless-openwhisk": "| 2 | 5 |   JavaScript   |",
        "incubator-airflow": "| 2 | 7 |   Python   |",
        "helix-continuous": "| 2 | 2 |   JavaScript   |",
        "helix-logging": "| 2 | 2 |   JavaScript   |",
        "UVSCAN": "| 2 | 8 |   Java   |",
        "summit2019-l722-lab-webhook": "| 2 | 3 |   JavaScript   |",
        "es-modules-middleware": "| 2 | 2 |   JavaScript   |",
        "helix-perf": "| 2 | 3 |   JavaScript   |",
        "stylesheet": "| 2 | 5 |   C++   |",
        "node-packer": "| 2 | 1 |   C++   |",
        "airglow": "| 2 | 5 |   JavaScript   |",
        "remotely": "| 2 | 3 |   Shell   |",
        "aio-cli-config": "| 2 | 3 |   JavaScript   |",
        "adobeio-cna-lib-auth-ims": "| 2 | 4 |   JavaScript   |",
        "places-monitor-android": "| 2 | 16 |   Java   |",
        "acp-sdks": "| 2 | 2 |   Objective-C   |",
        "thanos": "| 2 | 3 |   Go   |",
        "incubator-datasketches-java": "| 2 | 2 |   Java   |",
        "aio-cli-plugin-certificate": "| 2 | 7 |   JavaScript   |",
        "aio-lib-core-config": "| 2 | 6 |   JavaScript   |",
        "skeema": "| 2 | 2 |   Go   |",
        "helix-eslint-config": "| 2 | 9 |   JavaScript   |",
        "openwhisk-action-utils": "| 2 | 2 |   JavaScript   |",
        "docusaurus": "| 2 | 2 |   None   |",
        "helix-index-files": "| 2 | 1 |   JavaScript   |",
        "aio-lib-core-logging": "| 2 | 5 |   JavaScript   |",
        "aio-sdk-core": "| 2 | 5 |   JavaScript   |",
        "aem-sample-assets": "| 2 | 2 |   None   |",
        "target-java-sdk-samples": "| 2 | 11 |   JavaScript   |",
        "eslint-config-aio-lib-config": "| 2 | 5 |   JavaScript   |",
        "aio-lib-template": "| 2 | 3 |   JavaScript   |",
        "create-aio-lib": "| 2 | 3 |   JavaScript   |",
        "helix-auth-fastly": "| 2 | 1 |   JavaScript   |",
        "list": "| 2 | 3 |   Go   |",
        "ferrum.doctest": "| 2 | 3 |   JavaScript   |",
        "griffon-plugin-bridge": "| 2 | 3 |   JavaScript   |",
        "helix-bulk-editor": "| 2 | 1 |   JavaScript   |",
        "aio-cli-plugin-aep": "| 2 | 6 |   JavaScript   |",
        "aio-lib-core-networking": "| 2 | 8 |   JavaScript   |",
        "spectrum-css-vr-results": "| 2 | 1 |   Shell   |",
        "aio-cli-setup-action": "| 2 | 6 |   JavaScript   |",
        "cordova-aepassurance": "| 2 | 9 |   JavaScript   |",
        "cruise-control": "| 2 | 3 |   Java   |",
        "cordova-acpanalytics": "| 2 | 6 |   JavaScript   |",
        "pipeline-go": "| 2 | 3 |   Go   |",
        "eslint-config-asset-compute": "| 2 | 4 |   JavaScript   |",
        "unity-acpanalytics": "| 2 | 5 |   C#   |",
        "node-openwhisk-newrelic": "| 2 | 5 |   JavaScript   |",
        "node-cloud-blobstore-wrapper": "| 2 | 5 |   JavaScript   |",
        "asset-compute-commons": "| 2 | 6 |   JavaScript   |",
        "bot_army_cookbook": "| 2 | 2 |   JavaScript   |",
        "helix-content-proxy": "| 2 | 1 |   JavaScript   |",
        "aio-cli-plugin-events": "| 2 | 9 |   JavaScript   |",
        "developers.adobe.com": "| 2 | 5 |   HTML   |",
        "cordova-acpplaces-monitor": "| 2 | 3 |   JavaScript   |",
        "cordova-acpuserprofile": "| 2 | 4 |   JavaScript   |",
        "pdftools-sdk-docs": "| 2 | 2 |   None   |",
        "aem-hootsuite-integration": "| 2 | 4 |   Java   |",
        "pdftools-extract-node-sdk-samples": "| 2 | 4 |   JavaScript   |",
        "target-dotnet-sdk": "| 2 | 8 |   C#   |",
        "target-openapi": "| 2 | 9 |   None   |",
        "FBX2glTF": "| 2 | 1 |   None   |",
        "lagrange-test-data": "| 2 | 1 |   C++   |",
        "reactor-extension-cloud-connector-edge": "| 2 | 4 |   JavaScript   |",
        "reactor-extension-core-edge": "| 2 | 4 |   JavaScript   |",
        "aemcs-api-client-lib": "| 2 | 4 |   JavaScript   |",
        "helix-status-service": "| 2 | 8 |   JavaScript   |",
        "aio-lib-env": "| 2 | 3 |   JavaScript   |",
        "aem-pwa-studio-extensions": "| 2 | 2 |   JavaScript   |",
        "aem-angular-core-wcm-components-base": "| 2 | 2 |   TypeScript   |",
        "aem-angular-core-wcm-components-spa": "| 2 | 2 |   TypeScript   |",
        "helix-rum-collector": "| 2 | 6 |   JavaScript   |",
        "aio-pkg-utils": "| 2 | 4 |   JavaScript   |",
        "AEM-Smart-Tag-Converter": "| 2 | 1 |   Java   |",
        "helix-mediahandler": "| 2 | 9 |   JavaScript   |",
        "aem-guides-wknd-shared": "| 2 | 3 |   None   |",
        "aio-cli-plugin-api-mesh": "| 2 | 9 |   JavaScript   |",
        "helix-google-support": "| 2 | 8 |   JavaScript   |",
        "reactor-extension-googledatalayer": "| 2 | 6 |   JavaScript   |",
        "aio-cli-plugin-app-templates": "| 2 | 7 |   JavaScript   |",
        "aio-lib-console-project-installation": "| 2 | 2 |   JavaScript   |",
        "aepsdk-sampleapp-watchOS": "| 2 | 2 |   Swift   |",
        "uix-sdk": "| 2 | 8 |   TypeScript   |",
        "aepsdk-edge-android": "| 2 | 12 |   Java   |",
        "aepsdk-assurance-android": "| 2 | 8 |   Java   |",
        "content-lake-commons": "| 2 | 5 |   JavaScript   |",
        "datum": "| 1 | 3 |   Java   |",
        "cla-assistant": "| 1 | 2 |   JavaScript   |",
        "react-twist-webpack-plugin": "| 1 | 8 |   JavaScript   |",
        "stock-api-libjava": "| 1 | 5 |   Java   |",
        "eventhub-akka-connector": "| 1 | 8 |   Java   |",
        "argo-ui": "| 1 | 2 |   TypeScript   |",
        "gulp-svgcombiner": "| 1 | 4 |   JavaScript   |",
        "PushProx": "| 1 | 2 |   Go   |",
        "luacov": "| 1 | 1 |   Lua   |",
        "cvelist": "| 1 | 0 |   None   |",
        "rules_docker": "| 1 | 2 |   Python   |",
        "sledgehammer-registry": "| 1 | 1 |   Shell   |",
        "messer": "| 1 | 7 |   Python   |",
        "summit2019-l722-lab-project": "| 1 | 2 |   Java   |",
        "cla-bot-playground": "| 1 | 13 |   None   |",
        "sledgehammer-registry-skeleton": "| 1 | 1 |   Shell   |",
        "Templates": "| 1 | 2 |   None   |",
        "helix-testutils": "| 1 | 6 |   JavaScript   |",
        "summit2019-l767-lab-project": "| 1 | 3 |   Java   |",
        "faast-path-to-beautiful-apps": "| 1 | 5 |   JavaScript   |",
        "aio-cli-health": "| 1 | 3 |   None   |",
        "incubator-druid": "| 1 | 2 |   Java   |",
        "felix": "| 1 | 2 |   Java   |",
        "react-native-acpaudience": "| 1 | 6 |   Java   |",
        "Win2D": "| 1 | 5 |   C++   |",
        "jackrabbit-oak": "| 1 | 2 |   Java   |",
        "aem-connectors": "| 1 | 1 |   None   |",
        "envoy": "| 1 | 1 |   C++   |",
        "mysql-binlog-connector-java": "| 1 | 3 |   Java   |",
        "aep-sdks-documentation": "| 1 | 4 |   None   |",
        "samples-js-react": "| 1 | 4 |   JavaScript   |",
        "helix-resolve-git-ref": "| 1 | 1 |   JavaScript   |",
        "helix-test-content-gdrive": "| 1 | 2 |   None   |",
        "aio-cli-plugin-target": "| 1 | 5 |   JavaScript   |",
        "helix-test-content-onedrive-auth": "| 1 | 3 |   JavaScript   |",
        "hashicorp-vault-plugin": "| 1 | 2 |   Java   |",
        "ferrumjsorg": "| 1 | 4 |   HTML   |",
        "ui-metrics": "| 1 | 0 |   None   |",
        "opentsdb": "| 1 | 2 |   Java   |",
        "aio-lib-ims-jwt": "| 1 | 5 |   JavaScript   |",
        "moleculer-template-project": "| 1 | 2 |   JavaScript   |",
        "openwhisk-probot-builder": "| 1 | 1 |   JavaScript   |",
        "aio-cli-plugin-ims": "| 1 | 6 |   JavaScript   |",
        "commonmark-spec": "| 1 | 1 |   None   |",
        "incubator-datasketches-hive": "| 1 | 2 |   None   |",
        "serving": "| 1 | 2 |   None   |",
        "dagger": "| 1 | 2 |   None   |",
        "openwhisk-action-logger": "| 1 | 1 |   JavaScript   |",
        "aio-cli-base-command": "| 1 | 4 |   JavaScript   |",
        "dmu": "| 1 | 2 |   None   |",
        "azure-data-lake-store-java": "| 1 | 2 |   None   |",
        "griffon-event-count-plugin": "| 1 | 6 |   HTML   |",
        "helix-epsagon": "| 1 | 2 |   JavaScript   |",
        "helix-theblog-importer": "| 1 | 2 |   JavaScript   |",
        "helix-theblog-scanner": "| 1 | 1 |   JavaScript   |",
        "helix-query-index": "| 1 | 1 |   JavaScript   |",
        "helix-param-checker": "| 1 | 1 |   JavaScript   |",
        "aio-cli-plugin-asset-compute": "| 1 | 5 |   JavaScript   |",
        "theblog-tests": "| 1 | 2 |   JavaScript   |",
        "aio-cli-plugin-info": "| 1 | 4 |   JavaScript   |",
        "node-metrics-sampler": "| 1 | 3 |   JavaScript   |",
        "unity-aepassurance": "| 1 | 8 |   C#   |",
        "unity-acpcore": "| 1 | 3 |   C#   |",
        "xamarin-aepassurance": "| 1 | 3 |   C#   |",
        "xamarin-acpanalytics": "| 1 | 7 |   C#   |",
        "asset-compute-client": "| 1 | 4 |   JavaScript   |",
        "gen-health-table": "| 1 | 2 |   JavaScript   |",
        "griffon-plugin-tools": "| 1 | 3 |   JavaScript   |",
        "aio-lib-console": "| 1 | 11 |   JavaScript   |",
        "asset-compute-devtool": "| 1 | 4 |   JavaScript   |",
        "aepsdk-messaging-android": "| 1 | 17 |   Java   |",
        "hyde-theme": "| 1 | 2 |   SCSS   |",
        "cordova-acpplaces": "| 1 | 4 |   Java   |",
        "helix-redirect": "| 1 | 1 |   JavaScript   |",
        "react-native-acpplaces": "| 1 | 6 |   Java   |",
        "react-native-acpplaces-monitor": "| 1 | 4 |   Objective-C   |",
        "asset-compute-integration-tests": "| 1 | 4 |   JavaScript   |",
        "helix-cache-flush": "| 1 | 1 |   JavaScript   |",
        "aio-cli-plugin-doc": "| 1 | 5 |   JavaScript   |",
        "xamarin-acpplaces": "| 1 | 3 |   C#   |",
        "prism-adobe": "| 1 | 2 |   CSS   |",
        "xamarin-acpuserprofile": "| 1 | 5 |   C#   |",
        "unity_acpuserprofile": "| 1 | 5 |   C#   |",
        "parliament-transformer-navigation": "| 1 | 4 |   JavaScript   |",
        "gatsby-source-github-file-contributors": "| 1 | 3 |   JavaScript   |",
        "gatsby-add-launch-script": "| 1 | 2 |   JavaScript   |",
        "developers-stage.adobe.com": "| 1 | 9 |   HTML   |",
        "aepsdk-compatibility-ios": "| 1 | 11 |   Objective-C   |",
        "helix-purge": "| 1 | 1 |   JavaScript   |",
        "gigasign-cloud": "| 1 | 0 |   None   |",
        "asset-compute-xmp": "| 1 | 3 |   JavaScript   |",
        "eslint-config-editorxp": "| 1 | 4 |   JavaScript   |",
        "aepsdk-userprofile-ios": "| 1 | 10 |   Swift   |",
        "helix-markdown-support": "| 1 | 7 |   JavaScript   |",
        "NLP-Cube-Models": "| 1 | 1 |   None   |",
        "helix-test-content-onedrive": "| 1 | 4 |   JavaScript   |",
        "asio": "| 1 | 3 |   None   |",
        "lagrange-assets": "| 1 | 1 |   C   |",
        "lagrange-gl3w": "| 1 | 1 |   C   |",
        "aio-cli-plugin-changelog": "| 1 | 3 |   JavaScript   |",
        "acom-reviews": "| 1 | 8 |   JavaScript   |",
        ".github": "| 1 | 12 |   None   |",
        "aepsdk-media-ios": "| 1 | 10 |   Swift   |",
        "xdm-event-model": "| 1 | 3 |   Java   |",
        "aem-selenium-it-base": "| 1 | 3 |   Java   |",
        "aepsdk-optimize-ios": "| 1 | 12 |   Swift   |",
        "adobe-sign-cli": "| 1 | 1 |   Python   |",
        "aepsdk-assurance-ios": "| 1 | 13 |   Swift   |",
        "helix-universal": "| 1 | 9 |   JavaScript   |",
        "shell-operator": "| 1 | 1 |   Go   |",
        "project-card-release-automation": "| 1 | 3 |   JavaScript   |",
        "aio-cli-lib-app-config": "| 1 | 4 |   JavaScript   |",
        "newsql-benchmark": "| 1 | 3 |   HCL   |",
        "solr-operator": "| 1 | 3 |   None   |",
        "reactor-helloworld-extension-edge": "| 1 | 3 |   HTML   |",
        "aem-forms-docusign-sample": "| 1 | 4 |   Java   |",
        "helix-contentsource-connector": "| 1 | 9 |   JavaScript   |",
        "kminion": "| 1 | 3 |   Go   |",
        "create-aio-app-template": "| 1 | 1 |   JavaScript   |",
        "helix-assets-ui": "| 1 | 3 |   JavaScript   |",
        "kube2iam": "| 1 | 4 |   Go   |",
        "helix-cloudflare-prod-worker-template": "| 1 | 1 |   JavaScript   |",
        "Marketo-Measure-BI-Templates": "| 1 | 1 |   None   |",
        "update-prerelease-npm-version": "| 1 | 2 |   JavaScript   |",
        "aio-cli-plugin-extension": "| 1 | 2 |   JavaScript   |",
        "adobe-learning-manager-reference-site": "| 1 | 6 |   TypeScript   |",
        "generator-add-action-generic": "| 1 | 5 |   JavaScript   |",
        "aepsdk-campaignclassic-ios": "| 1 | 7 |   Swift   |",
        "helix-rum-enhancer": "| 1 | 5 |   JavaScript   |",
        "onboarding_pt": "| 1 | 0 |   None   |",
        "aem-rockstar-website": "| 1 | 5 |   JavaScript   |",
        "popup-dialog-editor": "| 1 | 1 |   HTML   |",
        "generator-app-api-mesh": "| 1 | 6 |   JavaScript   |",
        "inquirer-table-checkbox": "| 1 | 2 |   JavaScript   |",
        "aem_osgi_testbench": "| 1 | 0 |   HTML   |",
        "aepsdk-userprofile-android": "| 1 | 6 |   Java   |",
        "spectrum-prototypes": "| 1 | 1 |   JavaScript   |",
        "marketo-campaign-tools": "| 1 | 2 |   Svelte   |",
        "aem-react-spa": "| 1 | 2 |   JavaScript   |",
        "commerce-events-ext-tpl": "| 1 | 1 |   JavaScript   |",
        "react-starter-kit-aem-headless-forms": "| 1 | 7 |   TypeScript   |",
        "content-lake-extractors-shared": "| 1 | 6 |   JavaScript   |",
        "aem-forms-headless-components": "| 1 | 3 |   TypeScript   |",
        "aepsdk-edgemedia-android": "| 1 | 6 |   Java   |",
        "franklin-plugin-perflogger": "| 1 | 0 |   JavaScript   |",
        "franklin-sidekick-library": "| 1 | 1 |   JavaScript   |",
        "aem-cf-editor-ui-ext-tpl": "| 1 | 3 |   JavaScript   |",
        "reactor-extension-pinterest-edge": "| 1 | 0 |   JavaScript   |",
        "create-guides-extension": "| 1 | 0 |   JavaScript   |",
        "go-cruise-control": "| 1 | 0 |   Go   |",
        "guides-extention": "| 1 | 0 |   None   |",
        "aem-importer-markdown-maven-plugin": "| 0 | 3 |   Java   |",
        "twist-site": "| 0 | 1 |   JavaScript   |",
        "twist-virtual-scroller": "| 0 | 1 |   JavaScript   |",
        "twist-router": "| 0 | 2 |   JavaScript   |",
        "react-twist-starter": "| 0 | 2 |   JavaScript   |",
        "create-whisk-action": "| 0 | 1 |   JavaScript   |",
        "helix-central-deploy-action": "| 0 | 1 |   JavaScript   |",
        "oclif-base-index-command": "| 0 | 2 |   JavaScript   |",
        "git-resolve-ref": "| 0 | 1 |   JavaScript   |",
        "helix-firebase-apollo-test": "| 0 | 1 |   JavaScript   |",
        "helix-mobile-old": "| 0 | 1 |   Swift   |",
        "helix-scanner": "| 0 | 1 |   JavaScript   |",
        "create-react-app": "| 0 | 1 |   JavaScript   |",
        "helix-index-tree": "| 0 | 1 |   JavaScript   |",
        "helix-index-big-tree": "| 0 | 1 |   JavaScript   |",
        "asset-compute-events-client": "| 0 | 4 |   JavaScript   |",
        "griffon-validation-plugins": "| 0 | 2 |   TypeScript   |",
        "helix-task-support": "| 0 | 0 |   JavaScript   |",
        "react": "| 0 | 1 |   None   |",
        "aepsdk-sample-extension-ios": "| 0 | 3 |   Swift   |",
        "parliament-site-search-index": "| 0 | 2 |   JavaScript   |",
        "slingx": "| 0 | 2 |   JavaScript   |",
        "helix-theblog-cmo-importer": "| 0 | 2 |   JavaScript   |",
        "pdfembed-sdk-docs": "| 0 | 2 |   None   |",
        "aepsdk-audience-ios": "| 0 | 8 |   Swift   |",
        "aio-run-detached": "| 0 | 2 |   JavaScript   |",
        "aio-lib-segmentation-service": "| 0 | 4 |   JavaScript   |",
        "aepsdk-analyticsedge-ios": "| 0 | 7 |   Swift   |",
        "aepsdk-target-ios": "| 0 | 13 |   Swift   |",
        "openwhisk": "| 0 | 1 |   Scala   |",
        "aepsdk-analyticsedge-android": "| 0 | 4 |   Java   |",
        "target-sdk-testing": "| 0 | 3 |   JavaScript   |",
        "target-php-sdk": "| 0 | 2 |   PHP   |",
        "gh-resolve-ref": "| 0 | 1 |   JavaScript   |",
        "aio-cli-plugin-app-services": "| 0 | 2 |   JavaScript   |",
        "aio-app-stash": "| 0 | 1 |   JavaScript   |",
        "glTF": "| 0 | 1 |   None   |",
        "cci-test-aggregator": "| 0 | 4 |   JavaScript   |",
        "reactor-babel-plugin-replace-tokens-edge": "| 0 | 2 |   JavaScript   |",
        "reactor-token-scripts-edge": "| 0 | 1 |   JavaScript   |",
        "helix-version-picker": "| 0 | 1 |   JavaScript   |",
        "parliament-color-theme": "| 0 | 2 |   None   |",
        "parliament-markdown-cleaner": "| 0 | 1 |   JavaScript   |",
        "aepsdk-edgeconsent-android": "| 0 | 11 |   Java   |",
        "aepsdk-edgeconsent-ios": "| 0 | 9 |   Swift   |",
        "aepsdk-edgeidentity-android": "| 0 | 15 |   Java   |",
        "aepsdk-edgeidentity-ios": "| 0 | 13 |   Swift   |",
        "parliament-source-changelog": "| 0 | 1 |   JavaScript   |",
        "thor": "| 0 | 1 |   None   |",
        "streamlit-imagegrid": "| 0 | 0 |   None   |",
        "dc-forms": "| 0 | 2 |   CSS   |",
        "aem-guides-wknd-legacy": "| 0 | 2 |   Java   |",
        "gatsby-source-parliament": "| 0 | 1 |   JavaScript   |",
        "openwhisk-runtime-nodejs": "| 0 | 1 |   None   |",
        "aepsdk-campaign-ios": "| 0 | 9 |   Swift   |",
        "helix-universal-logger": "| 0 | 9 |   JavaScript   |",
        "helix-redirect-accelerator": "| 0 | 1 |   JavaScript   |",
        "pdfservices-extract-python-sdk-samples": "| 0 | 1 |   Python   |",
        "renovate-9628-reproduction": "| 0 | 2 |   None   |",
        "helix-content-bus": "| 0 | 0 |   JavaScript   |",
        "helix-config-aggregator": "| 0 | 0 |   JavaScript   |",
        "helix-code-bus": "| 0 | 0 |   JavaScript   |",
        "aepsdk-places-ios": "| 0 | 6 |   Swift   |",
        "parliament-source-jsonschema": "| 0 | 1 |   JavaScript   |",
        "helix-json-filter": "| 0 | 1 |   JavaScript   |",
        "custom_webhook_splunk": "| 0 | 2 |   Python   |",
        "pdf-standards-docs": "| 0 | 0 |   None   |",
        "asset-compute-pipeline": "| 0 | 5 |   JavaScript   |",
        "aepsdk-optimize-android": "| 0 | 12 |   Java   |",
        "vcsinfo": "| 0 | 5 |   Python   |",
        "aio-lib-test-proxy": "| 0 | 1 |   JavaScript   |",
        "jfrog-client-go": "| 0 | 2 |   Go   |",
        "test-tab-order": "| 0 | 1 |   TypeScript   |",
        "aio-cloudmanager-create-execution-action": "| 0 | 3 |   JavaScript   |",
        "c2pa-js": "| 0 | 0 |   None   |",
        "generator-app-asset-compute": "| 0 | 7 |   JavaScript   |",
        "helix-block-inventory": "| 0 | 2 |   JavaScript   |",
        "generator-app-common-lib": "| 0 | 6 |   JavaScript   |",
        "generator-app-excshell": "| 0 | 4 |   JavaScript   |",
        "appbuilder-quickstarts": "| 0 | 1 |   JavaScript   |",
        "helix-rum-js": "| 0 | 6 |   JavaScript   |",
        "workflow-variable-externalizer": "| 0 | 2 |   Java   |",
        "data-in-motion": "| 0 | 0 |   None   |",
        "aio-app-builder-template-registry": "| 0 | 0 |   None   |",
        "aio-lib-template-validation": "| 0 | 3 |   JavaScript   |",
        "external-dns": "| 0 | 2 |   Go   |",
        "lagrange-example-project": "| 0 | 0 |   C++   |",
        "semantic-release-coralogix": "| 0 | 7 |   JavaScript   |",
        "generator-add-action-asset-compute": "| 0 | 2 |   JavaScript   |",
        "generator-add-web-assets-exc-react": "| 0 | 4 |   JavaScript   |",
        "generator-add-web-assets-exc-raw-html": "| 0 | 3 |   JavaScript   |",
        "spectrum-web": "| 0 | 1 |   None   |",
        "aepsdk-edgebridge-ios": "| 0 | 7 |   Swift   |",
        "aio-lib-templates": "| 0 | 2 |   JavaScript   |",
        "aepsdk-edgebridge-android": "| 0 | 7 |   Java   |",
        "reactor-extension-mailchimp-edge": "| 0 | 1 |   JavaScript   |",
        "franklin": "| 0 | 0 |   None   |",
        "onboarding_sd": "| 0 | 1 |   None   |",
        "helix-font-fallback-extension": "| 0 | 2 |   JavaScript   |",
        "cli-table3": "| 0 | 1 |   None   |",
        "onboarding_sa": "| 0 | 1 |   None   |",
        "remark-gridtables": "| 0 | 4 |   JavaScript   |",
        "micromark-extension-gridtables": "| 0 | 4 |   JavaScript   |",
        "mdast-util-gridtables": "| 0 | 6 |   JavaScript   |",
        "helix-test-content-sharepoint": "| 0 | 0 |   JavaScript   |",
        "generator-add-action-target": "| 0 | 2 |   JavaScript   |",
        "generator-add-action-analytics": "| 0 | 2 |   JavaScript   |",
        "generator-add-action-customer-profile": "| 0 | 2 |   JavaScript   |",
        "generator-add-action-campaign-standard": "| 0 | 1 |   JavaScript   |",
        "generator-add-action-audience-manager-cd": "| 0 | 2 |   JavaScript   |",
        "helix-coralogix-feeder": "| 0 | 6 |   JavaScript   |",
        "generator-app-aem-react": "| 0 | 1 |   JavaScript   |",
        "aio-reusable-workflows": "| 0 | 1 |   None   |",
        "cloud-service-client": "| 0 | 1 |   JavaScript   |",
        "aepsdk-edgemedia-ios": "| 0 | 4 |   Swift   |",
        "aepsdk-analytics-android": "| 0 | 10 |   Kotlin   |",
        "web-platform-zoo": "| 0 | 1 |   CSS   |",
        "reactor-extension-meta-conversion-api-edge": "| 0 | 1 |   JavaScript   |",
        "aepsdk-campaignclassic-android": "| 0 | 4 |   Kotlin   |",
        "aepsdk-media-android": "| 0 | 3 |   Java   |",
        "activity-stream-consumer-example": "| 0 | 1 |   JavaScript   |",
        "aepsdk-campaign-android": "| 0 | 4 |   Java   |",
        "aepsdk-target-android": "| 0 | 6 |   Java   |",
        "reactor-extension-aws-edge": "| 0 | 1 |   JavaScript   |",
        "reactor-extension-azure-edge": "| 0 | 1 |   JavaScript   |",
        "reactor-extension-splunk-edge": "| 0 | 0 |   JavaScript   |",
        "reactor-extension-zendesk-edge": "| 0 | 1 |   JavaScript   |",
        "aepsdk-places-android": "| 0 | 7 |   Java   |",
        "reactor-extension-meta-pixel": "| 0 | 1 |   JavaScript   |",
        "aem-forms-theme-canvas": "| 0 | 8 |   SCSS   |",
        "aepsdk-audience-android": "| 0 | 9 |   Java   |",
        "afb": "| 0 | 5 |   JavaScript   |",
        "adaptive-form-block": "| 0 | 3 |   JavaScript   |",
        "semantic-release-skms-cmr": "| 0 | 7 |   JavaScript   |",
        "universal-editor-cors": "| 0 | 1 |   JavaScript   |",
        "aep-cloud-ml-ecosystem": "| 0 | 0 |   None   |",
        "konductor-server-side-demo": "| 0 | 1 |   CSS   |",
        "python-flaky-network": "| 0 | 1 |   Python   |",
        "aemscreens-offlineresources-generator": "| 0 | 1 |   JavaScript   |",
        "aem-forms-theme-canvas4": "| 0 | 0 |   None   |",
        "aem-forms-theme-wknd": "| 0 | 0 |   None   |",
        "franklin-chat-service": "| 0 | 0 |   TypeScript   |",
        "franklin-chat-ui": "| 0 | 0 |   TypeScript   |",
        "reactor-extension-braze-edge": "| 0 | 1 |   JavaScript   |",
        "XMLJava": "| 0 | 0 |   None   |",
        "OpenXLIFF": "| 0 | 0 |   Java   |",
        "reactor-extension-mixpanel-edge": "| 0 | 1 |   JavaScript   |",
        "regola": "| 0 | 0 |   Java   |",
        "helix-lighthouse-service": "| 0 | 0 |   TypeScript   |",
        "aemms": "| 0 | 0 |   JavaScript   |",
        "aem-assets-selectors-mfe-examples": "| 0 | 0 |   None   |",
        "inside-aem": "| 0 | 2 |   JavaScript   |",
        "aem-trials": "| 0 | 0 |   JavaScript   |",
        "franklin-dashboard": "| 0 | 0 |   JavaScript   |"
    }
}