{
    "company": "AFNetworking",
    "h-index": 19,
    "repo count": 22,
    "contributor count": 382,
    "size": "todo",
    "employee count": "todo",
    "country": null,
    "top language": "Objective-C",
    "repos": {
        "AFNetworking": "| 33344 | 10351 |   Objective-C   |",
        "AFIncrementalStore": "| 1692 | 251 |   None   |",
        "AFOAuth2Manager": "| 1186 | 343 |   Objective-C   |",
        "AFNetworkActivityLogger": "| 558 | 203 |   Objective-C   |",
        "AFAmazonS3Manager": "| 361 | 147 |   Objective-C   |",
        "fastlane": "| 249 | 33 |   Ruby   |",
        "Xcode-Project-Templates": "| 218 | 41 |   Objective-C   |",
        "AFHTTPRequestOperationLogger": "| 214 | 59 |   Objective-C   |",
        "AFOAuth1Client": "| 207 | 133 |   Objective-C   |",
        "AFJSONRPCClient": "| 186 | 59 |   Objective-C   |",
        "AFgzipRequestSerializer": "| 164 | 47 |   Objective-C   |",
        "AFRocketClient": "| 150 | 32 |   None   |",
        "AFOnoResponseSerializer": "| 112 | 24 |   Objective-C   |",
        "AFNetworking-ASIHTTPRequest": "| 72 | 46 |   None   |",
        "AFCoreImageResponseSerializer": "| 65 | 11 |   Objective-C   |",
        "AFWebDAVManager": "| 63 | 24 |   Objective-C   |",
        "AFMsgPackSerialization": "| 62 | 11 |   Objective-C   |",
        "WebKit-AFNetworking": "| 44 | 6 |   Objective-C   |",
        "AFContentRequestOperations": "| 24 | 26 |   Objective-C   |",
        "AFCollectionJSONRequestOperation": "| 17 | 15 |   None   |",
        "afnetworking.com": "| 6 | 7 |   CSS   |",
        "AFKissXMLRequestOperation": "| 1 | 10 |   Objective-C   |"
    }
}