{
    "company": "Alipay",
    "h-index": 23,
    "repo count": 47,
    "contributor count": 1634,
    "size": "todo",
    "employee count": "todo",
    "country": "Hangzhou, China",
    "top language": "Java",
    "repos": {
        "SoloPi": "| 5208 | 1057 |   Java   |",
        "alipay-easysdk": "| 935 | 430 |   Java   |",
        "alipay-sdk-java-all": "| 408 | 188 |   Java   |",
        "alipay-sdk-nodejs-all": "| 328 | 60 |   JavaScript   |",
        "mPaaS": "| 306 | 55 |   C   |",
        "alipay-sdk-python-all": "| 221 | 54 |   Python   |",
        "Owfuzz": "| 170 | 30 |   C   |",
        "alipay-sdk-net-all": "| 160 | 57 |   C#   |",
        "antcloud-node-stack": "| 159 | 7 |   JavaScript   |",
        "rdf-file": "| 135 | 74 |   Java   |",
        "SOFAStack": "| 122 | 25 |   None   |",
        "alipay-sdk-php-all": "| 91 | 62 |   PHP   |",
        "goldfish": "| 76 | 16 |   TypeScript   |",
        "ios-malicious-bithunter": "| 74 | 7 |   C   |",
        "SQLFlow": "| 73 | 10 |   None   |",
        "ant-ray": "| 61 | 15 |   Python   |",
        "jpmml-sparkml-lightgbm": "| 41 | 9 |   Java   |",
        "Antchain-MPC": "| 39 | 11 |   Terra   |",
        "quic-lb": "| 36 | 7 |   C   |",
        "global-open-sdk-java": "| 30 | 18 |   Java   |",
        "container-auto-tune": "| 30 | 2 |   Java   |",
        "promo-mini-component": "| 26 | 9 |   JavaScript   |",
        "tls13-sm-spec": "| 25 | 8 |   Makefile   |",
        "alipay-intellij-plugin": "| 20 | 3 |   None   |",
        "ant-application-security-testing-benchmark": "| 18 | 8 |   Java   |",
        "PASE": "| 17 | 5 |   C   |",
        "character-js": "| 15 | 1 |   TypeScript   |",
        "ant-xgboost": "| 11 | 5 |   C++   |",
        "ams-java-sdk": "| 11 | 15 |   Java   |",
        "antchain-openapi-prod-sdk": "| 11 | 10 |   PHP   |",
        "AOP-Based-Runtime-Security-Analysis-Toolkit": "| 8 | 2 |   TypeScript   |",
        "tensorflow_io": "| 7 | 2 |   C++   |",
        "global-open-sdk-php": "| 7 | 5 |   PHP   |",
        "payment-code-widget": "| 6 | 1 |   Java   |",
        "global-open-sdk-python": "| 4 | 7 |   Python   |",
        "A2-efficient-automated-attacker-for-boosting-adversarial-training": "| 4 | 0 |   Python   |",
        "NMCDR": "| 4 | 1 |   Python   |",
        "antchain-openapi-util-sdk": "| 3 | 7 |   C#   |",
        "global-open-sdk-dotnet": "| 3 | 1 |   C#   |",
        "grpc": "| 1 | 2 |   C++   |",
        "mobius": "| 0 | 0 |   None   |",
        "grpc-rs": "| 0 | 3 |   Rust   |",
        "ray-contrib": "| 0 | 0 |   Go   |",
        "ai-cache-loadtest": "| 0 | 1 |   Python   |",
        "onnxruntime": "| 0 | 0 |   C++   |",
        "onnx-tensorflow-onnx": "| 0 | 0 |   None   |",
        "onnx-onnx": "| 0 | 0 |   None   |"
    }
}