{
    "company": "alteryx",
    "h-index": 15,
    "repo count": 126,
    "contributor count": 1493,
    "size": "todo",
    "employee count": "todo",
    "country": "Broomfield, CO",
    "top language": "Python",
    "repos": {
        "featuretools": "| 6641 | 841 |   Python   |",
        "evalml": "| 610 | 77 |   Python   |",
        "open_source_demos": "| 469 | 162 |   Jupyter Notebook   |",
        "compose": "| 419 | 41 |   Python   |",
        "woodwork": "| 118 | 19 |   Python   |",
        "locust-grasshopper": "| 113 | 2 |   Python   |",
        "autonormalize": "| 105 | 16 |   Python   |",
        "categorical_encoding": "| 44 | 14 |   Jupyter Notebook   |",
        "nlp_primitives": "| 35 | 10 |   Python   |",
        "featuretools-tsfresh-primitives": "| 34 | 12 |   Python   |",
        "snakeplane": "| 28 | 12 |   Python   |",
        "python-sdk-samples": "| 24 | 22 |   Python   |",
        "AlteryxRhelper": "| 20 | 3 |   R   |",
        "alteryx-tool-generator": "| 18 | 7 |   JavaScript   |",
        "henchman": "| 16 | 2 |   Python   |",
        "promote-python": "| 15 | 10 |   Python   |",
        "AlteryxPredictive": "| 13 | 15 |   R   |",
        "cookbook-alteryx-server": "| 12 | 12 |   Ruby   |",
        "sparkGLM": "| 10 | 10 |   Scala   |",
        "featuretools-sklearn-transformer": "| 10 | 7 |   Python   |",
        "featuretools_sql": "| 10 | 0 |   Python   |",
        "flightdeck": "| 8 | 6 |   CSS   |",
        "jeeves": "| 7 | 5 |   R   |",
        "mini-tate": "| 7 | 1 |   TypeScript   |",
        "dev-harness": "| 6 | 3 |   TypeScript   |",
        "promote-r-client": "| 5 | 7 |   R   |",
        "learning-guide": "| 5 | 4 |   HTML   |",
        "ui-automation-samples": "| 5 | 3 |   HTML   |",
        "gh-action-ci": "| 5 | 1 |   Python   |",
        "ayx-developer-sdk": "| 5 | 0 |   None   |",
        "JavaScriptTool": "| 4 | 2 |   JavaScript   |",
        "D3M-Online-Retail-Dataset": "| 4 | 5 |   Python   |",
        "pythontool-ayx-package": "| 4 | 3 |   Python   |",
        "alteryx-open-src-update-checker": "| 4 | 5 |   Python   |",
        "alteryx-ui": "| 4 | 1 |   JavaScript   |",
        "AlteryxPrescriptive": "| 3 | 7 |   R   |",
        "AlteryxSim": "| 3 | 6 |   R   |",
        "generator-node-typescript-simple": "| 3 | 1 |   JavaScript   |",
        "gh-action-pypi-upload": "| 3 | 1 |   Shell   |",
        "OpenYXDB": "| 3 | 0 |   C   |",
        "premium_primitives": "| 3 | 0 |   Python   |",
        "GoogleAnalytics-1": "| 2 | 5 |   JavaScript   |",
        "AlteryxPythonSdk-teaching-a-spider-to-crawl": "| 2 | 4 |   Python   |",
        "phantomjs": "| 1 | 2 |   Ruby   |",
        "Logistic_Regression": "| 1 | 8 |   CSS   |",
        "GoogleAnalytics": "| 1 | 3 |   JavaScript   |",
        "adobe-analytics": "| 1 | 2 |   JavaScript   |",
        "Code_for_weekly_challenge": "| 1 | 2 |   R   |",
        "AlteryxAddins": "| 1 | 2 |   R   |",
        "react-comms": "| 1 | 1 |   JavaScript   |",
        "spark-old": "| 0 | 4 |   Scala   |",
        "mesos": "| 0 | 2 |   C++   |",
        "hive": "| 0 | 5 |   Java   |",
        "shark": "| 0 | 4 |   Scala   |",
        "kafka": "| 0 | 0 |   Scala   |",
        "storm-contrib": "| 0 | 1 |   Java   |",
        "storm": "| 0 | 3 |   Java   |",
        "storm-deb-packaging": "| 0 | 4 |   Shell   |",
        "maven-shade-plugin": "| 0 | 2 |   Java   |",
        "ark-tweet-nlp": "| 0 | 1 |   Java   |",
        "maven-shade-diff-plugin": "| 0 | 2 |   Java   |",
        "tachyon": "| 0 | 2 |   Java   |",
        "carbonite": "| 0 | 2 |   Clojure   |",
        "metrics_storm": "| 0 | 1 |   Scala   |",
        "clearstorydata-amplab": "| 0 | 4 |   Ruby   |",
        "berkshelf": "| 0 | 1 |   Ruby   |",
        "cosmic": "| 0 | 1 |   Ruby   |",
        "cookbook-elasticsearch": "| 0 | 1 |   Ruby   |",
        "dropwizard-scala": "| 0 | 5 |   Scala   |",
        "ridley": "| 0 | 1 |   Ruby   |",
        "kitchen-vagrant": "| 0 | 1 |   Ruby   |",
        "vagrant-berkshelf": "| 0 | 1 |   Ruby   |",
        "incubator-spark": "| 0 | 0 |   Scala   |",
        "chef-java": "| 0 | 2 |   Ruby   |",
        "webmock": "| 0 | 0 |   Ruby   |",
        "chef-postgresql": "| 0 | 2 |   Ruby   |",
        "chronos": "| 0 | 3 |   JavaScript   |",
        "jquery-powertip": "| 0 | 2 |   JavaScript   |",
        "spark": "| 0 | 14 |   Scala   |",
        "requirejs-rails": "| 0 | 1 |   JavaScript   |",
        "berktacular": "| 0 | 4 |   Ruby   |",
        "chef-user": "| 0 | 3 |   None   |",
        "hbackup": "| 0 | 2 |   None   |",
        "mesos_cookbook": "| 0 | 1 |   Ruby   |",
        "activemq-5-12": "| 0 | 1 |   None   |",
        "build-helper-maven-plugin": "| 0 | 3 |   Java   |",
        "kitchen-docker": "| 0 | 3 |   Ruby   |",
        "clearstorydata-and-google-cloud-dataflow-connector": "| 0 | 2 |   Java   |",
        "chronos-pkg": "| 0 | 2 |   Makefile   |",
        "powerpoint": "| 0 | 2 |   Ruby   |",
        "maven-deploy-plugin": "| 0 | 2 |   Java   |",
        "ROI.plugin.gurobi": "| 0 | 1 |   R   |",
        "Optimization": "| 0 | 2 |   JavaScript   |",
        "SimScoring": "| 0 | 2 |   HTML   |",
        "SimSummary": "| 0 | 2 |   R   |",
        "SimSampling": "| 0 | 2 |   JavaScript   |",
        "casperjs": "| 0 | 1 |   JavaScript   |",
        "activemq": "| 0 | 2 |   HTML   |",
        "Linear_Regression": "| 0 | 7 |   CSS   |",
        "Decision_Tree": "| 0 | 9 |   HTML   |",
        "AlteryxRPluginGui.R": "| 0 | 2 |   JavaScript   |",
        "CrossValidation": "| 0 | 3 |   R   |",
        "Lift_Chart": "| 0 | 4 |   R   |",
        "ap_test_automation": "| 0 | 1 |   JavaScript   |",
        "crossfilter": "| 0 | 3 |   JavaScript   |",
        "sensu-chef": "| 0 | 2 |   Ruby   |",
        "alteryxsparkutils": "| 0 | 1 |   XSLT   |",
        "create-typescript-app": "| 0 | 1 |   JavaScript   |",
        "AlteryxRviz": "| 0 | 2 |   JavaScript   |",
        "snakeplane_pilot": "| 0 | 0 |   None   |",
        "vscode-context-aware-wiki-extension": "| 0 | 1 |   None   |",
        "primitive-demos": "| 0 | 1 |   Jupyter Notebook   |",
        "create-pull-request": "| 0 | 0 |   TypeScript   |",
        "staged-recipes": "| 0 | 0 |   Python   |",
        "evalml-core-feedstock": "| 0 | 3 |   Shell   |",
        "featuretools-feedstock": "| 0 | 1 |   None   |",
        "woodwork-feedstock": "| 0 | 1 |   None   |",
        "minimum-dependency-generator": "| 0 | 2 |   Python   |",
        "test_exalate_public": "| 0 | 1 |   None   |",
        "auto-approve-pr": "| 0 | 1 |   None   |",
        ".github": "| 0 | 0 |   None   |",
        "NestJS-Todo-API": "| 0 | 0 |   TypeScript   |",
        "tsoa-Todo-API": "| 0 | 0 |   JavaScript   |",
        "create-feedstock-meta-yaml": "| 0 | 0 |   Python   |",
        "nlp_primitives-feedstock": "| 0 | 0 |   Shell   |",
        "composeml-feedstock": "| 0 | 0 |   None   |"
    }
}