{
    "company": "Amazon",
    "h-index": 39,
    "repo count": 134,
    "contributor count": 1332,
    "size": "todo",
    "employee count": "todo",
    "country": null,
    "top language": "Python",
    "repos": {
        "style-dictionary": "| 3202 | 478 |   JavaScript   |",
        "computer-vision-basics-in-microsoft-excel": "| 2306 | 239 |   None   |",
        "selling-partner-api-docs": "| 1423 | 840 |   HTML   |",
        "smoke-framework": "| 1395 | 42 |   Swift   |",
        "alexa-skills-kit-js": "| 1131 | 1065 |   None   |",
        "sketch-constructor": "| 526 | 49 |   JavaScript   |",
        "pecos": "| 427 | 96 |   Python   |",
        "selling-partner-api-models": "| 414 | 662 |   Java   |",
        "amzn-drivers": "| 402 | 162 |   C   |",
        "xfer": "| 249 | 60 |   Python   |",
        "awsssmchaosrunner": "| 236 | 19 |   Kotlin   |",
        "convolutional-handwriting-gan": "| 224 | 53 |   Python   |",
        "amazon-pay-sdk-php": "| 204 | 94 |   PHP   |",
        "fire-app-builder": "| 175 | 254 |   Java   |",
        "exoplayer-amazon-port": "| 158 | 80 |   Java   |",
        "oss-dashboard": "| 154 | 38 |   Ruby   |",
        "metalearn-leap": "| 146 | 34 |   Python   |",
        "distance-assistant": "| 132 | 36 |   Python   |",
        "hawktracer": "| 123 | 32 |   C++   |",
        "trans-encoder": "| 118 | 15 |   Python   |",
        "smoke-aws": "| 107 | 19 |   Swift   |",
        "MXFusion": "| 101 | 30 |   Python   |",
        "amazon-weak-ner-needle": "| 95 | 26 |   Python   |",
        "amazon-payments-magento-2-plugin": "| 92 | 74 |   PHP   |",
        "amazon-advertising-api-php-sdk": "| 91 | 71 |   PHP   |",
        "auction-gym": "| 88 | 14 |   Jupyter Notebook   |",
        "oss-attribution-builder": "| 77 | 25 |   TypeScript   |",
        "image-to-recipe-transformers": "| 74 | 19 |   Python   |",
        "smoke-http": "| 66 | 14 |   Swift   |",
        "alexa-coho": "| 62 | 25 |   JavaScript   |",
        "amazon-pay-sdk-ruby": "| 57 | 32 |   Ruby   |",
        "amazon-ray": "| 57 | 22 |   Python   |",
        "amazon-pay-sdk-java": "| 52 | 54 |   Java   |",
        "amazon-pay-sdk-python": "| 49 | 38 |   Python   |",
        "ads-advanced-tools-docs": "| 47 | 26 |   None   |",
        "amazon-pay-sdk-csharp": "| 46 | 46 |   C#   |",
        "zero-shot-rlhr": "| 42 | 13 |   Python   |",
        "oss-contribution-tracker": "| 39 | 15 |   TypeScript   |",
        "multiconer-baseline": "| 39 | 29 |   Python   |",
        "zeek-plugin-enip": "| 38 | 15 |   Zeek   |",
        "amazon-pay-sdk-samples": "| 37 | 35 |   PHP   |",
        "milan": "| 37 | 20 |   Scala   |",
        "smoke-dynamodb": "| 36 | 14 |   Swift   |",
        "amazon-pay-api-sdk-php": "| 36 | 27 |   PHP   |",
        "supply-chain-simulation-environment": "| 35 | 18 |   Python   |",
        "fashion-attribute-disentanglement": "| 33 | 8 |   Python   |",
        "zeek-plugin-s7comm": "| 32 | 13 |   Zeek   |",
        "jekyll-doc-project": "| 31 | 48 |   HTML   |",
        "amazon-s3-gst-plugin": "| 31 | 19 |   C   |",
        "amazon-pay-api-sdk-nodejs": "| 29 | 15 |   JavaScript   |",
        "orthogonal-additive-gaussian-processes": "| 26 | 3 |   Python   |",
        "amazon-pay-api-sdk-java": "| 25 | 17 |   Java   |",
        "zeek-plugin-bacnet": "| 24 | 12 |   Zeek   |",
        "ss-aga-kgc": "| 23 | 8 |   Python   |",
        "smoke-framework-application-generate": "| 22 | 9 |   Swift   |",
        "zeek-plugin-profinet": "| 22 | 16 |   Zeek   |",
        "differential-privacy-bayesian-optimization": "| 22 | 15 |   Python   |",
        "credence-to-causal-estimation": "| 22 | 15 |   Python   |",
        "emukit-playground": "| 21 | 11 |   JavaScript   |",
        "zeek-plugin-tds": "| 20 | 9 |   Zeek   |",
        "sparse-vqvae": "| 20 | 10 |   Python   |",
        "tiny-attribution-generator": "| 19 | 14 |   TypeScript   |",
        "ftv-livetv-sample-tv-app": "| 19 | 21 |   Java   |",
        "autotrail": "| 18 | 12 |   Python   |",
        "smoke-aws-generate": "| 18 | 10 |   Swift   |",
        "smoke-framework-examples": "| 18 | 9 |   Swift   |",
        "git-commit-template": "| 18 | 8 |   JavaScript   |",
        "basis-point-sets": "| 17 | 8 |   Python   |",
        "smoke-aws-credentials": "| 16 | 11 |   Swift   |",
        "service-model-swift-code-generate": "| 16 | 15 |   Swift   |",
        "confident-sinkhorn-allocation": "| 15 | 5 |   Jupyter Notebook   |",
        "amazon-template-library": "| 14 | 6 |   C++   |",
        "amazon-codeguru-profiler-for-spark": "| 14 | 9 |   Java   |",
        "amazon-instant-access-sdk-php": "| 13 | 21 |   PHP   |",
        "amazon-mcf-plugin-for-magento-1": "| 13 | 11 |   PHP   |",
        "login-with-amazon-wordpress": "| 12 | 13 |   PHP   |",
        "rdma-core": "| 12 | 5 |   C   |",
        "sample-fire-tv-app-video-skill": "| 12 | 11 |   Java   |",
        "rheoceros": "| 12 | 6 |   Python   |",
        "amazon-pay-api-sdk-dotnet": "| 11 | 11 |   C#   |",
        "refuel-open-domain-qa": "| 11 | 6 |   Python   |",
        "eslint-plugin-no-date-parsing": "| 11 | 4 |   TypeScript   |",
        "amzn-ec2-ena-utilities": "| 10 | 7 |   Python   |",
        "firetv-sample-touch-app": "| 10 | 6 |   Java   |",
        "pretraining-or-self-training": "| 10 | 5 |   Python   |",
        "amazon-instant-access-sdk-java": "| 9 | 28 |   Java   |",
        "login-with-amazon-oscommerce": "| 9 | 7 |   PHP   |",
        "amazon-instant-access-sdk-net": "| 9 | 13 |   C#   |",
        "amazon-launcher-integration-cordova-plugin": "| 9 | 6 |   JavaScript   |",
        ".github": "| 9 | 233 |   None   |",
        "explainable-text-vqa": "| 8 | 5 |   None   |",
        "glad": "| 8 | 3 |   JavaScript   |",
        "sto-transformer": "| 8 | 1 |   Python   |",
        "drs-sample-android-app": "| 7 | 17 |   Java   |",
        "amazon-payment-files-tools": "| 7 | 6 |   Kotlin   |",
        "openapi-swift-code-generate": "| 7 | 0 |   Swift   |",
        "amazon-instant-access-sdk-ruby": "| 6 | 10 |   Ruby   |",
        "gameon-sample-game-unity": "| 6 | 10 |   C#   |",
        "halo-third-party-sdk-for-node-js": "| 6 | 8 |   TypeScript   |",
        "amazon-frustration-free-setup-certification-tool": "| 6 | 5 |   Python   |",
        "multilingual-keyphrase-generation": "| 6 | 2 |   Python   |",
        "seqzero": "| 6 | 2 |   Python   |",
        "amazon-sidewalk-ios-samples": "| 6 | 0 |   Swift   |",
        "workspace-resolver": "| 5 | 5 |   JavaScript   |",
        "golang-gitoperations": "| 5 | 5 |   Go   |",
        "ion-object-mapper-dotnet": "| 5 | 12 |   C#   |",
        "amazon-hub-support": "| 5 | 7 |   PowerShell   |",
        "halo-third-party-sdk-for-java": "| 5 | 7 |   Java   |",
        "multimodal-affinities": "| 5 | 5 |   Python   |",
        "drs-sample-ios-app": "| 4 | 6 |   Objective-C   |",
        "amazon-hub-counter-api-docs": "| 4 | 9 |   CSS   |",
        "image-misspell-coling2020": "| 4 | 5 |   None   |",
        "cosearcher": "| 4 | 3 |   Python   |",
        "amazon-succinct-doc-representation": "| 4 | 1 |   Python   |",
        "amazon-ads-advertiser-audience-normalization-sdk-py": "| 4 | 2 |   Python   |",
        "smoke-aws-support": "| 4 | 1 |   Swift   |",
        "rete-thewebconf-2022": "| 4 | 3 |   Python   |",
        "gameon-starter-kit-unity": "| 3 | 7 |   C#   |",
        "amigitenough": "| 3 | 7 |   Go   |",
        "halo-third-party-sdk-for-python": "| 3 | 7 |   Python   |",
        "nimbus-jose-jwt_aws-kms-extension": "| 3 | 5 |   Java   |",
        "debiased-balanced-interleaving": "| 3 | 1 |   Jupyter Notebook   |",
        "kqr": "| 3 | 0 |   None   |",
        "amazon-hub-counter-sdk-java": "| 2 | 8 |   Java   |",
        "amazon-hub-counter-api-samples": "| 2 | 7 |   Java   |",
        "aws-apigateway-client-lib": "| 2 | 5 |   None   |",
        "robotiq-gripper-interface": "| 2 | 3 |   C++   |",
        "amazon-marketing-stream-examples": "| 2 | 0 |   Python   |",
        "data-jack-knife": "| 1 | 2 |   Java   |",
        "amazon-nearest-neighbor-through-ecc": "| 1 | 0 |   Jupyter Notebook   |",
        "amazon-sidewalk-android-samples": "| 1 | 2 |   Kotlin   |",
        "user-satisfaction-modeling": "| 1 | 0 |   Python   |",
        "aws-sigv4-signing-samples": "| 0 | 1 |   Java   |",
        "merlin-on-demand-callgraph": "| 0 | 3 |   Java   |"
    }
}