{
    "company": "Ant Design Team",
    "h-index": 44,
    "repo count": 116,
    "contributor count": 2053,
    "size": "todo",
    "employee count": "todo",
    "country": "HangZhou, China",
    "top language": "JavaScript",
    "repos": {
        "ant-design": "| 85830 | 39506 |   TypeScript   |",
        "ant-design-pro": "| 34191 | 7906 |   TypeScript   |",
        "ant-design-mobile": "| 10938 | 2223 |   TypeScript   |",
        "ant-design-landing": "| 5425 | 554 |   JavaScript   |",
        "ant-motion": "| 4488 | 378 |   JavaScript   |",
        "pro-components": "| 3442 | 1134 |   TypeScript   |",
        "ant-design-mobile-rn": "| 2737 | 595 |   TypeScript   |",
        "ant-design-charts": "| 1518 | 332 |   TypeScript   |",
        "ant-ux": "| 1133 | 111 |   JavaScript   |",
        "antd-mobile-samples": "| 1124 | 1111 |   HTML   |",
        "ant-design-pro-layout": "| 994 | 246 |   TypeScript   |",
        "antd-init": "| 817 | 420 |   JavaScript   |",
        "ant-design-icons": "| 810 | 570 |   TypeScript   |",
        "pro-blocks": "| 704 | 203 |   TypeScript   |",
        "create-react-app-antd": "| 586 | 195 |   JavaScript   |",
        "ant-design-colors": "| 581 | 67 |   TypeScript   |",
        "pro-table": "| 560 | 149 |   TypeScript   |",
        "sunflower": "| 491 | 42 |   TypeScript   |",
        "ant-design-dark-theme": "| 475 | 34 |   TypeScript   |",
        "react-tutorial": "| 434 | 161 |   JavaScript   |",
        "ant-design-pro-site": "| 384 | 883 |   TypeScript   |",
        "antd-tools": "| 383 | 150 |   JavaScript   |",
        "ant-design-aliyun-theme": "| 303 | 41 |   TypeScript   |",
        "antd-dayjs-webpack-plugin": "| 284 | 32 |   JavaScript   |",
        "ant-design-mini": "| 256 | 72 |   TypeScript   |",
        "ant-design-pro-cli": "| 253 | 36 |   JavaScript   |",
        "intl-example": "| 204 | 52 |   JavaScript   |",
        "antd-sketchapp": "| 201 | 24 |   HTML   |",
        "cssinjs": "| 168 | 35 |   TypeScript   |",
        "html2sketch": "| 130 | 18 |   TypeScript   |",
        "scaffold-market": "| 124 | 130 |   JavaScript   |",
        "kitchen": "| 117 | 9 |   None   |",
        "ant-design-mobile-chart": "| 103 | 10 |   JavaScript   |",
        "codemod-v4": "| 90 | 22 |   JavaScript   |",
        "compatible": "| 84 | 23 |   TypeScript   |",
        "ant-bot": "| 78 | 20 |   JavaScript   |",
        "antd-library": "| 74 | 17 |   HTML   |",
        "parcel-antd": "| 72 | 22 |   TypeScript   |",
        "v2.preview.pro.ant.design": "| 70 | 42 |   JavaScript   |",
        "react-starter-kit": "| 51 | 12 |   JavaScript   |",
        "antd-mobile-pro": "| 51 | 4 |   TypeScript   |",
        "react-boilerplate": "| 50 | 16 |   JavaScript   |",
        "ant-design-blocks": "| 50 | 16 |   TypeScript   |",
        "antd-mobile-icons-v2": "| 45 | 14 |   None   |",
        "antd-token-previewer": "| 44 | 15 |   TypeScript   |",
        "antd-style": "| 42 | 8 |   TypeScript   |",
        "antd-issue-helper": "| 41 | 20 |   TypeScript   |",
        "antd-migration-helper": "| 40 | 8 |   JavaScript   |",
        "create-next-app-antd": "| 35 | 22 |   CSS   |",
        "u.ant.design": "| 34 | 12 |   JavaScript   |",
        "editable-table": "| 33 | 5 |   JavaScript   |",
        "bisheng-plugin-antd": "| 32 | 35 |   JavaScript   |",
        "pro-list": "| 30 | 2 |   TypeScript   |",
        "antd-mobile-template": "| 27 | 8 |   TypeScript   |",
        "examples": "| 25 | 7 |   JavaScript   |",
        "HiTu": "| 25 | 6 |   TypeScript   |",
        "sketch-json-api": "| 23 | 1 |   TypeScript   |",
        "antd-codemod": "| 20 | 7 |   JavaScript   |",
        "ant-design-landing-build": "| 16 | 5 |   JavaScript   |",
        "react-slick": "| 15 | 15 |   JavaScript   |",
        "antd-changelog-editor": "| 14 | 5 |   TypeScript   |",
        "next-pro-components": "| 13 | 2 |   HTML   |",
        "static-style-extract": "| 13 | 1 |   TypeScript   |",
        "codemod-v5": "| 11 | 4 |   JavaScript   |",
        "antd-adapter": "| 9 | 3 |   JavaScript   |",
        "antd-theme": "| 9 | 2 |   CSS   |",
        "sketch-assistant-ant-design": "| 9 | 6 |   TypeScript   |",
        "ant-design-analysis": "| 8 | 2 |   HTML   |",
        "use-emotion-css": "| 8 | 0 |   TypeScript   |",
        "2x.ant.design": "| 6 | 6 |   HTML   |",
        "beta.pro.ant.design": "| 6 | 4 |   HTML   |",
        "010x.ant.design": "| 5 | 3 |   HTML   |",
        "1x.ant.design": "| 5 | 3 |   HTML   |",
        "create-react-context": "| 5 | 5 |   JavaScript   |",
        "1x.mobile.ant.design": "| 4 | 2 |   HTML   |",
        "font-bundles": "| 4 | 3 |   JavaScript   |",
        "beta.preview.pro.ant.design": "| 4 | 0 |   JavaScript   |",
        "react-sketchapp": "| 4 | 0 |   JavaScript   |",
        "v2.pro.ant.design": "| 4 | 2 |   HTML   |",
        "3x.ant.design": "| 4 | 2 |   HTML   |",
        "next.mobile.ant.design": "| 4 | 0 |   None   |",
        ".github": "| 4 | 9 |   None   |",
        "antd-mobile-icons": "| 4 | 0 |   JavaScript   |",
        "011x.ant.design": "| 3 | 0 |   HTML   |",
        "012x.ant.design": "| 3 | 2 |   HTML   |",
        "07x.mobile.ant.design": "| 3 | 0 |   None   |",
        "08x.mobile.ant.design": "| 3 | 1 |   HTML   |",
        "09x.mobile.ant.design": "| 3 | 1 |   HTML   |",
        "03x.pro.ant.design": "| 3 | 0 |   HTML   |",
        "v1.pro.ant.design": "| 3 | 0 |   CSS   |",
        "2x.rn.mobile.ant.design": "| 3 | 2 |   HTML   |",
        "09x.ant.design": "| 2 | 2 |   JavaScript   |",
        "beta.mobile.ant.design": "| 2 | 1 |   HTML   |",
        "eslint-tinker": "| 2 | 0 |   JavaScript   |",
        "v1.preview.pro.ant.design": "| 2 | 0 |   JavaScript   |",
        "components-editor": "| 2 | 2 |   JavaScript   |",
        "v5.ant-design-pro-site": "| 2 | 1 |   TypeScript   |",
        "next.ant.design": "| 2 | 0 |   None   |",
        "test-antd-locale": "| 1 | 0 |   JavaScript   |",
        "react-lifecycles-compat": "| 1 | 0 |   None   |",
        "antd-moment-webpack-plugin": "| 1 | 6 |   JavaScript   |",
        "3x.rn.mobile.ant.design": "| 0 | 0 |   HTML   |",
        "ant-design-charts-0.x-site": "| 0 | 0 |   TypeScript   |",
        "v4-pro.ant.design": "| 0 | 0 |   HTML   |",
        "antd-mobile-v5-count": "| 0 | 1 |   JavaScript   |",
        "sarif-web-component": "| 0 | 0 |   None   |",
        "jest-image-snapshot": "| 0 | 0 |   JavaScript   |",
        "WebGL-Fluid-Simulation": "| 0 | 2 |   None   |",
        "steps": "| 0 | 0 |   None   |",
        "pro-components-1": "| 0 | 0 |   None   |",
        "4x.ant.design": "| 0 | 0 |   None   |",
        "santd": "| 0 | 0 |   None   |",
        "size-limit-action": "| 0 | 0 |   TypeScript   |",
        "0x-mini.ant.design": "| 0 | 0 |   None   |",
        "ant-design-demos": "| 0 | 0 |   TypeScript   |",
        "trigger": "| 0 | 0 |   None   |"
    }
}