{
    "company": "Appen Repos",
    "h-index": 1,
    "repo count": 9,
    "contributor count": 119,
    "size": "todo",
    "employee count": "todo",
    "country": null,
    "top language": "Python",
    "repos": {
        "UHV-OTS-Speech": "| 93 | 15 |   Forth   |",
        "odd-platform": "| 1 | 0 |   Java   |",
        "spring-cloud-commons": "| 0 | 0 |   None   |",
        "public-demos": "| 0 | 0 |   Jupyter Notebook   |",
        "aws-azure-login": "| 0 | 0 |   None   |",
        "odd-mysql-adapter": "| 0 | 0 |   Python   |",
        "odd-redshift-adapter": "| 0 | 0 |   None   |",
        "odd-platform-puller": "| 0 | 0 |   None   |",
        "odd-collector": "| 0 | 0 |   Python   |"
    }
}