{
    "company": "Appian",
    "h-index": 4,
    "repo count": 74,
    "contributor count": 7423,
    "size": "todo",
    "employee count": "todo",
    "country": "United States of America",
    "top language": "Java",
    "repos": {
        "integration-sdk-examples": "| 17 | 63 |   Java   |",
        "devops-quickstart": "| 11 | 17 |   Shell   |",
        "hackathons": "| 8 | 16 |   JavaScript   |",
        "pyja3mas": "| 5 | 3 |   Python   |",
        "ansible-role-macos-power": "| 2 | 0 |   None   |",
        "terraform-provider-twilio": "| 2 | 1 |   Go   |",
        "react-native-webview": "| 2 | 0 |   None   |",
        "react-native": "| 1 | 1 |   JavaScript   |",
        "docker-clocksource-cpu-test": "| 1 | 0 |   Java   |",
        "org.eclipse.emf.teneo": "| 1 | 3 |   Java   |",
        "grafana-helm-charts": "| 1 | 0 |   None   |",
        "locust": "| 0 | 4 |   Python   |",
        "kops": "| 0 | 4 |   Go   |",
        "react-native-modal": "| 0 | 0 |   JavaScript   |",
        "kube-bench": "| 0 | 3 |   Go   |",
        "presto": "| 0 | 0 |   Java   |",
        "kafka": "| 0 | 0 |   Java   |",
        "tomcat": "| 0 | 7 |   Java   |",
        "kdbgo": "| 0 | 7 |   Go   |",
        "ansible-role-macos-docker-app": "| 0 | 0 |   None   |",
        "diff-match-patch": "| 0 | 1 |   Python   |",
        "DependencyCheck": "| 0 | 0 |   Java   |",
        "kubernetes": "| 0 | 0 |   Go   |",
        "protobuf": "| 0 | 0 |   C++   |",
        "vault": "| 0 | 0 |   Go   |",
        "charts": "| 0 | 0 |   Shell   |",
        "terraform-provider-vault": "| 0 | 0 |   Go   |",
        "helm-charts": "| 0 | 1 |   Smarty   |",
        "tomcat85": "| 0 | 0 |   Java   |",
        "python-gitlab": "| 0 | 0 |   Python   |",
        "etcd": "| 0 | 0 |   Go   |",
        "cloudwatch_exporter": "| 0 | 0 |   Java   |",
        "java-html-sanitizer": "| 0 | 0 |   Java   |",
        "log4j": "| 0 | 1 |   Java   |",
        "hibernate-orm": "| 0 | 5 |   Java   |",
        "org.eclipse.emf": "| 0 | 0 |   Java   |",
        "prosemirror-view": "| 0 | 0 |   JavaScript   |",
        "prosemirror-model": "| 0 | 0 |   JavaScript   |",
        "react-native-tableview": "| 0 | 0 |   Objective-C   |",
        "react-native-popover-view": "| 0 | 0 |   JavaScript   |",
        "intellij-sdk-docs": "| 0 | 0 |   Java   |",
        "twilio-go": "| 0 | 1 |   Go   |",
        "cert-manager": "| 0 | 1 |   Go   |",
        "helm": "| 0 | 0 |   None   |",
        "jaeger-helm-charts": "| 0 | 1 |   Mustache   |",
        "shadow": "| 0 | 0 |   None   |",
        "terraform-provider-aws": "| 0 | 0 |   None   |",
        "j2objc": "| 0 | 1 |   Java   |",
        "terraform-provider-gitlab": "| 0 | 1 |   None   |",
        "report-portal": "| 0 | 0 |   Smarty   |",
        "agent-js-cypress": "| 0 | 0 |   None   |",
        "agent-python-pytest": "| 0 | 1 |   Python   |",
        "aws-ebs-csi-driver": "| 0 | 0 |   None   |",
        "ld-relay": "| 0 | 0 |   None   |",
        "gradle": "| 0 | 0 |   None   |",
        "test-retry-gradle-plugin": "| 0 | 0 |   None   |",
        "java-jdbc": "| 0 | 0 |   None   |",
        "prometheus-process-exporter": "| 0 | 0 |   None   |",
        "bitnami-charts": "| 0 | 0 |   None   |",
        "prometheus-community-helm-charts": "| 0 | 0 |   None   |",
        "cortex-helm-chart": "| 0 | 0 |   None   |",
        "intellij-community": "| 0 | 0 |   None   |",
        "ingress-nginx": "| 0 | 0 |   None   |",
        "debian-cis": "| 0 | 0 |   Shell   |",
        "redisson": "| 0 | 0 |   Java   |",
        "external-snapshotter": "| 0 | 0 |   None   |",
        "curator": "| 0 | 0 |   None   |",
        "pvc-autoresizer": "| 0 | 1 |   None   |",
        "helm-chart-sonarqube": "| 0 | 1 |   None   |",
        "spire": "| 0 | 0 |   Go   |",
        "terraform-switcher": "| 0 | 0 |   None   |",
        "cilium": "| 0 | 0 |   None   |",
        "xalan-java": "| 0 | 0 |   None   |",
        "icu": "| 0 | 0 |   None   |"
    }
}