{
    "company": "AppLovin",
    "h-index": 7,
    "repo count": 43,
    "contributor count": 1565,
    "size": "todo",
    "employee count": "todo",
    "country": "Palo Alto, CA",
    "top language": "Ruby",
    "repos": {
        "AppLovin-MAX-SDK-Android": "| 154 | 84 |   Java   |",
        "AppLovin-MAX-Unity-Plugin": "| 76 | 26 |   C#   |",
        "AppLovin-MAX-SDK-iOS": "| 62 | 59 |   Objective-C   |",
        "AppLovin-MAX-React-Native": "| 33 | 23 |   Java   |",
        "AppLovin-MAX-Flutter": "| 33 | 13 |   Objective-C   |",
        "AppLovin-MAX-Cordova": "| 8 | 9 |   Java   |",
        "AppLovin-MAX-Unreal": "| 7 | 4 |   C++   |",
        "homebrew-Mobile-Tools": "| 2 | 2 |   Shell   |",
        "AppLovin-MAX-Swift-Package": "| 2 | 2 |   Swift   |",
        "ipvs_twos_choice": "| 1 | 1 |   C   |",
        "knife-spork": "| 0 | 0 |   Ruby   |",
        "knife-ipmi": "| 0 | 0 |   Ruby   |",
        "akamai_api": "| 0 | 0 |   Ruby   |",
        "cumulus-linux-chef-modules": "| 0 | 0 |   Ruby   |",
        "thrift": "| 0 | 1 |   C++   |",
        "chef-user": "| 0 | 0 |   Ruby   |",
        "gitrob": "| 0 | 0 |   Ruby   |",
        "chef-gitrob": "| 0 | 0 |   Ruby   |",
        "CocoaPods-Specs": "| 0 | 0 |   Ruby   |",
        "cookbook-simple-iptables": "| 0 | 0 |   Ruby   |",
        "grizzly": "| 0 | 0 |   Java   |",
        "pool": "| 0 | 0 |   Go   |",
        "mergo": "| 0 | 0 |   Go   |",
        "php-deb-packager": "| 0 | 0 |   PHP   |",
        "percona": "| 0 | 0 |   Ruby   |",
        "AppLovin-MAX-AIR": "| 0 | 0 |   ActionScript   |",
        "xgboost": "| 0 | 0 |   C++   |",
        "git-sync": "| 0 | 0 |   None   |",
        "tfk8s": "| 0 | 0 |   None   |",
        "kubernetes-split-yaml": "| 0 | 0 |   None   |",
        "kustomize": "| 0 | 0 |   None   |",
        "aerospike-client-c": "| 0 | 0 |   None   |",
        "argocd-notifications": "| 0 | 0 |   None   |",
        "kubernetes-external-secrets": "| 0 | 0 |   None   |",
        "deploy-sourcegraph": "| 0 | 0 |   None   |",
        "maxscale-docker": "| 0 | 0 |   None   |",
        "vault-exporter": "| 0 | 0 |   Go   |",
        "Android-Service-SDK-AOSP": "| 0 | 0 |   None   |",
        "helm-gcs": "| 0 | 0 |   None   |",
        "airflow-prometheus-exporter": "| 0 | 0 |   Python   |",
        "query-exporter": "| 0 | 0 |   None   |",
        "AppLovin-MAX-Ad-Review-SDK-iOS": "| 0 | 0 |   None   |",
        "AppLovin-MAX-Ad-Review-SDK-Android": "| 0 | 0 |   None   |"
    }
}