{
    "company": "ASP.NET",
    "h-index": 68,
    "repo count": 113,
    "contributor count": 1040,
    "size": "todo",
    "employee count": "todo",
    "country": "Redmond, WA",
    "top language": "C#",
    "repos": {
        "Mvc": "| 5689 | 2187 |   C#   |",
        "JavaScriptServices": "| 3060 | 539 |   C#   |",
        "KestrelHttpServer": "| 2651 | 536 |   C#   |",
        "SignalR": "| 2395 | 458 |   C#   |",
        "Identity": "| 1965 | 889 |   C#   |",
        "Announcements": "| 1625 | 90 |   None   |",
        "MusicStore": "| 1309 | 898 |   None   |",
        "Security": "| 1251 | 618 |   C#   |",
        "AspLabs": "| 1194 | 348 |   C#   |",
        "Benchmarks": "| 1092 | 219 |   C#   |",
        "dnx": "| 975 | 229 |   C++   |",
        "AspNetKatana": "| 918 | 344 |   C#   |",
        "samples": "| 910 | 1115 |   None   |",
        "Razor": "| 883 | 237 |   C#   |",
        "DependencyInjection": "| 873 | 325 |   C#   |",
        "AspNetWebStack": "| 798 | 354 |   C#   |",
        "aspnet-docker": "| 728 | 180 |   None   |",
        "SignalR-samples": "| 658 | 382 |   JavaScript   |",
        "WebHooks": "| 624 | 453 |   C#   |",
        "Hosting": "| 559 | 319 |   C#   |",
        "Entropy": "| 554 | 287 |   C#   |",
        "Logging": "| 506 | 261 |   C#   |",
        "Caching": "| 482 | 217 |   C#   |",
        "DotNetTools": "| 440 | 76 |   C#   |",
        "LibraryManager": "| 415 | 80 |   C#   |",
        "HttpAbstractions": "| 383 | 200 |   C#   |",
        "WebSockets": "| 359 | 117 |   C#   |",
        "Microsoft.Data.Sqlite": "| 345 | 98 |   C#   |",
        "Configuration": "| 325 | 210 |   C#   |",
        "live.asp.net": "| 293 | 119 |   C#   |",
        "AzureSignalR-samples": "| 290 | 366 |   JavaScript   |",
        "Routing": "| 271 | 126 |   C#   |",
        "Tooling": "| 259 | 130 |   None   |",
        "HttpClientFactory": "| 252 | 74 |   C#   |",
        "jquery-validation-unobtrusive": "| 236 | 111 |   JavaScript   |",
        "AspNetIdentity": "| 223 | 150 |   C#   |",
        "Diagnostics": "| 215 | 111 |   C#   |",
        "MetaPackages": "| 213 | 110 |   C#   |",
        "Templating": "| 205 | 80 |   C#   |",
        "Proxy": "| 199 | 114 |   C#   |",
        "dnvm": "| 172 | 63 |   PowerShell   |",
        "FileSystem": "| 170 | 82 |   C#   |",
        "BasicMiddleware": "| 170 | 89 |   C#   |",
        "BugTracker": "| 161 | 77 |   JavaScript   |",
        "Universe": "| 157 | 71 |   C#   |",
        "Localization": "| 156 | 67 |   C#   |",
        "Templates": "| 152 | 62 |   C#   |",
        "Options": "| 150 | 69 |   C#   |",
        "IISIntegration": "| 149 | 59 |   C++   |",
        "jquery-ajax-unobtrusive": "| 142 | 117 |   JavaScript   |",
        "Blazor.Docs": "| 135 | 124 |   CSS   |",
        "DataProtection": "| 131 | 89 |   C#   |",
        "Blazor-Hackathon": "| 128 | 32 |   C#   |",
        "Session": "| 120 | 66 |   C#   |",
        "DataAccessPerformance": "| 116 | 25 |   C#   |",
        "SignalR-Client-Cpp": "| 115 | 66 |   C++   |",
        "StaticFiles": "| 114 | 74 |   C#   |",
        "AspNetCoreModule": "| 114 | 34 |   C#   |",
        "AspNetWebHooks": "| 111 | 99 |   C#   |",
        "HttpSysServer": "| 104 | 40 |   C#   |",
        "MicrosoftConfigurationBuilders": "| 104 | 55 |   C#   |",
        "JsonPatch": "| 101 | 47 |   C#   |",
        "CORS": "| 89 | 46 |   C#   |",
        "Razor.VSCode": "| 83 | 15 |   C#   |",
        "AuthSamples": "| 81 | 59 |   C#   |",
        "Antiforgery": "| 78 | 40 |   C#   |",
        "BuildTools": "| 71 | 43 |   C#   |",
        "ResponseCaching": "| 69 | 40 |   C#   |",
        "Testing": "| 65 | 40 |   None   |",
        "RoslynCodeDomProvider": "| 63 | 37 |   C#   |",
        "SignalR-Client-JS": "| 59 | 26 |   None   |",
        "SignalR-Client-Net": "| 57 | 21 |   None   |",
        "NerdDinner": "| 49 | 50 |   JavaScript   |",
        "SignalR-Redis": "| 47 | 31 |   C#   |",
        "AspNetSessionState": "| 45 | 34 |   C#   |",
        "SignalR-SqlServer": "| 43 | 31 |   C#   |",
        "EventNotification": "| 43 | 26 |   C#   |",
        "MvcPrecompilation": "| 41 | 15 |   C#   |",
        "KoreBuild": "| 37 | 25 |   Shell   |",
        "vsweb-publish": "| 32 | 24 |   PowerShell   |",
        "homebrew-dnx": "| 31 | 16 |   Ruby   |",
        "Coherence": "| 29 | 17 |   C#   |",
        "UserSecrets": "| 28 | 19 |   None   |",
        "AspNetWebFormsDependencyInjection": "| 27 | 20 |   C#   |",
        "HtmlAbstractions": "| 26 | 21 |   C#   |",
        "EntityFramework.Tools": "| 24 | 16 |   PowerShell   |",
        "vsweb-docs": "| 23 | 38 |   JavaScript   |",
        "SignalR-Client-Java": "| 22 | 16 |   None   |",
        "RazorTooling": "| 22 | 18 |   C#   |",
        "libuv-build": "| 22 | 19 |   PowerShell   |",
        "PlatformAbstractions": "| 22 | 13 |   None   |",
        "AzureIntegration": "| 22 | 21 |   C#   |",
        "SignalR-ServiceBus": "| 20 | 24 |   C#   |",
        "ServerTests": "| 20 | 13 |   C#   |",
        "Wave": "| 20 | 18 |   JavaScript   |",
        "libuv-package": "| 18 | 14 |   PowerShell   |",
        "AADIntegration": "| 18 | 19 |   C#   |",
        "BrowserLink": "| 15 | 24 |   C#   |",
        "MessagePack-CSharp": "| 15 | 13 |   C#   |",
        "aspnet-win-docker": "| 14 | 19 |   PowerShell   |",
        "JitBench": "| 14 | 23 |   C#   |",
        "dotnet-do": "| 13 | 12 |   C#   |",
        "Microsoft.AspNet.TelemetryCorrelation": "| 13 | 19 |   C#   |",
        "AspNetWebOptimization": "| 13 | 18 |   C#   |",
        "Stress": "| 12 | 17 |   C#   |",
        "Signing": "| 9 | 16 |   C#   |",
        "AspNetOutputCache": "| 3 | 10 |   C#   |",
        "LibraryManager.Loc": "| 2 | 8 |   None   |",
        "MsftBotPlayground": "| 1 | 6 |   None   |",
        "AzureTestApps": "| 0 | 10 |   PowerShell   |",
        "h2spec": "| 0 | 6 |   Go   |",
        "h2spec_build": "| 0 | 6 |   Shell   |",
        ".github": "| 0 | 0 |   None   |"
    }
}