{
    "company": "Atlassian",
    "h-index": 37,
    "repo count": 377,
    "contributor count": 10354,
    "size": "todo",
    "employee count": "todo",
    "country": "Australia",
    "top language": "JavaScript",
    "repos": {
        "react-beautiful-dnd": "| 29940 | 2401 |   JavaScript   |",
        "jest-in-case": "| 1035 | 35 |   JavaScript   |",
        "react-sweet-state": "| 777 | 48 |   JavaScript   |",
        "lerna-semantic-release": "| 671 | 44 |   JavaScript   |",
        "escalator": "| 625 | 53 |   Go   |",
        "github-for-jira": "| 509 | 168 |   TypeScript   |",
        "docker-chromium-xvfb": "| 386 | 130 |   Dockerfile   |",
        "prosemirror-utils": "| 368 | 52 |   JavaScript   |",
        "gostatsd": "| 357 | 102 |   Go   |",
        "nucleus": "| 351 | 94 |   TypeScript   |",
        "smith": "| 285 | 23 |   Go   |",
        "babel-plugin-react-flow-props-to-prop-types": "| 235 | 24 |   JavaScript   |",
        "better-ajv-errors": "| 212 | 38 |   JavaScript   |",
        "browser-interaction-time": "| 208 | 15 |   TypeScript   |",
        "extract-react-types": "| 174 | 34 |   JavaScript   |",
        "gajira": "| 163 | 18 |   None   |",
        "stricter": "| 151 | 15 |   TypeScript   |",
        "data-center-helm-charts": "| 115 | 111 |   Java   |",
        "bazel-tools": "| 113 | 38 |   Starlark   |",
        "cz-lerna-changelog": "| 110 | 42 |   JavaScript   |",
        "terraform-provider-artifactory": "| 89 | 37 |   Go   |",
        "landkid": "| 83 | 18 |   TypeScript   |",
        "build-stats": "| 79 | 14 |   TypeScript   |",
        "gajira-login": "| 77 | 83 |   JavaScript   |",
        "kubetoken": "| 74 | 18 |   Go   |",
        "koa-oas3": "| 66 | 22 |   TypeScript   |",
        "dc-app-performance-toolkit": "| 62 | 403 |   Python   |",
        "sketch-plugin": "| 55 | 14 |   JavaScript   |",
        "gajira-transition": "| 51 | 46 |   JavaScript   |",
        "jira-suite-utilities": "| 50 | 50 |   Java   |",
        "gajira-create": "| 48 | 35 |   JavaScript   |",
        "themis": "| 47 | 14 |   JavaScript   |",
        "go-sentry-api": "| 47 | 37 |   Go   |",
        "jira-cloud-for-sketch": "| 45 | 10 |   JavaScript   |",
        "gajira-find-issue-key": "| 42 | 89 |   JavaScript   |",
        "gajira-todo": "| 41 | 22 |   JavaScript   |",
        "oas3-chow-chow": "| 39 | 23 |   TypeScript   |",
        "1time": "| 37 | 3 |   Kotlin   |",
        "validate-npm-package": "| 36 | 8 |   JavaScript   |",
        "gajira-cli": "| 35 | 21 |   JavaScript   |",
        "conartist": "| 33 | 7 |   JavaScript   |",
        "jira-github-connector-plugin": "| 30 | 26 |   JavaScript   |",
        "voyager": "| 30 | 9 |   Go   |",
        "atlaskit-framerx": "| 28 | 6 |   TypeScript   |",
        "jira-actions": "| 26 | 30 |   Kotlin   |",
        "gajira-comment": "| 26 | 36 |   JavaScript   |",
        "sourcemap": "| 23 | 6 |   Java   |",
        "go-artifactory": "| 22 | 27 |   Go   |",
        "popular-package": "| 21 | 6 |   JavaScript   |",
        "asap-authentication-python": "| 20 | 21 |   Python   |",
        "techradar": "| 17 | 9 |   JavaScript   |",
        "homebrew-tap": "| 16 | 12 |   Ruby   |",
        "vscode-extension-jira-frontend": "| 14 | 5 |   JavaScript   |",
        "ssh": "| 14 | 12 |   Kotlin   |",
        "jira-performance-tests": "| 12 | 15 |   Kotlin   |",
        "react-editext": "| 12 | 3 |   JavaScript   |",
        "docker-fluentd": "| 11 | 20 |   Makefile   |",
        "infrastructure": "| 11 | 24 |   Kotlin   |",
        "omniauth-jira": "| 10 | 12 |   Ruby   |",
        "fluent-plugin-kinesis-aggregation": "| 10 | 11 |   Ruby   |",
        "aws-infrastructure": "| 10 | 31 |   Kotlin   |",
        "sitemesh2": "| 9 | 7 |   Java   |",
        "redis-dump-restore": "| 9 | 5 |   JavaScript   |",
        "hubot-stride": "| 9 | 5 |   JavaScript   |",
        "graphql-braid": "| 9 | 3 |   None   |",
        "autoconvert": "| 8 | 5 |   JavaScript   |",
        "rocker": "| 8 | 2 |   Rust   |",
        "tipsy": "| 7 | 13 |   JavaScript   |",
        "copy-pkg": "| 7 | 8 |   JavaScript   |",
        "gray-matter-loader": "| 7 | 5 |   JavaScript   |",
        "quickstart-atlassian-bitbucket": "| 7 | 8 |   Shell   |",
        "docker": "| 6 | 24 |   Go   |",
        "go-ssh": "| 6 | 1 |   Go   |",
        "report": "| 6 | 24 |   HTML   |",
        "virtual-users": "| 6 | 19 |   Kotlin   |",
        "jenkins-for-jira": "| 6 | 4 |   TypeScript   |",
        "atlassian-connect-example-app-node": "| 6 | 3 |   TypeScript   |",
        "jquery-handsontable": "| 5 | 3 |   JavaScript   |",
        "hazelcast": "| 5 | 4 |   Java   |",
        "git-lob": "| 5 | 2 |   Go   |",
        "iframely": "| 5 | 3 |   JavaScript   |",
        "docker-images": "| 5 | 4 |   Shell   |",
        "less-plugin-inline-svg": "| 5 | 5 |   JavaScript   |",
        "node-bitbucket": "| 5 | 3 |   JavaScript   |",
        "docker-infrastructure": "| 5 | 16 |   Kotlin   |",
        "jira-hardware-exploration": "| 5 | 10 |   Kotlin   |",
        "concurrency": "| 5 | 9 |   Kotlin   |",
        "jobsite": "| 5 | 4 |   JavaScript   |",
        "ansible-ixgbevf": "| 4 | 4 |   None   |",
        "redash": "| 4 | 3 |   Python   |",
        "ssh-ubuntu": "| 4 | 13 |   Kotlin   |",
        "jira-software-actions": "| 4 | 17 |   Kotlin   |",
        "jvm-tasks": "| 4 | 9 |   Kotlin   |",
        "jpt-example-btf": "| 4 | 8 |   Java   |",
        "localtunnel": "| 3 | 3 |   Python   |",
        "raven-java": "| 3 | 4 |   Java   |",
        "terraform": "| 3 | 2 |   Go   |",
        "okhttp": "| 3 | 1 |   Java   |",
        "maven-ant-tasks": "| 3 | 2 |   Java   |",
        "gojiid": "| 3 | 3 |   Go   |",
        "terraform-provider-vtm": "| 3 | 7 |   Go   |",
        "quickstart-atlassian-jira": "| 3 | 10 |   None   |",
        "quickstart-atlassian-confluence": "| 3 | 9 |   Shell   |",
        "workspace": "| 3 | 10 |   Kotlin   |",
        "opentsdb": "| 2 | 2 |   Java   |",
        "clover-jenkins-plugin": "| 2 | 3 |   Java   |",
        "clover-hudson-plugin": "| 2 | 3 |   Java   |",
        "npm-registry-couchapp": "| 2 | 4 |   JavaScript   |",
        "nexus-maven-plugins": "| 2 | 2 |   Java   |",
        "NYTPhotoViewer": "| 2 | 3 |   Objective-C   |",
        "video.js": "| 2 | 1 |   JavaScript   |",
        "kubernetes": "| 2 | 2 |   Go   |",
        "docker-osx-dev": "| 2 | 1 |   Shell   |",
        "go-vtm": "| 2 | 7 |   Go   |",
        "ansible": "| 2 | 1 |   Python   |",
        "prosemirror": "| 2 | 3 |   JavaScript   |",
        "puppetexplorer": "| 2 | 3 |   JavaScript   |",
        "WeakMap": "| 2 | 2 |   JavaScript   |",
        "spring-cloud-netflix": "| 2 | 2 |   Java   |",
        "python-semver": "| 2 | 4 |   Python   |",
        "docker-selenium": "| 2 | 2 |   Shell   |",
        "go-crypto": "| 2 | 1 |   Go   |",
        "vscode-pull-request-bitbucket": "| 2 | 6 |   TypeScript   |",
        "quickstart-atlassian-services": "| 2 | 7 |   Makefile   |",
        "quickstart-amazon-aurora": "| 2 | 3 |   None   |",
        "quickstart-atlassian-crowd": "| 2 | 4 |   None   |",
        "maven-surefire": "| 1 | 6 |   Java   |",
        "winp": "| 1 | 7 |   Java   |",
        "freemarker": "| 1 | 4 |   Java   |",
        "hubot-scripts": "| 1 | 1 |   CoffeeScript   |",
        "Play20": "| 1 | 1 |   Scala   |",
        "xalan-j": "| 1 | 2 |   Java   |",
        "browsermob-proxy": "| 1 | 4 |   Java   |",
        "buildpack-null": "| 1 | 3 |   Shell   |",
        "heroku-buildpack-clojure": "| 1 | 1 |   Shell   |",
        "yuicompressor-maven-plugin": "| 1 | 3 |   JavaScript   |",
        "clippy": "| 1 | 3 |   None   |",
        "heroku-bamboo-plugin": "| 1 | 4 |   Java   |",
        "httpasyncclient": "| 1 | 3 |   Java   |",
        "sisu.inject": "| 1 | 3 |   Java   |",
        "scala-machines": "| 1 | 3 |   Scala   |",
        "rake-bamboo-plugin": "| 1 | 3 |   Java   |",
        "puppet-bamboo": "| 1 | 3 |   Puppet   |",
        "almond": "| 1 | 3 |   JavaScript   |",
        "xmpp4r": "| 1 | 3 |   Ruby   |",
        "shapotomic": "| 1 | 2 |   Scala   |",
        "httpcore": "| 1 | 3 |   Java   |",
        "cdnjs": "| 1 | 2 |   JavaScript   |",
        "chromeHAR": "| 1 | 3 |   JavaScript   |",
        "evo-classindex": "| 1 | 3 |   Java   |",
        "JJSchema": "| 1 | 3 |   Java   |",
        "sshj": "| 1 | 2 |   Java   |",
        "egit-github": "| 1 | 4 |   Java   |",
        "marathon": "| 1 | 2 |   JavaScript   |",
        "JSErrorCollector": "| 1 | 4 |   Java   |",
        "commons-collections": "| 1 | 3 |   Java   |",
        "jStyleParser": "| 1 | 3 |   Java   |",
        "HypChat": "| 1 | 3 |   Python   |",
        "msg-simple": "| 1 | 3 |   Java   |",
        "tether": "| 1 | 5 |   JavaScript   |",
        "querydsl": "| 1 | 3 |   Java   |",
        "zxcvbn": "| 1 | 1 |   CoffeeScript   |",
        "minify-maven-plugin": "| 1 | 3 |   Java   |",
        "spray": "| 1 | 1 |   Scala   |",
        "sinopia": "| 1 | 1 |   None   |",
        "npm-fullfat-registry": "| 1 | 4 |   None   |",
        "follow": "| 1 | 2 |   None   |",
        "request": "| 1 | 2 |   None   |",
        "packer": "| 1 | 2 |   Go   |",
        "mitchellh-goamz": "| 1 | 2 |   Go   |",
        "uniql-es": "| 1 | 4 |   JavaScript   |",
        "boto": "| 1 | 1 |   Python   |",
        "resumable.js": "| 1 | 2 |   JavaScript   |",
        "puppet-datadog-agent": "| 1 | 1 |   Puppet   |",
        "jasmine-http-server-spy": "| 1 | 4 |   CoffeeScript   |",
        "kibana": "| 1 | 1 |   JavaScript   |",
        "cassandra-mesos": "| 1 | 2 |   Java   |",
        "kingpin": "| 1 | 2 |   Go   |",
        "activemq": "| 1 | 4 |   Java   |",
        "logstash-output-cloudwatchlogs": "| 1 | 2 |   Ruby   |",
        "elastic": "| 1 | 1 |   Go   |",
        "bnd.manual": "| 1 | 1 |   CSS   |",
        "semantic-release-lerna-analyzer": "| 1 | 1 |   JavaScript   |",
        "swagger-codegen": "| 1 | 1 |   Java   |",
        "reflex": "| 1 | 2 |   Go   |",
        "pyenv": "| 1 | 1 |   Shell   |",
        "nmig": "| 1 | 2 |   JavaScript   |",
        "gremlins.js": "| 1 | 3 |   JavaScript   |",
        "IDZSwiftCommonCrypto": "| 1 | 4 |   Swift   |",
        "docker-hub-images": "| 1 | 2 |   None   |",
        "honeybadger-python": "| 1 | 3 |   Python   |",
        "jwebunit": "| 1 | 2 |   Java   |",
        "homebrew-bitbucket": "| 1 | 1 |   Ruby   |",
        "aleph": "| 1 | 1 |   Clojure   |",
        "django-rest-framework": "| 1 | 3 |   Python   |",
        "checkstyle": "| 1 | 2 |   Java   |",
        "nomad": "| 1 | 1 |   Go   |",
        "sketch-polyfill-fetch": "| 1 | 2 |   JavaScript   |",
        "sentry": "| 1 | 2 |   Python   |",
        "putty-sourcetree-fork": "| 1 | 4 |   C   |",
        "tangerine-state-viewer": "| 1 | 4 |   TypeScript   |",
        "webvieweventtest": "| 1 | 3 |   TypeScript   |",
        "NuProcess": "| 1 | 3 |   Java   |",
        "parcel-stress-test": "| 1 | 5 |   JavaScript   |",
        "frontend-guides": "| 1 | 1 |   None   |",
        "atlassian-connect-example-app-python": "| 1 | 0 |   Python   |",
        "org.eclipse.jgit-atlassian": "| 0 | 6 |   Java   |",
        "httpclient": "| 0 | 3 |   Java   |",
        "pegdown": "| 0 | 1 |   None   |",
        "grunt-selenium-server": "| 0 | 2 |   None   |",
        "node-pingdom": "| 0 | 3 |   JavaScript   |",
        "javasysmon": "| 0 | 1 |   Java   |",
        "node-pagerduty": "| 0 | 3 |   CoffeeScript   |",
        "puppet-influxdb": "| 0 | 2 |   Puppet   |",
        "grunt-jasmine-node": "| 0 | 2 |   JavaScript   |",
        "maven-cli-plugin": "| 0 | 2 |   Java   |",
        "node-netrc": "| 0 | 1 |   JavaScript   |",
        "netrc": "| 0 | 2 |   JavaScript   |",
        "rhino": "| 0 | 1 |   Java   |",
        "hibernate-orm": "| 0 | 3 |   Java   |",
        "okio": "| 0 | 1 |   Java   |",
        "github-importer-test": "| 0 | 4 |   Java   |",
        "node-castv2-client": "| 0 | 3 |   JavaScript   |",
        "castv2-youtube": "| 0 | 3 |   JavaScript   |",
        "semantic-versioning": "| 0 | 2 |   Java   |",
        "reboot": "| 0 | 1 |   Scala   |",
        "node-openid": "| 0 | 2 |   JavaScript   |",
        "node-loggly": "| 0 | 2 |   JavaScript   |",
        "kinesis": "| 0 | 2 |   JavaScript   |",
        "fluent-plugin-loggly": "| 0 | 1 |   Ruby   |",
        "soy-to-require": "| 0 | 2 |   JavaScript   |",
        "amazon-kinesis-client": "| 0 | 2 |   Java   |",
        "dd-agent": "| 0 | 2 |   Python   |",
        "dynamodb-cross-region-library": "| 0 | 2 |   Java   |",
        "mongobox": "| 0 | 2 |   Python   |",
        "JSQMessagesViewController": "| 0 | 1 |   Objective-C   |",
        "cookiecutter": "| 0 | 2 |   Python   |",
        "nomnom": "| 0 | 2 |   JavaScript   |",
        "ngrok": "| 0 | 1 |   Go   |",
        "npm2es": "| 0 | 3 |   JavaScript   |",
        "moto": "| 0 | 2 |   Python   |",
        "dcos-cli": "| 0 | 2 |   Python   |",
        "universe": "| 0 | 0 |   Python   |",
        "puppet-chocolatey": "| 0 | 3 |   Ruby   |",
        "karma-sinon-chai": "| 0 | 2 |   JavaScript   |",
        "sinon": "| 0 | 2 |   JavaScript   |",
        "telegraf": "| 0 | 1 |   Go   |",
        "puppet-vault": "| 0 | 2 |   Ruby   |",
        "SimianArmy": "| 0 | 2 |   Java   |",
        "jaxen": "| 0 | 2 |   Java   |",
        "FLAnimatedImage": "| 0 | 1 |   Objective-C   |",
        "gotling": "| 0 | 1 |   Go   |",
        "glogrus": "| 0 | 1 |   Go   |",
        "flagconfig": "| 0 | 1 |   Go   |",
        "flag.addrs": "| 0 | 1 |   Go   |",
        "unicreds": "| 0 | 1 |   Go   |",
        "gulp-serve": "| 0 | 2 |   JavaScript   |",
        "puppet-consul": "| 0 | 2 |   Ruby   |",
        "swarm": "| 0 | 2 |   Go   |",
        "docker-client": "| 0 | 2 |   Java   |",
        "bnd": "| 0 | 1 |   Java   |",
        "dynamodump": "| 0 | 1 |   Python   |",
        "nw-builder": "| 0 | 2 |   JavaScript   |",
        "puppet-dhcp": "| 0 | 2 |   Ruby   |",
        "puppet-razor": "| 0 | 2 |   Ruby   |",
        "puppet-zabbix": "| 0 | 1 |   Puppet   |",
        "homebrew-taps": "| 0 | 1 |   Ruby   |",
        "puppet-dns": "| 0 | 1 |   Ruby   |",
        "scalacheck-contrib": "| 0 | 1 |   Scala   |",
        "lerna": "| 0 | 2 |   JavaScript   |",
        "struts": "| 0 | 3 |   Java   |",
        "pyenv-doctor": "| 0 | 0 |   Shell   |",
        "pyenv-installer": "| 0 | 1 |   Shell   |",
        "pyenv-update": "| 0 | 0 |   Shell   |",
        "realmd": "| 0 | 3 |   Ruby   |",
        "jackson-1": "| 0 | 2 |   Java   |",
        "puppetlabs-vcsrepo": "| 0 | 2 |   Ruby   |",
        "puppet-pamldap": "| 0 | 2 |   Puppet   |",
        "puppet-module-autofs": "| 0 | 2 |   Ruby   |",
        "puppet-confd": "| 0 | 2 |   Puppet   |",
        "puppet-squid3": "| 0 | 2 |   HTML   |",
        "puppet-nginx": "| 0 | 1 |   Ruby   |",
        "puppet-supervisord": "| 0 | 4 |   Ruby   |",
        "fluent-plugin-statsd_event": "| 0 | 3 |   Ruby   |",
        "attachmentgenie-ssh": "| 0 | 2 |   Puppet   |",
        "puppet-fetchmail": "| 0 | 2 |   Ruby   |",
        "amazon-kinesis-scaling-utils": "| 0 | 2 |   Java   |",
        "java-saml": "| 0 | 1 |   Java   |",
        "puppet-module-hosts": "| 0 | 2 |   Ruby   |",
        "jbeard-nfs": "| 0 | 1 |   Puppet   |",
        "puppet-bash": "| 0 | 2 |   Ruby   |",
        "hiera": "| 0 | 2 |   Ruby   |",
        "passport-openid": "| 0 | 3 |   JavaScript   |",
        "konstantin-fluentd": "| 0 | 2 |   Ruby   |",
        "puppetlabs-puppetdb": "| 0 | 2 |   Puppet   |",
        "puppetmodule": "| 0 | 4 |   Ruby   |",
        "gotools": "| 0 | 1 |   Go   |",
        "SourceTree-Summit-2016-GitHub": "| 0 | 1 |   None   |",
        "svgo": "| 0 | 3 |   JavaScript   |",
        "oracle-11g": "| 0 | 1 |   Shell   |",
        "docker-dd-agent": "| 0 | 1 |   Shell   |",
        "japicmp": "| 0 | 2 |   Java   |",
        "puppet-redis": "| 0 | 4 |   Puppet   |",
        "go-datadog-api": "| 0 | 3 |   Go   |",
        "mustache": "| 0 | 3 |   Ruby   |",
        "bcrypt-ruby": "| 0 | 4 |   C   |",
        "redash-amazon-athena-proxy": "| 0 | 2 |   Java   |",
        "client-go": "| 0 | 0 |   Go   |",
        "sentry-puppet": "| 0 | 1 |   Ruby   |",
        "junit-quickcheck": "| 0 | 2 |   Java   |",
        "go-puppetdb": "| 0 | 2 |   Go   |",
        "puppet-osquery": "| 0 | 2 |   Puppet   |",
        "pyhtgen": "| 0 | 2 |   HTML   |",
        "garethr-docker": "| 0 | 1 |   Ruby   |",
        "asset_sync": "| 0 | 3 |   Ruby   |",
        "prettier": "| 0 | 1 |   JavaScript   |",
        "service-catalog": "| 0 | 1 |   Go   |",
        "vanagon": "| 0 | 2 |   Ruby   |",
        "community": "| 0 | 2 |   Go   |",
        "combined_time_select": "| 0 | 2 |   Ruby   |",
        "kube2iam": "| 0 | 2 |   Go   |",
        "transaction_isolation": "| 0 | 2 |   Ruby   |",
        "iam2secret": "| 0 | 2 |   None   |",
        "minitest-hooks": "| 0 | 2 |   Ruby   |",
        "cocoascript-class": "| 0 | 2 |   JavaScript   |",
        "node-oauth": "| 0 | 3 |   JavaScript   |",
        "heroku-buildpack-libsodium": "| 0 | 6 |   Shell   |",
        "servicebroker": "| 0 | 1 |   None   |",
        "go-client": "| 0 | 0 |   Go   |",
        "django-pylibmc": "| 0 | 2 |   Python   |",
        "django-waffle": "| 0 | 2 |   Python   |",
        "backbone.marionette": "| 0 | 2 |   JavaScript   |",
        "rules_k8s": "| 0 | 0 |   Python   |",
        "puppet-logrotate": "| 0 | 2 |   Ruby   |",
        "buildtools": "| 0 | 2 |   Go   |",
        "backbone-query-parameters": "| 0 | 4 |   JavaScript   |",
        "jquery-dragster": "| 0 | 2 |   JavaScript   |",
        "kiam": "| 0 | 1 |   Go   |",
        "bazel-gazelle": "| 0 | 1 |   Go   |",
        "containerregistry": "| 0 | 2 |   Python   |",
        "rules_docker": "| 0 | 2 |   Python   |",
        "swagger-core": "| 0 | 1 |   Java   |",
        "swagger-parser": "| 0 | 1 |   Java   |",
        "rules_go": "| 0 | 3 |   Python   |",
        "hazelcast-azure": "| 0 | 3 |   Java   |",
        "gomemcache": "| 0 | 1 |   Go   |",
        "rrd4j": "| 0 | 2 |   Java   |",
        "bazel-deps": "| 0 | 1 |   Scala   |",
        "Actions-Test": "| 0 | 0 |   None   |",
        "bazel": "| 0 | 0 |   Java   |",
        "go-open-service-broker-client": "| 0 | 2 |   Go   |",
        "json-e": "| 0 | 3 |   Go   |",
        "cluster-registry": "| 0 | 2 |   Go   |",
        "terraform-provider-mysql": "| 0 | 1 |   Go   |",
        "terraform-provider-rabbitmq": "| 0 | 2 |   Go   |",
        "mrm": "| 0 | 2 |   Java   |",
        "maven-dependency-tree": "| 0 | 1 |   Java   |",
        "maven-enforcer": "| 0 | 2 |   Java   |",
        "passport-atlassian-oauth2": "| 0 | 4 |   JavaScript   |",
        "dom4j": "| 0 | 4 |   Java   |",
        "react-immutable-proptypes": "| 0 | 2 |   JavaScript   |",
        "ldap-maven-plugin": "| 0 | 3 |   Java   |",
        "castle-java": "| 0 | 1 |   Java   |",
        "pygit2": "| 0 | 2 |   C   |",
        "quick-303": "| 0 | 4 |   Kotlin   |",
        "plugin-directory": "| 0 | 4 |   Ruby   |",
        "parcel": "| 0 | 1 |   None   |",
        "maven-wagon": "| 0 | 2 |   None   |",
        "figma-data-plugin": "| 0 | 0 |   None   |",
        "packit-cli": "| 0 | 4 |   JavaScript   |",
        "andi-test": "| 0 | 2 |   None   |",
        "nadel-graphql-gateway-demo": "| 0 | 3 |   HTML   |",
        "github-packages-test": "| 0 | 6 |   Kotlin   |",
        "jces-1209": "| 0 | 11 |   Kotlin   |",
        "moo": "| 0 | 2 |   None   |",
        "jira-cloud-measurable-rest-client": "| 0 | 2 |   None   |",
        "atlassian-connect-example-app-java": "| 0 | 1 |   Java   |"
    }
}