{
    "company": "Atom",
    "h-index": 71,
    "repo count": 255,
    "contributor count": 2497,
    "size": "todo",
    "employee count": "todo",
    "country": "San Francisco, CA",
    "top language": "JavaScript",
    "repos": {
        "atom": "| 59385 | 18345 |   JavaScript   |",
        "teletype": "| 2400 | 412 |   JavaScript   |",
        "vim-mode": "| 1722 | 263 |   CoffeeScript   |",
        "node-keytar": "| 1347 | 199 |   C++   |",
        "apm": "| 1263 | 321 |   CoffeeScript   |",
        "markdown-preview": "| 1237 | 367 |   JavaScript   |",
        "github": "| 1069 | 470 |   JavaScript   |",
        "autocomplete-plus": "| 965 | 305 |   JavaScript   |",
        "teletype-crdt": "| 739 | 99 |   JavaScript   |",
        "flight-manual.atom.io": "| 622 | 2010 |   SCSS   |",
        "tree-view": "| 570 | 408 |   CoffeeScript   |",
        "etch": "| 553 | 57 |   JavaScript   |",
        "highlights": "| 531 | 66 |   CoffeeScript   |",
        "one-dark-syntax": "| 421 | 249 |   CSS   |",
        "atom-languageclient": "| 389 | 90 |   TypeScript   |",
        "ide-typescript": "| 369 | 63 |   JavaScript   |",
        "fuzzaldrin": "| 317 | 30 |   CoffeeScript   |",
        "fuzzy-finder": "| 277 | 140 |   JavaScript   |",
        "settings-view": "| 273 | 333 |   CoffeeScript   |",
        "ide-php": "| 268 | 47 |   JavaScript   |",
        "node-spellchecker": "| 266 | 116 |   C++   |",
        "one-dark-ui": "| 264 | 201 |   CSS   |",
        "find-and-replace": "| 246 | 222 |   JavaScript   |",
        "ide-java": "| 226 | 63 |   JavaScript   |",
        "teletype-client": "| 212 | 74 |   JavaScript   |",
        "electron-link": "| 210 | 48 |   JavaScript   |",
        "spell-check": "| 206 | 133 |   JavaScript   |",
        "watcher": "| 202 | 36 |   C++   |",
        "snippets": "| 201 | 106 |   JavaScript   |",
        "language-javascript": "| 199 | 248 |   CoffeeScript   |",
        "language-python": "| 189 | 153 |   CoffeeScript   |",
        "sort-lines": "| 170 | 61 |   JavaScript   |",
        "git-utils": "| 166 | 68 |   JavaScript   |",
        "symbols-view": "| 166 | 125 |   JavaScript   |",
        "welcome": "| 160 | 142 |   JavaScript   |",
        "atom.io": "| 155 | 143 |   None   |",
        "superstring": "| 150 | 60 |   JavaScript   |",
        "text-buffer": "| 145 | 84 |   JavaScript   |",
        "bracket-matcher": "| 142 | 111 |   JavaScript   |",
        "metrics": "| 139 | 46 |   JavaScript   |",
        "language-php": "| 122 | 130 |   CoffeeScript   |",
        "node-oniguruma": "| 119 | 49 |   JavaScript   |",
        "command-palette": "| 119 | 56 |   JavaScript   |",
        "language-c": "| 118 | 160 |   CoffeeScript   |",
        "teletype-server": "| 116 | 68 |   JavaScript   |",
        "styleguide": "| 115 | 36 |   JavaScript   |",
        "language-html": "| 111 | 151 |   CoffeeScript   |",
        "language-go": "| 107 | 66 |   CoffeeScript   |",
        "fs-plus": "| 106 | 40 |   CoffeeScript   |",
        "tabs": "| 105 | 113 |   CoffeeScript   |",
        "atom-dark-ui": "| 105 | 419 |   CSS   |",
        "atom-keymap": "| 103 | 67 |   CoffeeScript   |",
        "git-diff": "| 102 | 41 |   JavaScript   |",
        "language-ruby": "| 102 | 155 |   Ruby   |",
        "eon": "| 102 | 8 |   None   |",
        "language-gfm": "| 101 | 114 |   CoffeeScript   |",
        "status-bar": "| 101 | 73 |   CoffeeScript   |",
        "event-kit": "| 97 | 39 |   JavaScript   |",
        "node-pathwatcher": "| 94 | 54 |   CoffeeScript   |",
        "whitespace": "| 94 | 66 |   JavaScript   |",
        "open-on-github": "| 94 | 69 |   JavaScript   |",
        "package-generator": "| 92 | 46 |   JavaScript   |",
        "first-mate": "| 90 | 56 |   JavaScript   |",
        "season": "| 85 | 18 |   CoffeeScript   |",
        "ci": "| 83 | 32 |   PowerShell   |",
        "language-todo": "| 81 | 67 |   CoffeeScript   |",
        "toggle-quotes": "| 76 | 36 |   JavaScript   |",
        "notifications": "| 76 | 43 |   CoffeeScript   |",
        "solarized-dark-syntax": "| 75 | 99 |   CSS   |",
        "autocomplete-emojis": "| 74 | 20 |   CoffeeScript   |",
        "one-light-ui": "| 74 | 63 |   CSS   |",
        "autocomplete-css": "| 68 | 76 |   CoffeeScript   |",
        "ascii-art": "| 66 | 35 |   JavaScript   |",
        "autosave": "| 65 | 34 |   JavaScript   |",
        "atom-ui": "| 65 | 19 |   CSS   |",
        "language-sass": "| 64 | 57 |   CoffeeScript   |",
        "atom-space-pen-views": "| 63 | 22 |   CoffeeScript   |",
        "language-java": "| 62 | 66 |   CoffeeScript   |",
        "language-csharp": "| 62 | 58 |   Python   |",
        "keyboard-layout": "| 61 | 51 |   C++   |",
        "one-light-syntax": "| 61 | 79 |   CSS   |",
        "atom-dark-syntax": "| 60 | 98 |   CSS   |",
        "underscore-plus": "| 60 | 17 |   CoffeeScript   |",
        "language-css": "| 60 | 85 |   CoffeeScript   |",
        "autocomplete-html": "| 60 | 86 |   JavaScript   |",
        "language-coffee-script": "| 58 | 63 |   CoffeeScript   |",
        "atomdoc": "| 58 | 27 |   JavaScript   |",
        "ide-csharp": "| 58 | 27 |   JavaScript   |",
        "theorist": "| 51 | 16 |   CoffeeScript   |",
        "language-clojure": "| 50 | 56 |   Clojure   |",
        "bookmarks": "| 48 | 36 |   JavaScript   |",
        "language-mustache": "| 47 | 31 |   CoffeeScript   |",
        "language-ruby-on-rails": "| 47 | 41 |   CoffeeScript   |",
        "autocomplete-snippets": "| 46 | 50 |   JavaScript   |",
        "template-syntax": "| 45 | 53 |   Less   |",
        "image-view": "| 44 | 45 |   JavaScript   |",
        "editor-stats": "| 44 | 12 |   CoffeeScript   |",
        "keybinding-resolver": "| 44 | 30 |   JavaScript   |",
        "base16-tomorrow-dark-theme": "| 42 | 64 |   CSS   |",
        "language-shellscript": "| 41 | 86 |   Shell   |",
        "wrap-guide": "| 40 | 29 |   CoffeeScript   |",
        "scandal": "| 40 | 35 |   CoffeeScript   |",
        "language-sql": "| 40 | 55 |   CoffeeScript   |",
        "pr-changelog": "| 40 | 15 |   JavaScript   |",
        "loophole": "| 39 | 13 |   CoffeeScript   |",
        "go-to-line": "| 38 | 24 |   JavaScript   |",
        "reactionary": "| 38 | 14 |   CoffeeScript   |",
        ".github": "| 38 | 132 |   None   |",
        "atom-light-ui": "| 37 | 140 |   CSS   |",
        "language-git": "| 37 | 27 |   CoffeeScript   |",
        "timecop": "| 36 | 17 |   JavaScript   |",
        "language-puppet": "| 36 | 31 |   CoffeeScript   |",
        "autoflow": "| 34 | 27 |   CoffeeScript   |",
        "line-ending-selector": "| 32 | 18 |   JavaScript   |",
        "atom-select-list": "| 32 | 36 |   JavaScript   |",
        "language-json": "| 31 | 60 |   CoffeeScript   |",
        "language-examples": "| 31 | 20 |   HTML   |",
        "node-nslog": "| 30 | 18 |   CoffeeScript   |",
        "archive-view": "| 30 | 40 |   JavaScript   |",
        "atom-nightly-releases": "| 29 | 30 |   None   |",
        "decoration-example": "| 28 | 34 |   CoffeeScript   |",
        "link": "| 27 | 24 |   JavaScript   |",
        "autocomplete-atom-api": "| 27 | 52 |   CoffeeScript   |",
        "dev-live-reload": "| 26 | 30 |   JavaScript   |",
        "language-perl": "| 24 | 31 |   CoffeeScript   |",
        "language-yaml": "| 24 | 45 |   CoffeeScript   |",
        "ide-json": "| 24 | 15 |   JavaScript   |",
        "language-less": "| 23 | 22 |   CoffeeScript   |",
        "fs-admin": "| 23 | 30 |   JavaScript   |",
        "legal-eagle": "| 22 | 23 |   CoffeeScript   |",
        "encoding-selector": "| 22 | 28 |   JavaScript   |",
        "spawn-as-admin": "| 22 | 22 |   C++   |",
        "language-typescript": "| 21 | 33 |   JavaScript   |",
        "node-ctags": "| 20 | 26 |   C   |",
        "language-xml": "| 20 | 70 |   CoffeeScript   |",
        "clear-cut": "| 19 | 11 |   CoffeeScript   |",
        "solarized-light-syntax": "| 19 | 51 |   CSS   |",
        "background-tips": "| 19 | 23 |   JavaScript   |",
        "about": "| 19 | 38 |   JavaScript   |",
        "update-package-dependencies": "| 18 | 19 |   JavaScript   |",
        "node-ls-archive": "| 17 | 20 |   CoffeeScript   |",
        "grammar-selector": "| 17 | 23 |   JavaScript   |",
        "space-pencil": "| 16 | 9 |   CoffeeScript   |",
        "dalek": "| 16 | 10 |   JavaScript   |",
        "mixto": "| 15 | 11 |   CoffeeScript   |",
        "language-make": "| 15 | 24 |   CoffeeScript   |",
        "language-objective-c": "| 15 | 21 |   CoffeeScript   |",
        "node-github-releases": "| 15 | 21 |   JavaScript   |",
        "property-accessors": "| 15 | 13 |   CoffeeScript   |",
        "scrollbar-style": "| 15 | 19 |   Objective-C++   |",
        "api": "| 15 | 10 |   None   |",
        "service-hub": "| 15 | 13 |   CoffeeScript   |",
        "language-toml": "| 14 | 18 |   CoffeeScript   |",
        "serializable": "| 14 | 13 |   CoffeeScript   |",
        "atom-package-downloader": "| 14 | 15 |   JavaScript   |",
        "grim": "| 13 | 14 |   CoffeeScript   |",
        "donna": "| 13 | 18 |   CoffeeScript   |",
        "dom-listener": "| 13 | 10 |   CoffeeScript   |",
        "atom-babel6-transpiler": "| 13 | 9 |   JavaScript   |",
        "television": "| 12 | 11 |   CoffeeScript   |",
        "deprecation-cop": "| 12 | 24 |   JavaScript   |",
        "chocolatey": "| 12 | 17 |   PowerShell   |",
        "design-decisions": "| 12 | 13 |   None   |",
        "ide-go": "| 12 | 10 |   JavaScript   |",
        "language-hyperlink": "| 11 | 26 |   CoffeeScript   |",
        "language-pegjs": "| 11 | 17 |   None   |",
        "language-text": "| 11 | 19 |   CoffeeScript   |",
        "delegato": "| 11 | 13 |   CoffeeScript   |",
        "base16-tomorrow-light-theme": "| 11 | 20 |   CSS   |",
        "exception-reporting": "| 10 | 19 |   JavaScript   |",
        "language-property-list": "| 10 | 15 |   None   |",
        "generator-atom-npm": "| 10 | 11 |   JavaScript   |",
        "nsfw": "| 10 | 12 |   C++   |",
        "active-editor-info": "| 10 | 13 |   JavaScript   |",
        "telemetry": "| 10 | 12 |   TypeScript   |",
        "node-plist": "| 9 | 6 |   JavaScript   |",
        "span-skip-list": "| 9 | 10 |   JavaScript   |",
        "atom-light-syntax": "| 9 | 41 |   CSS   |",
        "language-source": "| 9 | 14 |   None   |",
        "revert-buffer": "| 9 | 11 |   CoffeeScript   |",
        "roaster": "| 9 | 7 |   CoffeeScript   |",
        "slick": "| 9 | 7 |   JavaScript   |",
        "incompatible-packages": "| 9 | 14 |   JavaScript   |",
        "atom-text-editor-exercise": "| 9 | 11 |   CoffeeScript   |",
        "line-top-index": "| 9 | 9 |   JavaScript   |",
        "town-crier": "| 9 | 13 |   JavaScript   |",
        "fuzzy-native": "| 9 | 11 |   C++   |",
        "less-cache": "| 8 | 18 |   CoffeeScript   |",
        "react": "| 8 | 5 |   JavaScript   |",
        "key-path-helpers": "| 8 | 11 |   JavaScript   |",
        "coffee-cash": "| 8 | 14 |   CoffeeScript   |",
        "cached-run-in-this-context": "| 8 | 11 |   C++   |",
        "biohazard-alert": "| 8 | 6 |   TypeScript   |",
        "jasmine-waits-for-callback": "| 7 | 9 |   CoffeeScript   |",
        "jasmine-json": "| 7 | 8 |   CoffeeScript   |",
        "jsdiff": "| 7 | 8 |   JavaScript   |",
        "jasmine-focused": "| 6 | 12 |   CoffeeScript   |",
        "require-snapshot": "| 6 | 11 |   CoffeeScript   |",
        "task-lists-js": "| 6 | 6 |   HTML   |",
        "scoped-property-store": "| 6 | 11 |   CoffeeScript   |",
        "tello": "| 6 | 13 |   CoffeeScript   |",
        "text-transforms": "| 6 | 10 |   CoffeeScript   |",
        "atom-selector-linter": "| 6 | 11 |   CoffeeScript   |",
        "space-pen-example-templates": "| 6 | 9 |   None   |",
        "etch-list-view": "| 6 | 12 |   JavaScript   |",
        "atom-babel7-transpiler": "| 6 | 6 |   JavaScript   |",
        "deferred-require": "| 5 | 9 |   CoffeeScript   |",
        "elmer": "| 5 | 9 |   CoffeeScript   |",
        "gsoc-atom": "| 5 | 10 |   None   |",
        "ui": "| 5 | 8 |   None   |",
        "notebook": "| 5 | 11 |   CoffeeScript   |",
        "atom-ternjs": "| 5 | 6 |   JavaScript   |",
        "language-rust": "| 5 | 9 |   None   |",
        "whats-my-line": "| 5 | 10 |   TypeScript   |",
        "selector-kit": "| 4 | 9 |   CoffeeScript   |",
        "husk-sample": "| 4 | 8 |   CoffeeScript   |",
        "electron-child-process-test": "| 4 | 8 |   JavaScript   |",
        "avm": "| 4 | 9 |   TypeScript   |",
        "atom-theme": "| 4 | 5 |   CSS   |",
        "squeegpg": "| 4 | 12 |   TypeScript   |",
        "grunt-coffeelint": "| 3 | 7 |   JavaScript   |",
        "jasmine-tagged": "| 3 | 11 |   CoffeeScript   |",
        "cson-safe": "| 3 | 6 |   CoffeeScript   |",
        "line-length-index": "| 3 | 12 |   JavaScript   |",
        "joanna": "| 3 | 12 |   JavaScript   |",
        "tree-view-search-bar": "| 3 | 6 |   JavaScript   |",
        "atom-trello": "| 3 | 5 |   CoffeeScript   |",
        "atom-bugs": "| 3 | 7 |   JavaScript   |",
        "mistaken-pull-closer": "| 3 | 10 |   JavaScript   |",
        "squeegpg-native": "| 3 | 4 |   Shell   |",
        "atom-docker-ci": "| 3 | 7 |   PowerShell   |",
        "grunt-atomdoc": "| 2 | 9 |   CoffeeScript   |",
        "slackin": "| 2 | 7 |   JavaScript   |",
        "neon": "| 2 | 5 |   Rust   |",
        "node": "| 2 | 7 |   JavaScript   |",
        "project-ring": "| 2 | 5 |   CoffeeScript   |",
        "tree-view-finder": "| 2 | 5 |   CoffeeScript   |",
        "nuclide-debugger-test": "| 2 | 9 |   C++   |",
        "heroku-buildpack-multi": "| 2 | 4 |   Shell   |",
        "type_safe": "| 2 | 8 |   C++   |",
        "atom-mocha-test-runner": "| 2 | 5 |   JavaScript   |",
        "node-source-map-support": "| 2 | 6 |   JavaScript   |",
        "node-temp": "| 2 | 8 |   JavaScript   |",
        "dowsing-rod": "| 2 | 5 |   JavaScript   |",
        "ripgrep": "| 2 | 3 |   Rust   |",
        "neon-cli": "| 1 | 6 |   JavaScript   |",
        "editor-background": "| 1 | 6 |   CoffeeScript   |",
        "scroll-searcher": "| 1 | 6 |   CoffeeScript   |",
        "win-iconv": "| 1 | 4 |   C   |",
        "atom-theme-temp": "| 1 | 4 |   CSS   |",
        "jasmine-reporters": "| 1 | 5 |   JavaScript   |",
        "babel-plugin-chai-assert-async": "| 1 | 4 |   JavaScript   |",
        "node-tree-sitter": "| 1 | 4 |   C++   |",
        "tree-sitter": "| 1 | 4 |   Rust   |",
        "windows-installer-1": "| 0 | 5 |   JavaScript   |"
    }
}