{
    "company": "Autodesk",
    "h-index": 28,
    "repo count": 80,
    "contributor count": 840,
    "size": "todo",
    "employee count": "todo",
    "country": "San Francisco, CA",
    "top language": "JavaScript",
    "repos": {
        "react-base-table": "| 1412 | 151 |   JavaScript   |",
        "maya-usd": "| 620 | 175 |   Mathematica   |",
        "Aurora": "| 389 | 22 |   C++   |",
        "revit-ifc": "| 363 | 176 |   C#   |",
        "coroutineworker": "| 362 | 24 |   Kotlin   |",
        "standard-surface": "| 323 | 23 |   CSS   |",
        "continuous-threat-modeling": "| 259 | 62 |   None   |",
        "arnold-usd": "| 202 | 50 |   Python   |",
        "animx": "| 194 | 29 |   C++   |",
        "hubble": "| 162 | 49 |   Python   |",
        "hig": "| 160 | 115 |   JavaScript   |",
        "molecular-design-toolkit": "| 153 | 33 |   Python   |",
        "synthesis": "| 130 | 48 |   C#   |",
        "quack": "| 114 | 15 |   Python   |",
        "LiveLink": "| 82 | 19 |   C++   |",
        "civilconnection": "| 78 | 42 |   C#   |",
        "notebook-molecular-visualization": "| 63 | 20 |   Python   |",
        "molecule-3d-for-react": "| 56 | 23 |   JavaScript   |",
        "3DViewerComponent": "| 45 | 13 |   JavaScript   |",
        "enterprise-config-for-git": "| 41 | 12 |   Shell   |",
        "ADAppRater-iOS": "| 39 | 13 |   Objective-C   |",
        "revit-stl-extension": "| 35 | 14 |   C#   |",
        "bionano-wetLabAccelerator": "| 33 | 11 |   JavaScript   |",
        "aomi": "| 33 | 12 |   Python   |",
        "sitoa": "| 33 | 15 |   Python   |",
        "sydevs": "| 32 | 13 |   C++   |",
        "AutomaticComponentToolkit": "| 31 | 18 |   Go   |",
        "bifrost-usd": "| 30 | 7 |   C++   |",
        "machine-collaboration-utility": "| 26 | 20 |   JavaScript   |",
        "PowerShapeAndPowerMillAPI": "| 26 | 32 |   C#   |",
        "Neon": "| 24 | 5 |   C++   |",
        "theo-loader": "| 23 | 9 |   JavaScript   |",
        "vault-admin-tools": "| 23 | 10 |   C#   |",
        "orion-ui": "| 22 | 5 |   JavaScript   |",
        "goatnative-inject": "| 21 | 10 |   C++   |",
        "go-awsecs": "| 21 | 3 |   Go   |",
        "clearx": "| 21 | 2 |   None   |",
        "molecule-2d-for-react": "| 20 | 10 |   ApacheConf   |",
        "flame-family": "| 19 | 9 |   Python   |",
        "cloud-compute-cannon": "| 18 | 9 |   Haxe   |",
        "AutodeskMachineControlFramework": "| 17 | 21 |   C++   |",
        "genetic-constructor-ce": "| 16 | 24 |   JavaScript   |",
        "RolloutManager-iOS": "| 16 | 1 |   Objective-C   |",
        "molecular-simulation-tools": "| 15 | 9 |   JavaScript   |",
        "ADNetPromoterScoreSurvey-iOS": "| 15 | 11 |   Swift   |",
        "shore": "| 15 | 1 |   Go   |",
        "autodesk.github.io": "| 14 | 6 |   HTML   |",
        "nanodesign": "| 14 | 10 |   Python   |",
        "watchdog4git": "| 14 | 6 |   Go   |",
        "pgbelt": "| 14 | 0 |   Python   |",
        "pyccc": "| 13 | 3 |   Python   |",
        "powermill-api-examples": "| 13 | 15 |   C#   |",
        "composr": "| 12 | 3 |   JavaScript   |",
        "biomolecular-design-database": "| 12 | 5 |   JavaScript   |",
        "sculpt-vr": "| 10 | 4 |   JavaScript   |",
        "forge-cli": "| 8 | 1 |   JavaScript   |",
        "jira-ldap-group-sync-plugin": "| 8 | 5 |   Java   |",
        "cam-posteditor": "| 7 | 4 |   HTML   |",
        "NetfabbApplicationServer": "| 7 | 3 |   Go   |",
        "three.js": "| 6 | 2 |   JavaScript   |",
        "jenkinsci-benchmark-plugin": "| 6 | 12 |   Java   |",
        "ADAppRater-UWP": "| 5 | 2 |   C#   |",
        "IGA-saveload": "| 5 | 3 |   C++   |",
        "XLB": "| 4 | 3 |   Python   |",
        "sjson": "| 3 | 5 |   JavaScript   |",
        "cryptorito": "| 3 | 3 |   Python   |",
        "data-unit-test": "| 3 | 1 |   Java   |",
        "jira-action-reminders-plugin": "| 3 | 3 |   Java   |",
        "motion-controller-emulator": "| 2 | 5 |   JavaScript   |",
        "java-client": "| 1 | 3 |   Java   |",
        "viriondb": "| 1 | 1 |   JavaScript   |",
        "featurecam-api-examples": "| 1 | 4 |   C#   |",
        "powerinspect-api-examples": "| 1 | 3 |   C#   |",
        "rollup-plugin-app-utils": "| 1 | 1 |   None   |",
        "maya-atom-import-export": "| 0 | 0 |   None   |",
        "propriecle": "| 0 | 1 |   Python   |",
        "gudrun_travis": "| 0 | 0 |   None   |",
        "hig-seed": "| 0 | 0 |   None   |",
        "CLA-Assistant-Action-Test": "| 0 | 0 |   None   |",
        "samltoawsstskeys": "| 0 | 0 |   None   |"
    }
}