{
    "company": "AvePoint, Inc",
    "h-index": 3,
    "repo count": 10,
    "contributor count": 447,
    "size": "todo",
    "employee count": "todo",
    "country": "Jersey City, New Jersey, USA",
    "top language": "C#",
    "repos": {
        "cloud-governance-client": "| 8 | 8 |   C#   |",
        "cloud-governance-samples": "| 7 | 10 |   C#   |",
        "FLY-Migration": "| 5 | 16 |   PowerShell   |",
        "CitizenServices": "| 3 | 5 |   C#   |",
        "cloud-grouphub-samples": "| 2 | 2 |   C#   |",
        "fly-client": "| 1 | 1 |   None   |",
        "AMP-Migration": "| 0 | 1 |   PowerShell   |",
        "PowerPlatformConnectors": "| 0 | 0 |   C#   |",
        "elements-samples": "| 0 | 0 |   C#   |",
        "insights-sdk-samples": "| 0 | 1 |   None   |"
    }
}