{
    "company": "Amazon Web Services",
    "h-index": 138,
    "repo count": 400,
    "contributor count": 7876,
    "size": "todo",
    "employee count": "todo",
    "country": "Seattle, WA",
    "top language": "Python",
    "repos": {
        "aws-cli": "| 13746 | 3687 |   Python   |",
        "aws-cdk": "| 10187 | 3235 |   TypeScript   |",
        "chalice": "| 9718 | 1000 |   Python   |",
        "serverless-application-model": "| 9013 | 2328 |   Python   |",
        "amazon-sagemaker-examples": "| 8327 | 6151 |   Jupyter Notebook   |",
        "aws-sdk-go": "| 8288 | 2054 |   Go   |",
        "aws-sdk-js": "| 7389 | 1597 |   JavaScript   |",
        "aws-sam-cli": "| 6304 | 1131 |   Python   |",
        "aws-sdk-php": "| 5827 | 1178 |   PHP   |",
        "containers-roadmap": "| 4922 | 306 |   Shell   |",
        "karpenter": "| 4283 | 548 |   Go   |",
        "s2n-tls": "| 4275 | 691 |   C   |",
        "aws-sdk-java": "| 3948 | 2832 |   None   |",
        "aws-sdk-ruby": "| 3444 | 1236 |   Ruby   |",
        "aws-sdk-pandas": "| 3436 | 610 |   Python   |",
        "aws-lambda-go": "| 3304 | 527 |   Go   |",
        "copilot-cli": "| 2866 | 343 |   Go   |",
        "amazon-freertos": "| 2528 | 1117 |   C   |",
        "aws-sdk-js-v3": "| 2359 | 464 |   TypeScript   |",
        "jsii": "| 2300 | 213 |   TypeScript   |",
        "amazon-vpc-cni-k8s": "| 2042 | 676 |   Go   |",
        "amazon-ecs-agent": "| 1981 | 584 |   Go   |",
        "aws-sdk-go-v2": "| 1975 | 522 |   Go   |",
        "lumberyard": "| 1951 | 542 |   C++   |",
        "aws-sdk-net": "| 1915 | 852 |   None   |",
        "sagemaker-python-sdk": "| 1832 | 974 |   Python   |",
        "eks-anywhere": "| 1766 | 216 |   Go   |",
        "aws-sdk-java-v2": "| 1758 | 700 |   Java   |",
        "amazon-ecs-cli": "| 1697 | 305 |   Go   |",
        "aws-sdk-cpp": "| 1661 | 979 |   None   |",
        "aws-sdk-php-laravel": "| 1564 | 254 |   PHP   |",
        "aws-eks-best-practices": "| 1467 | 351 |   Python   |",
        "aws-node-termination-handler": "| 1413 | 238 |   Go   |",
        "aws-lambda-dotnet": "| 1394 | 453 |   C#   |",
        "aws-fpga": "| 1361 | 509 |   VHDL   |",
        "eks-distro": "| 1244 | 153 |   Shell   |",
        "aws-toolkit-vscode": "| 1105 | 190 |   TypeScript   |",
        "opsworks-cookbooks": "| 1062 | 1259 |   Ruby   |",
        "aws-codebuild-docker-images": "| 1002 | 926 |   Dockerfile   |",
        "eks-charts": "| 1002 | 699 |   Mustache   |",
        "aws-iot-device-sdk-js": "| 951 | 394 |   JavaScript   |",
        "amazon-ssm-agent": "| 948 | 318 |   Go   |",
        "aws-iot-device-sdk-embedded-C": "| 885 | 619 |   C   |",
        "s2n-quic": "| 875 | 80 |   Rust   |",
        "aws-health-tools": "| 874 | 235 |   Python   |",
        "aws-app-mesh-examples": "| 819 | 390 |   Shell   |",
        "aws-parallelcluster": "| 755 | 300 |   Python   |",
        "deep-learning-containers": "| 691 | 379 |   Python   |",
        "aws-graviton-getting-started": "| 663 | 151 |   Python   |",
        "aws-toolkit-jetbrains": "| 662 | 147 |   Kotlin   |",
        "aws-iot-device-sdk-python": "| 659 | 416 |   Python   |",
        "aws-lambda-runtime-interface-emulator": "| 659 | 69 |   Go   |",
        "amazon-chime-sdk-js": "| 641 | 453 |   TypeScript   |",
        "amazon-ec2-instance-selector": "| 611 | 83 |   Go   |",
        "graph-notebook": "| 542 | 128 |   Jupyter Notebook   |",
        "aws-sdk-rails": "| 540 | 53 |   Ruby   |",
        "amazon-eks-pod-identity-webhook": "| 517 | 154 |   Go   |",
        "aws-appsync-community": "| 488 | 30 |   HTML   |",
        "aws-lambda-java-libs": "| 473 | 214 |   C++   |",
        "aws-lambda-base-images": "| 471 | 84 |   None   |",
        "dotnet": "| 469 | 80 |   None   |",
        "aws-cdk-rfcs": "| 467 | 77 |   JavaScript   |",
        "aws-mwaa-local-runner": "| 451 | 489 |   Shell   |",
        "aws-elastic-beanstalk-cli-setup": "| 441 | 211 |   Python   |",
        "event-ruler": "| 434 | 42 |   Java   |",
        "studio-lab-examples": "| 389 | 113 |   Jupyter Notebook   |",
        "sagemaker-training-toolkit": "| 380 | 102 |   Python   |",
        "aws-for-fluent-bit": "| 360 | 113 |   Shell   |",
        "amazon-braket-examples": "| 353 | 179 |   Python   |",
        "aws-sam-cli-app-templates": "| 352 | 237 |   Python   |",
        "aws-extensions-for-dotnet-cli": "| 340 | 86 |   C#   |",
        "aws-app-mesh-roadmap": "| 339 | 25 |   None   |",
        "aws-sdk-php-symfony": "| 338 | 92 |   PHP   |",
        "amazon-cloudwatch-agent": "| 337 | 140 |   Go   |",
        "secrets-store-csi-driver-provider-aws": "| 328 | 95 |   Go   |",
        "constructs": "| 318 | 35 |   TypeScript   |",
        "aws-iot-device-sdk-python-v2": "| 313 | 183 |   Python   |",
        "aws-codedeploy-agent": "| 308 | 194 |   Ruby   |",
        "aws-sdk-ruby-record": "| 306 | 45 |   Ruby   |",
        "aws-ops-wheel": "| 306 | 68 |   JavaScript   |",
        "aws-xray-sdk-python": "| 304 | 134 |   Python   |",
        "aws-lambda-builders": "| 302 | 132 |   Python   |",
        "sagemaker-inference-toolkit": "| 281 | 76 |   Python   |",
        "sagemaker-spark": "| 275 | 125 |   Scala   |",
        "aws-toolkit-eclipse": "| 273 | 189 |   Java   |",
        "elastic-beanstalk-roadmap": "| 271 | 9 |   None   |",
        "aws-logging-dotnet": "| 269 | 137 |   C#   |",
        "aws-xray-sdk-go": "| 263 | 117 |   Go   |",
        "apprunner-roadmap": "| 261 | 11 |   None   |",
        "elastic-load-balancing-tools": "| 259 | 104 |   Java   |",
        "sagemaker-tensorflow-training-toolkit": "| 258 | 161 |   Python   |",
        "aws-step-functions-data-science-sdk-python": "| 251 | 80 |   Python   |",
        "amazon-ivs-react-native-player": "| 245 | 27 |   TypeScript   |",
        "aws-xray-sdk-node": "| 244 | 143 |   JavaScript   |",
        "Trusted-Advisor-Tools": "| 239 | 121 |   Python   |",
        "amazon-chime-sdk-component-library-react": "| 232 | 153 |   TypeScript   |",
        "http-desync-guardian": "| 232 | 19 |   Rust   |",
        "efs-utils": "| 230 | 153 |   Python   |",
        "amazon-braket-sdk-python": "| 229 | 88 |   Python   |",
        "mit-0": "| 228 | 15 |   None   |",
        "amazon-ec2-metadata-mock": "| 223 | 40 |   Go   |",
        "git-remote-codecommit": "| 221 | 38 |   Python   |",
        "aws-toolkit-azure-devops": "| 215 | 97 |   TypeScript   |",
        "awsui-documentation": "| 213 | 27 |   TypeScript   |",
        "aws-tools-for-powershell": "| 211 | 75 |   C#   |",
        "aws-lambda-python-runtime-interface-client": "| 211 | 53 |   Python   |",
        "aws-iot-device-sdk-java": "| 202 | 176 |   Java   |",
        "aws-encryption-sdk-python": "| 201 | 88 |   Python   |",
        "aws-encryption-sdk-java": "| 200 | 123 |   Java   |",
        "pg_tle": "| 200 | 21 |   C   |",
        "aws-php-sns-message-validator": "| 197 | 50 |   PHP   |",
        "aws-northstar": "| 197 | 39 |   TypeScript   |",
        "session-manager-plugin": "| 196 | 49 |   Go   |",
        "aws-proton-public-roadmap": "| 194 | 11 |   None   |",
        "aws-encryption-sdk-javascript": "| 192 | 64 |   TypeScript   |",
        "amazon-ecs-init": "| 189 | 130 |   Go   |",
        "aws-xray-daemon": "| 182 | 65 |   Go   |",
        "amazon-redshift-python-driver": "| 181 | 58 |   Python   |",
        "sagemaker-containers": "| 179 | 92 |   Python   |",
        "aws-aspnet-cognito-identity-provider": "| 178 | 82 |   C#   |",
        "aws-app-mesh-controller-for-k8s": "| 176 | 102 |   Go   |",
        "random-cut-forest-by-aws": "| 174 | 34 |   Java   |",
        "graph-explorer": "| 173 | 23 |   TypeScript   |",
        "aws-iot-device-sdk-js-v2": "| 170 | 96 |   TypeScript   |",
        "sagemaker-pytorch-training-toolkit": "| 169 | 87 |   Python   |",
        "amazon-ecs-logs-collector": "| 168 | 75 |   Shell   |",
        "sagemaker-tensorflow-serving-container": "| 167 | 105 |   Python   |",
        "aws-iot-device-sdk-arduino-yun": "| 162 | 86 |   Python   |",
        "aws-dotnet-extensions-configuration": "| 156 | 55 |   C#   |",
        "clock-bound": "| 155 | 14 |   Rust   |",
        "amazon-cloudwatch-logs-for-fluent-bit": "| 151 | 42 |   Go   |",
        "amazon-sagemaker-operator-for-k8s": "| 146 | 52 |   Go   |",
        "aws-k8s-tester": "| 145 | 74 |   Go   |",
        "amazon-s3-plugin-for-pytorch": "| 145 | 19 |   Python   |",
        "aws-ec2-instance-connect-cli": "| 143 | 44 |   Python   |",
        "aws-cdk-go": "| 143 | 15 |   Go   |",
        "aws-lambda-nodejs-runtime-interface-client": "| 140 | 50 |   TypeScript   |",
        "aws-elastic-beanstalk-cli": "| 138 | 64 |   Python   |",
        "porting-assistant-dotnet-client": "| 136 | 31 |   C#   |",
        "aws-dynamodb-encryption-java": "| 133 | 79 |   Java   |",
        "amazon-genomics-cli": "| 133 | 68 |   Go   |",
        "aws-secretsmanager-jdbc": "| 132 | 73 |   Java   |",
        "aws-iot-device-sdk-cpp-v2": "| 132 | 89 |   C++   |",
        "sagemaker-scikit-learn-container": "| 130 | 96 |   Python   |",
        "amazon-chime-sdk-ios": "| 128 | 50 |   Swift   |",
        "ec2-macos-init": "| 127 | 17 |   Go   |",
        "aws-lc": "| 124 | 63 |   C++   |",
        "amazon-ecs-ami": "| 120 | 30 |   Shell   |",
        "aws-dotnet-deploy": "| 113 | 21 |   C#   |",
        "aws-iot-device-sdk-cpp": "| 111 | 113 |   C++   |",
        "iot-atlas": "| 108 | 53 |   CSS   |",
        "sagemaker-experiments": "| 108 | 34 |   Python   |",
        "smithy-go": "| 108 | 45 |   Java   |",
        "aws-prototyping-sdk": "| 106 | 34 |   TypeScript   |",
        "aws-secretsmanager-caching-python": "| 105 | 29 |   Python   |",
        "sagemaker-huggingface-inference-toolkit": "| 102 | 39 |   Python   |",
        "aws-sdk-php-zf2": "| 101 | 70 |   PHP   |",
        "aws-xray-sdk-dotnet": "| 100 | 66 |   C#   |",
        "sagemaker-xgboost-container": "| 99 | 64 |   Python   |",
        "homebrew-tap": "| 96 | 85 |   Ruby   |",
        "sagemaker-pytorch-inference-toolkit": "| 96 | 67 |   Python   |",
        "aws-nitro-enclaves-cli": "| 95 | 66 |   Rust   |",
        "amazon-chime-sdk-android": "| 94 | 49 |   Kotlin   |",
        "ec2-spot-instances-integrations-roadmap": "| 93 | 7 |   None   |",
        "aws-parallelcluster-cookbook": "| 92 | 95 |   Ruby   |",
        "amazon-kinesis-video-streams-parser-library": "| 91 | 53 |   Java   |",
        "aws-rfdk": "| 90 | 33 |   TypeScript   |",
        "aws-dynamodb-encryption-python": "| 89 | 55 |   Python   |",
        "aws-msk-iam-auth": "| 89 | 47 |   Java   |",
        "amazon-ecs-cni-plugins": "| 88 | 32 |   Go   |",
        "aws-sdk-net-extensions-cognito": "| 87 | 52 |   C#   |",
        "aws-xray-sdk-java": "| 86 | 91 |   Java   |",
        "porting-advisor-for-graviton": "| 83 | 12 |   Python   |",
        "aws-sdk-php-silex": "| 81 | 28 |   PHP   |",
        "aws-auto-scaling-custom-resource": "| 81 | 25 |   Python   |",
        "aws-iot-device-sdk-java-v2": "| 81 | 75 |   Java   |",
        "aws-sdk-mobile-analytics-js": "| 80 | 37 |   JavaScript   |",
        "aws-toolkit-visual-studio": "| 79 | 18 |   None   |",
        "aws-cloudtrail-processing-library": "| 78 | 40 |   Java   |",
        "aws-cloud-map-mcs-controller-for-k8s": "| 74 | 25 |   Go   |",
        "aws-encryption-sdk-cli": "| 73 | 41 |   Python   |",
        "aws-nitro-enclaves-sdk-c": "| 73 | 65 |   C   |",
        "thinkbox-krakatoa": "| 73 | 11 |   C++   |",
        "aws-ec2-instance-connect-config": "| 70 | 33 |   Shell   |",
        "aws-ofi-nccl": "| 70 | 39 |   C   |",
        "sagemaker-rl-container": "| 70 | 45 |   Python   |",
        "connect-rtc-js": "| 68 | 65 |   JavaScript   |",
        "amazon-kinesis-firehose-for-fluent-bit": "| 68 | 28 |   Go   |",
        "aws-sessionstore-dynamodb-ruby": "| 67 | 40 |   Ruby   |",
        "aws-application-networking-k8s": "| 67 | 16 |   Go   |",
        "rolesanywhere-credential-helper": "| 66 | 14 |   Go   |",
        "amazon-ec2-spot-interrupter": "| 65 | 10 |   Go   |",
        "aws-js-sns-message-validator": "| 64 | 43 |   JavaScript   |",
        "amazon-gamelift-plugin-unity": "| 63 | 10 |   C#   |",
        "aws-swf-flow-library": "| 61 | 60 |   Java   |",
        "aws-secretsmanager-caching-go": "| 61 | 21 |   Go   |",
        "aws-gamekit-unreal": "| 61 | 17 |   Python   |",
        "sagemaker-mxnet-training-toolkit": "| 60 | 54 |   Python   |",
        "aws-sdk": "| 60 | 12 |   None   |",
        "porting-assistant-dotnet-ui": "| 60 | 16 |   TypeScript   |",
        "aws-secretsmanager-caching-java": "| 59 | 36 |   Java   |",
        "eks-distro-build-tooling": "| 59 | 49 |   Go   |",
        "aws-eb-python-dockerfiles": "| 58 | 38 |   Shell   |",
        "amazon-sagemaker-clarify": "| 58 | 34 |   Python   |",
        "amazon-vpc-resource-controller-k8s": "| 58 | 38 |   Go   |",
        "aws-greengrass-core-sdk-python": "| 57 | 42 |   Python   |",
        "amazon-kinesis-streams-for-fluent-bit": "| 57 | 32 |   Go   |",
        "credentials-fetcher": "| 57 | 9 |   C++   |",
        "karpenter-core": "| 57 | 42 |   Go   |",
        "aws-lambda-ruby-runtime-interface-client": "| 56 | 27 |   Ruby   |",
        "aws-xray-sdk-ruby": "| 55 | 55 |   Ruby   |",
        "aws-emr-best-practices": "| 55 | 14 |   Shell   |",
        "aws-parallelcluster-node": "| 54 | 87 |   Python   |",
        "amazon-vpc-cni-plugins": "| 54 | 46 |   Go   |",
        "homebrew-aws": "| 54 | 16 |   Ruby   |",
        "codelyzer": "| 54 | 16 |   C#   |",
        "porting-assistant-dotnet-datastore": "| 53 | 14 |   C#   |",
        "aws-nitro-enclaves-acm": "| 53 | 25 |   Rust   |",
        "aws-encryption-sdk-c": "| 52 | 58 |   C   |",
        "aws-connected-device-framework": "| 51 | 30 |   TypeScript   |",
        "sagemaker-tensorflow-extensions": "| 49 | 38 |   C++   |",
        "aws-ssm-data-protection-provider-for-aspnet": "| 48 | 24 |   C#   |",
        "aws-cdi-sdk": "| 48 | 19 |   C   |",
        "aws-sdk-js-crypto-helpers": "| 46 | 31 |   TypeScript   |",
        "aws-secretsmanager-caching-net": "| 46 | 24 |   C#   |",
        "amazon-redshift-jdbc-driver": "| 46 | 19 |   Java   |",
        "amazon-freertos-ble-android-sdk": "| 45 | 40 |   Java   |",
        "sagemaker-sparkml-serving-container": "| 45 | 26 |   Java   |",
        "thinkbox-krakatoa-my": "| 45 | 2 |   C++   |",
        "aws-nitro-enclaves-nsm-api": "| 43 | 37 |   Rust   |",
        "zone-aware-controllers-for-k8s": "| 43 | 1 |   Go   |",
        "base64io-python": "| 42 | 27 |   Python   |",
        "aws-dax-go": "| 41 | 45 |   Go   |",
        "amazon-braket-default-simulator-python": "| 41 | 14 |   Python   |",
        "amazon-ecs-shim-loggers-for-containerd": "| 40 | 23 |   Go   |",
        "ota-for-aws-iot-embedded-sdk": "| 40 | 56 |   C   |",
        "aws-emr-containers-best-practices": "| 40 | 22 |   Python   |",
        "aws-lambda-snapstart-java-rules": "| 40 | 7 |   Java   |",
        "amazon-braket-schemas-python": "| 39 | 23 |   Python   |",
        "amazon-freertos-ble-ios-sdk": "| 38 | 34 |   Swift   |",
        "amazon-managed-grafana-roadmap": "| 38 | 3 |   None   |",
        "sagemaker-scikit-learn-extension": "| 36 | 33 |   Python   |",
        "aws-xray-java-agent": "| 36 | 17 |   Java   |",
        "ec2-hibernate-linux-agent": "| 35 | 18 |   Python   |",
        "aws-nitro-enclaves-samples": "| 35 | 26 |   Python   |",
        "eks-anywhere-build-tooling": "| 35 | 72 |   Makefile   |",
        "amazon-eks-connector": "| 35 | 11 |   Go   |",
        "aws-iot-fleetwise-edge": "| 35 | 23 |   C++   |",
        "amazon-braket-pennylane-plugin-python": "| 33 | 27 |   Python   |",
        "ec2-image-builder-roadmap": "| 33 | 6 |   None   |",
        "amazon-managed-service-for-prometheus-roadmap": "| 33 | 2 |   None   |",
        "aws-eb-glassfish-dockerfiles": "| 32 | 36 |   Dockerfile   |",
        "aws-dotnet-session-provider": "| 32 | 24 |   C#   |",
        "cta": "| 32 | 13 |   C#   |",
        "aws-sam-cli-pipeline-init-templates": "| 32 | 38 |   Shell   |",
        "aws-sam-build-images": "| 30 | 33 |   Python   |",
        "eks-news": "| 30 | 4 |   HTML   |",
        "amazon-states-language-service": "| 28 | 26 |   TypeScript   |",
        "sagemaker-spark-container": "| 28 | 63 |   Python   |",
        "sagemaker-mxnet-inference-toolkit": "| 27 | 30 |   Python   |",
        "crypto-tools": "| 27 | 11 |   Python   |",
        "amazon-neptune-csv-to-rdf-converter": "| 27 | 12 |   Java   |",
        "aws-gamekit-unity": "| 27 | 3 |   Python   |",
        "libfabric": "| 26 | 14 |   C   |",
        "aws-glue-databrew-jupyter-extension": "| 25 | 17 |   TypeScript   |",
        "amazon-neptune-gremlin-java-sigv4": "| 24 | 16 |   Java   |",
        "aws-greengrass-core-sdk-c": "| 24 | 11 |   C   |",
        "aws-encryption-sdk-dafny": "| 24 | 16 |   C#   |",
        "dcv-color-primitives": "| 24 | 17 |   Rust   |",
        "thinkbox-xmesh-my": "| 24 | 3 |   C++   |",
        "c3r": "| 24 | 4 |   Java   |",
        "porting-assistant-dotnet-visual-studio-ide-extension": "| 23 | 7 |   C#   |",
        "universal-test-runner": "| 23 | 4 |   TypeScript   |",
        "aws-gamekit": "| 21 | 8 |   C++   |",
        "aws-xray-dotnet-agent": "| 20 | 13 |   C#   |",
        "eks-anywhere-packages": "| 20 | 18 |   Go   |",
        "Device-Shadow-for-AWS-IoT-embedded-sdk": "| 19 | 37 |   C   |",
        "eks-distro-prow-jobs": "| 19 | 30 |   Go   |",
        "eks-anywhere-prow-jobs": "| 19 | 34 |   Go   |",
        "actions-dev-kit": "| 19 | 1 |   HTML   |",
        "aws-refcocog-adv": "| 18 | 5 |   Jupyter Notebook   |",
        "audit-plugin-for-mysql": "| 18 | 13 |   C++   |",
        "sagemaker-chainer-container": "| 17 | 25 |   Python   |",
        "aws-greengrass-core-sdk-js": "| 17 | 17 |   JavaScript   |",
        "aws-jupyter-proxy": "| 17 | 14 |   Python   |",
        "amazon-braket-ocean-plugin-python": "| 17 | 8 |   Python   |",
        "jsii-runtime-go": "| 17 | 5 |   JavaScript   |",
        "amazon-neptune-jdbc-driver": "| 17 | 11 |   Java   |",
        "iot-expresslink": "| 17 | 9 |   Python   |",
        "postgresql-logfdw": "| 17 | 4 |   C   |",
        "amazon-neptune-sparql-java-sigv4": "| 16 | 15 |   Java   |",
        "amazon-elastic-inference-tools": "| 16 | 15 |   Python   |",
        "aws-codeguru-cli": "| 16 | 8 |   Java   |",
        "thinkbox-node-view": "| 16 | 4 |   C++   |",
        "thinkbox-xmesh": "| 16 | 5 |   C++   |",
        "aws-parallelcluster-ui": "| 16 | 5 |   TypeScript   |",
        "amazon-ecs-cluster-state-service": "| 15 | 17 |   Go   |",
        "ec2-hibernate-windows-agent": "| 15 | 9 |   PowerShell   |",
        "amazon-finspace-examples": "| 15 | 27 |   Jupyter Notebook   |",
        "aws-sdk-java-archetype": "| 14 | 21 |   Java   |",
        "aws-dotnet-trace-listener": "| 14 | 19 |   C#   |",
        "lightsailctl": "| 14 | 3 |   Go   |",
        "aws-nitro-enclaves-with-k8s": "| 14 | 3 |   Shell   |",
        "amazon-neptune-sigv4-signer": "| 13 | 10 |   Java   |",
        "amazon-s3-encryption-client-dotnet": "| 13 | 10 |   C#   |",
        "sagemaker-jumpstart-industry-pack": "| 13 | 11 |   Python   |",
        "amazon-redshift-odbc-driver": "| 13 | 2 |   C++   |",
        "aws-kms-xksproxy-api-spec": "| 13 | 3 |   None   |",
        "sagemaker-distribution": "| 13 | 0 |   Python   |",
        "aws-kinesisanalytics-flink-connectors": "| 12 | 13 |   Java   |",
        "aws-toolkit-common": "| 12 | 23 |   C#   |",
        "amazon-ecs-service-connect-agent": "| 12 | 6 |   Go   |",
        "aws-nitro-enclaves-k8s-device-plugin": "| 12 | 0 |   Go   |",
        "thinkbox-library": "| 12 | 4 |   C++   |",
        "aws-swf-build-tools": "| 11 | 26 |   Java   |",
        "amazon-ec2-hibinit-agent": "| 11 | 17 |   Shell   |",
        "ec2-macos-system-monitor": "| 11 | 7 |   Go   |",
        "amazon-documentdb-jdbc-driver": "| 11 | 14 |   Java   |",
        "aws-sdk-unity-net": "| 10 | 11 |   C#   |",
        "aws-sigv4-auth-cassandra-java-driver-plugin": "| 10 | 15 |   Java   |",
        "Device-Defender-for-AWS-IoT-embedded-sdk": "| 10 | 30 |   C   |",
        "Jobs-for-AWS-IoT-embedded-sdk": "| 10 | 28 |   C   |",
        "amazon-codeguru-profiler-python-agent": "| 10 | 12 |   Python   |",
        "constructs-go": "| 10 | 5 |   Go   |",
        "jsii-compiler": "| 10 | 6 |   TypeScript   |",
        "amazon-cognito-dotnet": "| 9 | 12 |   C#   |",
        "aws-sdk-php-v3-bridge": "| 9 | 19 |   PHP   |",
        "sagemaker-example-notebooks-testing": "| 9 | 16 |   Python   |",
        "aws-nitro-enclaves-sdk-bootstrap": "| 9 | 14 |   C   |",
        "aws-sagemaker-edge-quick-device-setup": "| 9 | 6 |   Go   |",
        "amazon-chime-sdk-cpp": "| 9 | 0 |   C++   |",
        "thinkbox-magma": "| 9 | 3 |   C++   |",
        "dotnet-foss": "| 9 | 0 |   None   |",
        "aws-sigv4-auth-cassandra-gocql-driver-plugin": "| 8 | 7 |   Go   |",
        "aws-panorama-cli": "| 8 | 7 |   Python   |",
        "Fleet-Provisioning-for-AWS-IoT-embedded-sdk": "| 8 | 14 |   C   |",
        "amazon-cloudwatch-agent-test": "| 8 | 16 |   Go   |",
        "aws-kinesisanalytics-runtime": "| 7 | 6 |   Java   |",
        "telegraf": "| 7 | 16 |   Go   |",
        "aws-greengrass-core-sdk-java": "| 7 | 9 |   None   |",
        "amazon-ssm-document-language-service": "| 7 | 5 |   TypeScript   |",
        "amazon-braket-containers": "| 7 | 6 |   Python   |",
        "go-kafka-event-source": "| 7 | 2 |   Go   |",
        "thinkbox-cm-library": "| 7 | 2 |   CMake   |",
        "neptune-export": "| 7 | 3 |   Java   |",
        "aws-sdk-js-dist-tools": "| 6 | 14 |   JavaScript   |",
        "amazon-cognito-sync-manager-net": "| 6 | 9 |   C#   |",
        "amazon-eks-diag": "| 6 | 4 |   PowerShell   |",
        "amazon-keyspaces-cql-to-cfn-converter": "| 6 | 6 |   Kotlin   |",
        "chrony-candm": "| 6 | 5 |   Rust   |",
        "ec2-macos-utils": "| 6 | 2 |   Go   |",
        "amazon-s3-encryption-client-java": "| 6 | 5 |   Java   |",
        "amazon-braket-strawberryfields-plugin-python": "| 6 | 2 |   Python   |",
        "autopkg-recipes": "| 6 | 1 |   Python   |",
        "uefi": "| 6 | 1 |   Nix   |",
        "thinkbox-my-library": "| 6 | 2 |   C++   |",
        "personalize-kafka-connector": "| 6 | 2 |   Java   |",
        "aws-deep-learning-containers-utils": "| 5 | 7 |   Python   |",
        "SigV4-for-AWS-IoT-embedded-sdk": "| 5 | 23 |   C   |",
        "aws-iot-device-embedded-c-sdk-for-zephyr": "| 5 | 0 |   C   |",
        "obs-cdi": "| 5 | 3 |   C++   |",
        "thinkbox-krakatoa-mx": "| 5 | 2 |   MAXScript   |",
        "thinkbox-xmesh-mx": "| 5 | 2 |   C++   |",
        "aws-mobile-analytics-manager-net": "| 4 | 8 |   C#   |",
        "aws-sdk-ruby-release-tools": "| 4 | 3 |   Ruby   |",
        "sagemaker-feature-store-spark": "| 4 | 2 |   Scala   |",
        "amazon-neptune-gremlin-dotnet-sigv4": "| 4 | 4 |   C#   |",
        "firelens-datajet": "| 4 | 9 |   TypeScript   |",
        "codeartifact-origin-control-toolkit": "| 4 | 2 |   Python   |",
        "dcv-gnome-shell-extension": "| 4 | 3 |   JavaScript   |",
        "selective-search-with-mutual-information-cotraining": "| 4 | 1 |   Python   |",
        "amazon-ssm-agent-selinux": "| 4 | 2 |   Roff   |",
        "thinkbox-stoke-mx": "| 4 | 2 |   MAXScript   |",
        ".github": "| 3 | 54 |   None   |",
        "aws-sigv4-auth-cassandra-nodejs-driver-plugin": "| 3 | 13 |   JavaScript   |",
        "aws-sigv4-auth-cassandra-python-driver-plugin": "| 3 | 14 |   Python   |",
        "aws-nitro-enclaves-image-format": "| 3 | 5 |   Rust   |",
        "efawin": "| 3 | 2 |   C   |",
        "aws-fpga-f1-u200": "| 3 | 3 |   VHDL   |",
        "amazon-connect-wisdomjs": "| 3 | 5 |   TypeScript   |",
        "etcdadm-controller": "| 3 | 11 |   Go   |",
        "thinkbox-frost": "| 3 | 3 |   C++   |",
        "thinkbox-frost-mx": "| 3 | 2 |   C++   |",
        "aws-ec2-imdsv2-get": "| 3 | 1 |   Rust   |",
        "amazon-documentdb-odbc-driver": "| 2 | 2 |   C++   |",
        "amazon-braket-build-tools": "| 2 | 1 |   Python   |",
        "asdf-smithy": "| 2 | 2 |   Shell   |",
        "thinkbox-mx-library": "| 2 | 1 |   C++   |",
        "thinkbox-stoke": "| 2 | 3 |   C++   |",
        "redshift-test-drive": "| 2 | 2 |   Python   |",
        "common-io-ble": "| 2 | 1 |   C   |",
        "amazon-codeguru-jupyterlab-extension": "| 2 | 0 |   Python   |",
        "public-suffix-list": "| 1 | 2 |   Go   |",
        "to-smote-or-not": "| 1 | 1 |   Python   |",
        "aws-lakeformation-best-practices": "| 1 | 0 |   None   |",
        "jsii-rosetta": "| 1 | 2 |   TypeScript   |",
        "aws-rndr-engine-for-openssl": "| 0 | 1 |   C   |",
        "etcdadm-bootstrap-provider": "| 0 | 12 |   Go   |",
        "common-io-basic": "| 0 | 1 |   C   |",
        "neptune-gremlin-client": "| 0 | 1 |   Java   |"
    }
}