{
    "company": "Babel",
    "h-index": 35,
    "repo count": 61,
    "contributor count": 1233,
    "size": "todo",
    "employee count": "todo",
    "country": "Flavortown",
    "top language": "JavaScript",
    "repos": {
        "babel": "| 42223 | 5623 |   TypeScript   |",
        "babel-loader": "| 4732 | 471 |   JavaScript   |",
        "minify": "| 4369 | 251 |   JavaScript   |",
        "babel-preset-env": "| 3521 | 190 |   JavaScript   |",
        "babel-sublime": "| 3256 | 193 |   JavaScript   |",
        "babel-eslint": "| 2974 | 234 |   JavaScript   |",
        "example-node-server": "| 2857 | 398 |   JavaScript   |",
        "babylon": "| 1712 | 270 |   JavaScript   |",
        "babelify": "| 1683 | 124 |   JavaScript   |",
        "gulp-babel": "| 1324 | 133 |   JavaScript   |",
        "babel-upgrade": "| 1309 | 69 |   JavaScript   |",
        "awesome-babel": "| 840 | 50 |   None   |",
        "babel-standalone": "| 815 | 127 |   JavaScript   |",
        "preset-modules": "| 742 | 18 |   JavaScript   |",
        "website": "| 715 | 1273 |   TypeScript   |",
        "kneden": "| 513 | 40 |   JavaScript   |",
        "grunt-babel": "| 438 | 70 |   JavaScript   |",
        "proposals": "| 430 | 31 |   None   |",
        "eslint-plugin-babel": "| 392 | 74 |   JavaScript   |",
        "generator-babel-boilerplate": "| 380 | 58 |   JavaScript   |",
        "babel-time-travel": "| 343 | 17 |   JavaScript   |",
        "babel-polyfills": "| 303 | 51 |   TypeScript   |",
        "babel-sublime-snippets": "| 264 | 47 |   None   |",
        "karma-babel-preprocessor": "| 165 | 26 |   JavaScript   |",
        "ruby-babel-transpiler": "| 159 | 33 |   Ruby   |",
        "ember-cli-babel": "| 151 | 123 |   JavaScript   |",
        "babel-jest": "| 141 | 52 |   None   |",
        "notes": "| 121 | 24 |   None   |",
        "generator-babel-plugin": "| 112 | 26 |   JavaScript   |",
        "babel-bridge": "| 92 | 11 |   JavaScript   |",
        "babel-bot": "| 72 | 27 |   JavaScript   |",
        "babel-brunch": "| 68 | 42 |   JavaScript   |",
        "broccoli-babel-transpiler": "| 56 | 80 |   JavaScript   |",
        "jade-babel": "| 39 | 7 |   JavaScript   |",
        "sandboxes": "| 36 | 11 |   JavaScript   |",
        "jekyll-babel": "| 34 | 11 |   Ruby   |",
        "acorn-to-esprima": "| 32 | 10 |   JavaScript   |",
        "babel-connect": "| 26 | 14 |   JavaScript   |",
        "podcast.babeljs.io": "| 25 | 8 |   JavaScript   |",
        "phabricator-to-github": "| 24 | 10 |   JavaScript   |",
        "actions": "| 22 | 6 |   JavaScript   |",
        "metalsmith-babel": "| 19 | 11 |   JavaScript   |",
        "babel-configuration-examples": "| 18 | 14 |   JavaScript   |",
        "rfcs": "| 18 | 11 |   None   |",
        "duo-babel": "| 15 | 13 |   JavaScript   |",
        "logo": "| 14 | 15 |   None   |",
        "parser_performance": "| 12 | 15 |   JavaScript   |",
        "babel-standalone-bower": "| 9 | 11 |   JavaScript   |",
        "gobble-babel": "| 8 | 14 |   JavaScript   |",
        "eslint-config-babel": "| 8 | 11 |   JavaScript   |",
        "eslint-plugin-babel-plugin": "| 7 | 4 |   JavaScript   |",
        "babyquery": "| 7 | 2 |   JavaScript   |",
        "flavortown": "| 6 | 5 |   None   |",
        ".github": "| 6 | 10 |   None   |",
        "babel-archive": "| 5 | 11 |   JavaScript   |",
        "babel-test262-runner": "| 5 | 8 |   JavaScript   |",
        "babel-plugin-transform-async-functions": "| 4 | 0 |   None   |",
        "phabricator-redirects": "| 3 | 5 |   HTML   |",
        "lerna": "| 2 | 2 |   None   |",
        "regjsgen": "| 0 | 0 |   JavaScript   |",
        "slack-invite-link": "| 0 | 0 |   None   |"
    }
}