{
    "company": "Baidu",
    "h-index": 62,
    "repo count": 108,
    "contributor count": 1337,
    "size": "todo",
    "employee count": "todo",
    "country": "Beijing, China",
    "top language": "C++",
    "repos": {
        "amis": "| 13828 | 1985 |   TypeScript   |",
        "uid-generator": "| 5036 | 1494 |   Java   |",
        "san": "| 4663 | 548 |   JavaScript   |",
        "braft": "| 3517 | 809 |   C++   |",
        "lac": "| 3474 | 572 |   C++   |",
        "bfs": "| 2838 | 574 |   C++   |",
        "dperf": "| 2665 | 291 |   C   |",
        "Familia": "| 2604 | 608 |   C++   |",
        "AnyQ": "| 2490 | 657 |   C++   |",
        "openrasp": "| 2462 | 584 |   C++   |",
        "sofa-pbrpc": "| 2093 | 666 |   C++   |",
        "tera": "| 1878 | 450 |   C++   |",
        "Senta": "| 1713 | 360 |   Python   |",
        "bfe-book": "| 1208 | 171 |   None   |",
        "bigflow": "| 1132 | 165 |   C++   |",
        "BaikalDB": "| 1047 | 154 |   C++   |",
        "DuReader": "| 1016 | 313 |   Python   |",
        "CUP": "| 912 | 207 |   Python   |",
        "starlight": "| 899 | 275 |   Java   |",
        "DDParser": "| 888 | 155 |   Python   |",
        "ICE-BA": "| 662 | 227 |   C++   |",
        "NoahV": "| 641 | 147 |   JavaScript   |",
        "EasyFaaS": "| 610 | 61 |   Go   |",
        "Jprotobuf-rpc-socket": "| 515 | 215 |   Java   |",
        "Curve": "| 494 | 130 |   JavaScript   |",
        "fast_rgf": "| 466 | 115 |   C++   |",
        "Dialogue": "| 442 | 97 |   Python   |",
        "Elasticsearch": "| 432 | 117 |   Java   |",
        "brcc": "| 374 | 91 |   Java   |",
        "Cafe": "| 367 | 222 |   Java   |",
        "information-extraction": "| 325 | 94 |   Python   |",
        "mix-img": "| 323 | 30 |   JavaScript   |",
        "galaxy": "| 322 | 115 |   C++   |",
        "unit-dmkit": "| 321 | 116 |   C++   |",
        "knowledge-driven-dialogue": "| 271 | 87 |   Python   |",
        "CarbonGraph": "| 245 | 18 |   Swift   |",
        "unit-uskit": "| 239 | 68 |   C++   |",
        "dlock": "| 223 | 92 |   Java   |",
        "BIPlatform": "| 217 | 128 |   JavaScript   |",
        "ins": "| 214 | 85 |   C++   |",
        "boteye": "| 213 | 73 |   C++   |",
        "titan-dex": "| 179 | 26 |   Java   |",
        "m-git": "| 164 | 16 |   Ruby   |",
        "Rubik": "| 144 | 5 |   Kotlin   |",
        "common": "| 129 | 106 |   C++   |",
        "go-lib": "| 126 | 32 |   Go   |",
        "wx2": "| 123 | 17 |   JavaScript   |",
        "titan-hotfix": "| 118 | 17 |   Java   |",
        "iot-sdk-c": "| 116 | 71 |   C   |",
        "Youtube-8M": "| 114 | 35 |   Python   |",
        "ar-sdk": "| 104 | 48 |   GLSL   |",
        "broc": "| 102 | 60 |   Python   |",
        "ITEST": "| 97 | 92 |   None   |",
        "ote-stack": "| 92 | 30 |   Go   |",
        "GPT": "| 89 | 29 |   Java   |",
        "redis": "| 87 | 26 |   None   |",
        "terminator": "| 76 | 48 |   Java   |",
        "san-devtools": "| 75 | 17 |   TypeScript   |",
        "QCompute": "| 75 | 15 |   Python   |",
        "spring-cloud-baidu": "| 69 | 22 |   None   |",
        "shuttle": "| 65 | 22 |   C++   |",
        "iot-edge-sdk-for-iot-parser": "| 64 | 53 |   C   |",
        "san-store": "| 59 | 34 |   JavaScript   |",
        "baidu-iot-samples": "| 59 | 57 |   C   |",
        "ARK": "| 57 | 18 |   Python   |",
        "san-update": "| 55 | 16 |   JavaScript   |",
        "mapv": "| 55 | 23 |   JavaScript   |",
        "logcover": "| 54 | 38 |   Python   |",
        "palo": "| 49 | 12 |   None   |",
        "speech-samples": "| 48 | 28 |   Java   |",
        "ntripcaster": "| 40 | 38 |   C   |",
        "Quanlse": "| 38 | 9 |   Jupyter Notebook   |",
        "san-router": "| 37 | 26 |   JavaScript   |",
        "dm-kit-php": "| 36 | 11 |   PHP   |",
        "boteye_sensor": "| 35 | 33 |   C   |",
        "ipipe-agent": "| 33 | 12 |   Java   |",
        "OASP": "| 32 | 14 |   Java   |",
        "san-ssr": "| 31 | 18 |   TypeScript   |",
        "san-composition": "| 28 | 6 |   JavaScript   |",
        "duedge-recipes": "| 25 | 15 |   JavaScript   |",
        "paddle-on-k8s-operator": "| 24 | 6 |   Go   |",
        "baiducloud-sdk-go": "| 22 | 8 |   Go   |",
        "san-website": "| 20 | 79 |   JavaScript   |",
        "highflip": "| 18 | 2 |   None   |",
        "smartapp-openapi-java": "| 17 | 7 |   Java   |",
        "san-factory": "| 16 | 11 |   JavaScript   |",
        "du1906_esp": "| 15 | 5 |   C   |",
        "ttm": "| 14 | 4 |   C   |",
        "baiduads-sdk": "| 14 | 10 |   Python   |",
        "cluster-api-provider-baiducloud": "| 12 | 5 |   Go   |",
        "minions": "| 11 | 4 |   None   |",
        "signet": "| 10 | 18 |   JavaScript   |",
        "sgxray": "| 10 | 1 |   C   |",
        "grafana-tsdb-datasource": "| 9 | 3 |   JavaScript   |",
        "smartapp-openapi-go": "| 8 | 1 |   Go   |",
        "iot": "| 7 | 10 |   None   |",
        "runc": "| 7 | 3 |   Go   |",
        "iotcore-sdk-java": "| 7 | 8 |   Java   |",
        "bce-fpga-dev-kit": "| 6 | 5 |   VHDL   |",
        "duedge-cli": "| 6 | 2 |   Python   |",
        "brcc-go-sdk": "| 6 | 2 |   Go   |",
        "cppcheck": "| 5 | 3 |   None   |",
        "smartapp-openapi-php": "| 5 | 0 |   PHP   |",
        "grafana-tsdb-datasource-backend": "| 4 | 3 |   JavaScript   |",
        "QComputeSDK-TS": "| 4 | 1 |   JavaScript   |",
        "boteye_driver": "| 3 | 7 |   C++   |",
        "pylint": "| 3 | 1 |   None   |",
        "smartapp-openapi-csharp": "| 1 | 0 |   C#   |"
    }
}