{
    "company": "Bazel",
    "h-index": 48,
    "repo count": 81,
    "contributor count": 1835,
    "size": "todo",
    "employee count": "todo",
    "country": null,
    "top language": "Starlark",
    "repos": {
        "bazel": "| 20795 | 3762 |   Java   |",
        "starlark": "| 1859 | 138 |   Starlark   |",
        "bazelisk": "| 1475 | 275 |   Go   |",
        "rules_go": "| 1233 | 592 |   Go   |",
        "rules_docker": "| 1036 | 706 |   Starlark   |",
        "bazel-gazelle": "| 986 | 299 |   Go   |",
        "buildtools": "| 870 | 402 |   Go   |",
        "rules_nodejs": "| 698 | 532 |   Starlark   |",
        "intellij": "| 696 | 279 |   Java   |",
        "examples": "| 682 | 451 |   Starlark   |",
        "rules_foreign_cc": "| 596 | 188 |   Starlark   |",
        "bazel-buildfarm": "| 549 | 170 |   Java   |",
        "tulsi": "| 546 | 135 |   Swift   |",
        "rules_rust": "| 495 | 300 |   Starlark   |",
        "rules_python": "| 434 | 440 |   Starlark   |",
        "rules_apple": "| 416 | 223 |   Starlark   |",
        "bazel-watcher": "| 360 | 103 |   Go   |",
        "sandboxfs": "| 352 | 38 |   Rust   |",
        "rules_scala": "| 334 | 268 |   Starlark   |",
        "rules_kotlin": "| 300 | 184 |   Starlark   |",
        "bazel-skylib": "| 299 | 163 |   Starlark   |",
        "rules_k8s": "| 284 | 147 |   Starlark   |",
        "rules_typescript": "| 277 | 102 |   TypeScript   |",
        "rules_jvm_external": "| 269 | 184 |   Starlark   |",
        "rules_swift": "| 269 | 118 |   Starlark   |",
        "remote-apis": "| 246 | 96 |   Starlark   |",
        "continuous-integration": "| 225 | 134 |   Python   |",
        "vscode-bazel": "| 204 | 57 |   TypeScript   |",
        "bazel-toolchains": "| 168 | 98 |   Go   |",
        "rules_pkg": "| 166 | 147 |   Starlark   |",
        "rules_dotnet": "| 155 | 79 |   Starlark   |",
        "rules_closure": "| 147 | 116 |   Java   |",
        "rules_android": "| 142 | 20 |   Starlark   |",
        "bazel-central-registry": "| 141 | 98 |   Starlark   |",
        "rules_proto": "| 139 | 62 |   Starlark   |",
        "rules_cc": "| 130 | 83 |   Starlark   |",
        "vim-bazel": "| 124 | 25 |   Vim script   |",
        "rules_webtesting": "| 88 | 57 |   Go   |",
        "proposals": "| 86 | 67 |   None   |",
        "stardoc": "| 81 | 35 |   Starlark   |",
        "platforms": "| 78 | 57 |   Starlark   |",
        "emacs-bazel-mode": "| 68 | 29 |   Emacs Lisp   |",
        "rules_fuzzing": "| 68 | 16 |   Starlark   |",
        "apple_support": "| 61 | 25 |   Starlark   |",
        "rules_jsonnet": "| 59 | 72 |   Starlark   |",
        "rules_license": "| 52 | 20 |   Starlark   |",
        "rules_java": "| 51 | 51 |   Starlark   |",
        "rules_sass": "| 48 | 74 |   Starlark   |",
        "bazel-federation": "| 47 | 18 |   Starlark   |",
        "skydoc": "| 46 | 57 |   Python   |",
        "setup-bazelisk": "| 43 | 8 |   TypeScript   |",
        "migration-tooling": "| 42 | 30 |   Java   |",
        "BUILD_file_generator": "| 40 | 19 |   Java   |",
        "remote-apis-sdks": "| 33 | 40 |   Go   |",
        "bazel-integration-testing": "| 32 | 29 |   Java   |",
        "codelabs": "| 32 | 35 |   Shell   |",
        "eclipse": "| 31 | 20 |   Java   |",
        "rules_appengine": "| 30 | 47 |   Starlark   |",
        "vim-ft-bzl": "| 27 | 13 |   Vim script   |",
        "rules_d": "| 26 | 29 |   Starlark   |",
        "tools_remote": "| 25 | 17 |   Java   |",
        "homebrew-tap": "| 24 | 36 |   None   |",
        "rules_perl": "| 22 | 37 |   Starlark   |",
        "tools_android": "| 22 | 8 |   Starlark   |",
        "rules_gwt": "| 20 | 18 |   Starlark   |",
        "bazel-bench": "| 20 | 9 |   Python   |",
        "bzlmod": "| 19 | 4 |   Go   |",
        "bazel-blog": "| 17 | 61 |   HTML   |",
        "bazel-website": "| 16 | 63 |   HTML   |",
        "bazelcon": "| 15 | 15 |   None   |",
        "rules_android_ndk": "| 15 | 6 |   Starlark   |",
        "rules_testing": "| 15 | 4 |   Starlark   |",
        "java_tools": "| 12 | 11 |   Starlark   |",
        "rules_groovy": "| 10 | 32 |   Starlark   |",
        "rules_postcss": "| 10 | 12 |   Starlark   |",
        "community": "| 8 | 3 |   None   |",
        "rules_angular": "| 5 | 6 |   Python   |",
        "bazel_metrics": "| 5 | 0 |   Python   |",
        "gmaven_rules": "| 3 | 2 |   Python   |",
        ".allstar": "| 0 | 0 |   None   |",
        ".github": "| 0 | 0 |   None   |"
    }
}