{
    "company": "bilibili",
    "h-index": 36,
    "repo count": 67,
    "contributor count": 1736,
    "size": "todo",
    "employee count": "todo",
    "country": "Shanghai, China",
    "top language": "C++",
    "repos": {
        "ijkplayer": "| 31374 | 7985 |   C   |",
        "flv.js": "| 22113 | 3378 |   JavaScript   |",
        "DanmakuFlameMaster": "| 9424 | 2124 |   Java   |",
        "ailab": "| 5074 | 532 |   Python   |",
        "MagicaSakura": "| 3523 | 475 |   Java   |",
        "boxing": "| 3197 | 391 |   Java   |",
        "overlord": "| 2141 | 405 |   Go   |",
        "discovery": "| 1726 | 394 |   Go   |",
        "gengine": "| 1544 | 222 |   Go   |",
        "drawee-text-view": "| 766 | 105 |   Java   |",
        "vim-vide": "| 762 | 122 |   Vim Script   |",
        "join-us": "| 670 | 67 |   None   |",
        "FFmpeg": "| 418 | 278 |   C   |",
        "LastOrder-Dota2": "| 378 | 47 |   Python   |",
        "NativeBitmapFactory": "| 320 | 108 |   C++   |",
        "BRouter": "| 298 | 26 |   Kotlin   |",
        "jni4android": "| 297 | 84 |   C   |",
        "biliobs": "| 232 | 86 |   C++   |",
        "kratos-demo": "| 186 | 69 |   Go   |",
        "bas": "| 184 | 16 |   HTML   |",
        "UnityBVA": "| 159 | 15 |   C#   |",
        "quiche": "| 158 | 37 |   C++   |",
        "apk-channelization": "| 148 | 35 |   Python   |",
        "libyuv": "| 140 | 80 |   C++   |",
        "BurstLinker": "| 129 | 36 |   C++   |",
        "mtr": "| 105 | 29 |   C   |",
        "xpref": "| 84 | 12 |   Kotlin   |",
        "soundtouch": "| 76 | 40 |   C++   |",
        "mahimahi": "| 73 | 9 |   C++   |",
        "vlc-android-macbuild": "| 71 | 39 |   Java   |",
        "muzei-bilibili": "| 70 | 13 |   Java   |",
        "LastOrder": "| 60 | 21 |   C++   |",
        "vlc-ports-android": "| 56 | 45 |   C++   |",
        "DynamicGrid": "| 56 | 22 |   Java   |",
        "bbip": "| 56 | 17 |   C++   |",
        "oresty": "| 51 | 15 |   Lua   |",
        "bilibili.github.io": "| 35 | 2 |   CSS   |",
        "adaptation": "| 32 | 7 |   Java   |",
        "SMGo": "| 32 | 4 |   Go   |",
        "vlc": "| 30 | 26 |   C   |",
        "openssl": "| 29 | 61 |   C   |",
        "bilitw": "| 26 | 12 |   C   |",
        "twirp": "| 26 | 13 |   Go   |",
        "ci-ijk-ffmpeg-ios": "| 18 | 3 |   Shell   |",
        "abtest": "| 15 | 0 |   None   |",
        "flvbind": "| 13 | 9 |   C   |",
        "tulsi": "| 13 | 3 |   Swift   |",
        "uptool": "| 12 | 3 |   JavaScript   |",
        "rules_apple": "| 12 | 8 |   Starlark   |",
        "gas-preprocessor": "| 11 | 20 |   Perl   |",
        "jmp_logpipe": "| 10 | 3 |   C   |",
        "ci-ijk-ffmpeg-android": "| 8 | 8 |   None   |",
        "android-ndk-profiler": "| 7 | 12 |   C   |",
        "nginx_quic_stack": "| 7 | 3 |   C++   |",
        "vim": "| 6 | 0 |   None   |",
        "lua-resty-mysql": "| 5 | 4 |   Lua   |",
        "IGListKit": "| 4 | 2 |   Objective-C   |",
        "nginx_quic_module": "| 4 | 3 |   C   |",
        "rules_protobuf": "| 3 | 3 |   Python   |",
        "re2j": "| 2 | 3 |   Java   |",
        "xctestrunner": "| 2 | 2 |   Python   |",
        "PodToBUILD": "| 2 | 1 |   Swift   |",
        "rocksdb": "| 2 | 0 |   C++   |",
        "grpc-swift": "| 1 | 1 |   None   |",
        "arrange-play": "| 1 | 0 |   Java   |",
        "rules_proto": "| 0 | 1 |   Python   |",
        "Leaderboard": "| 0 | 0 |   Python   |"
    }
}