{
    "company": "Billtrust",
    "h-index": 5,
    "repo count": 17,
    "contributor count": 33,
    "size": "todo",
    "employee count": "todo",
    "country": null,
    "top language": "Python",
    "repos": {
        "iam-docker-run": "| 56 | 4 |   Python   |",
        "terraform-provider-looker": "| 18 | 8 |   Go   |",
        "aws-iam-user-tool": "| 15 | 4 |   Python   |",
        "ssm-starter": "| 10 | 1 |   Python   |",
        "terraform-aws-billing-alarm": "| 9 | 5 |   HCL   |",
        "terraform-promote": "| 4 | 0 |   Python   |",
        "iam-starter": "| 3 | 0 |   Python   |",
        "postman-to-csv": "| 1 | 1 |   Python   |",
        "sla-monitor-runner": "| 1 | 0 |   Python   |",
        "sla-monitor-store-results-lambda": "| 1 | 0 |   JavaScript   |",
        "sns-slack-lambda": "| 1 | 0 |   JavaScript   |",
        "sla-monitor-report-lambda": "| 1 | 1 |   JavaScript   |",
        "terraform-provider-pingdom": "| 0 | 0 |   Go   |",
        "go-pingdom": "| 0 | 0 |   Go   |",
        "looker-go-sdk": "| 0 | 1 |   None   |",
        "sns-topic-validator": "| 0 | 0 |   Python   |",
        "meetup-terraform-provider": "| 0 | 0 |   Go   |"
    }
}