{
    "company": "Blockchain.com / Blockchain.info",
    "h-index": 19,
    "repo count": 64,
    "contributor count": 1728,
    "size": "todo",
    "employee count": "todo",
    "country": "United Kingdom",
    "top language": "JavaScript",
    "repos": {
        "service-my-wallet-v3": "| 863 | 622 |   JavaScript   |",
        "blockchain-wallet-v4-frontend": "| 640 | 572 |   TypeScript   |",
        "My-Wallet-V3-Android": "| 533 | 320 |   Kotlin   |",
        "thunder": "| 516 | 204 |   Java   |",
        "My-Wallet-V3": "| 400 | 357 |   JavaScript   |",
        "My-Wallet-V3-iOS": "| 344 | 178 |   Swift   |",
        "receive-payments-demos": "| 268 | 281 |   PHP   |",
        "My-Wallet-V3-Frontend": "| 207 | 211 |   JavaScript   |",
        "unused-My-Wallet": "| 205 | 155 |   JavaScript   |",
        "unused-My-Wallet-iPhone": "| 127 | 65 |   Assembly   |",
        "lib-exchange-client": "| 111 | 123 |   C#   |",
        "Blockchain-Known-Pools": "| 102 | 297 |   None   |",
        "my-wallet-backup-decryption-tool": "| 49 | 48 |   JavaScript   |",
        "unused-My-Wallet-V3-jar": "| 33 | 38 |   Java   |",
        "bc-phone-number": "| 31 | 40 |   JavaScript   |",
        "Checksum-Wallet": "| 30 | 49 |   None   |",
        "coin-definitions": "| 28 | 15 |   Python   |",
        "My-Wallet-Chrome-Extension": "| 23 | 51 |   Shell   |",
        "components": "| 22 | 24 |   JavaScript   |",
        "bc-countries": "| 17 | 24 |   JavaScript   |",
        "wallet-options": "| 16 | 29 |   JavaScript   |",
        "bitcoin-exchange-client": "| 15 | 26 |   JavaScript   |",
        "unused-bitcoinj": "| 14 | 15 |   Java   |",
        "jsqrcode": "| 14 | 12 |   JavaScript   |",
        "bitcoin-coinify-client": "| 13 | 28 |   JavaScript   |",
        "bitcoin-sfox-client": "| 11 | 17 |   JavaScript   |",
        "docs-exchange-api": "| 11 | 10 |   JavaScript   |",
        "wallet-core": "| 11 | 7 |   C++   |",
        "constellation": "| 11 | 7 |   TypeScript   |",
        "OpenQuestDB": "| 9 | 14 |   None   |",
        "My-Wallet-V3-Bower": "| 8 | 17 |   None   |",
        "Checksum-Explorer": "| 8 | 26 |   None   |",
        "sre-rust-tss-esapi": "| 8 | 2 |   Rust   |",
        "api-v1-client-java": "| 7 | 1 |   Java   |",
        "bitcoin-unocoin-client": "| 7 | 13 |   JavaScript   |",
        "CoreBitcoin": "| 7 | 15 |   C   |",
        "unused-bitcoin-seeder": "| 7 | 7 |   C++   |",
        "cashaddrj": "| 7 | 7 |   Java   |",
        "btcd-cli4j": "| 6 | 14 |   Java   |",
        "electrs": "| 6 | 11 |   None   |",
        "web3swift": "| 6 | 10 |   None   |",
        "digits-trie": "| 5 | 14 |   JavaScript   |",
        "hubot": "| 5 | 12 |   CoffeeScript   |",
        "onfido-sdk-ui": "| 5 | 7 |   JavaScript   |",
        "ledgerjs": "| 5 | 6 |   JavaScript   |",
        "polkaj": "| 5 | 4 |   Java   |",
        "hummingbot": "| 5 | 3 |   Python   |",
        "bc-css-flags": "| 4 | 12 |   CSS   |",
        "osx-config-check": "| 4 | 10 |   Python   |",
        "SocketRocket": "| 4 | 15 |   Objective-C   |",
        "web3j": "| 4 | 11 |   Java   |",
        "java-stellar-sdk": "| 4 | 8 |   Java   |",
        "solanaj": "| 4 | 0 |   Java   |",
        "bitcoinjs-lib": "| 3 | 12 |   JavaScript   |",
        "service-mercury-dma-data": "| 3 | 9 |   None   |",
        "stellar-ios-mac-sdk": "| 3 | 8 |   None   |",
        "haskoin-store": "| 3 | 4 |   None   |",
        "shamir": "| 2 | 1 |   None   |",
        "android_tech_dependencies": "| 1 | 2 |   Kotlin   |",
        "wallet-core-carthage": "| 1 | 1 |   None   |",
        "XChange": "| 0 | 1 |   Java   |",
        "ccxt": "| 0 | 1 |   JavaScript   |",
        "network-config": "| 0 | 2 |   None   |",
        "terraform-provider-tinkerbell": "| 0 | 1 |   None   |"
    }
}