{
    "company": "Booking.com",
    "h-index": 10,
    "repo count": 59,
    "contributor count": 2283,
    "size": "todo",
    "employee count": "todo",
    "country": "Amsterdam - NL",
    "top language": "Go",
    "repos": {
        "shipper": "| 746 | 40 |   Go   |",
        "upliftml": "| 274 | 24 |   Python   |",
        "carbonapi": "| 81 | 19 |   Go   |",
        "powercalculator": "| 77 | 18 |   JavaScript   |",
        "nanotube": "| 56 | 11 |   Go   |",
        "bpfink": "| 40 | 11 |   Go   |",
        "pakket": "| 24 | 9 |   Perl   |",
        "perl-Net-Kafka": "| 12 | 8 |   Perl   |",
        "grace": "| 11 | 2 |   Go   |",
        "ml-dataset-mdt": "| 11 | 2 |   Jupyter Notebook   |",
        "bosun": "| 7 | 3 |   Go   |",
        "yubistack": "| 5 | 2 |   Go   |",
        "rules_lombok_java_library": "| 4 | 3 |   Starlark   |",
        "cloudsec-metrics": "| 3 | 1 |   Go   |",
        "hound": "| 2 | 3 |   JavaScript   |",
        "linkerd": "| 2 | 0 |   Scala   |",
        "aws-security-connectors": "| 2 | 0 |   Go   |",
        "ml-quality-model": "| 2 | 0 |   Jupyter Notebook   |",
        "phabricator": "| 1 | 1 |   PHP   |",
        "vault-controller": "| 1 | 1 |   Go   |",
        "perl-Kafka": "| 1 | 2 |   Perl   |",
        "kafka-topic-exporter": "| 1 | 1 |   Java   |",
        "easyauth": "| 1 | 1 |   Go   |",
        "dotnet-http": "| 1 | 3 |   C#   |",
        "grafana": "| 1 | 1 |   TypeScript   |",
        "rules_booking": "| 1 | 2 |   Starlark   |",
        "askbot-devel": "| 0 | 3 |   Python   |",
        "annotate": "| 0 | 1 |   Go   |",
        "perl-modules-Number-Phone": "| 0 | 1 |   Perl   |",
        "telegraf": "| 0 | 2 |   Go   |",
        "replicator": "| 0 | 1 |   Java   |",
        "multisim": "| 0 | 0 |   None   |",
        "git": "| 0 | 0 |   None   |",
        "dotnet-storage": "| 0 | 2 |   C#   |",
        "dotnet-encryption": "| 0 | 2 |   C#   |",
        "sarama": "| 0 | 4 |   Go   |",
        "go-carbon": "| 0 | 2 |   Go   |",
        "kafka": "| 0 | 2 |   None   |",
        "perl-redis": "| 0 | 2 |   None   |",
        "kafka-monitor": "| 0 | 3 |   None   |",
        "argo-cd": "| 0 | 2 |   None   |",
        "servicenow-mid-vault": "| 0 | 1 |   None   |",
        "brand-standards": "| 0 | 1 |   None   |",
        "kustomize-kubefed-plugins": "| 0 | 1 |   None   |",
        "buildtools": "| 0 | 2 |   Go   |",
        "rules_docker": "| 0 | 1 |   Starlark   |",
        "rules_avro": "| 0 | 2 |   Starlark   |",
        "crypt-nacl-sodium": "| 0 | 1 |   None   |",
        "p5-crypt-sodium-nitrate": "| 0 | 1 |   Perl   |",
        ".github": "| 0 | 2 |   None   |",
        "rules_container_rpm": "| 0 | 2 |   Starlark   |",
        "bazeldnf": "| 0 | 1 |   Go   |",
        "rules_java": "| 0 | 2 |   None   |",
        "slo-generator": "| 0 | 1 |   None   |",
        "rules_kotlin": "| 0 | 1 |   None   |",
        "bazel-gazelle": "| 0 | 1 |   Go   |",
        "buildbuddy-toolchain": "| 0 | 0 |   Smarty   |",
        "rules_lambda": "| 0 | 0 |   Starlark   |",
        "perfsuite-android": "| 0 | 0 |   None   |"
    }
}