{
    "company": "Box",
    "h-index": 35,
    "repo count": 75,
    "contributor count": 734,
    "size": "todo",
    "employee count": "todo",
    "country": "Redwood City, CA",
    "top language": "JavaScript",
    "repos": {
        "spout": "| 4189 | 607 |   PHP   |",
        "t3js": "| 1561 | 158 |   JavaScript   |",
        "Anemometer": "| 1365 | 322 |   JavaScript   |",
        "kube-applier": "| 614 | 63 |   Go   |",
        "kube-iptables-tailer": "| 536 | 60 |   Go   |",
        "box-ui-elements": "| 531 | 262 |   JavaScript   |",
        "box-python-sdk": "| 383 | 216 |   Python   |",
        "mojito": "| 338 | 61 |   Java   |",
        "viewer.js": "| 334 | 103 |   JavaScript   |",
        "flaky": "| 333 | 54 |   Python   |",
        "stalker": "| 227 | 25 |   JavaScript   |",
        "boxcli": "| 190 | 55 |   JavaScript   |",
        "box-windows-sdk-v2": "| 183 | 164 |   C#   |",
        "ClusterRunner": "| 182 | 46 |   Python   |",
        "box-node-sdk": "| 176 | 123 |   JavaScript   |",
        "augmented_types": "| 167 | 11 |   C++   |",
        "bart": "| 162 | 21 |   PHP   |",
        "box-java-sdk": "| 147 | 189 |   Java   |",
        "memsniff": "| 143 | 16 |   Go   |",
        "genty": "| 120 | 9 |   Python   |",
        "box-ios-sdk": "| 115 | 109 |   Swift   |",
        "kube-exec-controller": "| 109 | 3 |   Go   |",
        "RainGauge": "| 107 | 32 |   JavaScript   |",
        "leche": "| 105 | 2 |   JavaScript   |",
        "box-content-preview": "| 96 | 95 |   JavaScript   |",
        "box-openapi": "| 87 | 85 |   JavaScript   |",
        "rotunicode": "| 79 | 21 |   Python   |",
        "brainy": "| 67 | 14 |   PHP   |",
        "mysqlutilities": "| 64 | 20 |   Shell   |",
        "samples": "| 63 | 87 |   JavaScript   |",
        "box-android-sdk": "| 61 | 73 |   Java   |",
        "box-android-apptoapp-sdk": "| 58 | 27 |   Java   |",
        "box-salesforce-sdk": "| 49 | 51 |   Apex   |",
        "fast_assert": "| 37 | 8 |   PHP   |",
        "StatusWolf": "| 36 | 8 |   PHP   |",
        "shmock": "| 35 | 10 |   PHP   |",
        "error-reporting-with-kubernetes-events": "| 32 | 11 |   Go   |",
        "Makefile.test": "| 31 | 12 |   Python   |",
        "box-skills-kit-nodejs": "| 26 | 23 |   JavaScript   |",
        "shalam": "| 25 | 6 |   JavaScript   |",
        "developer.box.com": "| 24 | 86 |   JavaScript   |",
        "box-ios-browse-sdk": "| 18 | 22 |   Objective-C   |",
        "wavectl": "| 18 | 9 |   Python   |",
        "box-ios-preview-sdk": "| 16 | 12 |   Swift   |",
        "clusterrunner-javascript-sdk": "| 16 | 1 |   HTML   |",
        "box-ui-elements-demo": "| 15 | 13 |   JavaScript   |",
        "box-android-preview-sdk": "| 14 | 10 |   Java   |",
        "sdks": "| 14 | 5 |   None   |",
        "box-android-browse-sdk": "| 13 | 24 |   Java   |",
        "hdrCompressor": "| 12 | 5 |   C   |",
        "box-annotations": "| 11 | 40 |   TypeScript   |",
        "etcdb": "| 10 | 4 |   Python   |",
        "box-content-preview-demo": "| 8 | 10 |   JavaScript   |",
        "oauth2-php": "| 7 | 1 |   PHP   |",
        "box-postman": "| 7 | 4 |   JavaScript   |",
        "uploaders": "| 5 | 2 |   None   |",
        "verold.github.io": "| 5 | 5 |   JavaScript   |",
        "box-windows-metadata-sdk-v2": "| 5 | 7 |   C#   |",
        "tcollector": "| 4 | 4 |   Python   |",
        "three.js": "| 4 | 2 |   JavaScript   |",
        "box-ios-share-sdk": "| 4 | 3 |   Objective-C   |",
        "metrics": "| 3 | 1 |   Java   |",
        "opentsdb": "| 3 | 2 |   Java   |",
        "box-android-share-sdk": "| 3 | 15 |   Java   |",
        "homebrew-mojito": "| 3 | 3 |   Ruby   |",
        "android-simple-tooltip": "| 3 | 5 |   Java   |",
        "box-languages": "| 3 | 3 |   JavaScript   |",
        "box-developer-changelog": "| 3 | 3 |   JavaScript   |",
        "puppet-clusterrunner": "| 2 | 3 |   Puppet   |",
        "box-java-sdk-samples": "| 2 | 6 |   Java   |",
        "asynchbase": "| 1 | 1 |   Java   |",
        "curator": "| 1 | 2 |   Java   |",
        "collins": "| 1 | 1 |   Scala   |",
        "cla": "| 1 | 1 |   None   |",
        "tsquery": "| 0 | 2 |   Java   |"
    }
}