{
    "company": "Bump Technologies",
    "h-index": 11,
    "repo count": 38,
    "contributor count": 349,
    "size": "todo",
    "employee count": "todo",
    "country": "Mountain View, CA",
    "top language": "Haskell",
    "repos": {
        "glide": "| 33588 | 6058 |   Java   |",
        "stud": "| 1429 | 211 |   C   |",
        "bump-api-ios": "| 145 | 52 |   Objective-C   |",
        "nitro": "| 112 | 17 |   C   |",
        "AndroidSlidingUpPanel": "| 85 | 20 |   Java   |",
        "bump-api-android": "| 68 | 38 |   Java   |",
        "palm": "| 54 | 12 |   C   |",
        "montage": "| 26 | 6 |   Haskell   |",
        "tl-dr.js": "| 25 | 3 |   JavaScript   |",
        "nitro-python": "| 17 | 5 |   Python   |",
        "redis-haskell": "| 16 | 2 |   Haskell   |",
        "bump-api2-ios-custom-ui": "| 11 | 2 |   Objective-C   |",
        "BumpTableController": "| 10 | 6 |   Objective-C   |",
        "nitro-haskell": "| 8 | 3 |   Haskell   |",
        "JTextView": "| 6 | 14 |   Objective-C   |",
        "ActionBarSherlock": "| 6 | 4 |   Java   |",
        "cypb": "| 5 | 1 |   Python   |",
        "pyev": "| 5 | 3 |   Shell   |",
        "montage-haskell-client": "| 5 | 1 |   Haskell   |",
        "riak-haskell-client": "| 4 | 3 |   Haskell   |",
        "haskell-Crypto": "| 4 | 1 |   Haskell   |",
        "haskell-scalable-server": "| 4 | 1 |   Haskell   |",
        "haskell-pqueue": "| 3 | 2 |   Haskell   |",
        "web-socket-js": "| 3 | 2 |   ActionScript   |",
        "GrowingTextView": "| 3 | 3 |   Objective-C   |",
        "pool": "| 2 | 3 |   Haskell   |",
        "montage-python-client": "| 2 | 2 |   Python   |",
        "czmq": "| 2 | 1 |   C   |",
        "IAPHelper": "| 2 | 2 |   Objective-C   |",
        "PKRevealController": "| 2 | 2 |   Objective-C   |",
        "Robohash": "| 2 | 1 |   JavaScript   |",
        "riak_wiki": "| 1 | 1 |   JavaScript   |",
        "zeromq2-x": "| 1 | 2 |   C++   |",
        "jzmq": "| 1 | 1 |   Shell   |",
        "JTRevealSidebarDemo": "| 1 | 1 |   Objective-C   |",
        "riack": "| 1 | 1 |   C   |",
        ".allstar": "| 0 | 0 |   None   |",
        ".github": "| 0 | 0 |   None   |"
    }
}