{
    "company": "Bytedance Inc.",
    "h-index": 74,
    "repo count": 213,
    "contributor count": 5720,
    "size": "todo",
    "employee count": "todo",
    "country": "Beijing, P.R.C",
    "top language": "Python",
    "repos": {
        "IconPark": "| 7182 | 431 |   TypeScript   |",
        "xgplayer": "| 6117 | 712 |   JavaScript   |",
        "sonic": "| 4501 | 212 |   Assembly   |",
        "bytemd": "| 3734 | 289 |   TypeScript   |",
        "byteps": "| 3412 | 477 |   Python   |",
        "ByteX": "| 2874 | 414 |   Java   |",
        "lightseq": "| 2726 | 305 |   C++   |",
        "monoio": "| 2720 | 149 |   Rust   |",
        "scene": "| 1949 | 188 |   Java   |",
        "AlphaPlayer": "| 1921 | 292 |   Java   |",
        "terarkdb": "| 1851 | 174 |   C++   |",
        "flutter_ume": "| 1841 | 153 |   Dart   |",
        "Elkeid": "| 1745 | 345 |   Go   |",
        "bhook": "| 1568 | 235 |   C   |",
        "go-tagexpr": "| 1446 | 134 |   Go   |",
        "GiantMIDI-Piano": "| 1417 | 152 |   Python   |",
        "bitsail": "| 1358 | 263 |   Java   |",
        "btrace": "| 1334 | 207 |   Kotlin   |",
        "piano_transcription": "| 1238 | 160 |   Python   |",
        "appshark": "| 1144 | 117 |   Kotlin   |",
        "gopkg": "| 1139 | 149 |   Go   |",
        "CodeLocator": "| 1125 | 79 |   Kotlin   |",
        "BoostMultiDex": "| 1098 | 105 |   Java   |",
        "AabResGuard": "| 1089 | 148 |   Java   |",
        "music_source_separation": "| 1030 | 177 |   Python   |",
        "android-inline-hook": "| 1022 | 196 |   C   |",
        "memory-leak-detector": "| 894 | 144 |   C   |",
        "fedlearner": "| 840 | 170 |   Python   |",
        "Fastbot_Android": "| 753 | 186 |   None   |",
        "godlp": "| 743 | 121 |   Go   |",
        "tailor": "| 662 | 85 |   C   |",
        "RealRichText": "| 652 | 83 |   Dart   |",
        "guide": "| 602 | 63 |   TypeScript   |",
        "magic-microservices": "| 532 | 44 |   TypeScript   |",
        "monolith": "| 521 | 77 |   Python   |",
        "ibot": "| 493 | 61 |   Jupyter Notebook   |",
        "sonic-cpp": "| 484 | 55 |   C++   |",
        "Fastbot_iOS": "| 475 | 91 |   Objective-C   |",
        "Next-ViT": "| 400 | 55 |   Python   |",
        "unpub": "| 363 | 111 |   Dart   |",
        "effective_transformer": "| 358 | 44 |   C++   |",
        "OMGD": "| 309 | 41 |   Python   |",
        "syllepsis": "| 280 | 22 |   TypeScript   |",
        "matxscript": "| 274 | 19 |   C++   |",
        "neurst": "| 272 | 43 |   Python   |",
        "flow-builder": "| 252 | 41 |   TypeScript   |",
        "danmu.js": "| 217 | 29 |   JavaScript   |",
        "xgplayer-vue": "| 214 | 51 |   JavaScript   |",
        "CloudShuffleService": "| 209 | 55 |   Java   |",
        "mockey": "| 202 | 5 |   Go   |",
        "trace-irqoff": "| 182 | 90 |   C   |",
        "ParaGen": "| 176 | 23 |   Python   |",
        "react-model": "| 161 | 8 |   TypeScript   |",
        "AWERTL": "| 160 | 15 |   Objective-C   |",
        "keyhouse": "| 156 | 11 |   Rust   |",
        "Bytedance-UnionAD": "| 154 | 51 |   Ruby   |",
        "byteir": "| 149 | 11 |   MLIR   |",
        "particle-sfm": "| 146 | 14 |   C++   |",
        "primus": "| 141 | 15 |   Java   |",
        "Hammer": "| 131 | 15 |   Python   |",
        "diat": "| 129 | 10 |   JavaScript   |",
        "LargeBatchCTR": "| 128 | 17 |   Python   |",
        "ns-x": "| 116 | 3 |   Go   |",
        "RLFN": "| 103 | 14 |   Python   |",
        "pv3d": "| 103 | 7 |   Python   |",
        "trace-noschedule": "| 96 | 37 |   C   |",
        "ByteTransformer": "| 96 | 11 |   C++   |",
        "magic-portal": "| 91 | 5 |   TypeScript   |",
        "tar-wasm": "| 90 | 3 |   Rust   |",
        "TWIST": "| 89 | 11 |   Python   |",
        "DCFrame": "| 88 | 6 |   Swift   |",
        "xgplayer-react": "| 83 | 15 |   JavaScript   |",
        "nnproxy": "| 80 | 15 |   Java   |",
        "fe-foundation": "| 80 | 20 |   TypeScript   |",
        "atop": "| 74 | 13 |   C   |",
        "dbatman": "| 71 | 13 |   Go   |",
        "Elkeid-HUB": "| 71 | 21 |   Python   |",
        "pull_to_refresh": "| 67 | 18 |   Dart   |",
        "ps-lite": "| 65 | 24 |   C++   |",
        "DanmakuRenderEngine": "| 64 | 7 |   Kotlin   |",
        "trace-runqlat": "| 60 | 28 |   C   |",
        "kernel": "| 57 | 7 |   C   |",
        "g3": "| 56 | 2 |   Rust   |",
        "FreeSeg": "| 51 | 4 |   Python   |",
        "scroll_kit": "| 50 | 7 |   Dart   |",
        "terark-zip": "| 48 | 25 |   C++   |",
        "ovs-dpdk": "| 47 | 17 |   C   |",
        "uss": "| 45 | 1 |   Python   |",
        "RangersAppLog": "| 43 | 15 |   Objective-C   |",
        "vis-tree": "| 42 | 6 |   TypeScript   |",
        "nxt_unit": "| 42 | 3 |   Go   |",
        "markov-molecular-sampling": "| 41 | 12 |   Python   |",
        "kvm-utils": "| 40 | 23 |   C   |",
        "Collie": "| 39 | 3 |   Python   |",
        "arishem": "| 38 | 5 |   Go   |",
        "node-unix-socket": "| 37 | 0 |   Rust   |",
        "oclip": "| 36 | 2 |   Python   |",
        "raylink": "| 34 | 4 |   Python   |",
        "ic_flow_platform": "| 34 | 7 |   Python   |",
        "clickhouse_hadoop": "| 33 | 15 |   Java   |",
        "flutter_asset_literal_idea_plugin": "| 33 | 13 |   Java   |",
        "mona": "| 33 | 8 |   TypeScript   |",
        "rcproxy": "| 31 | 5 |   Go   |",
        "go-querystring-parser": "| 31 | 9 |   Go   |",
        "ByteMLPerf": "| 30 | 3 |   Python   |",
        "json": "| 27 | 1 |   Go   |",
        "node-wifi-info": "| 25 | 9 |   JavaScript   |",
        "VTVQA": "| 25 | 0 |   Python   |",
        "jaqmc": "| 23 | 6 |   Python   |",
        "FedDecorr": "| 22 | 2 |   Python   |",
        "Jeddak-DPSQL": "| 22 | 1 |   Python   |",
        "jenkins-plugin-lark": "| 21 | 12 |   Java   |",
        "libnvmf": "| 21 | 2 |   C   |",
        "DeepSolid": "| 20 | 4 |   Python   |",
        "xgplayer-examples": "| 19 | 8 |   HTML   |",
        "pangle-sdk-demo": "| 19 | 6 |   Java   |",
        "mp4.js": "| 19 | 2 |   JavaScript   |",
        "MRECG": "| 18 | 0 |   Python   |",
        "TiktokBusinessPlugin": "| 17 | 4 |   TypeScript   |",
        "tiktok-business-android-sdk": "| 16 | 5 |   Java   |",
        "heimdall": "| 16 | 0 |   Go   |",
        "pyskynet": "| 15 | 4 |   C++   |",
        "BEE": "| 15 | 6 |   Python   |",
        "qemu": "| 14 | 6 |   C   |",
        "phoenix-kernel": "| 13 | 4 |   C   |",
        "msgp": "| 12 | 1 |   Go   |",
        "QSync": "| 12 | 2 |   C++   |",
        "QRAF": "| 11 | 1 |   Python   |",
        "rangers_applog_flutter_plugin": "| 10 | 4 |   Dart   |",
        "tiktok-business-ios-sdk": "| 10 | 8 |   Objective-C   |",
        "DistPro": "| 10 | 2 |   Python   |",
        "marquee_text": "| 9 | 2 |   Dart   |",
        "FermiNet_with_ECP": "| 9 | 2 |   Python   |",
        "okhttp": "| 8 | 6 |   Java   |",
        "TRTorch": "| 8 | 2 |   Jupyter Notebook   |",
        "spire-workload-rs": "| 8 | 3 |   Rust   |",
        "FFmpeg": "| 8 | 1 |   C   |",
        "HMR": "| 8 | 2 |   Python   |",
        "tensorflow": "| 7 | 3 |   C++   |",
        "bcc": "| 7 | 7 |   C   |",
        "mega-spark": "| 7 | 5 |   Python   |",
        "mega-ai": "| 7 | 2 |   Python   |",
        "midi_melody_extraction": "| 7 | 2 |   Python   |",
        "cloud-hypervisor": "| 6 | 1 |   None   |",
        "DiffusionEngine": "| 6 | 0 |   Python   |",
        "ingress-nginx": "| 5 | 2 |   Go   |",
        "batchRun": "| 5 | 3 |   Python   |",
        "libdmet_with_QC": "| 5 | 0 |   Python   |",
        "bosun": "| 4 | 5 |   Go   |",
        "incubator-mxnet": "| 4 | 4 |   C++   |",
        "onnx-tensorrt": "| 4 | 1 |   C++   |",
        "kldx-infra": "| 4 | 0 |   Go   |",
        "open-pay-signature-go-demo": "| 4 | 0 |   Go   |",
        "Fourier-Learning": "| 4 | 1 |   Python   |",
        "fedlearner_models": "| 3 | 1 |   None   |",
        "libiscsi": "| 3 | 2 |   C   |",
        "kldx-metadata": "| 3 | 1 |   Go   |",
        "DouyinOpenPlatformDemo": "| 3 | 0 |   Kotlin   |",
        "unscd": "| 2 | 2 |   C   |",
        "redis": "| 2 | 1 |   C   |",
        "util-linux": "| 2 | 4 |   None   |",
        "linux": "| 2 | 1 |   None   |",
        "toa": "| 2 | 2 |   C   |",
        "multi_hook": "| 2 | 4 |   C   |",
        "kldx-core": "| 2 | 0 |   Go   |",
        "kldx-common": "| 2 | 0 |   Go   |",
        "open-pay-signature-java-demo": "| 2 | 0 |   Java   |",
        "douyincloud-gin-demo": "| 2 | 3 |   Go   |",
        "DRL-based-VM-Rescheduling": "| 2 | 0 |   Python   |",
        "openssl-lkcf-engine": "| 2 | 1 |   C   |",
        "licenseMonitor": "| 2 | 0 |   Python   |",
        "tide-cas": "| 2 | 0 |   Rust   |",
        "fairseq": "| 1 | 0 |   Python   |",
        "http-proxy-middleware": "| 1 | 3 |   None   |",
        "cocoapods_sdk_source_repo": "| 1 | 1 |   Ruby   |",
        "libvirt": "| 1 | 3 |   None   |",
        "nvme-cli": "| 1 | 1 |   None   |",
        "flexi_logger": "| 1 | 0 |   Rust   |",
        "vm-memory": "| 1 | 1 |   None   |",
        "uoa": "| 1 | 3 |   C   |",
        "xoa_set_ip_option": "| 1 | 3 |   C++   |",
        "mona-templates": "| 1 | 0 |   TypeScript   |",
        "kube-apparmor-manager": "| 1 | 0 |   None   |",
        "douyincloud-thinkphp-nginx-demo": "| 1 | 2 |   PHP   |",
        "WTN-Union": "| 1 | 1 |   None   |",
        "neo3-kernel": "| 1 | 1 |   C   |",
        "go-snappy": "| 0 | 0 |   None   |",
        "estimator": "| 0 | 0 |   Python   |",
        "RangersKit": "| 0 | 0 |   None   |",
        "bifrost": "| 0 | 0 |   None   |",
        "Android-Pangle-Manuel-Quick-Start": "| 0 | 0 |   None   |",
        "FlameGraph-orig": "| 0 | 1 |   Perl   |",
        "FlameGraph": "| 0 | 2 |   None   |",
        "onnx": "| 0 | 0 |   None   |",
        "AdsGlobalPackage": "| 0 | 2 |   None   |",
        "Ads-Mediation": "| 0 | 1 |   None   |",
        "FFFramework": "| 0 | 0 |   C   |",
        "librtmp": "| 0 | 1 |   C   |",
        "lxcfs": "| 0 | 1 |   None   |",
        "lsof": "| 0 | 1 |   C   |",
        "systemd": "| 0 | 0 |   None   |",
        "kubevirt": "| 0 | 0 |   None   |",
        "go-dyclog": "| 0 | 0 |   Go   |",
        "douyincloud_cert": "| 0 | 0 |   None   |",
        "bdmpg123": "| 0 | 1 |   C   |",
        "douyincloud-java-springboot-demo": "| 0 | 3 |   Java   |",
        "douyincloud-nodejs-koa-demo": "| 0 | 3 |   TypeScript   |",
        "douyincloud_python3_django_demo": "| 0 | 7 |   Python   |",
        "idash2022-track1-solution": "| 0 | 0 |   Solidity   |",
        "openssl": "| 0 | 0 |   None   |",
        "douyincloud-configcenter-sdk-go": "| 0 | 1 |   Go   |",
        "douyincloud-configcenter-sdk-php": "| 0 | 0 |   PHP   |",
        "libvcn": "| 0 | 0 |   C   |"
    }
}