{
    "company": "carsales.com Ltd (OSS)",
    "h-index": 3,
    "repo count": 15,
    "contributor count": 30,
    "size": "todo",
    "employee count": "todo",
    "country": "Melbourne, Australia",
    "top language": "C#",
    "repos": {
        "pyheif": "| 139 | 38 |   C   |",
        "aws-request-signer": "| 20 | 15 |   JavaScript   |",
        "UI.Library": "| 3 | 2 |   CSS   |",
        "csn-dto": "| 3 | 4 |   C#   |",
        "showpony": "| 2 | 0 |   C#   |",
        "200oker": "| 2 | 1 |   C#   |",
        "react-responsive-carousel": "| 1 | 0 |   JavaScript   |",
        "haxl.net": "| 1 | 0 |   C#   |",
        "Leeloo": "| 0 | 0 |   F#   |",
        "johnnycache": "| 0 | 0 |   C#   |",
        "carsales.github.io": "| 0 | 0 |   CSS   |",
        "PhoneHome.Client": "| 0 | 0 |   C#   |",
        "PhomeHome.Client.Web": "| 0 | 0 |   C#   |",
        "Tommerhugger": "| 0 | 0 |   None   |",
        "200oker-core": "| 0 | 0 |   C#   |"
    }
}