{
    "company": "Certara USA, Inc.",
    "h-index": 4,
    "repo count": 20,
    "contributor count": 323,
    "size": "todo",
    "employee count": "todo",
    "country": null,
    "top language": "R",
    "repos": {
        "pyDarwin": "| 10 | 0 |   Python   |",
        "survivalnma": "| 8 | 4 |   R   |",
        "R-Certara": "| 8 | 6 |   HTML   |",
        "tidyvpc": "| 6 | 2 |   R   |",
        "ggcertara": "| 4 | 2 |   R   |",
        "PMxRtools": "| 2 | 0 |   None   |",
        "scmreg": "| 2 | 2 |   R   |",
        "table1c": "| 1 | 1 |   R   |",
        "R-RsNLME-Examples": "| 1 | 0 |   R   |",
        "coveffectsplot": "| 0 | 0 |   HTML   |",
        "covid19epi": "| 0 | 0 |   R   |",
        "ggcertara-testing": "| 0 | 0 |   None   |",
        "github-action-ansible-tower-awx": "| 0 | 0 |   TypeScript   |",
        "pmxpartab": "| 0 | 0 |   HTML   |",
        "pmxpartabc": "| 0 | 0 |   R   |",
        "RsNLME-Rmd-Report-Example": "| 0 | 0 |   HTML   |",
        "R-ACOP-2022": "| 0 | 0 |   HTML   |",
        "ggquickeda-phoenix": "| 0 | 0 |   R   |",
        "chef": "| 0 | 0 |   None   |",
        "R-MBBE": "| 0 | 0 |   None   |"
    }
}