{
    "company": "Chart.js",
    "h-index": 15,
    "repo count": 20,
    "contributor count": 558,
    "size": "todo",
    "employee count": "todo",
    "country": null,
    "top language": "JavaScript",
    "repos": {
        "Chart.js": "| 60566 | 11847 |   JavaScript   |",
        "awesome": "| 1543 | 109 |   None   |",
        "chartjs-plugin-datalabels": "| 788 | 359 |   JavaScript   |",
        "chartjs-chart-financial": "| 666 | 188 |   JavaScript   |",
        "chartjs-plugin-annotation": "| 544 | 292 |   JavaScript   |",
        "chartjs-plugin-zoom": "| 527 | 317 |   JavaScript   |",
        "chartjs-plugin-deferred": "| 101 | 22 |   JavaScript   |",
        "chartjs-adapter-date-fns": "| 75 | 34 |   JavaScript   |",
        "Chart.BarFunnel.js": "| 59 | 38 |   JavaScript   |",
        "Chart.LinearGauge.js": "| 54 | 56 |   JavaScript   |",
        "chartjs-chart-smith": "| 40 | 15 |   JavaScript   |",
        "chartjs-adapter-luxon": "| 28 | 21 |   JavaScript   |",
        "chartjs-adapter-moment": "| 27 | 22 |   JavaScript   |",
        "chartjs.github.io": "| 24 | 17 |   HTML   |",
        "chartjs-color": "| 21 | 5 |   JavaScript   |",
        "chartjs-color-string": "| 9 | 9 |   JavaScript   |",
        "www.chartjs.org": "| 7 | 12 |   JavaScript   |",
        "eslint-config-chartjs": "| 5 | 5 |   None   |",
        "gitbook-plugin-chartjs": "| 3 | 4 |   JavaScript   |",
        "chartjs-test-utils": "| 2 | 4 |   JavaScript   |"
    }
}