{
    "company": "Cisco Systems",
    "h-index": 28,
    "repo count": 81,
    "contributor count": 918,
    "size": "todo",
    "employee count": "todo",
    "country": null,
    "top language": "C",
    "repos": {
        "ChezScheme": "| 6597 | 971 |   Scheme   |",
        "openh264": "| 4989 | 1732 |   C++   |",
        "joy": "| 1237 | 323 |   C   |",
        "libsrtp": "| 1062 | 441 |   C   |",
        "thor": "| 692 | 102 |   C   |",
        "node-jose": "| 661 | 119 |   JavaScript   |",
        "mindmeld": "| 628 | 175 |   Python   |",
        "mercury": "| 369 | 67 |   C++   |",
        "exanic-software": "| 104 | 60 |   C   |",
        "cjose": "| 92 | 55 |   C   |",
        "libest": "| 81 | 90 |   C   |",
        "elsy": "| 78 | 20 |   Go   |",
        "lal-build-manager": "| 77 | 7 |   Rust   |",
        "mlspp": "| 63 | 33 |   C++   |",
        "libacvp": "| 57 | 63 |   C   |",
        "cisco-mibs": "| 57 | 74 |   HTML   |",
        "cisco-network-puppet-module": "| 52 | 69 |   Ruby   |",
        "open-nFAPI": "| 45 | 26 |   C   |",
        "ns3-rmcat": "| 43 | 27 |   C++   |",
        "cisco.github.io": "| 42 | 31 |   JavaScript   |",
        "senml": "| 39 | 14 |   Go   |",
        "ns3-802.11ax-simulator": "| 38 | 29 |   C++   |",
        "libfnr": "| 37 | 15 |   C   |",
        "go-mls": "| 35 | 13 |   Go   |",
        "cisco-network-node-utils": "| 29 | 52 |   Ruby   |",
        "systemf": "| 29 | 3 |   C   |",
        "opus": "| 28 | 20 |   C   |",
        "go-hpke": "| 28 | 15 |   Go   |",
        "NATTools": "| 26 | 24 |   C   |",
        "cisco-network-chef-cookbook": "| 25 | 19 |   Ruby   |",
        "ActionOrchestratorContent": "| 23 | 19 |   None   |",
        "hash-sigs": "| 22 | 28 |   C   |",
        "oraf": "| 20 | 8 |   Scala   |",
        "OpenOSC": "| 20 | 5 |   C   |",
        "node-kms": "| 19 | 9 |   JavaScript   |",
        "JabberWerxC": "| 18 | 5 |   C   |",
        "exact-capture": "| 15 | 13 |   C   |",
        "zepster": "| 15 | 4 |   Python   |",
        "cisco-yang-puppet-module": "| 11 | 4 |   Ruby   |",
        "firepower-ngfw": "| 11 | 7 |   None   |",
        "webex-assistant-sdk": "| 11 | 13 |   Python   |",
        "xr-telemetry-m2m-web": "| 10 | 10 |   Python   |",
        "herisson": "| 10 | 5 |   C++   |",
        "anyconnect-kdf": "| 9 | 8 |   C   |",
        "goFish": "| 9 | 4 |   C++   |",
        "cisco-nxapi": "| 8 | 6 |   Ruby   |",
        "ciscohls": "| 7 | 8 |   C   |",
        "asav": "| 7 | 3 |   None   |",
        "SSMAMTtools": "| 6 | 5 |   C   |",
        "ciscoacipuppet": "| 6 | 11 |   Ruby   |",
        "hyperledger-est-ca": "| 6 | 4 |   Go   |",
        "sframe": "| 6 | 10 |   C++   |",
        "syncodecs": "| 5 | 7 |   C++   |",
        "go-tls-syntax": "| 5 | 6 |   Go   |",
        "jfnr": "| 4 | 5 |   Java   |",
        "usnic_tools": "| 4 | 7 |   C   |",
        "ampfsm": "| 4 | 7 |   C   |",
        "redirfs": "| 4 | 9 |   C   |",
        "gse": "| 4 | 5 |   C++   |",
        "JdbcDecorator": "| 3 | 7 |   Java   |",
        "xr-telemetry-m2m-lib": "| 3 | 6 |   Python   |",
        "ampnetworkflow": "| 3 | 6 |   C   |",
        "arc": "| 3 | 10 |   Go   |",
        "sto-uefi-secure-bootloader": "| 3 | 2 |   C   |",
        "gst-plugin-dlnasrc": "| 2 | 4 |   C   |",
        "guppi": "| 2 | 2 |   Python   |",
        "cgmi": "| 1 | 7 |   C   |",
        "node-scr": "| 1 | 6 |   JavaScript   |",
        "libusnic_verbs": "| 1 | 5 |   Perl   |",
        "opentelemetry-cpp": "| 1 | 1 |   None   |",
        "cisco-otel-java": "| 1 | 0 |   None   |",
        "opentelemetry-python": "| 1 | 1 |   None   |",
        "opentelemetry-python-contrib": "| 1 | 0 |   None   |",
        "meta-cisco-oss": "| 0 | 8 |   BitBake   |",
        "acme-github-issue-tracking": "| 0 | 2 |   None   |",
        "duckling": "| 0 | 4 |   Haskell   |",
        "MongoShake": "| 0 | 2 |   Go   |",
        "pam_mpa": "| 0 | 5 |   C   |",
        "WXM-Invitations": "| 0 | 3 |   C#   |",
        "cloudmapper": "| 0 | 4 |   JavaScript   |",
        "libamvp": "| 0 | 1 |   C   |"
    }
}