{
    "company": "Clarivate",
    "h-index": 6,
    "repo count": 46,
    "contributor count": 1474,
    "size": "todo",
    "employee count": "todo",
    "country": null,
    "top language": "Python",
    "repos": {
        "woslite_py_client": "| 20 | 12 |   Python   |",
        "wos-excel-converter": "| 18 | 8 |   Vue   |",
        "wos-amr": "| 17 | 3 |   Python   |",
        "wosjournals-python-client": "| 13 | 3 |   Python   |",
        "incites-retrieve": "| 11 | 4 |   Python   |",
        "wos_api_usecases": "| 11 | 2 |   Python   |",
        "wos2vivo": "| 6 | 0 |   Python   |",
        "wosjournals-javascript-client": "| 5 | 0 |   JavaScript   |",
        "1p-eureka": "| 1 | 0 |   Java   |",
        "Publons2VIVO": "| 1 | 0 |   Python   |",
        "kong-vagrant": "| 1 | 6 |   Shell   |",
        "angular-image-viewer": "| 1 | 9 |   TypeScript   |",
        "woslite_r_client": "| 1 | 3 |   R   |",
        "snowplow": "| 0 | 0 |   Scala   |",
        "wicked.ui": "| 0 | 4 |   HTML   |",
        "wicked.env": "| 0 | 1 |   JavaScript   |",
        "wicked.kickstarter": "| 0 | 2 |   JavaScript   |",
        "wicked.api": "| 0 | 1 |   JavaScript   |",
        "wicked.mailer": "| 0 | 1 |   JavaScript   |",
        "wicked.kong-adapter": "| 0 | 1 |   TypeScript   |",
        "wicked.chatbot": "| 0 | 0 |   JavaScript   |",
        "wicked.auth-passport": "| 0 | 1 |   JavaScript   |",
        "wicked.auth": "| 0 | 0 |   TypeScript   |",
        "wicked.node-sdk": "| 0 | 1 |   TypeScript   |",
        "dynomite-manager": "| 0 | 2 |   Java   |",
        "VIVO2MyOrg": "| 0 | 0 |   Python   |",
        "generator-jhipster": "| 0 | 1 |   JavaScript   |",
        "dynomite": "| 0 | 0 |   C   |",
        "incites2vivo": "| 0 | 0 |   Python   |",
        "wicked.haufe.io": "| 0 | 6 |   JavaScript   |",
        "jgit": "| 0 | 1 |   Java   |",
        "woslite_csharp_client": "| 0 | 0 |   C#   |",
        "woslite_java_client": "| 0 | 0 |   Java   |",
        "wosjournals-java-client": "| 0 | 1 |   Java   |",
        "ipdata-api-py-client": "| 0 | 0 |   Python   |",
        "ui-router-angular-hybrid": "| 0 | 0 |   None   |",
        "ui-router-angular": "| 0 | 1 |   TypeScript   |",
        "ui-router-angularjs": "| 0 | 0 |   TypeScript   |",
        "wosstarter-python-client": "| 0 | 0 |   None   |",
        "wosstarter-java-client": "| 0 | 1 |   Java   |",
        "wosstarter-javascript-client": "| 0 | 0 |   JavaScript   |",
        "angular.js": "| 0 | 0 |   None   |",
        "ngx-translate-extract": "| 0 | 0 |   None   |",
        "angular-templatecache-webpack-plugin": "| 0 | 0 |   None   |",
        "webpack-merge-and-include-globally": "| 0 | 0 |   None   |",
        "kong-1.5.1": "| 0 | 0 |   None   |"
    }
}