{
    "company": "Clojure",
    "h-index": 55,
    "repo count": 100,
    "contributor count": 580,
    "size": "todo",
    "employee count": "todo",
    "country": null,
    "top language": "Clojure",
    "repos": {
        "clojure": "| 9972 | 1460 |   Java   |",
        "clojurescript": "| 9067 | 783 |   Clojure   |",
        "core.async": "| 1902 | 214 |   Clojure   |",
        "clojure-clr": "| 1471 | 155 |   C#   |",
        "core.logic": "| 1404 | 121 |   Clojure   |",
        "core.typed": "| 1273 | 78 |   Clojure   |",
        "core.match": "| 1141 | 64 |   Clojure   |",
        "test.check": "| 1091 | 114 |   Clojure   |",
        "java.jdbc": "| 701 | 143 |   Clojure   |",
        "tools.cli": "| 685 | 52 |   Clojure   |",
        "tools.nrepl": "| 665 | 86 |   Clojure   |",
        "tools.namespace": "| 583 | 62 |   Clojure   |",
        "data.json": "| 514 | 66 |   Clojure   |",
        "tools.deps.alpha": "| 435 | 78 |   Clojure   |",
        "algo.monads": "| 434 | 46 |   Clojure   |",
        "core.cache": "| 422 | 60 |   Clojure   |",
        "tools.logging": "| 371 | 50 |   Clojure   |",
        "tools.trace": "| 347 | 36 |   Clojure   |",
        "math.combinatorics": "| 334 | 31 |   Clojure   |",
        "spec-alpha2": "| 286 | 25 |   Clojure   |",
        "data.csv": "| 258 | 52 |   Clojure   |",
        "core.memoize": "| 257 | 37 |   Clojure   |",
        "tools.analyzer": "| 253 | 34 |   Clojure   |",
        "clojure-site": "| 243 | 261 |   HTML   |",
        "data.xml": "| 214 | 66 |   Clojure   |",
        "data.finger-tree": "| 212 | 13 |   Clojure   |",
        "tools.reader": "| 204 | 65 |   Clojure   |",
        "spec.alpha": "| 203 | 45 |   Clojure   |",
        "core.rrb-vector": "| 187 | 22 |   Clojure   |",
        "clojure-contrib": "| 181 | 27 |   Clojure   |",
        "data.priority-map": "| 180 | 16 |   Clojure   |",
        "math.numeric-tower": "| 174 | 14 |   Clojure   |",
        "tools.build": "| 171 | 22 |   Clojure   |",
        "test.generative": "| 159 | 15 |   Clojure   |",
        "clojure-cheatsheets": "| 153 | 19 |   HTML   |",
        "core.unify": "| 131 | 9 |   Clojure   |",
        "core.contracts": "| 127 | 14 |   Clojure   |",
        "data.fressian": "| 126 | 12 |   Clojure   |",
        "data.int-map": "| 123 | 11 |   Java   |",
        "data.avl": "| 122 | 21 |   Clojure   |",
        "core.incubator": "| 116 | 12 |   Clojure   |",
        "tools.analyzer.jvm": "| 112 | 23 |   Clojure   |",
        "java.data": "| 109 | 20 |   Clojure   |",
        "tools.macro": "| 107 | 12 |   Clojure   |",
        "clojurescript-site": "| 107 | 144 |   Shell   |",
        "tools.deps.graph": "| 100 | 8 |   Clojure   |",
        "java.jmx": "| 94 | 25 |   Clojure   |",
        "algo.generic": "| 91 | 19 |   Clojure   |",
        "tools.emitter.jvm": "| 89 | 15 |   Clojure   |",
        "data.generators": "| 84 | 18 |   Clojure   |",
        "data.zip": "| 82 | 14 |   Clojure   |",
        "brew-install": "| 77 | 28 |   Shell   |",
        "data.codec": "| 75 | 13 |   Clojure   |",
        "tools.gitlibs": "| 58 | 11 |   Clojure   |",
        "java.classpath": "| 57 | 14 |   Clojure   |",
        "jvm.tools.analyzer": "| 52 | 4 |   Clojure   |",
        "core.specs.alpha": "| 46 | 9 |   Clojure   |",
        "homebrew-tools": "| 40 | 10 |   Ruby   |",
        "test.benchmark": "| 37 | 9 |   Roff   |",
        "tools.tools": "| 35 | 1 |   Clojure   |",
        "data.alpha.replicant-server": "| 26 | 1 |   Clojure   |",
        "clr.tools.nrepl": "| 25 | 11 |   Clojure   |",
        "build.ci": "| 23 | 6 |   Clojure   |",
        "tools.analyzer.js": "| 22 | 5 |   Clojure   |",
        "clojure-install": "| 17 | 4 |   Java   |",
        "algo.graph": "| 16 | 6 |   Clojure   |",
        "tools.deps": "| 16 | 5 |   Clojure   |",
        "clojure.github.com": "| 9 | 6 |   HTML   |",
        "build.poms": "| 8 | 3 |   None   |",
        "core.typed.runtime.jvm": "| 8 | 5 |   Clojure   |",
        "core.typed.analyzer.jvm": "| 8 | 5 |   Clojure   |",
        "clr.data.json": "| 7 | 5 |   Clojure   |",
        "clr.tools.namespace": "| 7 | 4 |   Clojure   |",
        "data.alpha.replicant-client": "| 7 | 0 |   Clojure   |",
        "clr.test.generative": "| 6 | 3 |   Clojure   |",
        "clojure-api-doc": "| 6 | 4 |   Clojure   |",
        "core.typed.annotator.jvm": "| 6 | 5 |   Clojure   |",
        "clr.data.generators": "| 5 | 3 |   Clojure   |",
        "clr.core.async": "| 5 | 0 |   Clojure   |",
        "clr.tools.reader": "| 5 | 3 |   Clojure   |",
        "contrib-api-doc": "| 5 | 6 |   Clojure   |",
        "core.typed.checker.jvm": "| 5 | 5 |   Clojure   |",
        "core.typed.checker.js": "| 5 | 3 |   Clojure   |",
        "io.incubator": "| 4 | 3 |   None   |",
        "clr.tools.analyzer": "| 4 | 3 |   Clojure   |",
        "clr.spec.alpha": "| 3 | 7 |   Clojure   |",
        "clr.core.specs.alpha": "| 3 | 5 |   HTML   |",
        "clr.core.logic": "| 3 | 0 |   Clojure   |",
        "data.enlive": "| 2 | 0 |   None   |",
        "java.internal.invoke": "| 2 | 3 |   None   |",
        "clr.core.memoize": "| 2 | 0 |   Clojure   |",
        "clr.tools.gitlibs": "| 2 | 0 |   HTML   |",
        "net.ring": "| 1 | 0 |   None   |",
        "clr.tools.trace": "| 1 | 0 |   None   |",
        "clr.tools.logging": "| 1 | 0 |   None   |",
        "tools.analyzer.clr": "| 1 | 0 |   Clojure   |",
        "clr.test.check": "| 1 | 5 |   Clojure   |",
        "clr.data.priority-map": "| 1 | 0 |   Clojure   |",
        "clr.core.cache": "| 1 | 0 |   Clojure   |",
        "tools.deps.cli": "| 1 | 1 |   Clojure   |"
    }
}