{
    "company": "Cloudflare",
    "h-index": 124,
    "repo count": 428,
    "contributor count": 7293,
    "size": "todo",
    "employee count": "todo",
    "country": "San Francisco, London, Austin, Lisbon, Singapore",
    "top language": "JavaScript",
    "repos": {
        "cfssl": "| 7785 | 1061 |   Go   |",
        "quiche": "| 7605 | 562 |   Rust   |",
        "cloudflared": "| 5742 | 559 |   Go   |",
        "boringtun": "| 5132 | 344 |   Rust   |",
        "workerd": "| 4628 | 162 |   C++   |",
        "flan": "| 3905 | 283 |   Python   |",
        "miniflare": "| 3319 | 165 |   TypeScript   |",
        "wrangler-legacy": "| 3235 | 386 |   Rust   |",
        "tableflip": "| 2534 | 136 |   Go   |",
        "wildebeest": "| 1902 | 373 |   TypeScript   |",
        "cloudflare-docs": "| 1861 | 2219 |   CSS   |",
        "gokey": "| 1828 | 85 |   Go   |",
        "workers-rs": "| 1663 | 149 |   Rust   |",
        "ebpf_exporter": "| 1622 | 183 |   C   |",
        "redoctober": "| 1358 | 146 |   Go   |",
        "workers-sdk": "| 1352 | 272 |   TypeScript   |",
        "cf-ui": "| 1298 | 101 |   JavaScript   |",
        "sslconfig": "| 1281 | 140 |   None   |",
        "lol-html": "| 1182 | 59 |   Rust   |",
        "hellogopher": "| 1154 | 65 |   Makefile   |",
        "bpftools": "| 1076 | 137 |   Python   |",
        "production-saas": "| 1075 | 45 |   TypeScript   |",
        "cloudflare-go": "| 1048 | 480 |   Go   |",
        "cloudflare-blog": "| 1028 | 234 |   C   |",
        "circl": "| 959 | 105 |   Go   |",
        "templates": "| 931 | 457 |   JavaScript   |",
        "wirefilter": "| 863 | 77 |   Rust   |",
        "utahfs": "| 804 | 49 |   Go   |",
        "Stout": "| 748 | 34 |   Go   |",
        "goflow": "| 722 | 159 |   Go   |",
        "wrangler-action": "| 713 | 108 |   Shell   |",
        "unsee": "| 709 | 47 |   Go   |",
        "mitmengine": "| 687 | 70 |   Go   |",
        "workers-chat-demo": "| 681 | 114 |   JavaScript   |",
        "cf-terraforming": "| 634 | 104 |   Go   |",
        "pint": "| 632 | 32 |   Go   |",
        "workers-graphql-server": "| 627 | 338 |   JavaScript   |",
        "zlib": "| 597 | 75 |   C   |",
        "react-gateway": "| 568 | 94 |   JavaScript   |",
        "cloudflare-php": "| 565 | 211 |   PHP   |",
        "xdpcap": "| 559 | 64 |   Go   |",
        "python-cloudflare": "| 552 | 165 |   Python   |",
        "terraform-provider-cloudflare": "| 547 | 449 |   Go   |",
        "ahocorasick": "| 519 | 93 |   Go   |",
        "lua-resty-logger-socket": "| 474 | 135 |   Perl   |",
        "nginx-google-oauth": "| 426 | 105 |   Lua   |",
        "serde-wasm-bindgen": "| 420 | 28 |   Rust   |",
        "worker-typescript-template": "| 406 | 94 |   TypeScript   |",
        "golibs": "| 401 | 53 |   Go   |",
        "gokeyless": "| 386 | 80 |   Go   |",
        "sandbox": "| 381 | 21 |   C   |",
        "next-on-pages": "| 377 | 61 |   TypeScript   |",
        "mmproxy": "| 370 | 53 |   C   |",
        "workers-types": "| 349 | 102 |   TypeScript   |",
        "rustwasm-worker-template": "| 344 | 59 |   Rust   |",
        "cloudflare-ingress-controller": "| 336 | 61 |   Go   |",
        "lua-resty-cookie": "| 327 | 159 |   Perl   |",
        "cobweb": "| 315 | 12 |   COBOL   |",
        "svg-hush": "| 307 | 8 |   Rust   |",
        "node-cloudflare": "| 306 | 103 |   JavaScript   |",
        "JSON.is": "| 305 | 41 |   JavaScript   |",
        "cfweb3": "| 304 | 52 |   JavaScript   |",
        "sqlalchemy-clickhouse": "| 299 | 107 |   Python   |",
        "workerskv.gui": "| 296 | 27 |   Svelte   |",
        "json-schema-tools": "| 295 | 35 |   JavaScript   |",
        "stpyv8": "| 292 | 29 |   C++   |",
        "gortr": "| 280 | 41 |   Go   |",
        "react-modal2": "| 279 | 24 |   JavaScript   |",
        "tls-tris": "| 279 | 52 |   Go   |",
        "cloudflare.github.io": "| 275 | 31 |   CSS   |",
        "keyless": "| 269 | 81 |   C   |",
        "cf-pgbouncer": "| 258 | 8 |   C   |",
        "go": "| 249 | 40 |   Go   |",
        "isbgpsafeyet.com": "| 242 | 289 |   HTML   |",
        "kv-asset-handler": "| 241 | 52 |   TypeScript   |",
        "dog": "| 239 | 10 |   TypeScript   |",
        "mod_cloudflare": "| 238 | 119 |   C   |",
        "semver_bash": "| 231 | 59 |   Shell   |",
        "doom-wasm": "| 228 | 35 |   C   |",
        "doca": "| 226 | 36 |   JavaScript   |",
        "alertmanager2es": "| 218 | 40 |   Go   |",
        "worker-template-router": "| 217 | 88 |   JavaScript   |",
        "boring": "| 217 | 59 |   Rust   |",
        "cfssl_trust": "| 216 | 43 |   Go   |",
        "tubular": "| 216 | 12 |   C   |",
        "pmtud": "| 215 | 38 |   C   |",
        "cloudflare-docs-engine": "| 215 | 117 |   JavaScript   |",
        "1.1.1.1": "| 213 | 69 |   Pug   |",
        "cloudflare-rs": "| 212 | 52 |   Rust   |",
        "python-worker-hello-world": "| 204 | 35 |   JavaScript   |",
        "saffron": "| 204 | 12 |   Rust   |",
        "certmgr": "| 202 | 47 |   Go   |",
        "pages-action": "| 188 | 49 |   JavaScript   |",
        "Cloudflare-WordPress": "| 182 | 89 |   PHP   |",
        "worker-speedtest-template": "| 182 | 22 |   JavaScript   |",
        "collapsify": "| 179 | 47 |   JavaScript   |",
        "origin-ca-issuer": "| 175 | 53 |   Go   |",
        "loom": "| 170 | 16 |   Lua   |",
        "serverless-cloudflare-workers": "| 170 | 40 |   JavaScript   |",
        "cfnts": "| 168 | 12 |   Rust   |",
        "rakelimit": "| 168 | 11 |   C   |",
        "lockbox": "| 166 | 12 |   Go   |",
        "cfrpki": "| 165 | 42 |   Go   |",
        "lua-resty-json": "| 160 | 35 |   C   |",
        "argo-tunnel-examples": "| 159 | 74 |   HCL   |",
        "workers-web-experiments": "| 159 | 26 |   TypeScript   |",
        "zkp-ecdsa": "| 158 | 19 |   TypeScript   |",
        "go-stream": "| 157 | 19 |   Go   |",
        "netjet": "| 153 | 16 |   JavaScript   |",
        "worker-template": "| 150 | 110 |   JavaScript   |",
        "odoh-rs": "| 147 | 17 |   Rust   |",
        "db-connect": "| 146 | 11 |   TypeScript   |",
        "cbpfc": "| 145 | 20 |   Go   |",
        "sciuro": "| 144 | 4 |   Starlark   |",
        "lua-aho-corasick": "| 140 | 51 |   C++   |",
        "flow-pipeline": "| 140 | 39 |   Go   |",
        "lua-capnproto": "| 139 | 17 |   Lua   |",
        "Cloudflare-CPanel": "| 133 | 99 |   PHP   |",
        "cloudflare-workers-wasm-demo": "| 133 | 24 |   C   |",
        "odoh-go": "| 130 | 14 |   Go   |",
        "workers.cloudflare.com": "| 129 | 37 |   JavaScript   |",
        "stream-react": "| 128 | 24 |   TypeScript   |",
        "jpegtran": "| 126 | 15 |   C   |",
        "shellflip": "| 124 | 4 |   Rust   |",
        "speedtest": "| 121 | 3 |   JavaScript   |",
        "serverless-action": "| 119 | 40 |   Dockerfile   |",
        "bm": "| 118 | 16 |   Go   |",
        "roughtime": "| 117 | 27 |   Go   |",
        "lua-upstream-cache-nginx-module": "| 115 | 44 |   C   |",
        "ngx_brotli_module": "| 115 | 13 |   C   |",
        "bn256": "| 113 | 42 |   Go   |",
        "lazyhtml": "| 112 | 11 |   Rust   |",
        "workers-aws-template": "| 112 | 11 |   JavaScript   |",
        "raven-lua": "| 111 | 56 |   Lua   |",
        "images.pages.dev": "| 110 | 55 |   TypeScript   |",
        "doom-workers": "| 108 | 17 |   JavaScript   |",
        "turnstile-demo-workers": "| 105 | 45 |   HTML   |",
        "workers-docs": "| 104 | 183 |   None   |",
        "linux": "| 102 | 13 |   None   |",
        "slirpnetstack": "| 99 | 15 |   Go   |",
        "claire": "| 98 | 37 |   JavaScript   |",
        "golog": "| 97 | 13 |   Go   |",
        "jgc-talks": "| 97 | 11 |   Go   |",
        "golz4": "| 96 | 39 |   C   |",
        "ipvs": "| 94 | 6 |   Go   |",
        "receipt-printer": "| 92 | 10 |   Python   |",
        "buffer": "| 89 | 16 |   Go   |",
        "workers-wasi": "| 88 | 9 |   C++   |",
        "itty-router-openapi": "| 87 | 13 |   TypeScript   |",
        "workers-react-pwa-example": "| 82 | 10 |   JavaScript   |",
        "complainer": "| 81 | 13 |   Go   |",
        "pal": "| 81 | 9 |   Go   |",
        "miniflare-typescript-esbuild-jest": "| 80 | 23 |   TypeScript   |",
        "logshare": "| 79 | 24 |   Go   |",
        "embed-box": "| 78 | 12 |   JavaScript   |",
        "workers-graphql-gateway-example": "| 78 | 9 |   JavaScript   |",
        "ecommerce-bundles-workers-example": "| 78 | 12 |   Vue   |",
        "html-rewriter-wasm": "| 78 | 7 |   TypeScript   |",
        "goser": "| 77 | 12 |   Protocol Buffer   |",
        "cloudflare-gcp": "| 76 | 48 |   JavaScript   |",
        "odoh-client-go": "| 76 | 15 |   Go   |",
        "php-worker-hello-world": "| 75 | 18 |   PHP   |",
        "worker-template-postgres": "| 75 | 15 |   JavaScript   |",
        "worker-sites-template": "| 73 | 41 |   HTML   |",
        "kafka_zookeeper_exporter": "| 71 | 14 |   Go   |",
        "lua-resty-shcache": "| 70 | 20 |   Lua   |",
        "sliceslice-rs": "| 69 | 11 |   Rust   |",
        "daphne": "| 69 | 15 |   Rust   |",
        "workers-honeycomb-logger": "| 66 | 16 |   TypeScript   |",
        "homebrew-cloudflare": "| 64 | 38 |   Ruby   |",
        "cloudflare-grafana-app": "| 64 | 23 |   JavaScript   |",
        "cobol-worker-template": "| 63 | 11 |   JavaScript   |",
        "odoh-client-rs": "| 63 | 11 |   Rust   |",
        "worker-emscripten-template": "| 62 | 18 |   JavaScript   |",
        "dns": "| 61 | 24 |   Go   |",
        "docker-phan": "| 61 | 24 |   Shell   |",
        "pingora": "| 61 | 0 |   Rust   |",
        "chrome-devtools-rs": "| 60 | 4 |   Rust   |",
        "color": "| 56 | 14 |   JavaScript   |",
        "websocket-template": "| 56 | 30 |   JavaScript   |",
        "opaque-ts": "| 56 | 11 |   TypeScript   |",
        "template-registry": "| 55 | 38 |   TypeScript   |",
        "SortaSQL": "| 54 | 9 |   C++   |",
        "postgres-postgrest-cloudflared-example": "| 54 | 10 |   None   |",
        "chatgpt-plugin": "| 54 | 1 |   JavaScript   |",
        "fourq": "| 53 | 8 |   Go   |",
        "deploy.workers.cloudflare.com": "| 53 | 13 |   JavaScript   |",
        "puppeteer": "| 52 | 3 |   TypeScript   |",
        "Cloudflare-Magento": "| 50 | 17 |   PHP   |",
        "opaque-ea": "| 50 | 7 |   Go   |",
        "securitytxt-worker": "| 48 | 17 |   JavaScript   |",
        "workers-airtable-form": "| 48 | 59 |   JavaScript   |",
        "fgbgp": "| 47 | 10 |   Go   |",
        "binary-install": "| 46 | 20 |   JavaScript   |",
        "pages-build-image": "| 45 | 1 |   None   |",
        "backoff": "| 44 | 9 |   Go   |",
        "authr": "| 44 | 14 |   PHP   |",
        "durable-objects-typescript-rollup-esm": "| 43 | 26 |   TypeScript   |",
        "webcm": "| 43 | 9 |   TypeScript   |",
        "dmarc-email-worker": "| 42 | 3 |   TypeScript   |",
        "cloudflare-access-for-atlassian": "| 41 | 14 |   Java   |",
        "kotlin-worker-hello-world": "| 41 | 9 |   Kotlin   |",
        "opaque-core": "| 39 | 7 |   Go   |",
        "durable-objects-template": "| 39 | 29 |   JavaScript   |",
        "api-schemas": "| 39 | 14 |   JavaScript   |",
        "gokabinet": "| 38 | 6 |   Go   |",
        "pngcrush": "| 38 | 8 |   C   |",
        "salt-cloudflare": "| 38 | 26 |   Python   |",
        "certinel": "| 38 | 11 |   Go   |",
        "go-ipfs": "| 37 | 4 |   Go   |",
        "react-workers-template": "| 37 | 12 |   JavaScript   |",
        "conf": "| 36 | 8 |   Go   |",
        "luajit-mm": "| 36 | 9 |   C   |",
        "worker-sentry": "| 36 | 6 |   JavaScript   |",
        "d1-northwind": "| 36 | 11 |   TypeScript   |",
        "service": "| 35 | 10 |   Go   |",
        "worker-template-mysql": "| 35 | 11 |   JavaScript   |",
        "pages-plugins": "| 35 | 10 |   TypeScript   |",
        "workers-for-platforms-example": "| 35 | 3 |   TypeScript   |",
        "lua-re2": "| 34 | 17 |   Lua   |",
        "a11y-focus-scope": "| 34 | 7 |   JavaScript   |",
        "cf_benchmark": "| 34 | 15 |   Go   |",
        "ct-log": "| 34 | 1 |   Go   |",
        "psi_exporter": "| 33 | 7 |   Rust   |",
        "docker-opentsdb": "| 32 | 19 |   Shell   |",
        "cloudflare-elastic": "| 32 | 24 |   Java   |",
        "pages-stream-demo": "| 32 | 16 |   HTML   |",
        "workers-webpack-example": "| 31 | 13 |   JavaScript   |",
        "cloudflare-plugin-frontend": "| 30 | 24 |   JavaScript   |",
        "ipfs-gateway-monitor": "| 30 | 6 |   Go   |",
        "py-mmdb-encoder": "| 28 | 15 |   Python   |",
        "dkim": "| 28 | 6 |   Rust   |",
        "helm-charts": "| 27 | 24 |   Shell   |",
        "dart-worker-hello-world": "| 27 | 6 |   Dart   |",
        "stripe.pages.dev": "| 27 | 11 |   CSS   |",
        "Coupe": "| 26 | 12 |   JavaScript   |",
        "cfdeploy": "| 26 | 12 |   Go   |",
        "cloudflare.design": "| 26 | 11 |   JavaScript   |",
        "cobol-worker": "| 26 | 9 |   COBOL   |",
        "random-employee-chat": "| 26 | 5 |   JavaScript   |",
        "a11y-focus-store": "| 25 | 7 |   JavaScript   |",
        "json-schema-loader": "| 25 | 13 |   JavaScript   |",
        "opentsdb_exporter": "| 24 | 13 |   Go   |",
        "worker-performance-examples": "| 24 | 5 |   JavaScript   |",
        "durable-objects-rollup-esm": "| 24 | 22 |   JavaScript   |",
        "migp-go": "| 24 | 6 |   Go   |",
        "go-metrics": "| 23 | 9 |   Go   |",
        "tensorflow-nata": "| 23 | 4 |   Jupyter Notebook   |",
        "logsclient": "| 22 | 10 |   Go   |",
        "promsaint": "| 22 | 9 |   Go   |",
        "reason-worker-hello-world": "| 22 | 5 |   Reason   |",
        "workers-google-analytics": "| 22 | 6 |   JavaScript   |",
        "Cloudflare-Policies": "| 21 | 10 |   None   |",
        "cloudflare-plugin-backend": "| 21 | 15 |   PHP   |",
        "redux-grim": "| 21 | 9 |   JavaScript   |",
        "pubsub": "| 21 | 4 |   TypeScript   |",
        "cf-tls": "| 20 | 9 |   Go   |",
        "GHC-Errbot": "| 20 | 14 |   Python   |",
        "submit.pages.dev": "| 20 | 16 |   HTML   |",
        "matched-data-cli": "| 19 | 11 |   Rust   |",
        "research.cloudflare.com": "| 19 | 20 |   Nunjucks   |",
        "pat-app": "| 18 | 7 |   Go   |",
        "cf-webhook-relay": "| 18 | 7 |   JavaScript   |",
        "worker-template-fetch": "| 17 | 10 |   JavaScript   |",
        "apt-transport-cloudflared": "| 17 | 8 |   Go   |",
        "scala-worker-hello-world": "| 17 | 3 |   Scala   |",
        "durable-objects-webpack-commonjs": "| 17 | 8 |   JavaScript   |",
        "devweek": "| 17 | 3 |   TypeScript   |",
        "spdget": "| 16 | 3 |   Go   |",
        "comodo": "| 16 | 10 |   Go   |",
        "badupnp": "| 16 | 11 |   Makefile   |",
        "binast-cf-worker": "| 16 | 13 |   JavaScript   |",
        "the-deep-dive-into-how-verizon-and-a-bgp-optimizer-knocked-large-parts-of-the-internet-offline-monda": "| 16 | 1 |   Shell   |",
        "postgrest-worker-example": "| 16 | 3 |   JavaScript   |",
        "workers-access-external-auth-example": "| 16 | 8 |   JavaScript   |",
        "boringssl-pq": "| 16 | 2 |   C   |",
        "ModCloudFlareIIS": "| 15 | 20 |   C#   |",
        "deadorbit": "| 15 | 7 |   JavaScript   |",
        "json-schema-example-loader": "| 15 | 11 |   JavaScript   |",
        "sslsaas-examples": "| 15 | 10 |   Java   |",
        "voprf-ts": "| 15 | 10 |   JavaScript   |",
        "privacy-gateway-server-go": "| 15 | 9 |   Go   |",
        "dnschanger_detector": "| 14 | 9 |   JavaScript   |",
        "lua-cmsgpack": "| 14 | 5 |   C   |",
        "kv-worker-migrate": "| 14 | 3 |   JavaScript   |",
        "cloudflare-access-for-sentry": "| 14 | 3 |   Python   |",
        "pat-go": "| 14 | 9 |   Go   |",
        "salt": "| 13 | 8 |   Python   |",
        "eslint-plugin-cflint": "| 13 | 5 |   JavaScript   |",
        "doca-bootstrap-theme": "| 13 | 39 |   JavaScript   |",
        ".github": "| 13 | 75 |   None   |",
        "worker-template-static": "| 13 | 6 |   JavaScript   |",
        "perl-worker-hello-world": "| 13 | 5 |   Perl   |",
        "miniflare-esbuild-ava": "| 13 | 4 |   JavaScript   |",
        "privacy-gateway-relay": "| 13 | 2 |   JavaScript   |",
        "pages-fns-with-wasm-demo": "| 13 | 0 |   TypeScript   |",
        "cf-ip-rewrite": "| 12 | 16 |   PHP   |",
        "InstantPlugin": "| 12 | 6 |   JavaScript   |",
        "GCS-Logshare-Setup-Script": "| 12 | 6 |   Shell   |",
        "ngtcp2": "| 12 | 6 |   C   |",
        "hugo-cloudflare-docs": "| 12 | 9 |   JavaScript   |",
        "lasso": "| 12 | 4 |   JavaScript   |",
        "owasp-modsecurity-crs": "| 11 | 7 |   Lua   |",
        "backgridjs.com": "| 11 | 16 |   HTML   |",
        "mitm.watch": "| 11 | 4 |   Go   |",
        "rpki-rtr-client": "| 11 | 10 |   Python   |",
        "dmarc": "| 11 | 3 |   Rust   |",
        "cf-reqwest": "| 11 | 1 |   Rust   |",
        "openssl-deprecate-rc4": "| 10 | 4 |   None   |",
        "cf-nocompress": "| 10 | 6 |   C   |",
        "gatelogic": "| 10 | 4 |   Python   |",
        "circus": "| 9 | 5 |   Python   |",
        "worker-template-redirect": "| 9 | 5 |   JavaScript   |",
        "binjs-demo": "| 9 | 5 |   JavaScript   |",
        "access-crl-worker-template": "| 9 | 4 |   JavaScript   |",
        "stream-angular": "| 9 | 10 |   TypeScript   |",
        "developer-summer-challenge": "| 9 | 6 |   HTML   |",
        "bbmp2kafka": "| 9 | 4 |   Go   |",
        "gosession2": "| 8 | 5 |   Go   |",
        "oauth2": "| 8 | 2 |   Go   |",
        "daemonize": "| 8 | 1 |   Rust   |",
        "modules-rollup-esm": "| 8 | 10 |   JavaScript   |",
        "stream-wordpress": "| 8 | 4 |   JavaScript   |",
        "smoltcp": "| 8 | 2 |   None   |",
        "certbot-dns-cloudflare": "| 8 | 3 |   Python   |",
        "ssh-log-cli": "| 8 | 3 |   Rust   |",
        "qtls-pq": "| 8 | 2 |   None   |",
        "autobench": "| 7 | 7 |   Go   |",
        "postgresql-hll": "| 7 | 2 |   C   |",
        "pngoptimizer": "| 7 | 4 |   C++   |",
        "amphtml": "| 7 | 4 |   JavaScript   |",
        "ui-migration-stats": "| 7 | 4 |   JavaScript   |",
        "service-worker-custom-build": "| 7 | 3 |   JavaScript   |",
        "privacy-gateway-client-library": "| 7 | 3 |   Rust   |",
        "transifex-client": "| 6 | 7 |   JavaScript   |",
        "ljmm": "| 6 | 6 |   C   |",
        "babel-preset-cf": "| 6 | 3 |   JavaScript   |",
        "Cloudflare-Pivotal-Cloud-Foundry": "| 6 | 5 |   Go   |",
        "brotli-go": "| 6 | 6 |   C   |",
        "webcm-docs": "| 6 | 4 |   JavaScript   |",
        "go-originframe": "| 6 | 1 |   Go   |",
        "redox": "| 5 | 5 |   JavaScript   |",
        "stout.is": "| 5 | 6 |   CSS   |",
        "gohbase": "| 5 | 4 |   Go   |",
        "vpnc-scripts": "| 5 | 10 |   Shell   |",
        "font-awesome-glyph": "| 5 | 3 |   HTML   |",
        "scala-worker-kv": "| 5 | 2 |   Scala   |",
        "modules-webpack-commonjs": "| 5 | 6 |   JavaScript   |",
        "h2": "| 5 | 1 |   None   |",
        "nel-rs": "| 5 | 3 |   Rust   |",
        "origin-pull": "| 4 | 5 |   CSS   |",
        "libnetwork": "| 4 | 1 |   Go   |",
        "clair": "| 4 | 0 |   Go   |",
        "tusd": "| 4 | 3 |   Go   |",
        "instaflare": "| 3 | 6 |   JavaScript   |",
        "cloudflarejs": "| 3 | 10 |   None   |",
        "twemcache": "| 3 | 1 |   C   |",
        "phantomjs": "| 3 | 3 |   C++   |",
        "luajit2": "| 3 | 5 |   None   |",
        "goimports-nogroup": "| 3 | 3 |   Go   |",
        "cf-dnssec-demo-domain-1": "| 3 | 4 |   None   |",
        "librdkafka": "| 3 | 4 |   C   |",
        "go-import-redirector": "| 3 | 4 |   Go   |",
        "napalm-salt": "| 3 | 4 |   None   |",
        "amp-by-example": "| 3 | 3 |   HTML   |",
        "lmdb-go": "| 3 | 9 |   C   |",
        "async-std": "| 3 | 1 |   None   |",
        "exim-cve-2019-10149-data": "| 3 | 1 |   None   |",
        "rust-binary-install": "| 3 | 1 |   Rust   |",
        "unbound": "| 3 | 3 |   Go   |",
        "advisories": "| 3 | 3 |   None   |",
        "odoh-analysis": "| 3 | 5 |   M4   |",
        "etherparse": "| 3 | 2 |   None   |",
        "privacy-gateway-client-demo": "| 3 | 3 |   Objective-C   |",
        "net-originframe": "| 3 | 3 |   Go   |",
        "radar-notebooks": "| 3 | 1 |   Jupyter Notebook   |",
        "tokio-tun": "| 3 | 1 |   Rust   |",
        "msft-risky-user-ad-sync": "| 3 | 1 |   JavaScript   |",
        "aloha-rs": "| 3 | 0 |   Rust   |",
        "lua-resty-limit": "| 2 | 3 |   None   |",
        "cf-dnssec-demo-domain-2": "| 2 | 3 |   None   |",
        "docker": "| 2 | 3 |   Go   |",
        "docker-druid": "| 2 | 4 |   Shell   |",
        "mesos": "| 2 | 1 |   C++   |",
        "generator-cf-module": "| 2 | 4 |   JavaScript   |",
        "napalm": "| 2 | 3 |   Python   |",
        "Area1API": "| 2 | 1 |   Python   |",
        "typical.design": "| 2 | 5 |   CSS   |",
        "eslint-config-cloudflare": "| 2 | 0 |   None   |",
        "amp-docs": "| 2 | 1 |   CSS   |",
        "worker-sites-init": "| 2 | 5 |   JavaScript   |",
        "cloudflaretv-apps": "| 2 | 0 |   None   |",
        "ClickHouse": "| 2 | 0 |   None   |",
        "ohttp-analysis": "| 2 | 5 |   M4   |",
        "hyper": "| 2 | 2 |   Rust   |",
        "sxg-rs": "| 2 | 1 |   Rust   |",
        "pat-demo-origin": "| 2 | 0 |   None   |",
        "connection-coalescing-imc22": "| 2 | 1 |   Jupyter Notebook   |",
        "rust-prometheus": "| 2 | 3 |   None   |",
        "angularjs-gravatardirective": "| 1 | 3 |   JavaScript   |",
        "cfapp-canopy": "| 1 | 2 |   JavaScript   |",
        "cfapp-caddi": "| 1 | 4 |   None   |",
        "libjpeg-turbo": "| 1 | 1 |   C   |",
        "angular-schema-form": "| 1 | 5 |   JavaScript   |",
        "napalm-base": "| 1 | 2 |   Python   |",
        "napalm-nxos": "| 1 | 2 |   Python   |",
        "napalm-eos": "| 1 | 2 |   Python   |",
        "napalm-pluribus": "| 1 | 3 |   Python   |",
        "napalm-junos": "| 1 | 2 |   Python   |",
        "napalm-iosxr": "| 1 | 3 |   Python   |",
        "safebrowsing": "| 1 | 0 |   Go   |",
        "ng-showdown": "| 1 | 2 |   JavaScript   |",
        "go-saml": "| 1 | 3 |   Go   |",
        "binast-benches": "| 1 | 2 |   Makefile   |",
        "poise-python": "| 1 | 1 |   Ruby   |",
        "cobol.speedcf.com": "| 1 | 3 |   HTML   |",
        "odoh-proxy-worker": "| 1 | 0 |   None   |",
        "hyperx": "| 1 | 2 |   None   |",
        "go-ipfs-blocklist": "| 1 | 2 |   Go   |",
        "interface-go-ipfs-core": "| 1 | 0 |   None   |",
        "obs-websocket": "| 1 | 2 |   None   |",
        "obs-studio": "| 1 | 1 |   C   |",
        "snmp_exporter": "| 1 | 1 |   None   |",
        "Azure-Sentinel": "| 1 | 0 |   None   |",
        "prometheus-client": "| 1 | 0 |   None   |",
        "elements": "| 1 | 2 |   None   |",
        "nomulus": "| 1 | 1 |   None   |",
        "prometheus-client-rust": "| 0 | 0 |   None   |"
    }
}