{
    "company": "Cloudera",
    "h-index": 29,
    "repo count": 156,
    "contributor count": 1534,
    "size": "todo",
    "employee count": "todo",
    "country": "California, USA",
    "top language": "Java",
    "repos": {
        "livy": "| 998 | 326 |   Scala   |",
        "flume": "| 942 | 217 |   Java   |",
        "hue": "| 857 | 304 |   Python   |",
        "impyla": "| 703 | 231 |   Python   |",
        "cm_api": "| 296 | 283 |   Java   |",
        "cdh-twitter-example": "| 287 | 347 |   Java   |",
        "cloudera-playbook": "| 190 | 186 |   HTML   |",
        "cm_ext": "| 179 | 127 |   Java   |",
        "impala-tpcds-kit": "| 161 | 148 |   Smarty   |",
        "flink-tutorials": "| 155 | 72 |   Java   |",
        "kitten": "| 137 | 39 |   Java   |",
        "hadoop-common.old": "| 99 | 132 |   Java   |",
        "cloudera-scripts-for-log4j": "| 82 | 66 |   Shell   |",
        "kudu-examples": "| 79 | 69 |   None   |",
        "python-ngrams": "| 75 | 31 |   Python   |",
        "clusterdock": "| 71 | 57 |   Python   |",
        "hs2client": "| 70 | 22 |   Thrift   |",
        "director-scripts": "| 62 | 102 |   Shell   |",
        "impala-udf-samples": "| 60 | 45 |   C++   |",
        "cm_csds": "| 51 | 61 |   Shell   |",
        "bigtop": "| 50 | 14 |   Groovy   |",
        "cdh-package": "| 48 | 55 |   Groovy   |",
        "ades": "| 43 | 18 |   Java   |",
        "kafka-examples": "| 42 | 34 |   Scala   |",
        "mapreduce-tutorial": "| 37 | 50 |   Java   |",
        "seismichadoop": "| 33 | 26 |   Java   |",
        "llama": "| 33 | 18 |   Java   |",
        "madlibport": "| 32 | 5 |   C++   |",
        "mahout": "| 30 | 24 |   Java   |",
        "parquet-examples": "| 29 | 28 |   Java   |",
        "dist_test": "| 29 | 23 |   HTML   |",
        "whirr-cm": "| 28 | 18 |   Java   |",
        "Impala": "| 27 | 29 |   C++   |",
        "native-toolchain": "| 25 | 65 |   Shell   |",
        "crepo": "| 24 | 10 |   Python   |",
        "emailarchive": "| 24 | 11 |   Java   |",
        "cdsw-training": "| 23 | 41 |   Python   |",
        "dbt-impala": "| 23 | 12 |   Python   |",
        "navigator-sdk": "| 22 | 23 |   Java   |",
        "hadoop-mapreduce": "| 20 | 16 |   Java   |",
        "director-sdk": "| 18 | 19 |   Java   |",
        "haatkit": "| 17 | 4 |   Python   |",
        "hadoop-hdfs": "| 17 | 22 |   Java   |",
        "thrift_sasl": "| 17 | 51 |   Python   |",
        "oozie.old": "| 16 | 32 |   Java   |",
        "dbt-hive": "| 16 | 9 |   Python   |",
        "sqoop2": "| 15 | 37 |   Java   |",
        "squeasel": "| 15 | 20 |   C   |",
        "python-sasl": "| 15 | 33 |   C++   |",
        "cod-examples": "| 15 | 17 |   Java   |",
        "CML_AMP_Anomaly_Detection": "| 15 | 11 |   Python   |",
        "earthquake": "| 14 | 13 |   Java   |",
        "piglatin-mode": "| 13 | 7 |   Emacs Lisp   |",
        "tutorial-assets": "| 13 | 18 |   Python   |",
        "logredactor": "| 11 | 14 |   Java   |",
        "director-aws-plugin": "| 11 | 13 |   Java   |",
        "strata-tutorial-2016-nyc": "| 11 | 11 |   Scala   |",
        "phoenix": "| 11 | 9 |   Java   |",
        "cdp-sdk-java": "| 11 | 10 |   Java   |",
        "cloudera-airflow-plugins": "| 11 | 7 |   Python   |",
        "cmlextensions": "| 11 | 5 |   Python   |",
        "poisson_sampling": "| 10 | 13 |   R   |",
        "CML_AMP_Image_Analysis": "| 10 | 10 |   Jupyter Notebook   |",
        "community-ml-runtimes": "| 10 | 11 |   Dockerfile   |",
        "director-google-plugin": "| 9 | 18 |   Java   |",
        "cml-training": "| 9 | 14 |   R   |",
        "cdpcli": "| 9 | 9 |   Python   |",
        "dbt-impala-example": "| 9 | 4 |   Python   |",
        "art-widgets": "| 8 | 3 |   JavaScript   |",
        "director-spi": "| 8 | 9 |   Java   |",
        "CML_AMP_Churn_Prediction": "| 8 | 18 |   Jupyter Notebook   |",
        "whirr": "| 7 | 3 |   Java   |",
        "cdp-dev-docs": "| 7 | 2 |   HTML   |",
        "CML_AMP_Continuous_Model_Monitoring": "| 7 | 2 |   CSS   |",
        "CML_AMP_LLM_Chatbot_Augmented_with_Enterprise_Data": "| 7 | 2 |   Python   |",
        "datafu": "| 6 | 8 |   Java   |",
        "parquet-mr": "| 6 | 15 |   Java   |",
        "partner-engineering": "| 6 | 8 |   Shell   |",
        "CML_AMP_Few-Shot_Text_Classification": "| 6 | 6 |   Jupyter Notebook   |",
        "sshj": "| 5 | 3 |   Java   |",
        "haivvreo": "| 5 | 4 |   Java   |",
        "hcatalog-examples": "| 5 | 5 |   Java   |",
        "cdpcurl": "| 5 | 5 |   Python   |",
        "CML_AMP_Structural_Time_Series": "| 5 | 8 |   Python   |",
        "CML_AMP_Question_Answering": "| 5 | 6 |   Python   |",
        "CML_AMP_Canceled_Flight_Prediction": "| 5 | 12 |   Jupyter Notebook   |",
        "ml-runtimes": "| 5 | 1 |   Dockerfile   |",
        "dbt-spark-livy": "| 5 | 10 |   Python   |",
        "dbt-hive-example": "| 5 | 3 |   Python   |",
        "puppet-apt": "| 4 | 3 |   Puppet   |",
        "blog-eclipse": "| 4 | 41 |   Perl   |",
        "github-jira-gateway": "| 4 | 7 |   Groovy   |",
        "director-vsphere-plugin": "| 4 | 4 |   Java   |",
        "crcutil": "| 4 | 5 |   C++   |",
        "CML_AMP_Video_Classification": "| 4 | 3 |   Jupyter Notebook   |",
        "CML_AMP_SpaCy_Entity_Extraction": "| 3 | 5 |   Jupyter Notebook   |",
        "opdb-docker": "| 3 | 1 |   Shell   |",
        "dbt-spark-livy-example": "| 3 | 0 |   Python   |",
        "dbt-spark-cde": "| 3 | 1 |   Python   |",
        "CML_AMP_Dask_on_CML": "| 3 | 1 |   Jupyter Notebook   |",
        "hadoop-meta": "| 2 | 2 |   Shell   |",
        "behavior": "| 2 | 2 |   JavaScript   |",
        "jetty-hadoop-fix": "| 2 | 3 |   Java   |",
        "director-azure-plugin": "| 2 | 5 |   Java   |",
        "altus-sdk-java-samples": "| 2 | 3 |   Java   |",
        "Applied-ML-Prototypes": "| 2 | 10 |   None   |",
        "CML_AMP_MLFlow_Tracking": "| 2 | 9 |   Python   |",
        "CML_AMP_Streamlit_on_CML": "| 2 | 6 |   Python   |",
        "CML_AMP_Object_Detection_Inference": "| 2 | 5 |   Python   |",
        "flink-basic-auth-handler": "| 2 | 3 |   Java   |",
        "flink-kerberos-auth-handler": "| 2 | 4 |   Java   |",
        "CML_AMP_Intelligent_Writing_Assistance": "| 2 | 1 |   Python   |",
        "clientcide": "| 1 | 2 |   JavaScript   |",
        "art": "| 1 | 2 |   JavaScript   |",
        "more-behaviors": "| 1 | 2 |   JavaScript   |",
        "slick": "| 1 | 2 |   JavaScript   |",
        "FitText": "| 1 | 2 |   JavaScript   |",
        "director-byon-plugin-example": "| 1 | 5 |   Java   |",
        "director-spi-tck": "| 1 | 6 |   Java   |",
        "accumulo": "| 1 | 4 |   None   |",
        "altus-azure-tools": "| 1 | 3 |   Shell   |",
        "cde-public": "| 1 | 6 |   Shell   |",
        "CML_AMP_NeuralQA": "| 1 | 5 |   Python   |",
        "CML_AMP_Explainability_LIME_SHAP": "| 1 | 4 |   Jupyter Notebook   |",
        "sqoop-netezza-connector": "| 1 | 2 |   Java   |",
        "CML_AMP_APIv2": "| 1 | 4 |   Jupyter Notebook   |",
        "dbt-spark-cde-example": "| 1 | 0 |   Python   |",
        "cloudera-dbt-deployment": "| 1 | 1 |   Python   |",
        "hcatalog": "| 0 | 7 |   Java   |",
        "impala-lzo": "| 0 | 8 |   C++   |",
        "ops-testing": "| 0 | 2 |   None   |",
        "sentry-solr-integration": "| 0 | 5 |   Java   |",
        "accumulo-upgrade-test": "| 0 | 4 |   Java   |",
        "pelican-elegant": "| 0 | 2 |   HTML   |",
        "catapult": "| 0 | 1 |   HTML   |",
        "tomcat60": "| 0 | 2 |   Java   |",
        "jcarder": "| 0 | 2 |   Java   |",
        "altus-sdk-java": "| 0 | 5 |   Java   |",
        "jackson-databind": "| 0 | 2 |   Java   |",
        "jackson": "| 0 | 3 |   Java   |",
        "oscar": "| 0 | 1 |   Shell   |",
        "dist-tf": "| 0 | 3 |   Python   |",
        "CML_AMP_Active_Learning": "| 0 | 3 |   Python   |",
        "hadoop-lzo": "| 0 | 4 |   Shell   |",
        "CML_AMP_AutoML_with_TPOT": "| 0 | 3 |   Jupyter Notebook   |",
        "CML_AMP_Tensorboard_on_CML": "| 0 | 3 |   Python   |",
        "CML_AMP_Train_Gensim_W2V": "| 0 | 3 |   Jupyter Notebook   |",
        "CML_AMP_Summarize": "| 0 | 6 |   Python   |",
        "pmm-ml": "| 0 | 1 |   HTML   |",
        "learning-hub-content": "| 0 | 1 |   None   |",
        "yarn-log-processor": "| 0 | 1 |   Java   |",
        "Cloudera-TSB": "| 0 | 1 |   Java   |",
        "cloudera-edge-management-grafana-boards": "| 0 | 0 |   None   |",
        "cybersec": "| 0 | 0 |   Java   |",
        "airbyte": "| 0 | 0 |   Java   |",
        "ssb-examples": "| 0 | 0 |   Java   |"
    }
}