{
    "company": "Codrops",
    "h-index": 145,
    "repo count": 298,
    "contributor count": 143,
    "size": "todo",
    "employee count": "todo",
    "country": null,
    "top language": "JavaScript",
    "repos": {
        "PageTransitions": "| 2145 | 439 |   CSS   |",
        "SidebarTransitions": "| 1583 | 236 |   CSS   |",
        "HoverEffectIdeas": "| 1544 | 300 |   CSS   |",
        "Animocons": "| 1515 | 178 |   JavaScript   |",
        "RainEffect": "| 1503 | 258 |   JavaScript   |",
        "ParticleEffectsButtons": "| 1193 | 144 |   JavaScript   |",
        "SeatPreview": "| 1175 | 197 |   HTML   |",
        "DistortedButtonEffects": "| 1115 | 139 |   CSS   |",
        "ModalWindowEffects": "| 997 | 236 |   JavaScript   |",
        "TextInputEffects": "| 969 | 174 |   CSS   |",
        "BookBlock": "| 959 | 264 |   HTML   |",
        "NotificationStyles": "| 932 | 125 |   CSS   |",
        "ElasticProgress": "| 877 | 95 |   JavaScript   |",
        "LineMenuStyles": "| 746 | 206 |   CSS   |",
        "MultiLevelPushMenu": "| 736 | 203 |   JavaScript   |",
        "CreativeButtons": "| 735 | 142 |   CSS   |",
        "FullscreenLayoutPageTransitions": "| 724 | 162 |   JavaScript   |",
        "IconHoverEffects": "| 720 | 177 |   CSS   |",
        "CreativeLinkEffects": "| 719 | 155 |   CSS   |",
        "Interactive3DMallMap": "| 707 | 210 |   HTML   |",
        "ResponsiveMultiLevelMenu": "| 698 | 229 |   HTML   |",
        "OffCanvasMenuEffects": "| 678 | 145 |   CSS   |",
        "Calendario": "| 670 | 166 |   CSS   |",
        "CSSGlitchEffect": "| 660 | 111 |   CSS   |",
        "PageLoadingEffects": "| 634 | 108 |   CSS   |",
        "ProgressButtonStyles": "| 609 | 85 |   CSS   |",
        "MinimalForm": "| 599 | 139 |   JavaScript   |",
        "ButtonComponentMorph": "| 591 | 137 |   HTML   |",
        "DragDropInteractions": "| 576 | 115 |   HTML   |",
        "ImageTiltEffect": "| 573 | 96 |   HTML   |",
        "BlockRevealers": "| 555 | 90 |   HTML   |",
        "SelectInspiration": "| 541 | 132 |   CSS   |",
        "FullscreenForm": "| 540 | 164 |   CSS   |",
        "SegmentEffect": "| 531 | 121 |   HTML   |",
        "AnimatedSVGIcons": "| 524 | 111 |   JavaScript   |",
        "FullscreenOverlayStyles": "| 498 | 106 |   CSS   |",
        "GridLoadingEffects": "| 493 | 125 |   HTML   |",
        "StackMotionHoverEffects": "| 488 | 85 |   HTML   |",
        "Blueprint-VerticalTimeline": "| 465 | 83 |   CSS   |",
        "SlitSlider": "| 461 | 135 |   CSS   |",
        "SimpleDropDownEffects": "| 446 | 111 |   HTML   |",
        "AnimatedHeader": "| 445 | 164 |   HTML   |",
        "ClickEffects": "| 436 | 60 |   CSS   |",
        "Slicebox": "| 435 | 159 |   JavaScript   |",
        "MagneticButtons": "| 429 | 86 |   JavaScript   |",
        "LiquidDistortion": "| 425 | 99 |   JavaScript   |",
        "GridLoadingAnimations": "| 420 | 71 |   HTML   |",
        "ImageRevealHover": "| 412 | 64 |   JavaScript   |",
        "TiltHoverEffects": "| 411 | 76 |   HTML   |",
        "ProximityFeedback": "| 410 | 53 |   HTML   |",
        "CaptionHoverEffects": "| 404 | 83 |   JavaScript   |",
        "Baraja": "| 399 | 88 |   JavaScript   |",
        "DirectionAwareHoverEffect": "| 398 | 116 |   HTML   |",
        "GammaGallery": "| 389 | 111 |   JavaScript   |",
        "AnimatedGridLayout": "| 386 | 123 |   HTML   |",
        "TooltipAnimations": "| 385 | 79 |   JavaScript   |",
        "Blueprint-SlidePushMenus": "| 371 | 110 |   CSS   |",
        "Elastislide": "| 365 | 117 |   JavaScript   |",
        "GridMenu": "| 363 | 70 |   HTML   |",
        "MorphingBackgroundShapes": "| 358 | 67 |   HTML   |",
        "ThumbnailGridExpandingPreview": "| 356 | 143 |   JavaScript   |",
        "PerspectivePageViewNavigation": "| 346 | 68 |   CSS   |",
        "MusicalInteractions": "| 340 | 76 |   JavaScript   |",
        "AnimatedResponsiveImageGrid": "| 324 | 107 |   HTML   |",
        "GoogleNexusWebsiteMenu": "| 323 | 108 |   JavaScript   |",
        "SmoothScrollingImageEffects": "| 323 | 73 |   JavaScript   |",
        "CircularProgressButton": "| 320 | 67 |   CSS   |",
        "GradientTopographyAnimation": "| 317 | 76 |   HTML   |",
        "CreativeGooeyEffects": "| 316 | 53 |   HTML   |",
        "IsometricGrids": "| 312 | 64 |   HTML   |",
        "GridLayoutSlideshow": "| 306 | 80 |   HTML   |",
        "DecorativeLetterAnimations": "| 306 | 77 |   HTML   |",
        "MenuHoverEffects": "| 304 | 72 |   HTML   |",
        "InteractivePoints": "| 301 | 76 |   HTML   |",
        "LineHoverStyles": "| 301 | 62 |   CSS   |",
        "DialogEffects": "| 300 | 53 |   HTML   |",
        "NaturalLanguageForm": "| 299 | 96 |   CSS   |",
        "DiagonalSlideshow": "| 291 | 63 |   JavaScript   |",
        "ElasticSVGElements": "| 287 | 58 |   CSS   |",
        "SmoothScrollAnimations": "| 282 | 81 |   JavaScript   |",
        "PagePreloadingEffect": "| 277 | 66 |   CSS   |",
        "AnimatedBorderMenus": "| 274 | 82 |   CSS   |",
        "InteractiveColoringConcept": "| 269 | 66 |   HTML   |",
        "SearchUIEffects": "| 268 | 47 |   HTML   |",
        "Stapel": "| 265 | 53 |   JavaScript   |",
        "AnimatedFrameSlideshow": "| 264 | 86 |   JavaScript   |",
        "MorphingSearch": "| 259 | 48 |   CSS   |",
        "GridLayoutMotion": "| 241 | 53 |   HTML   |",
        "MotionBlurEffect": "| 237 | 41 |   HTML   |",
        "GridGallery": "| 234 | 132 |   HTML   |",
        "MultiLevelMenu": "| 223 | 84 |   JavaScript   |",
        "OnScrollEffectLayout": "| 222 | 62 |   JavaScript   |",
        "ButtonStylesInspiration": "| 220 | 54 |   CSS   |",
        "ScrollSpiral": "| 216 | 34 |   HTML   |",
        "FolderPreviewIdeas": "| 215 | 51 |   HTML   |",
        "ScrollingLettersAnimation": "| 214 | 45 |   HTML   |",
        "DraggableDualViewSlideshow": "| 213 | 64 |   JavaScript   |",
        "MirrorEffect": "| 213 | 43 |   HTML   |",
        "ButtonHoverStyles": "| 212 | 66 |   CSS   |",
        "LetterInteractions": "| 211 | 49 |   HTML   |",
        "TooltipStylesInspiration": "| 209 | 52 |   CSS   |",
        "ExpandingGridItemAnimation": "| 207 | 60 |   JavaScript   |",
        "ImageGridEffects": "| 202 | 53 |   HTML   |",
        "AnimatedMenuIcon": "| 202 | 30 |   CSS   |",
        "OrganicShapeAnimations": "| 202 | 49 |   HTML   |",
        "OnScrollTypographyAnimations": "| 200 | 47 |   JavaScript   |",
        "Windy": "| 198 | 53 |   JavaScript   |",
        "LetterEffects": "| 198 | 31 |   HTML   |",
        "AnimatedGridPreviews": "| 198 | 53 |   JavaScript   |",
        "TileScroll": "| 192 | 61 |   HTML   |",
        "DotNavigationStyles": "| 190 | 36 |   CSS   |",
        "NavigationIndicators": "| 189 | 35 |   CSS   |",
        "ImageTrailEffects": "| 189 | 51 |   JavaScript   |",
        "PFold": "| 188 | 45 |   JavaScript   |",
        "ShapeHoverEffectSVG": "| 185 | 60 |   CSS   |",
        "ScatteredPolaroidsGallery": "| 184 | 62 |   HTML   |",
        "ElastiStack": "| 180 | 48 |   JavaScript   |",
        "Arctext": "| 178 | 63 |   JavaScript   |",
        "FullWidthTabs": "| 178 | 54 |   CSS   |",
        "GridLayoutScrollableContent": "| 178 | 43 |   HTML   |",
        "MorphingPageTransition": "| 176 | 50 |   HTML   |",
        "MultiLayoutSlideshow": "| 174 | 37 |   HTML   |",
        "PhotographyWebsiteConcept": "| 173 | 68 |   HTML   |",
        "TextStylesHoverEffects": "| 173 | 33 |   CSS   |",
        "TypeShuffleAnimation": "| 173 | 27 |   JavaScript   |",
        "InlineAnchorStyles": "| 172 | 36 |   CSS   |",
        "ExpandingSearchBar": "| 171 | 84 |   JavaScript   |",
        "RecordPlayer": "| 170 | 53 |   HTML   |",
        "PageStackNavigation": "| 167 | 51 |   CSS   |",
        "BookPreview": "| 164 | 56 |   CSS   |",
        "ArrowNavigationStyles": "| 164 | 40 |   CSS   |",
        "SlideOutBoxMenu": "| 164 | 48 |   JavaScript   |",
        "ColumnScroll": "| 161 | 34 |   JavaScript   |",
        "GridZoom": "| 158 | 49 |   JavaScript   |",
        "CardStackEffects": "| 156 | 35 |   CSS   |",
        "FullImageReveal": "| 156 | 35 |   JavaScript   |",
        "PageFlipLayout": "| 156 | 36 |   JavaScript   |",
        "3DRestaurantMenu": "| 154 | 66 |   JavaScript   |",
        "ColorExtraction": "| 153 | 24 |   CSS   |",
        "AudioVisualizers": "| 152 | 22 |   HTML   |",
        "TextTrailEffect": "| 152 | 37 |   JavaScript   |",
        "SamsungGrid": "| 151 | 51 |   JavaScript   |",
        "RapidImageHoverMenu": "| 149 | 31 |   JavaScript   |",
        "MultiboxMenu": "| 148 | 42 |   CSS   |",
        "css-reference-issues": "| 146 | 13 |   None   |",
        "Blueprint-FixedBackgroundScrollingLayout": "| 145 | 42 |   JavaScript   |",
        "AnimatedCustomCursor": "| 144 | 24 |   JavaScript   |",
        "DynamicGrid": "| 143 | 44 |   JavaScript   |",
        "RotatedRevealers": "| 143 | 39 |   JavaScript   |",
        "CircularTextEffect": "| 142 | 25 |   JavaScript   |",
        "3DGridContentPreview": "| 140 | 45 |   JavaScript   |",
        "CSSMarqueeMenu": "| 139 | 37 |   CSS   |",
        "HorizontalSmoothScrollLayout": "| 139 | 32 |   HTML   |",
        "AnimatedLetters": "| 136 | 32 |   JavaScript   |",
        "FancyLetterAnimation": "| 136 | 37 |   HTML   |",
        "DraggableMenu": "| 136 | 33 |   JavaScript   |",
        "FilterableProductGrid": "| 135 | 38 |   HTML   |",
        "ItemSlider": "| 128 | 58 |   CSS   |",
        "ImageGridMotionEffect": "| 127 | 19 |   JavaScript   |",
        "SliceRevealer": "| 125 | 37 |   JavaScript   |",
        "ShapeMorphIdeas": "| 124 | 40 |   HTML   |",
        "PageRevealEffects": "| 123 | 40 |   CSS   |",
        "DistortedLinkEffects": "| 123 | 18 |   JavaScript   |",
        "SplitLayout": "| 122 | 51 |   CSS   |",
        "DeveloperDesignerPageLayout": "| 121 | 46 |   JavaScript   |",
        "ZoomSlider": "| 118 | 51 |   JavaScript   |",
        "GooeyTextHoverEffect": "| 118 | 32 |   HTML   |",
        "CubesAdventCalendar": "| 114 | 50 |   JavaScript   |",
        "YouTubeLeftSideMenu": "| 113 | 45 |   JavaScript   |",
        "CheckoutConcepts": "| 113 | 34 |   CSS   |",
        "GlitchSlideshow": "| 111 | 27 |   CSS   |",
        "OutdoorsTemplate": "| 110 | 51 |   JavaScript   |",
        "WobblySlideshowEffect": "| 109 | 29 |   JavaScript   |",
        "AnimatedImageColumns": "| 109 | 37 |   JavaScript   |",
        "Exhibition": "| 108 | 36 |   JavaScript   |",
        "PasswordStrengthVisualization": "| 107 | 24 |   HTML   |",
        "GridRevealEffects": "| 107 | 40 |   HTML   |",
        "RapidImageHoverMenuEffects": "| 105 | 27 |   JavaScript   |",
        "CodropsTemplate": "| 104 | 29 |   CSS   |",
        "BackgroundScaleHoverEffect": "| 103 | 29 |   HTML   |",
        "LayerMotionSlideshow": "| 101 | 48 |   JavaScript   |",
        "StackSlider": "| 100 | 44 |   JavaScript   |",
        "TooltipMenu": "| 99 | 48 |   JavaScript   |",
        "Blueprint-HorizontalDropDownMenu": "| 97 | 62 |   JavaScript   |",
        "MakeWayGridEffect": "| 96 | 26 |   HTML   |",
        "SuperfluidLayout": "| 95 | 22 |   HTML   |",
        "LineMaker": "| 94 | 22 |   HTML   |",
        "RevealSlideshow": "| 94 | 23 |   JavaScript   |",
        "CrossroadsSlideshow": "| 94 | 33 |   JavaScript   |",
        "FullscreenScroll": "| 94 | 34 |   JavaScript   |",
        "ProductComparison": "| 93 | 30 |   CSS   |",
        "CSSProgress": "| 93 | 30 |   CSS   |",
        "PricingTablesInspiration": "| 91 | 34 |   HTML   |",
        "ShapesSlideshow": "| 91 | 31 |   JavaScript   |",
        "MorphingDevices": "| 90 | 28 |   JavaScript   |",
        "MotionRevealSlideshow": "| 90 | 30 |   HTML   |",
        "ResponsiveIconGrid": "| 89 | 37 |   None   |",
        "FourBoxes": "| 87 | 28 |   CSS   |",
        "MediaPopUpEffect": "| 87 | 25 |   JavaScript   |",
        "TextDistortionEffects": "| 87 | 23 |   JavaScript   |",
        "DraggableImageStrip": "| 87 | 24 |   HTML   |",
        "codrops-sketches": "| 87 | 31 |   JavaScript   |",
        "SwatchBook": "| 86 | 35 |   CSS   |",
        "ThumbFullTransition": "| 86 | 9 |   JavaScript   |",
        "HorizontalSlideOutMenu": "| 85 | 36 |   JavaScript   |",
        "AboveBeneath": "| 84 | 21 |   CSS   |",
        "AnimatedImagePieces": "| 84 | 32 |   HTML   |",
        "ViewModeSwitch": "| 82 | 38 |   JavaScript   |",
        "RoomDisplay": "| 82 | 30 |   CSS   |",
        "SVGImageHover": "| 82 | 28 |   JavaScript   |",
        "PullToShare": "| 79 | 15 |   JavaScript   |",
        "ImageToContent": "| 79 | 25 |   HTML   |",
        "TextRepetitionEffect": "| 78 | 14 |   HTML   |",
        "KineticTypePageTransition": "| 76 | 22 |   JavaScript   |",
        "PreviewContentTransition": "| 75 | 26 |   HTML   |",
        "MenuToGrid": "| 75 | 17 |   HTML   |",
        "ItemRevealer": "| 74 | 15 |   HTML   |",
        "DiagonalThumbnails": "| 74 | 17 |   HTML   |",
        "MenuFullGrid": "| 74 | 23 |   JavaScript   |",
        "OnScrollLetterAnimations": "| 74 | 12 |   HTML   |",
        "ImageDraggingEffects": "| 73 | 18 |   JavaScript   |",
        "DistortedMenuLinkEffects": "| 73 | 16 |   HTML   |",
        "3DLettersMenuHover": "| 73 | 17 |   JavaScript   |",
        "RapidLayersAnimation": "| 72 | 19 |   JavaScript   |",
        "TypographyMotion": "| 72 | 19 |   JavaScript   |",
        "Theodore": "| 72 | 22 |   CSS   |",
        "ProductGridLayout": "| 71 | 27 |   JavaScript   |",
        "SliderPagination": "| 70 | 31 |   JavaScript   |",
        "SlidingHeaderLayout": "| 70 | 28 |   CSS   |",
        "Blueprint-FullWidthImageSlider": "| 69 | 34 |   JavaScript   |",
        "OnScrollPathAnimations": "| 67 | 15 |   HTML   |",
        "Blueprint-BackgroundSlideshow": "| 66 | 43 |   JavaScript   |",
        "ScrollAnimationsGrid": "| 66 | 27 |   HTML   |",
        "DoubleImageHoverEffects": "| 66 | 17 |   JavaScript   |",
        "AnimatedAnimals": "| 65 | 19 |   CSS   |",
        "ScrollLoopMenu": "| 65 | 11 |   JavaScript   |",
        "Blueprint-QuotesRotator": "| 64 | 37 |   JavaScript   |",
        "ShazamButtonEffect": "| 64 | 18 |   JavaScript   |",
        "LinesToLayout": "| 63 | 12 |   JavaScript   |",
        "MarqueeMenu": "| 62 | 16 |   HTML   |",
        "Blueprint-VerticalIconMenu": "| 61 | 27 |   None   |",
        "ThumbHoverSVGFilter": "| 59 | 21 |   HTML   |",
        "VerticalShowcaseSlider": "| 58 | 35 |   JavaScript   |",
        "MultiElementSelection": "| 58 | 15 |   JavaScript   |",
        "WebGLBlobs": "| 58 | 19 |   HTML   |",
        "SlicedDualImageLayout": "| 57 | 25 |   HTML   |",
        "VideoOpeningAnimation": "| 55 | 14 |   CSS   |",
        "CollapsingLogo": "| 55 | 17 |   CSS   |",
        "ResponsiveMultiColumnForm": "| 54 | 37 |   None   |",
        "LittleFragments": "| 54 | 8 |   JavaScript   |",
        "InlineMenuLayout": "| 54 | 17 |   HTML   |",
        "MotionTransitionEffect": "| 52 | 14 |   JavaScript   |",
        "ImageStackGrid": "| 52 | 20 |   JavaScript   |",
        "UnrevealEffects": "| 51 | 19 |   HTML   |",
        "PolaroidStackGrid": "| 49 | 21 |   JavaScript   |",
        "SurfReport": "| 48 | 13 |   JavaScript   |",
        "CoverPageTransition": "| 48 | 15 |   JavaScript   |",
        "DraggableElementsInteraction": "| 47 | 7 |   JavaScript   |",
        "ExpandingBarMenus": "| 47 | 16 |   JavaScript   |",
        "ParanoiaSlideshow": "| 47 | 8 |   JavaScript   |",
        "Blueprint-ElasticContentSlider": "| 46 | 26 |   JavaScript   |",
        "PixelTransition": "| 46 | 11 |   HTML   |",
        "AnimateSVGTextPath": "| 45 | 15 |   HTML   |",
        "codrops2020": "| 44 | 6 |   HTML   |",
        "BackgroundShift": "| 43 | 12 |   HTML   |",
        "ElasticCircleSlideshow": "| 40 | 22 |   JavaScript   |",
        "FullscreenHoverLoop": "| 40 | 15 |   JavaScript   |",
        "LetterShuffleMenu": "| 40 | 11 |   JavaScript   |",
        "ContentLayoutTransition": "| 40 | 8 |   HTML   |",
        "LettersAnimationLayout": "| 39 | 12 |   JavaScript   |",
        "RepetitionHoverEffect": "| 39 | 20 |   HTML   |",
        "InlineToMenuLink": "| 38 | 8 |   JavaScript   |",
        "ExpandingRoundedMenu": "| 38 | 12 |   CSS   |",
        "ScrollPanels": "| 38 | 12 |   HTML   |",
        "Blueprint-ResponsiveFullWidthGrid": "| 37 | 17 |   None   |",
        "MenuThumbStackAnimation": "| 36 | 8 |   JavaScript   |",
        "GridLayoutAnimation": "| 36 | 3 |   CSS   |",
        "OnScrollViewSwitch": "| 35 | 20 |   JavaScript   |",
        "GeekyGlasses": "| 34 | 8 |   HTML   |",
        "GlitchyGrid": "| 34 | 12 |   JavaScript   |",
        "CrosshairDistortion": "| 34 | 7 |   JavaScript   |",
        "GlitchPerspective": "| 34 | 14 |   HTML   |",
        "Blueprint-NestedAccordion": "| 33 | 31 |   JavaScript   |",
        "PlayfulTrampolineEffect": "| 33 | 11 |   HTML   |",
        "RepetitiveTypography": "| 33 | 1 |   JavaScript   |",
        "ImageToGridTransition": "| 33 | 3 |   JavaScript   |",
        "HoverPreviewMiniMap": "| 27 | 8 |   JavaScript   |",
        "FullscreenClipEffect": "| 27 | 9 |   JavaScript   |",
        "GridToSlider": "| 24 | 4 |   JavaScript   |",
        "LoopScrolling": "| 23 | 7 |   HTML   |",
        "GridViewSwitch": "| 22 | 3 |   HTML   |",
        "TriplePanelImageSlider": "| 21 | 11 |   CSS   |",
        "TooltipTransition": "| 21 | 3 |   JavaScript   |",
        "IntroTrailEffect": "| 20 | 6 |   JavaScript   |",
        "InfiniteTubes": "| 12 | 5 |   JavaScript   |",
        "CodropsBranding": "| 11 | 9 |   None   |",
        "InlineLayoutSwitch": "| 10 | 6 |   HTML   |",
        "ImageTilesMenu": "| 9 | 4 |   CSS   |"
    }
}