{
    "company": "COLOPL,Inc.",
    "h-index": 3,
    "repo count": 12,
    "contributor count": 364,
    "size": "todo",
    "employee count": "todo",
    "country": "Tokyo, Japan",
    "top language": "PHP",
    "repos": {
        "laravel-spanner": "| 77 | 14 |   PHP   |",
        "k8s-local-dns": "| 18 | 2 |   Go   |",
        "laravel-tidb": "| 15 | 2 |   PHP   |",
        "gracenode": "| 1 | 0 |   JavaScript   |",
        "expose-kubedns": "| 1 | 0 |   Shell   |",
        "studiolibrary": "| 0 | 0 |   Python   |",
        "mesh-link": "| 0 | 0 |   JavaScript   |",
        "gracelog": "| 0 | 0 |   JavaScript   |",
        "opencensus-node": "| 0 | 0 |   TypeScript   |",
        "twemproxy": "| 0 | 0 |   C   |",
        "apcu": "| 0 | 0 |   PHP   |",
        "php-src": "| 0 | 0 |   C   |"
    }
}