{
    "company": null,
    "h-index": 5,
    "repo count": 8,
    "contributor count": 226,
    "size": "todo",
    "employee count": "todo",
    "country": null,
    "top language": "Ruby",
    "repos": {
        "compass": "| 6771 | 1196 |   CSS   |",
        "compass-rails": "| 594 | 275 |   Ruby   |",
        "compass-growl": "| 20 | 4 |   Ruby   |",
        "compass-blueprint": "| 17 | 8 |   CSS   |",
        "compass-rmagick-engine": "| 8 | 5 |   Ruby   |",
        "compass-theme": "| 3 | 3 |   Ruby   |",
        "extension-registry": "| 1 | 2 |   Ruby   |",
        "compass-sprites": "| 0 | 0 |   None   |"
    }
}