{
    "company": "Coupa Software",
    "h-index": 3,
    "repo count": 83,
    "contributor count": 2434,
    "size": "todo",
    "employee count": "todo",
    "country": "San Mateo, CA",
    "top language": "Ruby",
    "repos": {
        "resque-round-robin": "| 9 | 15 |   Ruby   |",
        "foundation-go": "| 6 | 4 |   Go   |",
        "resque-priority_enqueue": "| 3 | 1 |   Ruby   |",
        "countries": "| 3 | 2 |   Ruby   |",
        "acts_as_tree": "| 2 | 0 |   Ruby   |",
        "dynamo_shuffleboard": "| 2 | 1 |   Java   |",
        "examwriter": "| 2 | 0 |   Ruby   |",
        "hydra-sand": "| 2 | 1 |   Go   |",
        "sand-python": "| 2 | 0 |   Python   |",
        "kafka-oauth": "| 2 | 1 |   Java   |",
        "acts_as_list": "| 1 | 0 |   Ruby   |",
        "acts_as_paranoid": "| 1 | 0 |   Ruby   |",
        "paperclip": "| 1 | 2 |   Ruby   |",
        "bj": "| 1 | 0 |   Ruby   |",
        "delocalize": "| 1 | 3 |   Ruby   |",
        "meta_where": "| 1 | 0 |   Ruby   |",
        "happy_fun_time_bot": "| 1 | 1 |   Ruby   |",
        "rforce": "| 1 | 0 |   Ruby   |",
        "linecache19": "| 1 | 1 |   Ruby   |",
        "ruby-debug-base19": "| 1 | 1 |   Ruby   |",
        "aws-s3": "| 1 | 0 |   Ruby   |",
        "vpim": "| 1 | 0 |   Ruby   |",
        "twitter4r": "| 1 | 0 |   Ruby   |",
        "deadlock_retry": "| 1 | 0 |   Ruby   |",
        "mega_mutex": "| 1 | 0 |   Ruby   |",
        "activerecord-import": "| 1 | 4 |   Ruby   |",
        "letter_opener": "| 1 | 0 |   Ruby   |",
        "globalize": "| 1 | 0 |   Ruby   |",
        "homu": "| 1 | 0 |   Python   |",
        "Birst_Command": "| 1 | 0 |   Ruby   |",
        "userstamp": "| 0 | 3 |   HTML   |",
        "xss_terminate": "| 0 | 3 |   Ruby   |",
        "three20": "| 0 | 0 |   Objective-C   |",
        "mysql2": "| 0 | 1 |   Ruby   |",
        "newrelic_api": "| 0 | 1 |   Ruby   |",
        "ts-resque-delta": "| 0 | 0 |   Ruby   |",
        "crypt19": "| 0 | 0 |   Ruby   |",
        "wkhtmltopdf": "| 0 | 0 |   C++   |",
        "TSMessages": "| 0 | 0 |   Objective-C   |",
        "CMPopTipView": "| 0 | 0 |   Objective-C   |",
        "resque": "| 0 | 2 |   Ruby   |",
        "attr_encrypted": "| 0 | 0 |   Ruby   |",
        "secure-swfupload": "| 0 | 0 |   JavaScript   |",
        "bounce_email": "| 0 | 0 |   Ruby   |",
        "resque-scheduler": "| 0 | 1 |   Ruby   |",
        "knapsack": "| 0 | 0 |   Ruby   |",
        "squeel": "| 0 | 0 |   Ruby   |",
        "after_party": "| 0 | 0 |   Ruby   |",
        "sand-ruby": "| 0 | 0 |   Ruby   |",
        "sand-go": "| 0 | 2 |   Go   |",
        "loofah": "| 0 | 0 |   Ruby   |",
        "fakeweb": "| 0 | 0 |   Ruby   |",
        "ghprb-plugin": "| 0 | 0 |   Java   |",
        "credentials-plugin": "| 0 | 0 |   Java   |",
        "ruby-gpgme": "| 0 | 0 |   Ruby   |",
        "jquery-rails": "| 0 | 0 |   Ruby   |",
        "fosite": "| 0 | 0 |   Go   |",
        "mailosaur-ruby": "| 0 | 0 |   Ruby   |",
        "chosen": "| 0 | 3 |   HTML   |",
        "resque-pool": "| 0 | 0 |   Ruby   |",
        "graphicsmagick-binary": "| 0 | 0 |   Makefile   |",
        "paperclip-azure": "| 0 | 1 |   Ruby   |",
        "simple_health_check": "| 0 | 0 |   Ruby   |",
        "aasm": "| 0 | 0 |   Ruby   |",
        "syck": "| 0 | 0 |   C   |",
        "clair_reporter": "| 0 | 0 |   Go   |",
        "go-wkhtmltox": "| 0 | 0 |   Go   |",
        "bimg": "| 0 | 0 |   Go   |",
        "ruby-kafka": "| 0 | 0 |   Ruby   |",
        "rdkafka-ruby": "| 0 | 2 |   Ruby   |",
        "sand-java": "| 0 | 1 |   Java   |",
        "AppAuth-Android": "| 0 | 0 |   Java   |",
        "vault": "| 0 | 0 |   Go   |",
        "oathkeeper": "| 0 | 0 |   Go   |",
        "ladon": "| 0 | 0 |   None   |",
        "foundation-emails": "| 0 | 0 |   HTML   |",
        "resque-dynamic-queues": "| 0 | 0 |   Ruby   |",
        "looker-sdk-ruby": "| 0 | 0 |   None   |",
        "qr-to-otp": "| 0 | 0 |   None   |",
        "dry-types": "| 0 | 0 |   None   |",
        "dynamic_form": "| 0 | 0 |   None   |",
        "makara": "| 0 | 0 |   None   |",
        "rugged": "| 0 | 0 |   None   |"
    }
}