{
    "company": "coupang",
    "h-index": 2,
    "repo count": 18,
    "contributor count": 1261,
    "size": "todo",
    "employee count": "todo",
    "country": "seoul",
    "top language": "Java",
    "repos": {
        "spring-data-requery": "| 47 | 5 |   Java   |",
        "telegraf": "| 2 | 0 |   Go   |",
        "spring-jade4j": "| 1 | 2 |   Java   |",
        "kafka": "| 1 | 0 |   Java   |",
        "jedis": "| 0 | 0 |   Java   |",
        "simple-spring-memcached": "| 0 | 1 |   Java   |",
        "cdnjs": "| 0 | 1 |   JavaScript   |",
        "opentsdb": "| 0 | 0 |   Java   |",
        "pinpoint": "| 0 | 0 |   Java   |",
        "graphite-cyanite": "| 0 | 0 |   Python   |",
        "Diamond": "| 0 | 1 |   Python   |",
        "initializr": "| 0 | 1 |   Groovy   |",
        "ace": "| 0 | 1 |   HTML   |",
        "coupang-korean-text": "| 0 | 1 |   None   |",
        "coupang-metrics": "| 0 | 0 |   None   |",
        "hibernate-redis": "| 0 | 1 |   None   |",
        "wilson": "| 0 | 0 |   None   |",
        "product-units": "| 0 | 1 |   None   |"
    }
}