{
    "company": "Coursera",
    "h-index": 15,
    "repo count": 80,
    "contributor count": 2133,
    "size": "todo",
    "employee count": "todo",
    "country": "Mountain View, CA",
    "top language": "JavaScript",
    "repos": {
        "dataduct": "| 248 | 82 |   Python   |",
        "pandas-ply": "| 194 | 26 |   HTML   |",
        "metrics-datadog": "| 188 | 104 |   Java   |",
        "naptime": "| 133 | 33 |   Scala   |",
        "courier": "| 97 | 23 |   Scala   |",
        "autoschema": "| 53 | 34 |   Scala   |",
        "retracked": "| 49 | 5 |   JavaScript   |",
        "js-libraries-snapshot": "| 34 | 10 |   JavaScript   |",
        "programming-assignments-demo": "| 32 | 27 |   Python   |",
        "courseraprogramming": "| 31 | 20 |   Python   |",
        "swift-style-guide": "| 30 | 6 |   None   |",
        "shift": "| 24 | 5 |   Java   |",
        "courseraresearchexports": "| 19 | 12 |   Python   |",
        "bootstrap3-stylus": "| 16 | 7 |   CSS   |",
        "forum-js-snapshot": "| 15 | 1 |   None   |",
        "ios-scrubber": "| 14 | 2 |   Swift   |",
        "yudi": "| 13 | 1 |   JavaScript   |",
        "coursera-labs": "| 13 | 12 |   JavaScript   |",
        "react-imgix": "| 12 | 1 |   JavaScript   |",
        "plugin-examples": "| 12 | 4 |   JavaScript   |",
        "courscala": "| 10 | 7 |   Scala   |",
        "coursera_autograder": "| 10 | 11 |   Python   |",
        "buggy": "| 9 | 6 |   JavaScript   |",
        "foody": "| 7 | 4 |   JavaScript   |",
        "booky": "| 6 | 6 |   JavaScript   |",
        "amazon-ecs-agent": "| 5 | 1 |   Go   |",
        "courseraoauth2client": "| 5 | 8 |   Python   |",
        "COShakit-ios": "| 4 | 0 |   Objective-C   |",
        "scribe-plugin-table-command": "| 4 | 5 |   JavaScript   |",
        "coursera.github.io": "| 4 | 7 |   CSS   |",
        "arcanist": "| 3 | 4 |   PHP   |",
        "aegisthus": "| 2 | 6 |   Java   |",
        "video.js": "| 2 | 3 |   JavaScript   |",
        "less2stylus": "| 2 | 0 |   CoffeeScript   |",
        "COShakit-android": "| 2 | 0 |   Java   |",
        "go-dockerclient": "| 2 | 1 |   Go   |",
        "scala-uri": "| 2 | 0 |   Scala   |",
        "grafana": "| 2 | 2 |   JavaScript   |",
        "eslint-config-coursera": "| 2 | 9 |   JavaScript   |",
        "emscripts": "| 2 | 2 |   JavaScript   |",
        "gitbook-plugin-page-feedback": "| 2 | 2 |   JavaScript   |",
        "webpack-multi-output": "| 2 | 3 |   JavaScript   |",
        "abcdefghiJson": "| 1 | 2 |   JavaScript   |",
        "fontawesome4-stylus": "| 1 | 1 |   CSS   |",
        "triple-latte": "| 1 | 5 |   JavaScript   |",
        "scribe-plugins": "| 1 | 0 |   None   |",
        "zipkin": "| 1 | 1 |   Scala   |",
        "react-codemod": "| 1 | 1 |   JavaScript   |",
        "wikiextractor": "| 1 | 0 |   Python   |",
        "eslint-plugin-coursera": "| 1 | 3 |   JavaScript   |",
        "Tweaks": "| 1 | 1 |   Objective-C   |",
        "phabricator": "| 0 | 1 |   PHP   |",
        "progeny": "| 0 | 1 |   CoffeeScript   |",
        "node-jscs": "| 0 | 0 |   None   |",
        "homebrew": "| 0 | 1 |   None   |",
        "compatibility-data": "| 0 | 0 |   None   |",
        "jshint": "| 0 | 2 |   JavaScript   |",
        "DTCoreText": "| 0 | 0 |   Objective-C   |",
        "DTFoundation": "| 0 | 0 |   Objective-C   |",
        "scribe-plugin-placeholder": "| 0 | 2 |   JavaScript   |",
        "jade4j": "| 0 | 1 |   Java   |",
        "puppet-sudo": "| 0 | 0 |   Ruby   |",
        "ExoPlayer": "| 0 | 1 |   Java   |",
        "js-codemod": "| 0 | 0 |   JavaScript   |",
        "looker-slackbot": "| 0 | 0 |   CoffeeScript   |",
        "winston": "| 0 | 1 |   JavaScript   |",
        "cassandra-reaper": "| 0 | 0 |   Java   |",
        "jscodemods": "| 0 | 0 |   None   |",
        "change-tracker": "| 0 | 1 |   JavaScript   |",
        "homebrew-devenv": "| 0 | 1 |   Ruby   |",
        "jest": "| 0 | 0 |   JavaScript   |",
        "arc-extensions": "| 0 | 0 |   PHP   |",
        "webpack-dll-bundles-plugin": "| 0 | 1 |   TypeScript   |",
        "cassandra": "| 0 | 0 |   Java   |",
        "aws-codebuild-docker-images": "| 0 | 1 |   Shell   |",
        "jest-phabricator-report": "| 0 | 1 |   JavaScript   |",
        "danger-plugin-eslint": "| 0 | 2 |   TypeScript   |",
        "kayenta": "| 0 | 0 |   Java   |",
        "libphutil": "| 0 | 0 |   C++   |",
        "terraform-provider-redshift": "| 0 | 3 |   Go   |"
    }
}