{
    "company": "Ctrip, Inc.",
    "h-index": 25,
    "repo count": 47,
    "contributor count": 839,
    "size": "todo",
    "employee count": "todo",
    "country": "Shanghai, China",
    "top language": "Java",
    "repos": {
        "C-OCR": "| 2287 | 604 |   Java   |",
        "x-pipe": "| 1727 | 488 |   Java   |",
        "CRN": "| 1432 | 205 |   JavaScript   |",
        "dal": "| 1235 | 460 |   Java   |",
        "flybirds": "| 739 | 91 |   Python   |",
        "moles-packer": "| 720 | 118 |   JavaScript   |",
        "wean": "| 384 | 42 |   JavaScript   |",
        "tars": "| 361 | 156 |   JavaScript   |",
        "vi": "| 263 | 112 |   Java   |",
        "dataworks-zeus": "| 153 | 108 |   Java   |",
        "nephele": "| 145 | 51 |   Go   |",
        "SQLlin": "| 140 | 3 |   Kotlin   |",
        "hermes": "| 84 | 55 |   Java   |",
        "mmkv-kotlin": "| 78 | 5 |   Kotlin   |",
        "drc": "| 77 | 18 |   Java   |",
        "xredis": "| 72 | 23 |   C   |",
        "cat.net": "| 69 | 46 |   C#   |",
        "tripdocs": "| 64 | 9 |   TypeScript   |",
        "zeus": "| 53 | 41 |   JavaScript   |",
        "kbear": "| 50 | 23 |   Java   |",
        "cat": "| 46 | 20 |   JavaScript   |",
        "artemis": "| 40 | 12 |   Java   |",
        "caravan": "| 34 | 17 |   Java   |",
        "cat.js": "| 27 | 24 |   JavaScript   |",
        "cat2": "| 27 | 15 |   JavaScript   |",
        "bigqueue": "| 24 | 14 |   Java   |",
        "ghost": "| 18 | 8 |   Go   |",
        "caravan.net": "| 9 | 6 |   C#   |",
        "chystrix.net": "| 7 | 8 |   C#   |",
        "xredis-crdt": "| 7 | 0 |   C   |",
        "crdt-module": "| 5 | 1 |   C   |",
        "hermes.js": "| 4 | 3 |   None   |",
        "artemis.net": "| 4 | 4 |   C#   |",
        "ferris-wheel": "| 4 | 0 |   Java   |",
        "TripLink": "| 3 | 1 |   Java   |",
        "ceph-sync": "| 2 | 1 |   JavaScript   |",
        "kvrocks": "| 2 | 0 |   None   |",
        "venus": "| 1 | 8 |   None   |",
        "ares-ceph": "| 1 | 2 |   None   |",
        "nodejs.ceph-cli": "| 1 | 0 |   JavaScript   |",
        "nodejs.ceph-agent": "| 1 | 0 |   JavaScript   |",
        "react-native-cba": "| 1 | 0 |   None   |",
        "OSSRH-71894": "| 0 | 0 |   None   |",
        "lingjie": "| 0 | 0 |   None   |",
        "xredis-gtid": "| 0 | 0 |   C   |",
        "ctripcorp.github.io": "| 0 | 0 |   CSS   |",
        "rocksdb": "| 0 | 0 |   None   |"
    }
}