{
    "company": "D3",
    "h-index": 45,
    "repo count": 54,
    "contributor count": 323,
    "size": "todo",
    "employee count": "todo",
    "country": "San Francisco, CA",
    "top language": "JavaScript",
    "repos": {
        "d3": "| 105284 | 23311 |   JavaScript   |",
        "d3-shape": "| 2400 | 319 |   JavaScript   |",
        "d3-plugins": "| 1811 | 700 |   JavaScript   |",
        "d3-force": "| 1563 | 358 |   JavaScript   |",
        "d3-scale": "| 1518 | 292 |   JavaScript   |",
        "d3-queue": "| 1412 | 148 |   JavaScript   |",
        "d3-geo-projection": "| 1016 | 211 |   JavaScript   |",
        "d3-hierarchy": "| 983 | 315 |   JavaScript   |",
        "d3-geo": "| 936 | 161 |   JavaScript   |",
        "d3-scale-chromatic": "| 753 | 106 |   JavaScript   |",
        "d3-sankey": "| 713 | 238 |   JavaScript   |",
        "d3-ease": "| 596 | 47 |   JavaScript   |",
        "d3-format": "| 583 | 113 |   JavaScript   |",
        "d3-delaunay": "| 556 | 52 |   JavaScript   |",
        "d3-selection": "| 536 | 305 |   JavaScript   |",
        "d3-contour": "| 467 | 60 |   JavaScript   |",
        "d3-interpolate": "| 457 | 77 |   JavaScript   |",
        "d3-zoom": "| 455 | 143 |   JavaScript   |",
        "d3-array": "| 431 | 198 |   JavaScript   |",
        "d3-dsv": "| 398 | 80 |   JavaScript   |",
        "d3-color": "| 379 | 91 |   JavaScript   |",
        "d3-time-format": "| 313 | 99 |   JavaScript   |",
        "d3-drag": "| 309 | 65 |   JavaScript   |",
        "d3-voronoi": "| 249 | 61 |   JavaScript   |",
        "d3-time": "| 222 | 61 |   JavaScript   |",
        "d3-hexbin": "| 214 | 34 |   JavaScript   |",
        "d3-quadtree": "| 213 | 51 |   JavaScript   |",
        "d3-fetch": "| 211 | 38 |   JavaScript   |",
        "d3-transition": "| 208 | 64 |   JavaScript   |",
        "d3.github.com": "| 195 | 156 |   JavaScript   |",
        "d3-axis": "| 193 | 115 |   JavaScript   |",
        "d3-path": "| 186 | 41 |   JavaScript   |",
        "d3-timer": "| 153 | 43 |   JavaScript   |",
        "d3-brush": "| 150 | 55 |   JavaScript   |",
        "d3-3.x-api-reference": "| 149 | 269 |   None   |",
        "d3-random": "| 133 | 35 |   JavaScript   |",
        "d3-chord": "| 119 | 46 |   JavaScript   |",
        "d3-tile": "| 116 | 25 |   JavaScript   |",
        "d3-collection": "| 110 | 42 |   JavaScript   |",
        "d3-request": "| 108 | 54 |   JavaScript   |",
        "d3-geo-polygon": "| 99 | 22 |   JavaScript   |",
        "d3-polygon": "| 95 | 24 |   JavaScript   |",
        "d3-selection-multi": "| 74 | 16 |   JavaScript   |",
        "d3-require": "| 74 | 22 |   JavaScript   |",
        "d3-dispatch": "| 73 | 26 |   JavaScript   |",
        "d3-bundler": "| 33 | 9 |   JavaScript   |",
        "versor": "| 32 | 10 |   JavaScript   |",
        "d3-hsv": "| 25 | 12 |   JavaScript   |",
        "d3-logo": "| 22 | 21 |   None   |",
        "d3-cam16": "| 20 | 13 |   JavaScript   |",
        "d3-hcg": "| 19 | 10 |   JavaScript   |",
        "d3-scripts": "| 14 | 9 |   JavaScript   |",
        "d3-hull": "| 13 | 11 |   JavaScript   |",
        "blur-benchmark": "| 1 | 2 |   JavaScript   |"
    }
}