{
    "company": "\u5f53\u5f53",
    "h-index": 5,
    "repo count": 8,
    "contributor count": 80,
    "size": "todo",
    "employee count": "todo",
    "country": null,
    "top language": "Java",
    "repos": {
        "dubbox": "| 4926 | 2091 |   Java   |",
        "config-toolkit": "| 500 | 319 |   Java   |",
        "cymbal": "| 58 | 12 |   Java   |",
        "incubator-skywalking": "| 10 | 3 |   Java   |",
        "dubbo_exporter": "| 6 | 4 |   Java   |",
        "incubator-dubbo-docs": "| 3 | 3 |   None   |",
        "spring-data-ext": "| 1 | 1 |   Java   |",
        "orange": "| 1 | 1 |   Lua   |"
    }
}