{
    "company": "Datawhale",
    "h-index": 41,
    "repo count": 75,
    "contributor count": 273,
    "size": "todo",
    "employee count": "todo",
    "country": null,
    "top language": "Jupyter Notebook",
    "repos": {
        "pumpkin-book": "| 21507 | 4607 |   None   |",
        "leedl-tutorial": "| 7564 | 2258 |   Jupyter Notebook   |",
        "easy-rl": "| 6388 | 1496 |   Jupyter Notebook   |",
        "joyful-pandas": "| 3813 | 1667 |   Jupyter Notebook   |",
        "competition-baseline": "| 3393 | 974 |   Jupyter Notebook   |",
        "fun-rec": "| 2387 | 595 |   Jupyter Notebook   |",
        "prompt-engineering-for-developers": "| 2256 | 252 |   Jupyter Notebook   |",
        "team-learning": "| 2085 | 700 |   None   |",
        "daily-interview": "| 1949 | 380 |   HTML   |",
        "team-learning-data-mining": "| 1319 | 774 |   Jupyter Notebook   |",
        "hugging-llm": "| 1238 | 191 |   Jupyter Notebook   |",
        "statistical-learning-method-solutions-manual": "| 1218 | 193 |   Jupyter Notebook   |",
        "key-book": "| 1186 | 156 |   None   |",
        "learn-nlp-with-transformers": "| 973 | 211 |   Shell   |",
        "thorough-pytorch": "| 967 | 246 |   Jupyter Notebook   |",
        "hands-on-data-analysis": "| 881 | 321 |   Jupyter Notebook   |",
        "team-learning-program": "| 734 | 367 |   Jupyter Notebook   |",
        "team-learning-nlp": "| 697 | 247 |   Jupyter Notebook   |",
        "dive-into-cv-pytorch": "| 657 | 163 |   Python   |",
        "wonderful-sql": "| 481 | 141 |   None   |",
        "fantastic-matplotlib": "| 387 | 100 |   Python   |",
        "machine-learning-toy-code": "| 342 | 110 |   Jupyter Notebook   |",
        "team-learning-cv": "| 250 | 142 |   Jupyter Notebook   |",
        "powerful-numpy": "| 246 | 66 |   Jupyter Notebook   |",
        "torch-rechub": "| 231 | 53 |   Python   |",
        "learn-python-the-smart-way": "| 195 | 70 |   Jupyter Notebook   |",
        "vced": "| 166 | 40 |   Python   |",
        "juicy-bigdata": "| 162 | 27 |   Python   |",
        "team-learning-sql": "| 160 | 59 |   None   |",
        "DOPMC": "| 118 | 11 |   None   |",
        "office-automation": "| 118 | 26 |   Jupyter Notebook   |",
        "free-excel": "| 98 | 34 |   CSS   |",
        "ensemble-learning": "| 90 | 33 |   Jupyter Notebook   |",
        "leetcode-notes": "| 88 | 21 |   None   |",
        "unusual-deep-learning": "| 77 | 29 |   None   |",
        "undingable-optimization": "| 56 | 17 |   None   |",
        "faster-git": "| 56 | 28 |   None   |",
        "hands-dirty-nlp": "| 55 | 13 |   Jupyter Notebook   |",
        "releasing-research-code": "| 52 | 16 |   None   |",
        "sweetalk-design-pattern": "| 48 | 9 |   C++   |",
        "go-talent": "| 42 | 23 |   Go   |",
        "wow-plotly": "| 38 | 14 |   Jupyter Notebook   |",
        "joyrl": "| 34 | 8 |   Python   |",
        "time-series-learning": "| 33 | 22 |   Jupyter Notebook   |",
        "rl-papers": "| 29 | 7 |   None   |",
        "openmmlab-tutorial": "| 27 | 4 |   Jupyter Notebook   |",
        "team-learning-rl": "| 24 | 9 |   None   |",
        "whale-anno": "| 23 | 6 |   Vue   |",
        "d2l-ai-solutions-manual": "| 23 | 9 |   Jupyter Notebook   |",
        "whale-web": "| 21 | 44 |   Python   |",
        "ML-FTTI": "| 16 | 6 |   Python   |",
        "aima-notes": "| 14 | 2 |   None   |",
        "magic-cv": "| 13 | 4 |   Jupyter Notebook   |",
        "coggle": "| 12 | 6 |   None   |",
        "learn-python-the-smart-way-v2": "| 12 | 6 |   Jupyter Notebook   |",
        "grape-book": "| 8 | 1 |   None   |",
        "awesome-DeepLearning": "| 6 | 2 |   None   |",
        "HandPoseKeyPoints": "| 5 | 3 |   None   |",
        "easy-grokking-deep-learning": "| 5 | 0 |   Python   |",
        "hello-net": "| 4 | 4 |   None   |",
        "design-and-analysis-of-algorithm": "| 4 | 8 |   None   |",
        "leeml-notes": "| 4 | 1 |   None   |",
        "obsession-with-ai": "| 2 | 2 |   None   |",
        "ai-club": "| 2 | 0 |   None   |",
        "datawhale-homepage": "| 1 | 0 |   CSS   |",
        "start-deep-learning-on-graphs": "| 1 | 0 |   None   |",
        "whale-share": "| 1 | 1 |   None   |",
        "whale-governance": "| 1 | 1 |   None   |",
        "joyrl-book": "| 1 | 0 |   Jupyter Notebook   |",
        "DatawhaleApp": "| 0 | 1 |   None   |",
        ".github": "| 0 | 0 |   None   |",
        "LODLs_budget": "| 0 | 0 |   None   |",
        "data-compare": "| 0 | 0 |   None   |",
        "repo-test": "| 0 | 0 |   None   |",
        "caublazer": "| 0 | 0 |   None   |"
    }
}