{
    "company": "DeepMind",
    "h-index": 95,
    "repo count": 193,
    "contributor count": 731,
    "size": "todo",
    "employee count": "todo",
    "country": "London",
    "top language": "Python",
    "repos": {
        "deepmind-research": "| 11818 | 2419 |   Jupyter Notebook   |",
        "alphafold": "| 10304 | 1837 |   Python   |",
        "sonnet": "| 9562 | 1356 |   Python   |",
        "pysc2": "| 7752 | 1154 |   Python   |",
        "lab": "| 6867 | 1376 |   C   |",
        "mujoco": "| 5697 | 533 |   C   |",
        "graph_nets": "| 5252 | 779 |   Python   |",
        "learning-to-learn": "| 4059 | 618 |   Python   |",
        "open_spiel": "| 3656 | 814 |   C++   |",
        "dm_control": "| 3185 | 609 |   Python   |",
        "trfl": "| 3141 | 386 |   Python   |",
        "acme": "| 3102 | 396 |   Python   |",
        "dm-haiku": "| 2481 | 206 |   Python   |",
        "dnc": "| 2473 | 455 |   Python   |",
        "alphatensor": "| 2462 | 207 |   Python   |",
        "mctx": "| 1855 | 152 |   Python   |",
        "code_contests": "| 1749 | 182 |   C++   |",
        "kinetics-i3d": "| 1632 | 464 |   Python   |",
        "mathematics_dataset": "| 1597 | 223 |   Python   |",
        "bsuite": "| 1392 | 178 |   Python   |",
        "educational": "| 1329 | 183 |   Jupyter Notebook   |",
        "rc-data": "| 1285 | 245 |   Python   |",
        "jraph": "| 1152 | 73 |   Python   |",
        "optax": "| 1098 | 108 |   Python   |",
        "rlax": "| 1017 | 73 |   Python   |",
        "scalable_agent": "| 947 | 163 |   Python   |",
        "neural-processes": "| 921 | 147 |   Jupyter Notebook   |",
        "android_env": "| 849 | 50 |   Python   |",
        "tree": "| 817 | 51 |   Python   |",
        "dramatron": "| 758 | 109 |   Jupyter Notebook   |",
        "xmanager": "| 697 | 36 |   Python   |",
        "reverb": "| 655 | 78 |   C++   |",
        "pycolab": "| 651 | 121 |   Python   |",
        "hanabi-learning-environment": "| 606 | 137 |   Python   |",
        "ai-safety-gridworlds": "| 575 | 117 |   Python   |",
        "chex": "| 556 | 31 |   Python   |",
        "ferminet": "| 546 | 97 |   Python   |",
        "dqn": "| 540 | 156 |   Lua   |",
        "mujoco_menagerie": "| 520 | 59 |   Python   |",
        "ithaca": "| 491 | 48 |   Jupyter Notebook   |",
        "dsprites-dataset": "| 436 | 70 |   Jupyter Notebook   |",
        "distrax": "| 417 | 27 |   Python   |",
        "surface-distance": "| 411 | 100 |   Python   |",
        "narrativeqa": "| 410 | 67 |   Shell   |",
        "lab2d": "| 399 | 45 |   C++   |",
        "mujoco_mpc": "| 387 | 42 |   C++   |",
        "meltingpot": "| 374 | 68 |   Python   |",
        "tracr": "| 370 | 26 |   Python   |",
        "spriteworld": "| 360 | 52 |   Python   |",
        "dqn_zoo": "| 346 | 60 |   Python   |",
        "mathematics_conjectures": "| 326 | 39 |   Jupyter Notebook   |",
        "spiral": "| 321 | 45 |   C++   |",
        "dm_pix": "| 309 | 20 |   Python   |",
        "clrs": "| 301 | 46 |   Python   |",
        "dm_env": "| 294 | 38 |   Python   |",
        "launchpad": "| 293 | 29 |   Python   |",
        "leo": "| 290 | 57 |   Python   |",
        "dm_robotics": "| 282 | 24 |   Python   |",
        "gqn-datasets": "| 269 | 42 |   Python   |",
        "streetlearn": "| 265 | 56 |   C++   |",
        "arnheim": "| 237 | 31 |   Jupyter Notebook   |",
        "card2code": "| 233 | 35 |   None   |",
        "AQuA": "| 229 | 36 |   None   |",
        "torch-hdf5": "| 228 | 124 |   Lua   |",
        "enn": "| 225 | 41 |   Python   |",
        "multi_object_datasets": "| 224 | 24 |   Python   |",
        "dm_memorytasks": "| 223 | 16 |   Python   |",
        "grid-cells": "| 222 | 69 |   Python   |",
        "Temporal-3D-Pose-Kinetics": "| 213 | 27 |   Python   |",
        "alphastar": "| 204 | 28 |   Python   |",
        "tapnet": "| 191 | 18 |   Python   |",
        "dm_alchemy": "| 189 | 18 |   Python   |",
        "neural_testbed": "| 181 | 12 |   Jupyter Notebook   |",
        "pg19": "| 176 | 18 |   None   |",
        "spectral_inference_networks": "| 165 | 27 |   Python   |",
        "abstract-reasoning-matrices": "| 160 | 36 |   None   |",
        "xitari": "| 158 | 52 |   C++   |",
        "xquad": "| 157 | 31 |   None   |",
        "tensor_annotations": "| 154 | 14 |   Python   |",
        "symplectic-gradient-adjustment": "| 149 | 26 |   Jupyter Notebook   |",
        "s6": "| 145 | 11 |   C++   |",
        "mc_gradients": "| 142 | 31 |   Jupyter Notebook   |",
        "interval-bound-propagation": "| 136 | 31 |   Python   |",
        "lamb": "| 128 | 23 |   Python   |",
        "jmp": "| 127 | 12 |   Python   |",
        "jax_verify": "| 126 | 21 |   Python   |",
        "kfac-jax": "| 125 | 8 |   Python   |",
        "multidim-image-augmentation": "| 123 | 27 |   C++   |",
        "jaxline": "| 121 | 17 |   Python   |",
        "neural_networks_chomsky_hierarchy": "| 118 | 6 |   Python   |",
        "compressed_vision": "| 118 | 3 |   Jupyter Notebook   |",
        "classic": "| 117 | 21 |   Lua   |",
        "3d-shapes": "| 111 | 25 |   Jupyter Notebook   |",
        "rgb_stacking": "| 101 | 8 |   Python   |",
        "transformer_grammars": "| 99 | 1 |   Python   |",
        "objecthash-proto": "| 88 | 16 |   Go   |",
        "functa": "| 88 | 5 |   Python   |",
        "dm_nevis": "| 87 | 4 |   Python   |",
        "physical_concepts": "| 86 | 6 |   Jupyter Notebook   |",
        "dm_hard_eight": "| 83 | 4 |   Python   |",
        "dm_env_rpc": "| 82 | 12 |   Python   |",
        "tcia-ct-scan-dataset": "| 80 | 31 |   None   |",
        "perception_test": "| 78 | 8 |   Jupyter Notebook   |",
        "einshape": "| 74 | 5 |   Python   |",
        "jax_privacy": "| 68 | 9 |   Python   |",
        "envlogger": "| 67 | 7 |   Python   |",
        "multiself": "| 66 | 22 |   None   |",
        "tf2jax": "| 66 | 5 |   Python   |",
        "distribution_shift_framework": "| 66 | 6 |   Python   |",
        "logical-entailment-dataset": "| 63 | 14 |   Haskell   |",
        "conformal_training": "| 63 | 4 |   Python   |",
        "torch-distributions": "| 61 | 26 |   Lua   |",
        "PGMax": "| 61 | 3 |   Python   |",
        "dm_aux": "| 58 | 3 |   Python   |",
        "detcon": "| 57 | 3 |   Python   |",
        "spaceship_dataset": "| 56 | 24 |   None   |",
        "multimodal_transformers": "| 56 | 6 |   Jupyter Notebook   |",
        "dmvr": "| 55 | 13 |   Python   |",
        "boxoban-levels": "| 54 | 15 |   None   |",
        "dm_fast_mapping": "| 51 | 4 |   Python   |",
        "emergent_in_context_learning": "| 51 | 10 |   Python   |",
        "mnist-cluttered": "| 50 | 28 |   Lua   |",
        "tvt": "| 48 | 8 |   None   |",
        "labmaze": "| 47 | 13 |   C++   |",
        "torch-cephes": "| 46 | 26 |   C   |",
        "dks": "| 46 | 2 |   Python   |",
        "unsup-queries-data": "| 45 | 18 |   None   |",
        "brave": "| 44 | 0 |   Python   |",
        "csuite": "| 44 | 3 |   Python   |",
        "pushworld": "| 44 | 5 |   Python   |",
        "digraph_transformer": "| 42 | 4 |   Python   |",
        "dynamic-kanerva-machines": "| 40 | 16 |   Python   |",
        "flows_for_atomic_solids": "| 40 | 1 |   Python   |",
        "loopix-messaging": "| 37 | 15 |   Go   |",
        "jax": "| 37 | 9 |   None   |",
        "streamingqa": "| 35 | 0 |   Python   |",
        "torch-randomkit": "| 34 | 25 |   Lua   |",
        "alewrap": "| 34 | 23 |   Lua   |",
        "annealed_flow_transport": "| 34 | 11 |   Python   |",
        "ssl_hsic": "| 33 | 1 |   Python   |",
        "slim-dataset": "| 32 | 5 |   Python   |",
        "tell_me_why_explanations_rl": "| 32 | 0 |   Python   |",
        "diplomacy": "| 30 | 6 |   Python   |",
        "dm_hamiltonian_dynamics_suite": "| 28 | 6 |   Python   |",
        "active_ops": "| 28 | 2 |   Python   |",
        "dm_construction": "| 26 | 7 |   Python   |",
        "fancyflags": "| 26 | 7 |   Python   |",
        "slowfast_nfnets": "| 26 | 1 |   Python   |",
        "enn_acme": "| 26 | 1 |   Python   |",
        "emergent_communication_at_scale": "| 25 | 3 |   Python   |",
        "torch-totem": "| 24 | 32 |   Lua   |",
        "zipfian_environments": "| 24 | 0 |   Python   |",
        "strict": "| 22 | 8 |   Lua   |",
        "hcmd_dai": "| 22 | 6 |   Jupyter Notebook   |",
        "torch-dokx": "| 21 | 14 |   Lua   |",
        "affordances_option_models": "| 21 | 1 |   Python   |",
        "svo_probes": "| 21 | 0 |   Jupyter Notebook   |",
        "spatial_memory_pipeline": "| 21 | 0 |   Jupyter Notebook   |",
        "eigengame": "| 20 | 0 |   Python   |",
        "plplot-ffi": "| 18 | 8 |   Lua   |",
        "neural_lns": "| 18 | 4 |   Python   |",
        "wasserstein_fairness": "| 17 | 12 |   Python   |",
        "lua-pprint": "| 16 | 15 |   Lua   |",
        "torch-oocairo": "| 15 | 8 |   C   |",
        "deep-verify": "| 15 | 7 |   Python   |",
        "cartesian-frames": "| 15 | 2 |   Standard ML   |",
        "nao_top10": "| 14 | 1 |   Python   |",
        "informed_adversary_mnist_reconstruction": "| 13 | 1 |   Jupyter Notebook   |",
        "image_obfuscation_benchmark": "| 13 | 0 |   Python   |",
        "agent_debugger": "| 12 | 0 |   Python   |",
        "inverse_design": "| 12 | 1 |   Python   |",
        "hierarchical_perceiver": "| 12 | 0 |   Python   |",
        "disdain": "| 9 | 3 |   Jupyter Notebook   |",
        "leaps-and-bounds": "| 8 | 6 |   Python   |",
        "EDDICT": "| 8 | 0 |   Jupyter Notebook   |",
        "scaling_laws_for_routing": "| 8 | 1 |   Jupyter Notebook   |",
        "linac": "| 8 | 0 |   Jupyter Notebook   |",
        "constrained_optidice": "| 6 | 0 |   Python   |",
        "HAI_selective_prediction": "| 6 | 0 |   Jupyter Notebook   |",
        "dm_c19_modelling": "| 5 | 2 |   Python   |",
        "offpolicy_selection_eslb": "| 5 | 2 |   Python   |",
        "spurious_normativity": "| 5 | 0 |   Jupyter Notebook   |",
        "abcei_mab": "| 5 | 0 |   Python   |",
        "gnn_single_rigids": "| 5 | 1 |   Python   |",
        "nonstationary_mbml": "| 5 | 0 |   Python   |",
        "semppl": "| 5 | 1 |   Python   |",
        "luastyle": "| 4 | 0 |   None   |",
        "discretisation_drift": "| 4 | 2 |   Jupyter Notebook   |",
        "deep-compressed-sensing": "| 3 | 3 |   None   |",
        "deepmind.github.io": "| 3 | 2 |   HTML   |",
        "local_linearity_regularizer": "| 2 | 2 |   Python   |",
        "relicv2": "| 2 | 0 |   Python   |",
        ".github": "| 1 | 0 |   None   |"
    }
}