{
    "company": "DefinitelyTyped",
    "h-index": 11,
    "repo count": 22,
    "contributor count": 449,
    "size": "todo",
    "employee count": "todo",
    "country": null,
    "top language": "TypeScript",
    "repos": {
        "DefinitelyTyped": "| 43963 | 29081 |   TypeScript   |",
        "tsd": "| 1113 | 143 |   TypeScript   |",
        "definitelytyped.github.io": "| 233 | 98 |   JavaScript   |",
        "dt-mergebot": "| 95 | 49 |   TypeScript   |",
        "typescript-directory": "| 51 | 15 |   None   |",
        "dts-critic": "| 41 | 13 |   TypeScript   |",
        "NugetAutomation": "| 24 | 11 |   PowerShell   |",
        "grunt-tsd": "| 15 | 8 |   JavaScript   |",
        "docs": "| 13 | 4 |   JavaScript   |",
        "dt-review-bot": "| 11 | 5 |   TypeScript   |",
        "focus-dt": "| 11 | 8 |   TypeScript   |",
        "demo-typescript-node-minimal": "| 9 | 7 |   TypeScript   |",
        "tsd-site": "| 8 | 4 |   CSS   |",
        "types-publisher-watchdog": "| 6 | 4 |   JavaScript   |",
        "generator-deftyped": "| 5 | 4 |   TypeScript   |",
        "definition-tester": "| 5 | 9 |   TypeScript   |",
        "definition-header": "| 4 | 8 |   TypeScript   |",
        "badges": "| 3 | 3 |   None   |",
        "dt-review-tool": "| 3 | 4 |   TypeScript   |",
        "typescript-bot-watchdog": "| 2 | 2 |   JavaScript   |",
        "dt-retag": "| 1 | 2 |   JavaScript   |",
        "dtslint-runner": "| 0 | 3 |   TypeScript   |"
    }
}