{
    "company": "Dell Technologies",
    "h-index": 22,
    "repo count": 129,
    "contributor count": 1089,
    "size": "todo",
    "employee count": "todo",
    "country": "One Dell Way, Round Rock, TX  USA",
    "top language": "Python",
    "repos": {
        "dkms": "| 525 | 134 |   Shell   |",
        "iDRAC-Redfish-Scripting": "| 475 | 237 |   PowerShell   |",
        "dellemc-openmanage-ansible-modules": "| 274 | 140 |   Python   |",
        "redfish-ansible-module": "| 176 | 81 |   Python   |",
        "libsmbios": "| 165 | 39 |   C   |",
        "thunderbolt-nvm-linux": "| 101 | 11 |   C   |",
        "dell-recovery": "| 96 | 48 |   Python   |",
        "biosdisk": "| 78 | 14 |   Shell   |",
        "OpenManage-Enterprise": "| 77 | 46 |   Python   |",
        "terraform-provider-redfish": "| 59 | 19 |   Go   |",
        "csi-baremetal": "| 53 | 30 |   Go   |",
        "csi-powerflex": "| 49 | 24 |   Go   |",
        "omsdk": "| 47 | 18 |   Python   |",
        "csm": "| 47 | 11 |   None   |",
        "Endpoint-Management-Script-Library": "| 38 | 1 |   PowerShell   |",
        "csi-powerscale": "| 37 | 20 |   Go   |",
        "PyU4V": "| 35 | 37 |   Python   |",
        "DellPEWSMANTools": "| 33 | 17 |   PowerShell   |",
        "csi-powerstore": "| 32 | 14 |   Go   |",
        "ansible-powermax": "| 29 | 30 |   Python   |",
        "iac-storage-automation": "| 26 | 21 |   HCL   |",
        "ansible-unity": "| 23 | 13 |   Python   |",
        "csi-powermax": "| 22 | 14 |   Go   |",
        "csi-unity": "| 22 | 18 |   Go   |",
        "ansible-powerstore": "| 22 | 16 |   Python   |",
        "iDRAC-Telemetry-Reference-Tools": "| 22 | 19 |   Go   |",
        "dell-csi-operator": "| 21 | 14 |   Go   |",
        "ansible-powerscale": "| 18 | 11 |   Python   |",
        "OpenManage-PowerShell-Modules": "| 18 | 4 |   PowerShell   |",
        "iDRAC-Telemetry-Scripting": "| 16 | 6 |   Python   |",
        "ansible-powerflex": "| 16 | 7 |   Python   |",
        "biosdevname": "| 14 | 12 |   Shell   |",
        "karavi-metrics-powerflex": "| 14 | 6 |   Go   |",
        "ansible-isilon": "| 13 | 16 |   Python   |",
        "ansible-vplex": "| 13 | 4 |   Python   |",
        "csi-baremetal-operator": "| 13 | 14 |   Go   |",
        "ansible-vxrail": "| 13 | 4 |   Python   |",
        "license-scanner": "| 12 | 4 |   Python   |",
        "csm-docs": "| 12 | 13 |   JavaScript   |",
        "opentelemetry-cli": "| 12 | 4 |   Python   |",
        "gofsutil": "| 11 | 3 |   Go   |",
        "karavi-topology": "| 11 | 2 |   Go   |",
        "common-github-actions": "| 11 | 3 |   Shell   |",
        "karavi": "| 11 | 0 |   None   |",
        "terraform-provider-powerstore": "| 11 | 12 |   Go   |",
        "csm-operator": "| 11 | 2 |   Go   |",
        "firmware-tools": "| 10 | 5 |   Python   |",
        "python-powerstore": "| 10 | 3 |   Python   |",
        "python-powerflex": "| 10 | 5 |   Python   |",
        "karavi-resiliency": "| 10 | 5 |   Go   |",
        "sassist": "| 9 | 6 |   Shell   |",
        "gopowerstore": "| 9 | 7 |   Go   |",
        "clarity-atoms": "| 9 | 1 |   TypeScript   |",
        "cpuinfo": "| 8 | 10 |   C   |",
        "helm-charts": "| 8 | 9 |   Open Policy Agent   |",
        "csm-replication": "| 8 | 2 |   Go   |",
        "recite": "| 7 | 4 |   Python   |",
        "thunderbolt-dkms": "| 7 | 4 |   C   |",
        "goscaleio": "| 7 | 14 |   Go   |",
        "gopowerscale": "| 7 | 3 |   Go   |",
        "gopowermax": "| 7 | 9 |   Go   |",
        "karavi-observability": "| 7 | 3 |   Shell   |",
        "firmware-addon-dell": "| 6 | 0 |   Python   |",
        "firmware-extract": "| 6 | 0 |   Python   |",
        "edac": "| 6 | 2 |   Perl   |",
        "powerprotect-data-manager": "| 6 | 1 |   Python   |",
        "karavi-authorization": "| 6 | 3 |   Go   |",
        "terraform-provider-powerflex": "| 6 | 2 |   Go   |",
        "efibootmgr": "| 5 | 2 |   C   |",
        "name_eths": "| 5 | 0 |   Shell   |",
        "lctool": "| 5 | 1 |   Shell   |",
        "fwupdate": "| 5 | 1 |   C   |",
        "gounity": "| 5 | 4 |   Go   |",
        "gobrick": "| 5 | 6 |   Go   |",
        "gocsi": "| 5 | 6 |   Go   |",
        "csm-logcollector": "| 5 | 1 |   Go   |",
        "EUCTechHub": "| 5 | 0 |   PowerShell   |",
        "ubuntu-fid": "| 4 | 2 |   SourcePawn   |",
        "thunderbolt-software-user-space": "| 4 | 1 |   C++   |",
        "Dell-Gateway-5000-IO-Tool": "| 4 | 1 |   C   |",
        "goiscsi": "| 4 | 7 |   Go   |",
        "csi-baremetal-scheduling": "| 4 | 3 |   Go   |",
        "csm-metrics-powerstore": "| 4 | 1 |   Go   |",
        "csi-volumegroup-snapshotter": "| 4 | 1 |   Go   |",
        "iDRAC-SEKM-Scripting": "| 4 | 0 |   Python   |",
        "cert-csi": "| 4 | 1 |   Go   |",
        "ledmon": "| 3 | 0 |   None   |",
        "dell-livecd-config": "| 3 | 1 |   Shell   |",
        "dell-repo-tools": "| 3 | 1 |   Python   |",
        "rhosp-vxflexos-deploy": "| 3 | 4 |   Python   |",
        "omivv": "| 3 | 1 |   Python   |",
        "python-vplex": "| 3 | 4 |   Python   |",
        "dell-csi-extensions": "| 3 | 1 |   Makefile   |",
        "thinos-electron": "| 3 | 1 |   C++   |",
        "terraform-provider-ome": "| 3 | 4 |   Go   |",
        "ansible-datadomain": "| 3 | 0 |   Python   |",
        "idrm": "| 2 | 1 |   Shell   |",
        "wsmanice": "| 2 | 1 |   Shell   |",
        "osp-integration": "| 2 | 10 |   None   |",
        "dataiq-autodesk-shotgun-plugin": "| 2 | 1 |   Python   |",
        "powermax-splunk-addon": "| 2 | 0 |   Python   |",
        "powermax-splunk-app": "| 2 | 0 |   None   |",
        "csm-metrics-powerscale": "| 2 | 1 |   Go   |",
        "SANdbox": "| 2 | 0 |   Python   |",
        "csm-metrics-powermax": "| 2 | 1 |   Go   |",
        "dell_ft_ie_interface": "| 1 | 0 |   Python   |",
        "repo-mgmt-scripts": "| 1 | 0 |   Python   |",
        "wsl": "| 1 | 0 |   Shell   |",
        "stdcli": "| 1 | 1 |   Python   |",
        "tripleo-powerflex": "| 1 | 2 |   HTML   |",
        "openmanage-puppet": "| 1 | 1 |   Ruby   |",
        "dataiq-plugin-example": "| 1 | 0 |   JavaScript   |",
        "ansible-docs": "| 1 | 1 |   CSS   |",
        "gonvme": "| 1 | 1 |   Go   |",
        "csi-metadata-retriever": "| 1 | 1 |   Go   |",
        "jlt": "| 1 | 0 |   Python   |",
        "dell_ft_pie_packager": "| 0 | 0 |   Python   |",
        "dellmdleds": "| 0 | 0 |   Shell   |",
        "gnome-settings-daemon": "| 0 | 0 |   C   |",
        "csi-xtremio-deploy": "| 0 | 9 |   Shell   |",
        "ansible-vxrail-utility": "| 0 | 2 |   Python   |",
        "storage-plugin-docs": "| 0 | 1 |   HTML   |",
        "rhosp-powermax-deploy": "| 0 | 0 |   Python   |",
        "objectscale-charts": "| 0 | 0 |   None   |",
        "powershell-vxrail": "| 0 | 1 |   None   |",
        "azurestack-docs": "| 0 | 0 |   JavaScript   |",
        "ansible-networker": "| 0 | 0 |   Python   |",
        "dell-terraform-providers": "| 0 | 0 |   None   |",
        "cloudiq": "| 0 | 0 |   None   |"
    }
}