{
    "company": "Deno",
    "h-index": 44,
    "repo count": 100,
    "contributor count": 2767,
    "size": "todo",
    "employee count": "todo",
    "country": null,
    "top language": "TypeScript",
    "repos": {
        "deno": "| 89340 | 4852 |   Rust   |",
        "fresh": "| 10533 | 463 |   TypeScript   |",
        "rusty_v8": "| 2724 | 253 |   Rust   |",
        "deno_std": "| 2549 | 481 |   TypeScript   |",
        "deno_lint": "| 1447 | 145 |   Rust   |",
        "vscode_deno": "| 1395 | 127 |   TypeScript   |",
        "dotland": "| 968 | 662 |   TypeScript   |",
        "deno_install": "| 913 | 174 |   PowerShell   |",
        "deno_docker": "| 774 | 93 |   Dockerfile   |",
        "dnt": "| 667 | 23 |   Rust   |",
        "saaskit": "| 561 | 42 |   TypeScript   |",
        "fastwebsockets": "| 497 | 10 |   Rust   |",
        "deno_blog": "| 388 | 81 |   TypeScript   |",
        "showcase_chat": "| 258 | 57 |   TypeScript   |",
        "deployctl": "| 257 | 36 |   JavaScript   |",
        "merch": "| 243 | 52 |   TypeScript   |",
        "meet-me": "| 219 | 27 |   TypeScript   |",
        "deno_doc": "| 215 | 44 |   Rust   |",
        "wasmbuild": "| 208 | 13 |   TypeScript   |",
        "deno_bindgen": "| 204 | 27 |   Rust   |",
        "roll-your-own-javascript-runtime": "| 202 | 20 |   Rust   |",
        "doc_website": "| 194 | 46 |   TypeScript   |",
        "setup-deno": "| 190 | 23 |   JavaScript   |",
        "eszip": "| 171 | 20 |   Rust   |",
        "deno-gfm": "| 165 | 21 |   TypeScript   |",
        "manual": "| 159 | 239 |   TypeScript   |",
        "registry": "| 149 | 54 |   JavaScript   |",
        "webgpu-examples": "| 136 | 15 |   TypeScript   |",
        "node_shims": "| 120 | 20 |   TypeScript   |",
        "deploy_examples": "| 119 | 83 |   TypeScript   |",
        "deno_emit": "| 113 | 16 |   TypeScript   |",
        "docland": "| 111 | 31 |   TypeScript   |",
        "denobyexample": "| 107 | 21 |   TypeScript   |",
        "deno_ast": "| 105 | 25 |   Rust   |",
        "deno_registry2": "| 86 | 17 |   TypeScript   |",
        "deno_third_party": "| 79 | 51 |   TypeScript   |",
        "fresh_charts": "| 78 | 4 |   TypeScript   |",
        "deno_graph": "| 77 | 24 |   Rust   |",
        "deno_task_shell": "| 71 | 7 |   Rust   |",
        "deploy_feedback": "| 66 | 3 |   None   |",
        "v8": "| 53 | 5 |   TypeScript   |",
        "examples": "| 50 | 14 |   TypeScript   |",
        "rust-urlpattern": "| 49 | 10 |   Rust   |",
        "fresh-wordpress-themes": "| 49 | 6 |   TypeScript   |",
        "wanted_modules": "| 43 | 1 |   None   |",
        "tic-tac-toe": "| 43 | 1 |   TypeScript   |",
        "apiland": "| 42 | 3 |   TypeScript   |",
        "cargo_gn": "| 39 | 7 |   Rust   |",
        "serde_v8": "| 36 | 16 |   Rust   |",
        "pixelpage": "| 36 | 0 |   TypeScript   |",
        "showcase_todo": "| 35 | 4 |   TypeScript   |",
        "wasmbuild_example": "| 34 | 4 |   JavaScript   |",
        "ga": "| 30 | 6 |   TypeScript   |",
        "deno_cache": "| 29 | 7 |   TypeScript   |",
        "chromium_build": "| 27 | 15 |   Python   |",
        "monch": "| 27 | 0 |   Rust   |",
        "flaky_test": "| 25 | 6 |   Rust   |",
        "import_map": "| 23 | 8 |   Rust   |",
        "libffi-rs": "| 21 | 5 |   C   |",
        "doc_components": "| 20 | 12 |   TypeScript   |",
        "terraform-deploy-provider": "| 19 | 5 |   Go   |",
        "chromium_buildtools": "| 15 | 7 |   Python   |",
        "deploy_lume_example": "| 15 | 4 |   TypeScript   |",
        "benchmark_data": "| 14 | 3 |   TypeScript   |",
        "deno_npm": "| 14 | 2 |   Rust   |",
        "automation": "| 13 | 5 |   TypeScript   |",
        "fresh-blog-example": "| 13 | 11 |   TypeScript   |",
        "react18-with-deno": "| 12 | 2 |   TypeScript   |",
        "deno-vue-example": "| 12 | 2 |   Vue   |",
        "deno-ssr-examples": "| 12 | 1 |   TypeScript   |",
        "experimental-deno-specifiers-example": "| 11 | 2 |   TypeScript   |",
        "image-resizing-api": "| 10 | 1 |   TypeScript   |",
        "deno_media_type": "| 10 | 1 |   Rust   |",
        "icu": "| 9 | 3 |   C++   |",
        "notebook": "| 9 | 2 |   TypeScript   |",
        "deno_lockfile": "| 8 | 1 |   Rust   |",
        "eszip_viewer": "| 7 | 2 |   TypeScript   |",
        "wpt.deno.land": "| 6 | 3 |   TypeScript   |",
        "fresh-auth-example": "| 6 | 2 |   TypeScript   |",
        "rusty_gen": "| 5 | 2 |   Rust   |",
        "node_resolver": "| 5 | 2 |   Rust   |",
        "ga4": "| 4 | 0 |   TypeScript   |",
        "deno-graphql": "| 4 | 3 |   TypeScript   |",
        "comparing-git-deploys-to-edge": "| 4 | 5 |   TypeScript   |",
        "autobahn": "| 4 | 0 |   HTML   |",
        "rustls-tokio-stream": "| 4 | 0 |   Rust   |",
        "sccache": "| 3 | 1 |   Rust   |",
        "TypeScript": "| 3 | 0 |   TypeScript   |",
        "publish-folder": "| 3 | 0 |   None   |",
        "ninja_gn_binaries": "| 2 | 2 |   None   |",
        "wpt": "| 2 | 1 |   HTML   |",
        "comparing-api-server-deno-vs-node": "| 2 | 0 |   HTML   |",
        "deno_semver": "| 2 | 1 |   Rust   |",
        "android_ndk": "| 1 | 1 |   Python   |",
        "bench_bot": "| 1 | 0 |   JavaScript   |",
        "remix-on-deno-deploy": "| 1 | 0 |   TypeScript   |",
        "deno_registry2_encoding_test": "| 0 | 0 |   TypeScript   |",
        "foundationdb": "| 0 | 0 |   None   |",
        "hyper-util": "| 0 | 0 |   None   |"
    }
}