{
    "company": "\u5927\u4f17\u70b9\u8bc4",
    "h-index": 15,
    "repo count": 48,
    "contributor count": 1064,
    "size": "todo",
    "employee count": "todo",
    "country": "Shanghai, China",
    "top language": "Java",
    "repos": {
        "cat": "| 17739 | 5323 |   Java   |",
        "pigeon": "| 870 | 286 |   Java   |",
        "camel": "| 456 | 179 |   C   |",
        "puma": "| 180 | 109 |   Java   |",
        "dianping-open-sdk": "| 158 | 245 |   Java   |",
        "cat.net": "| 50 | 41 |   C#   |",
        "wormhole": "| 49 | 82 |   Java   |",
        "pigeon270": "| 28 | 24 |   JavaScript   |",
        "polestar": "| 24 | 37 |   Java   |",
        "blackhole": "| 18 | 25 |   Java   |",
        "storm-util": "| 18 | 28 |   Java   |",
        "pigeon1": "| 17 | 29 |   Java   |",
        "MavenOneCMDB": "| 17 | 29 |   Java   |",
        "hiveweb": "| 15 | 30 |   Java   |",
        "Dolphin": "| 15 | 14 |   Java   |",
        "pigeon-demo": "| 12 | 16 |   Java   |",
        "docker": "| 11 | 8 |   Go   |",
        "avatar-cache": "| 10 | 13 |   JavaScript   |",
        "abtest": "| 10 | 11 |   Java   |",
        "docker-java": "| 10 | 17 |   Java   |",
        "v5": "| 8 | 12 |   None   |",
        "hadoop": "| 8 | 13 |   Java   |",
        "acl-hdfs": "| 5 | 12 |   Java   |",
        "dobby": "| 4 | 9 |   CSS   |",
        "hbase": "| 4 | 4 |   Java   |",
        "cosmos-hive": "| 3 | 5 |   None   |",
        "diors-cloud": "| 3 | 7 |   Ruby   |",
        "hcatalog-example": "| 3 | 5 |   Java   |",
        "incubator-spark": "| 3 | 5 |   Scala   |",
        "hive": "| 2 | 21 |   Java   |",
        "gitlab": "| 2 | 3 |   None   |",
        "dianping.github.com": "| 2 | 3 |   Ruby   |",
        "hcatalog": "| 2 | 4 |   Java   |",
        "donkey": "| 2 | 7 |   Java   |",
        "Trek": "| 2 | 17 |   Java   |",
        "test-service": "| 1 | 5 |   Java   |",
        "memcached": "| 1 | 4 |   C   |",
        "github_tool": "| 1 | 3 |   None   |",
        "cosmos-hadoop": "| 1 | 7 |   Java   |",
        "cosmos-hbase": "| 1 | 3 |   None   |",
        "ut-genius": "| 1 | 5 |   Java   |",
        "dianping": "| 1 | 0 |   None   |",
        "shark": "| 1 | 10 |   Scala   |",
        "YCSB": "| 1 | 6 |   Java   |",
        "BeautyPartner": "| 1 | 5 |   Java   |",
        "spark": "| 1 | 9 |   Scala   |",
        "maven-repo": "| 1 | 5 |   None   |",
        "cat-archive": "| 0 | 0 |   Java   |"
    }
}