{
    "company": "DiDi",
    "h-index": 54,
    "repo count": 77,
    "contributor count": 1334,
    "size": "todo",
    "employee count": "todo",
    "country": "Beijing, China",
    "top language": "Java",
    "repos": {
        "DoKit": "| 19446 | 3022 |   Java   |",
        "cube-ui": "| 9034 | 1508 |   JavaScript   |",
        "chameleon": "| 8998 | 699 |   JavaScript   |",
        "VirtualAPK": "| 8834 | 1517 |   Java   |",
        "KnowStreaming": "| 6054 | 1163 |   Java   |",
        "booster": "| 4452 | 531 |   Kotlin   |",
        "LogicFlow": "| 4430 | 697 |   TypeScript   |",
        "mand-mobile": "| 3373 | 761 |   Vue   |",
        "mpx": "| 3282 | 349 |   JavaScript   |",
        "tinyid": "| 2059 | 546 |   Java   |",
        "sharingan": "| 1951 | 286 |   Go   |",
        "ChineseNLP": "| 1706 | 276 |   HTML   |",
        "DiDiPrism": "| 1652 | 186 |   Objective-C   |",
        "gendry": "| 1487 | 186 |   Go   |",
        "DDMQ": "| 1261 | 335 |   Java   |",
        "Hummer": "| 1143 | 157 |   Objective-C   |",
        "rdebug": "| 1140 | 171 |   PHP   |",
        "echo": "| 998 | 113 |   Objective-C   |",
        "DroidAssist": "| 857 | 141 |   Java   |",
        "AoE": "| 847 | 130 |   C++   |",
        "DRouter": "| 626 | 83 |   Java   |",
        "AgileTC": "| 593 | 243 |   JavaScript   |",
        "falcon-log-agent": "| 548 | 156 |   Go   |",
        "turbo": "| 461 | 109 |   Java   |",
        "epage": "| 423 | 91 |   Vue   |",
        "GateKeeper": "| 415 | 71 |   Go   |",
        "sds": "| 388 | 124 |   Java   |",
        "kemon": "| 363 | 75 |   C   |",
        "super-jacoco": "| 353 | 161 |   Java   |",
        "pile.js": "| 266 | 36 |   CSS   |",
        "KnowSearch": "| 260 | 80 |   Java   |",
        "ES-Fastloader": "| 250 | 86 |   Java   |",
        "di18n": "| 234 | 41 |   JavaScript   |",
        "KnowAgent": "| 206 | 60 |   Java   |",
        "LogiCommon": "| 201 | 58 |   Java   |",
        "Tips": "| 185 | 14 |   JavaScript   |",
        "maskdetection": "| 177 | 55 |   C++   |",
        "DreamBox": "| 164 | 27 |   Java   |",
        "dlflow": "| 154 | 32 |   Python   |",
        "hetsann": "| 135 | 31 |   Python   |",
        "collection": "| 127 | 21 |   Go   |",
        "didi.github.io": "| 124 | 24 |   HTML   |",
        "athena": "| 122 | 35 |   Python   |",
        "JuShaTa": "| 111 | 46 |   Java   |",
        "levin": "| 104 | 26 |   C++   |",
        "go-spring": "| 101 | 23 |   Go   |",
        "heteta": "| 90 | 39 |   Python   |",
        "thrift-mock": "| 87 | 30 |   Java   |",
        "mand-mobile-rn": "| 86 | 32 |   TypeScript   |",
        "TrafficIndex": "| 84 | 19 |   C++   |",
        "slime-validator": "| 84 | 3 |   JavaScript   |",
        "mtmc-vt": "| 68 | 12 |   Jupyter Notebook   |",
        "sgt": "| 55 | 20 |   Go   |",
        "vue-tmap": "| 55 | 13 |   TypeScript   |",
        "ALITA": "| 49 | 12 |   Java   |",
        "benchmark-thrift": "| 44 | 9 |   Java   |",
        "elastic-trib": "| 39 | 14 |   Go   |",
        "react-tmap": "| 36 | 4 |   TypeScript   |",
        "sharingan-go": "| 35 | 10 |   Shell   |",
        "FeatureProbe": "| 27 | 3 |   None   |",
        "paladin": "| 19 | 2 |   Scala   |",
        "MEEP": "| 18 | 3 |   Python   |",
        "logbook": "| 15 | 8 |   Java   |",
        "ALITA_UI": "| 13 | 3 |   JavaScript   |",
        "wmt2021_triangular_mt": "| 12 | 2 |   Python   |",
        "MeetDot": "| 11 | 3 |   Python   |",
        "awesome-android": "| 10 | 1 |   None   |",
        "DAIBench": "| 10 | 5 |   Shell   |",
        "didi-tech-edu": "| 8 | 3 |   None   |",
        "WorkTrans": "| 7 | 2 |   Python   |",
        "gojsondiff": "| 6 | 2 |   None   |",
        "daedalus": "| 6 | 2 |   JavaScript   |",
        "tmap-types": "| 3 | 2 |   None   |",
        "cml-ui": "| 2 | 0 |   None   |",
        "Json-adapter": "| 2 | 1 |   Java   |",
        "OpenSSL": "| 1 | 0 |   None   |",
        "gorm": "| 0 | 1 |   Go   |"
    }
}