{
    "company": "DigitalOcean",
    "h-index": 48,
    "repo count": 282,
    "contributor count": 7628,
    "size": "todo",
    "employee count": "todo",
    "country": "New York, NY",
    "top language": "Go",
    "repos": {
        "nginxconfig.io": "| 25656 | 1888 |   JavaScript   |",
        "doctl": "| 3094 | 366 |   Go   |",
        "godo": "| 1302 | 293 |   Go   |",
        "do_user_scripts": "| 802 | 242 |   Shell   |",
        "go-libvirt": "| 792 | 119 |   Go   |",
        "firebolt": "| 625 | 49 |   Go   |",
        "go-qemu": "| 617 | 82 |   Go   |",
        "do-agent": "| 583 | 97 |   Go   |",
        "Kubernetes-Starter-Kit-Developers": "| 550 | 207 |   HCL   |",
        "vulcan": "| 531 | 32 |   Go   |",
        "csi-digitalocean": "| 531 | 104 |   Go   |",
        "clusterlint": "| 521 | 44 |   Go   |",
        "droplet_kit": "| 507 | 153 |   Ruby   |",
        "digitalocean-cloud-controller-manager": "| 492 | 153 |   Go   |",
        "terraform-provider-digitalocean": "| 447 | 243 |   Go   |",
        "action-doctl": "| 391 | 42 |   JavaScript   |",
        "ceph_exporter": "| 362 | 141 |   Go   |",
        "engineering-code-of-conduct": "| 289 | 35 |   None   |",
        "go-openvswitch": "| 254 | 83 |   Go   |",
        "kubernetes-sample-apps": "| 199 | 105 |   Python   |",
        "heartbot": "| 179 | 47 |   CoffeeScript   |",
        "marketplace-partners": "| 179 | 90 |   Shell   |",
        "gta": "| 174 | 21 |   Go   |",
        "kartograph": "| 146 | 38 |   Ruby   |",
        "OpenVPN-Pihole": "| 146 | 24 |   Shell   |",
        "go-smbios": "| 144 | 46 |   Go   |",
        "marketplace-kubernetes": "| 140 | 141 |   Shell   |",
        "api-v2": "| 138 | 19 |   None   |",
        "captainslog": "| 136 | 21 |   Go   |",
        "resource_kit": "| 133 | 63 |   Ruby   |",
        "prometheus-client-c": "| 131 | 56 |   C   |",
        "go-workers2": "| 105 | 32 |   Go   |",
        "doks-debug": "| 83 | 28 |   Dockerfile   |",
        "openapi": "| 83 | 59 |   JavaScript   |",
        "DOKS": "| 81 | 3 |   None   |",
        "droplet-1-clicks": "| 78 | 47 |   Shell   |",
        "navigators-guide": "| 74 | 9 |   Shell   |",
        "sample-dockerfile": "| 72 | 254 |   Go   |",
        "logtalez": "| 71 | 6 |   Go   |",
        "databases": "| 68 | 8 |   None   |",
        "sample-django": "| 66 | 263 |   Python   |",
        "pydo": "| 62 | 7 |   Python   |",
        "do-operator": "| 61 | 6 |   Go   |",
        "container-blueprints": "| 60 | 37 |   HCL   |",
        "debian-sys-maint-roll-passwd": "| 58 | 7 |   Shell   |",
        "sample-nodejs": "| 52 | 344 |   JavaScript   |",
        "do-markdownit": "| 49 | 9 |   JavaScript   |",
        "sample-nextjs": "| 48 | 74 |   JavaScript   |",
        "kubecon-2022-doks-workshop": "| 48 | 65 |   HCL   |",
        "app_action": "| 47 | 11 |   Go   |",
        "supabase-on-do": "| 44 | 14 |   HCL   |",
        "sample-python": "| 41 | 250 |   Python   |",
        "vmtop": "| 40 | 18 |   Python   |",
        "sample-laravel": "| 40 | 158 |   PHP   |",
        "tos": "| 38 | 10 |   None   |",
        "sample-flask": "| 36 | 299 |   HTML   |",
        "sample-golang": "| 33 | 124 |   Go   |",
        "pgremapper": "| 32 | 8 |   Go   |",
        "sample-monorepo": "| 31 | 31 |   Go   |",
        "openvswitch_exporter": "| 30 | 9 |   Go   |",
        "droplet-agent": "| 29 | 13 |   Go   |",
        "sample-html": "| 28 | 235 |   HTML   |",
        "sample-php": "| 28 | 192 |   PHP   |",
        "sample-functions-nodejs-qrcode": "| 28 | 34 |   HTML   |",
        "omniauth-digitalocean": "| 27 | 16 |   Ruby   |",
        "go-metadata": "| 27 | 6 |   Go   |",
        "sample-functions-golang-helloworld": "| 26 | 29 |   Go   |",
        "github-changelog-generator": "| 25 | 7 |   Go   |",
        "sample-react": "| 25 | 132 |   JavaScript   |",
        "terraform-vault-github-oidc": "| 23 | 8 |   HCL   |",
        "sample-functions-python-jokes": "| 21 | 47 |   Python   |",
        "sample-functions-nodejs-helloworld": "| 21 | 89 |   JavaScript   |",
        "flipop": "| 20 | 3 |   Go   |",
        "mastodon-on-kubernetes": "| 20 | 7 |   HCL   |",
        "osquery": "| 18 | 3 |   C++   |",
        "terraform-provider-sendgrid": "| 17 | 7 |   Go   |",
        "sample-nuxtjs": "| 17 | 64 |   Vue   |",
        "marketplace-pi-hole-vpn": "| 17 | 3 |   Shell   |",
        "sample-rails": "| 16 | 53 |   Ruby   |",
        "sample-expressjs": "| 16 | 103 |   None   |",
        "packer-plugin-digitalocean": "| 16 | 10 |   Go   |",
        "velero-plugin": "| 15 | 5 |   Go   |",
        "github-pr-resource": "| 14 | 8 |   Go   |",
        "sample-functions-python-helloworld": "| 14 | 46 |   Python   |",
        "process-exporter": "| 13 | 2 |   Go   |",
        "production-ready-kubernetes-workshop": "| 13 | 22 |   Python   |",
        "k8s-staticroute-operator": "| 13 | 3 |   Python   |",
        "sample-vuejs": "| 12 | 91 |   Vue   |",
        "sample-push-to-deploy-doks": "| 12 | 39 |   Python   |",
        "netbox-ip-controller": "| 12 | 2 |   Go   |",
        "go-ps": "| 11 | 1 |   Go   |",
        "icingaweb2-module-netboximport": "| 11 | 2 |   PHP   |",
        "docker-shipit-engine": "| 11 | 6 |   Ruby   |",
        "sample-functions-php-numberstowords": "| 11 | 23 |   PHP   |",
        "s3backup": "| 10 | 5 |   Go   |",
        "digitalocean-ceph-lab": "| 10 | 5 |   HCL   |",
        "linux-coresched": "| 10 | 4 |   C   |",
        "sample-hugo": "| 10 | 71 |   None   |",
        "rack-protection": "| 9 | 2 |   Ruby   |",
        "sample-functions-php-helloworld": "| 9 | 15 |   PHP   |",
        "react-menu": "| 8 | 6 |   JavaScript   |",
        "gnulib": "| 8 | 5 |   C   |",
        "s3sync": "| 8 | 3 |   Shell   |",
        "grafana": "| 8 | 5 |   TypeScript   |",
        "serverless-jamstack": "| 8 | 66 |   JavaScript   |",
        "sample-functions-python-twilio-sms": "| 8 | 8 |   Python   |",
        "kube-router": "| 7 | 2 |   Go   |",
        "oauth2_proxy": "| 7 | 3 |   Go   |",
        "sample-functions-golang-presigned-url": "| 7 | 9 |   Go   |",
        "golang-slackbot": "| 7 | 1 |   Go   |",
        "k8s-adoption-journey": "| 7 | 7 |   Python   |",
        "net-ssh": "| 6 | 3 |   Ruby   |",
        "freebsd-fix": "| 6 | 3 |   Shell   |",
        "folding-at-home-image": "| 6 | 1 |   Shell   |",
        "sample-gatsby": "| 6 | 48 |   CSS   |",
        "sample-dockerfile-static": "| 6 | 18 |   CSS   |",
        "sample-laravel-api": "| 6 | 9 |   PHP   |",
        "mininet": "| 5 | 0 |   Python   |",
        "atc": "| 5 | 1 |   JavaScript   |",
        "opentracing-demo": "| 5 | 3 |   Go   |",
        "gocop": "| 5 | 4 |   Go   |",
        "kafka_exporter": "| 5 | 5 |   Go   |",
        "terraform-inventory": "| 5 | 1 |   None   |",
        "marketplace-matrix": "| 5 | 1 |   Shell   |",
        "sample-functions-stripe": "| 5 | 1 |   None   |",
        "sample-functions-python-sendgrid-email": "| 5 | 11 |   Python   |",
        "maxmind": "| 4 | 2 |   Ruby   |",
        "graphite": "| 4 | 0 |   Ruby   |",
        "tld": "| 4 | 3 |   Ruby   |",
        "concourse": "| 4 | 0 |   Go   |",
        "mesos-external-container-logger": "| 4 | 3 |   C++   |",
        "gobgp": "| 4 | 1 |   Go   |",
        "docker-distribution": "| 4 | 5 |   Go   |",
        "archimedes": "| 4 | 2 |   Go   |",
        "do-app-with-supabase": "| 4 | 2 |   JavaScript   |",
        "active_model_serializers": "| 3 | 1 |   Ruby   |",
        "ovs": "| 3 | 1 |   None   |",
        "beats": "| 3 | 0 |   Go   |",
        "ember-intl-tel-input": "| 3 | 2 |   JavaScript   |",
        "rexray": "| 3 | 0 |   Go   |",
        "security": "| 3 | 1 |   None   |",
        "sample-jekyll": "| 3 | 47 |   Ruby   |",
        "sample-sleeper": "| 3 | 12 |   Go   |",
        "sample-ruby": "| 3 | 20 |   Ruby   |",
        "sample-dockerfile-fastcgi-perl": "| 3 | 5 |   Dockerfile   |",
        "postgresql_cluster": "| 3 | 3 |   None   |",
        "go-netbox": "| 3 | 0 |   Shell   |",
        "sample-functions-apollo-graphql": "| 3 | 1 |   None   |",
        "sidekiq-status": "| 2 | 3 |   Ruby   |",
        "ember-cli-deploy-sentry": "| 2 | 3 |   JavaScript   |",
        "go-concourse": "| 2 | 0 |   Go   |",
        "ember-performance-tracking": "| 2 | 1 |   JavaScript   |",
        "keycodemapdb": "| 2 | 1 |   Python   |",
        "haproxyctl": "| 2 | 1 |   Ruby   |",
        "k8s-conformance": "| 2 | 0 |   None   |",
        "we": "| 2 | 1 |   Go   |",
        "terraform-provider-vault": "| 2 | 0 |   Go   |",
        "goldpinger": "| 2 | 1 |   Go   |",
        "docker-rclone": "| 2 | 2 |   Dockerfile   |",
        "prometheus": "| 2 | 3 |   Go   |",
        "linux": "| 2 | 1 |   C   |",
        "libovsdb": "| 2 | 0 |   Go   |",
        "rpc2": "| 2 | 1 |   Go   |",
        "libguestfs": "| 2 | 2 |   C   |",
        "discourse-digitalocean": "| 2 | 1 |   HTML   |",
        "birdwatcher": "| 2 | 0 |   Go   |",
        "artifactory-docker-resource": "| 2 | 2 |   Go   |",
        "sample-vapor": "| 2 | 3 |   None   |",
        "sample-docker-cobol": "| 2 | 6 |   COBOL   |",
        "sample-dockerfile-fortran": "| 2 | 9 |   Dockerfile   |",
        "pmtud": "| 2 | 0 |   None   |",
        "sample-golang-github-action": "| 2 | 3 |   Go   |",
        "sample-functions-golang-random": "| 2 | 10 |   Go   |",
        "go-git": "| 2 | 2 |   None   |",
        "functions-deployer": "| 2 | 6 |   TypeScript   |",
        "sample-functions-mysql": "| 2 | 4 |   Go   |",
        "will_paginate": "| 1 | 3 |   Ruby   |",
        "bower-nexus3-resolver": "| 1 | 1 |   JavaScript   |",
        "fly": "| 1 | 0 |   Go   |",
        "bin": "| 1 | 0 |   Go   |",
        "libvirt-go": "| 1 | 1 |   Go   |",
        "ember-cli-segment": "| 1 | 3 |   JavaScript   |",
        "go-marathon": "| 1 | 0 |   Go   |",
        "external-storage": "| 1 | 0 |   Go   |",
        "openfaas-kubernetes": "| 1 | 1 |   Python   |",
        "icingaweb2-module-director": "| 1 | 1 |   PHP   |",
        "docker-packagecloud": "| 1 | 2 |   Shell   |",
        "flipper": "| 1 | 0 |   Ruby   |",
        "hub": "| 1 | 1 |   Go   |",
        "osinfo-db-tools": "| 1 | 1 |   Shell   |",
        "hivex": "| 1 | 1 |   C   |",
        "supermin": "| 1 | 2 |   C   |",
        "autoscaler": "| 1 | 2 |   Go   |",
        "menoetius": "| 1 | 3 |   C   |",
        "gocd-webhook-notification-plugin": "| 1 | 1 |   Java   |",
        "oneclick-quickstarts": "| 1 | 0 |   JavaScript   |",
        "libcloud": "| 1 | 0 |   None   |",
        "sedutil": "| 1 | 0 |   C++   |",
        "concourse-resource-library": "| 1 | 1 |   Go   |",
        "lockfile": "| 1 | 0 |   Go   |",
        "sample-hexo": "| 1 | 7 |   Stylus   |",
        "sample-golang-notes": "| 1 | 9 |   Go   |",
        "volumes-fix": "| 1 | 0 |   Shell   |",
        "go-info-webserver": "| 1 | 2 |   Go   |",
        "sample-swift": "| 1 | 4 |   None   |",
        "recws": "| 1 | 2 |   None   |",
        "terraform-provider-cloudflare": "| 1 | 0 |   None   |",
        "mtls-tech-talk": "| 1 | 0 |   Makefile   |",
        "sample-golang-docr-github-action": "| 1 | 4 |   Go   |",
        "ipvs": "| 1 | 0 |   Go   |",
        "cluster-api": "| 1 | 1 |   None   |",
        "doctl-sandbox-plugin": "| 1 | 2 |   Shell   |",
        "sample-websocket": "| 1 | 7 |   HTML   |",
        "sample-functions-todo": "| 1 | 8 |   JavaScript   |",
        "sample-functions-discord-joke-bot": "| 1 | 1 |   None   |",
        "buildpack-apt": "| 1 | 1 |   Shell   |",
        "fluentd-docker-image": "| 0 | 1 |   Dockerfile   |",
        "digitalocean_discourse_theme": "| 0 | 1 |   HTML   |",
        "libsys-virt-perl": "| 0 | 1 |   Perl   |",
        "ocaml": "| 0 | 2 |   OCaml   |",
        "osinfo-db": "| 0 | 1 |   Python   |",
        "cortex": "| 0 | 0 |   Go   |",
        "kubelet-rubber-stamp": "| 0 | 2 |   Go   |",
        "whatwillyouDO": "| 0 | 2 |   HTML   |",
        "hatch-slack-welcome-bot": "| 0 | 0 |   None   |",
        "dcind": "| 0 | 1 |   None   |",
        "gorm": "| 0 | 0 |   Go   |",
        "kubernetes": "| 0 | 1 |   None   |",
        "mysql": "| 0 | 1 |   None   |",
        "github-resource": "| 0 | 1 |   None   |",
        "reach-tabs": "| 0 | 0 |   TypeScript   |",
        "alice-lg": "| 0 | 2 |   None   |",
        "cadence-client": "| 0 | 0 |   Go   |",
        "golang-pipeline": "| 0 | 1 |   Shell   |",
        "csi-test": "| 0 | 1 |   Go   |",
        "katacoda-scenarios": "| 0 | 1 |   Shell   |",
        "artifactory-resource": "| 0 | 2 |   Go   |",
        "jfrog-client-go": "| 0 | 0 |   None   |",
        "mesos_exporter": "| 0 | 0 |   None   |",
        "dashboard": "| 0 | 0 |   None   |",
        "chef": "| 0 | 0 |   None   |",
        "packagecloud-ansible-role": "| 0 | 0 |   None   |",
        "image-generator": "| 0 | 1 |   Go   |",
        "concourse-docs": "| 0 | 0 |   None   |",
        "cve-search": "| 0 | 1 |   Smarty   |",
        "list": "| 0 | 0 |   Go   |",
        "bash-static": "| 0 | 1 |   None   |",
        "testify": "| 0 | 0 |   Go   |",
        "haproxy_exporter": "| 0 | 2 |   Go   |",
        "sample-php-subdir": "| 0 | 2 |   PHP   |",
        "sample-php-composer2": "| 0 | 2 |   PHP   |",
        "validate": "| 0 | 1 |   None   |",
        "aws-sdk-go": "| 0 | 0 |   None   |",
        "cloudflare-go": "| 0 | 1 |   None   |",
        "cnb-shim": "| 0 | 0 |   Go   |",
        "atlas_exporter": "| 0 | 1 |   Go   |",
        "ripeatlas": "| 0 | 1 |   Go   |",
        "golang-socketio": "| 0 | 1 |   None   |",
        "s3-tests": "| 0 | 1 |   None   |",
        "docker-jmx-prometheus-exporter": "| 0 | 1 |   Shell   |",
        "test-agent-ci": "| 0 | 1 |   Go   |",
        "pychef": "| 0 | 1 |   Python   |",
        "work": "| 0 | 1 |   None   |",
        "cilium": "| 0 | 0 |   None   |",
        "fluentbit-operator": "| 0 | 1 |   Go   |",
        "opentelemetry-go": "| 0 | 0 |   None   |",
        "etcd-cluster-operator": "| 0 | 1 |   None   |",
        "sentry-go": "| 0 | 0 |   None   |",
        "tutorial-node-sample-app": "| 0 | 1 |   JavaScript   |",
        "sample-functions-nodejs-calculator": "| 0 | 12 |   HTML   |",
        "cockroach-operator": "| 0 | 1 |   Go   |",
        "functions-redis": "| 0 | 2 |   JavaScript   |",
        "pkgsite": "| 0 | 0 |   Go   |",
        "sample-functions-file-upload": "| 0 | 1 |   JavaScript   |",
        "raven-lua": "| 0 | 1 |   Lua   |",
        "sample-functions-golang-random-1": "| 0 | 0 |   None   |",
        "go-control-plane": "| 0 | 0 |   None   |",
        "marketplace-openmptcprouter": "| 0 | 0 |   Shell   |",
        "page-ratings": "| 0 | 0 |   Python   |",
        "ansible-collection": "| 0 | 1 |   None   |",
        "sample-apt-golang": "| 0 | 1 |   Go   |",
        "bootswatch": "| 0 | 0 |   None   |"
    }
}