{
    "company": "Discourse",
    "h-index": 39,
    "repo count": 479,
    "contributor count": 2412,
    "size": "todo",
    "employee count": "todo",
    "country": null,
    "top language": "Ruby",
    "repos": {
        "discourse": "| 37852 | 7967 |   Ruby   |",
        "message_bus": "| 1590 | 132 |   Ruby   |",
        "discourse_docker": "| 1514 | 695 |   Shell   |",
        "onebox": "| 801 | 166 |   Ruby   |",
        "logster": "| 544 | 52 |   Ruby   |",
        "wp-discourse": "| 503 | 119 |   PHP   |",
        "prometheus_exporter": "| 476 | 133 |   Ruby   |",
        "mini_sql": "| 369 | 16 |   Ruby   |",
        "discourse_api": "| 253 | 162 |   Ruby   |",
        "DiscourseMobile": "| 215 | 58 |   JavaScript   |",
        "rails_multisite": "| 212 | 16 |   Ruby   |",
        "mini_scheduler": "| 169 | 5 |   Ruby   |",
        "pups": "| 151 | 24 |   Ruby   |",
        "discourse-solved": "| 151 | 81 |   Ruby   |",
        "discourse-adplugin": "| 118 | 68 |   JavaScript   |",
        "discourse-topic-voting": "| 107 | 55 |   Ruby   |",
        "rails_failover": "| 103 | 3 |   Ruby   |",
        "discourse-oauth2-basic": "| 100 | 105 |   Ruby   |",
        "mini_mime": "| 87 | 30 |   Ruby   |",
        "discourse-chat-integration": "| 86 | 70 |   Ruby   |",
        "all-the-plugins": "| 85 | 16 |   Ruby   |",
        "discourse-data-explorer": "| 78 | 47 |   Ruby   |",
        "docker_manager": "| 65 | 62 |   Ruby   |",
        "discourse-air": "| 59 | 73 |   SCSS   |",
        "discourse-spoiler-alert": "| 58 | 43 |   JavaScript   |",
        "discourse-tagging": "| 58 | 44 |   JavaScript   |",
        "discourse-whos-online": "| 56 | 35 |   JavaScript   |",
        "email_reply_trimmer": "| 54 | 15 |   Ruby   |",
        "discourse-calendar": "| 48 | 41 |   Ruby   |",
        "discourse-steam-login": "| 47 | 19 |   Ruby   |",
        "discourse-translator": "| 47 | 45 |   Ruby   |",
        "material-design-stock-theme": "| 46 | 78 |   SCSS   |",
        "discourse-chat": "| 45 | 7 |   None   |",
        "discourse-checklist": "| 44 | 17 |   JavaScript   |",
        "discourse-user-notes": "| 44 | 23 |   Ruby   |",
        "discourse-patreon": "| 42 | 29 |   Ruby   |",
        "discourse-assign": "| 42 | 36 |   Ruby   |",
        "discourse-math": "| 42 | 16 |   JavaScript   |",
        "discourse-push-notifications": "| 39 | 14 |   None   |",
        "discourse-algolia": "| 39 | 19 |   JavaScript   |",
        "discourse-cakeday": "| 37 | 24 |   JavaScript   |",
        "letter-avatars": "| 37 | 4 |   Ruby   |",
        "discourse_theme": "| 37 | 13 |   Ruby   |",
        "discourse-saml": "| 36 | 45 |   Ruby   |",
        "discourse_api_docs": "| 35 | 38 |   JavaScript   |",
        "discourse-canned-replies": "| 34 | 24 |   JavaScript   |",
        "discourse-encrypt": "| 34 | 12 |   JavaScript   |",
        "discourse-sitemap": "| 33 | 14 |   Ruby   |",
        "discourse-github": "| 32 | 24 |   Ruby   |",
        "discourse-brand-header": "| 31 | 42 |   HTML   |",
        "discourse-openid-connect": "| 31 | 43 |   Ruby   |",
        "discourse-auth-proxy": "| 29 | 9 |   Go   |",
        "discourse-subscriptions": "| 29 | 32 |   Ruby   |",
        "discourse-reactions": "| 28 | 13 |   JavaScript   |",
        "discourse-akismet-fork": "| 27 | 18 |   Ruby   |",
        "core": "| 26 | 3 |   None   |",
        "install-rails": "| 26 | 92 |   Shell   |",
        "discourse-slack-official": "| 26 | 14 |   Ruby   |",
        "discourse-simple-theme": "| 25 | 44 |   SCSS   |",
        "discourse-affiliate": "| 24 | 20 |   Ruby   |",
        "discourse-follow": "| 23 | 16 |   Ruby   |",
        "discourse-docs": "| 23 | 15 |   JavaScript   |",
        "all-the-themes": "| 23 | 7 |   Ruby   |",
        "discourse-kanban-theme": "| 21 | 22 |   JavaScript   |",
        "discourse-gamification": "| 21 | 7 |   Ruby   |",
        "discourse-category-banners": "| 20 | 32 |   JavaScript   |",
        "discourse-custom-header-links": "| 20 | 53 |   JavaScript   |",
        "DiscoTOC": "| 20 | 28 |   JavaScript   |",
        "discourse-zoom": "| 20 | 2 |   Ruby   |",
        "discourse-bbcode-color": "| 18 | 11 |   JavaScript   |",
        "discourse-plugin-discord-auth": "| 18 | 16 |   Ruby   |",
        "discourse-rss-polling": "| 18 | 9 |   Ruby   |",
        "discourse-jwt": "| 17 | 10 |   Ruby   |",
        "image-optimizer": "| 17 | 1 |   JavaScript   |",
        "github_badges": "| 16 | 12 |   Ruby   |",
        "discourse-zendesk-plugin": "| 16 | 11 |   Ruby   |",
        "discourse-post-voting": "| 16 | 7 |   Ruby   |",
        "discourse-signatures": "| 15 | 19 |   Ruby   |",
        "discourse-narrative-bot": "| 15 | 12 |   None   |",
        "discourse-prometheus": "| 14 | 9 |   Ruby   |",
        "discourse-perspective-api": "| 14 | 9 |   Ruby   |",
        "mattermost-css-hacks": "| 14 | 9 |   JavaScript   |",
        "Discourse-easy-footer": "| 14 | 33 |   JavaScript   |",
        "discourse-tooltips": "| 13 | 4 |   JavaScript   |",
        "discourse-anonymous-moderators": "| 13 | 3 |   Ruby   |",
        "discourse-code-review": "| 13 | 12 |   Ruby   |",
        "Discourse-Tiles-image-gallery": "| 12 | 11 |   HTML   |",
        "discourse-footnote": "| 12 | 5 |   JavaScript   |",
        "discourse-user-card-badges": "| 12 | 5 |   Ruby   |",
        "discourse-plugin-skeleton": "| 12 | 14 |   Ruby   |",
        "discourse-moderator-attention": "| 11 | 2 |   Ruby   |",
        "discourse-vincent-theme": "| 11 | 17 |   SCSS   |",
        "discourse-no-bump": "| 11 | 4 |   Ruby   |",
        "discourse-linkify-words": "| 11 | 34 |   JavaScript   |",
        "discourse-teambuild": "| 11 | 5 |   Ruby   |",
        "discourse-homepage-feature-component": "| 11 | 23 |   JavaScript   |",
        "discourse-topic-thumbnails": "| 11 | 14 |   JavaScript   |",
        "discourse-bbcode": "| 10 | 19 |   Ruby   |",
        "discourse-linkedin-auth": "| 10 | 11 |   Ruby   |",
        "discourse-microsoft-auth": "| 10 | 8 |   Ruby   |",
        "mail-receiver": "| 10 | 8 |   Ruby   |",
        "discourse-fingerprint": "| 10 | 3 |   Ruby   |",
        "discourse-automation": "| 10 | 9 |   Ruby   |",
        "discourse-shared-edits": "| 10 | 3 |   Ruby   |",
        "discourse-unlock": "| 10 | 4 |   Ruby   |",
        "discourse-emoji-extractor": "| 9 | 3 |   Ruby   |",
        "discourse-github-linkback": "| 9 | 4 |   Ruby   |",
        "discourse-saved-searches": "| 9 | 7 |   Ruby   |",
        "discourse-icon-header-links": "| 9 | 13 |   JavaScript   |",
        "graceful": "| 9 | 46 |   SCSS   |",
        "discourse-yearly-review": "| 9 | 7 |   Ruby   |",
        "Fakebook": "| 9 | 23 |   SCSS   |",
        "discourse-search-banner": "| 9 | 44 |   JavaScript   |",
        "discourse-azure-ad": "| 8 | 15 |   Ruby   |",
        "discourse-hamburger-theme-selector": "| 8 | 10 |   HTML   |",
        "mini_suffix": "| 8 | 3 |   Ruby   |",
        "discourse-characters-required": "| 8 | 4 |   JavaScript   |",
        "discourse-graphviz": "| 8 | 6 |   Ruby   |",
        "discourse-jitsi": "| 8 | 9 |   JavaScript   |",
        "discourse-antivirus": "| 8 | 1 |   Ruby   |",
        "discourse-radiant-theme": "| 8 | 10 |   SCSS   |",
        "discourse-hide-post": "| 7 | 4 |   JavaScript   |",
        "discourse-meteor": "| 7 | 4 |   Ruby   |",
        "discourse-watch-category-mcneel": "| 7 | 17 |   Ruby   |",
        "discourse-omniauth-jwt": "| 7 | 9 |   Ruby   |",
        "discourse-prometheus-alert-receiver": "| 7 | 5 |   Ruby   |",
        "Discourse-Slick-image-gallery": "| 7 | 6 |   HTML   |",
        "discourse-auto-deactivate": "| 7 | 5 |   Ruby   |",
        "Discourse-nav-links-component": "| 7 | 15 |   JavaScript   |",
        "discourse-header-submenus": "| 7 | 24 |   SCSS   |",
        "discourse-apple-auth": "| 7 | 10 |   Ruby   |",
        "discourse-categories-suppressed": "| 7 | 2 |   Ruby   |",
        "discourse-custom-category-boxes-component": "| 7 | 5 |   JavaScript   |",
        "discourse-akismet": "| 7 | 5 |   Ruby   |",
        "discourse-invite-tokens": "| 6 | 3 |   Ruby   |",
        "discourse-full-width-banner": "| 6 | 10 |   HTML   |",
        "discourse-expand-collapse-banner": "| 6 | 5 |   HTML   |",
        "discourse-policy": "| 6 | 10 |   Ruby   |",
        "discourse-social-share": "| 6 | 5 |   JavaScript   |",
        "service_skeleton": "| 6 | 1 |   Ruby   |",
        "ghost": "| 6 | 7 |   SCSS   |",
        "discourse-restricted-replies": "| 6 | 2 |   Ruby   |",
        "discourse-color-scheme-toggle": "| 6 | 5 |   JavaScript   |",
        "zeronoise": "| 6 | 23 |   SCSS   |",
        "discourse-dev-nav-item": "| 5 | 13 |   Ruby   |",
        "discourse_email_parser": "| 5 | 2 |   Ruby   |",
        "plugin_discourse_dynamic_sidebar": "| 5 | 4 |   JavaScript   |",
        "logstash-input-rds": "| 5 | 9 |   Ruby   |",
        "discourse-theme-creator": "| 5 | 3 |   Ruby   |",
        "discourse-category-icons": "| 5 | 11 |   JavaScript   |",
        "discourse-vk-auth": "| 5 | 7 |   Ruby   |",
        "minima": "| 5 | 12 |   SCSS   |",
        "discourse-chart": "| 5 | 3 |   JavaScript   |",
        "discourse-group-timezones": "| 5 | 1 |   JavaScript   |",
        "discourse-category-experts": "| 5 | 1 |   Ruby   |",
        "discourse-ai": "| 5 | 1 |   Ruby   |",
        "discourse-pirate-speak": "| 4 | 7 |   JavaScript   |",
        "discourse-lazyYT": "| 4 | 6 |   CSS   |",
        "discourse-details": "| 4 | 3 |   None   |",
        "discourse-presence": "| 4 | 3 |   None   |",
        "discourse-users-nav": "| 4 | 6 |   HTML   |",
        "discourse-styleguide": "| 4 | 6 |   None   |",
        "discourse-custom-hamburger-links": "| 4 | 13 |   JavaScript   |",
        "new-like-icon": "| 4 | 12 |   HTML   |",
        "discourse-azure-blob-storage": "| 4 | 6 |   Ruby   |",
        "discourse-brightcove": "| 4 | 2 |   Ruby   |",
        "unformatted-code-detector": "| 4 | 8 |   JavaScript   |",
        "discourse-tag-banners": "| 4 | 11 |   JavaScript   |",
        "rubocop-discourse": "| 4 | 2 |   Ruby   |",
        "discourse-insert-video": "| 4 | 1 |   JavaScript   |",
        "discourse-user-card-directory": "| 4 | 3 |   JavaScript   |",
        "discourse-staff-alias": "| 4 | 2 |   Ruby   |",
        "discourse-multi-reactions": "| 4 | 1 |   Ruby   |",
        "discourse-mint-theme": "| 4 | 38 |   SCSS   |",
        "discourse-sidebar-category-nav": "| 4 | 0 |   Handlebars   |",
        "discourse-right-sidebar-blocks": "| 4 | 3 |   JavaScript   |",
        "discourse-google-one-tap": "| 4 | 1 |   Ruby   |",
        "experimental-usercard": "| 4 | 0 |   Handlebars   |",
        "discourse-alert": "| 3 | 4 |   JavaScript   |",
        "folksy-store-name": "| 3 | 2 |   Ruby   |",
        "discourse-crowd": "| 3 | 5 |   Ruby   |",
        "discourse-browser-history": "| 3 | 1 |   JavaScript   |",
        "twitter-profile-link": "| 3 | 6 |   Ruby   |",
        "discourse-twittercommunity": "| 3 | 8 |   CSS   |",
        "discourse-backup-uploads-to-s3": "| 3 | 4 |   Ruby   |",
        "abbreviation-discourse-plugin": "| 3 | 2 |   JavaScript   |",
        "discourse-classic": "| 3 | 3 |   SCSS   |",
        "discourse-group-tracker": "| 3 | 5 |   Ruby   |",
        "discourse-thin-header-theme-component": "| 3 | 2 |   SCSS   |",
        "discourse-dark-admin-editor": "| 3 | 3 |   SCSS   |",
        "discourse-alt-logo": "| 3 | 7 |   HTML   |",
        "discourse-intercom": "| 3 | 4 |   Ruby   |",
        "discourse-matomo-analytics": "| 3 | 16 |   HTML   |",
        "config_skeleton": "| 3 | 1 |   Ruby   |",
        "discourse-placeholder": "| 3 | 1 |   JavaScript   |",
        "discourse-post-badges": "| 3 | 7 |   JavaScript   |",
        "discourse-login-with-amazon": "| 3 | 2 |   Ruby   |",
        "discourse-placeholder-theme-component": "| 3 | 7 |   JavaScript   |",
        "discourse-bcc": "| 3 | 3 |   Ruby   |",
        "publish-rubygems-action": "| 3 | 6 |   Shell   |",
        "hljs-theme-picker": "| 3 | 6 |   CSS   |",
        "discourse-bbb": "| 3 | 7 |   JavaScript   |",
        "raw-post-button": "| 3 | 5 |   JavaScript   |",
        "discourse-user-portfolio": "| 3 | 3 |   JavaScript   |",
        "discourse-surveys": "| 3 | 1 |   Ruby   |",
        "fakebook-modern": "| 3 | 5 |   SCSS   |",
        "mass-merge": "| 3 | 0 |   JavaScript   |",
        "discourse-lti": "| 3 | 0 |   Ruby   |",
        "discourse-minimal-category-boxes": "| 3 | 14 |   Handlebars   |",
        "discourse-top-contributors-sidebar": "| 3 | 5 |   SCSS   |",
        "discourse-mermaid-theme-component": "| 3 | 3 |   JavaScript   |",
        "discourse-templates": "| 3 | 0 |   Ruby   |",
        "discourse-full-width-component": "| 3 | 0 |   SCSS   |",
        "discourse-qunit-rails": "| 2 | 5 |   JavaScript   |",
        "discourse-tudiabetes": "| 2 | 3 |   Ruby   |",
        "discourse-logster-rate-limit-checker": "| 2 | 2 |   Ruby   |",
        "translations-manager": "| 2 | 11 |   Ruby   |",
        "discourse-two-columns-banner": "| 2 | 2 |   HTML   |",
        "discourse-three-columns-banner": "| 2 | 6 |   HTML   |",
        "discourse-new-topic-button-theme-component": "| 2 | 21 |   HTML   |",
        "azure-prometheus-exporter": "| 2 | 1 |   Ruby   |",
        "discourse-avatar-component": "| 2 | 2 |   SCSS   |",
        "discourse-topic-author": "| 2 | 8 |   HTML   |",
        "discourse-topic-status-filter": "| 2 | 5 |   JavaScript   |",
        "discourse-like-column": "| 2 | 3 |   HTML   |",
        "discourse-knowledge-base-theme": "| 2 | 2 |   JavaScript   |",
        "discourse-react-example": "| 2 | 1 |   JavaScript   |",
        "discourse-amazon-sns": "| 2 | 2 |   Ruby   |",
        "discourse-video": "| 2 | 3 |   Ruby   |",
        "discourse-fontawesome-pro": "| 2 | 3 |   Ruby   |",
        "discourse-topic-excerpts": "| 2 | 6 |   JavaScript   |",
        ".github": "| 2 | 2 |   JavaScript   |",
        "discourse-dice": "| 2 | 2 |   JavaScript   |",
        "discourse-baidu-search": "| 2 | 3 |   HTML   |",
        "discourse-showcased-categories": "| 2 | 10 |   JavaScript   |",
        "mini_tarball": "| 2 | 2 |   Ruby   |",
        "discourse-clickable-topic": "| 2 | 1 |   JavaScript   |",
        "discourse-user-field-prompt": "| 2 | 0 |   JavaScript   |",
        "mini_yaml": "| 2 | 1 |   Ruby   |",
        "discourse-marketo": "| 2 | 0 |   Ruby   |",
        "discourse-category-groups-component": "| 2 | 4 |   Handlebars   |",
        "discourse-user-card-on-hover": "| 2 | 0 |   JavaScript   |",
        "discourse-categories-tag-column": "| 2 | 0 |   SCSS   |",
        "discourse-animated-avatars": "| 2 | 0 |   JavaScript   |",
        "discourse-global-filter": "| 2 | 2 |   JavaScript   |",
        "evolve_emoji": "| 1 | 2 |   JavaScript   |",
        "discourse-estudiabetes": "| 1 | 1 |   Ruby   |",
        "discourse-heap": "| 1 | 1 |   Ruby   |",
        "discourse-wd-dynamic-sidebar": "| 1 | 2 |   JavaScript   |",
        "discourse-unhandled-tagger": "| 1 | 6 |   Ruby   |",
        "discourse-auto-suspend": "| 1 | 1 |   Ruby   |",
        "discourse-atom-receiver": "| 1 | 1 |   Ruby   |",
        "discourse-atom-trigger": "| 1 | 1 |   JavaScript   |",
        "logstash-input-elasticache": "| 1 | 3 |   Ruby   |",
        "errorpages": "| 1 | 2 |   HTML   |",
        "discourse-onesignal": "| 1 | 2 |   Ruby   |",
        "discourse-site-report": "| 1 | 2 |   Ruby   |",
        "discourse-mattermost-holidays-sync": "| 1 | 2 |   Ruby   |",
        "mousetrap": "| 1 | 1 |   JavaScript   |",
        "discourse-ember-source": "| 1 | 2 |   Ruby   |",
        "discourse-add-category-column": "| 1 | 2 |   JavaScript   |",
        "discourse-ios-keyboard": "| 1 | 1 |   HTML   |",
        "flaky-tests-detective": "| 1 | 2 |   Ruby   |",
        "discourse-theme-hibiscus": "| 1 | 2 |   SCSS   |",
        "discourse-groups-css-classes-in-body": "| 1 | 2 |   HTML   |",
        "discourse-reply-template-component": "| 1 | 10 |   JavaScript   |",
        "can-haz-redis": "| 1 | 2 |   Go   |",
        "discourse-watched-word-exceptions": "| 1 | 2 |   Ruby   |",
        "discourse-unanswered-filter": "| 1 | 4 |   JavaScript   |",
        "github-status-theme": "| 1 | 1 |   JavaScript   |",
        "discourse-faria-theme": "| 1 | 4 |   SCSS   |",
        "discourse-google-font-component": "| 1 | 5 |   SCSS   |",
        "discourse-hide-users-column": "| 1 | 6 |   HTML   |",
        "discourse-whereby": "| 1 | 2 |   JavaScript   |",
        "html-to-markdown": "| 1 | 1 |   JavaScript   |",
        "discourse-pdf-previews": "| 1 | 9 |   JavaScript   |",
        "discourse-image-annotator": "| 1 | 4 |   HTML   |",
        "discourse-gifs": "| 1 | 10 |   JavaScript   |",
        "discourse-sidebar-tags": "| 1 | 3 |   JavaScript   |",
        "discourse-atlassian-statuspage": "| 1 | 4 |   JavaScript   |",
        "discourse_dev": "| 1 | 0 |   Ruby   |",
        "discourse-docs-card-filter": "| 1 | 8 |   JavaScript   |",
        "discourse-iframe-lightboxes": "| 1 | 2 |   SCSS   |",
        "bbcode-tag-autocomplete": "| 1 | 1 |   JavaScript   |",
        "discourse-extra-group-classes": "| 1 | 1 |   Ruby   |",
        "discourse-excalidraw-embed": "| 1 | 1 |   JavaScript   |",
        "definitions": "| 1 | 0 |   Ruby   |",
        "discourse_dev_assets": "| 1 | 0 |   Ruby   |",
        "discourse-header-search": "| 1 | 6 |   JavaScript   |",
        "squoosh": "| 1 | 0 |   TypeScript   |",
        "discourse-meta-banner": "| 1 | 6 |   SCSS   |",
        "discourse-colorful-categories": "| 1 | 0 |   JavaScript   |",
        "discourse-topic-query": "| 1 | 0 |   Ruby   |",
        "inky-theme": "| 1 | 3 |   SCSS   |",
        "discourse-unanswered-filter-link": "| 1 | 0 |   JavaScript   |",
        "discourse-group-alert-banners": "| 1 | 0 |   JavaScript   |",
        "discourse-locale-switcher": "| 1 | 0 |   JavaScript   |",
        "discourse-client-performance": "| 1 | 0 |   JavaScript   |",
        "discourse-maintenance-message": "| 1 | 2 |   JavaScript   |",
        "discourse-seed-fu": "| 1 | 0 |   Ruby   |",
        "discourse-orgchart": "| 1 | 0 |   JavaScript   |",
        "discourse-categories-navbar": "| 1 | 2 |   SCSS   |",
        "syntax_tree-disable_ternary": "| 1 | 0 |   Ruby   |",
        "virtual-dom": "| 1 | 0 |   JavaScript   |",
        "discourse-mailinglist-integration": "| 1 | 0 |   Ruby   |",
        "discourse-fully": "| 1 | 0 |   SCSS   |",
        "discourse-docimages": "| 0 | 2 |   None   |",
        "discourse-dwolla": "| 0 | 3 |   Ruby   |",
        "discourse-folksy-image": "| 0 | 2 |   Ruby   |",
        "fa_whitelist": "| 0 | 1 |   Ruby   |",
        "discourse-bloomberg": "| 0 | 3 |   Ruby   |",
        "sketchup-sso": "| 0 | 4 |   Ruby   |",
        "discourse-akismet-hipchat": "| 0 | 1 |   Ruby   |",
        "discourse-gradle-issue": "| 0 | 1 |   JavaScript   |",
        "discourse-salesforce-auth": "| 0 | 1 |   Ruby   |",
        "logspout-logstash": "| 0 | 2 |   Go   |",
        "discourse-sketchup-3dwh-onebox": "| 0 | 2 |   Ruby   |",
        "discourse-plugin-autoplay": "| 0 | 1 |   JavaScript   |",
        "lrqdo-editor-plugin-discourse": "| 0 | 1 |   JavaScript   |",
        "image_optim": "| 0 | 1 |   Ruby   |",
        "discourse-segment-io-plugin": "| 0 | 3 |   Ruby   |",
        "discourse-json-s3-export": "| 0 | 1 |   Ruby   |",
        "graphite_docker": "| 0 | 3 |   Python   |",
        "elasticsearch-aws": "| 0 | 3 |   Dockerfile   |",
        "discourse-composer-headings": "| 0 | 1 |   HTML   |",
        "docker-logstash": "| 0 | 3 |   Makefile   |",
        "prometheus-cloudwatch-exporter": "| 0 | 1 |   Ruby   |",
        "neweb-adplugin": "| 0 | 1 |   JavaScript   |",
        "grafana-docker": "| 0 | 2 |   Shell   |",
        "grafana": "| 0 | 1 |   Go   |",
        "remove-name-suppression-on-posts": "| 0 | 2 |   HTML   |",
        "discourse-emoji-mention": "| 0 | 0 |   HTML   |",
        "discourse-logster-transporter": "| 0 | 1 |   Ruby   |",
        "discourse-plugin-ci": "| 0 | 2 |   Shell   |",
        "loggerstash": "| 0 | 1 |   Ruby   |",
        "discourse-intercom-widget": "| 0 | 2 |   HTML   |",
        "discourse-topic-print-component": "| 0 | 3 |   HTML   |",
        "discourse-password-expiry": "| 0 | 2 |   Ruby   |",
        "discourse-optional-title-mobile-header": "| 0 | 3 |   HTML   |",
        "discourse-post-height-detective": "| 0 | 0 |   JavaScript   |",
        "discourse-custom-code": "| 0 | 4 |   SCSS   |",
        "discourse-category-sidebars": "| 0 | 10 |   JavaScript   |",
        "moment-timezone-names-translations": "| 0 | 1 |   Ruby   |",
        "discourse-tag-icons": "| 0 | 7 |   JavaScript   |",
        "tc-theme": "| 0 | 3 |   JavaScript   |",
        "Scrollable-post-content": "| 0 | 1 |   HTML   |",
        "lifecycled": "| 0 | 2 |   Go   |",
        "discourse-custom-topic-button-component": "| 0 | 4 |   HTML   |",
        "discourse-topic-group-button-component": "| 0 | 1 |   JavaScript   |",
        "discourse-copy-s3-uploads": "| 0 | 1 |   None   |",
        "discourse-backup-s3-uploads": "| 0 | 1 |   Ruby   |",
        "discourse-enable-service-worker-on-apple-devices": "| 0 | 2 |   HTML   |",
        "docker-virtualbmc": "| 0 | 1 |   Dockerfile   |",
        "discourse-totp-markdown": "| 0 | 1 |   JavaScript   |",
        "discourse-user-menu-tab": "| 0 | 5 |   JavaScript   |",
        "eslint-config-discourse": "| 0 | 5 |   JavaScript   |",
        "UTS_base": "| 0 | 2 |   SCSS   |",
        "eslint-discourse-ember": "| 0 | 1 |   JavaScript   |",
        "discourse-sketch": "| 0 | 1 |   JavaScript   |",
        "discourse-hide-muted-categories": "| 0 | 2 |   SCSS   |",
        "discourse-wcag-contrast": "| 0 | 2 |   SCSS   |",
        "discourse-icon": "| 0 | 2 |   JavaScript   |",
        "discourse-likes-matrix": "| 0 | 1 |   JavaScript   |",
        "discourse-default-composer-category": "| 0 | 0 |   JavaScript   |",
        "discourse-quick-whisper": "| 0 | 1 |   JavaScript   |",
        "discourse-featured-tiles": "| 0 | 2 |   JavaScript   |",
        "discourse-blank-theme": "| 0 | 2 |   None   |",
        "discourse-email-short-date-format": "| 0 | 2 |   Ruby   |",
        "discourse-media-events": "| 0 | 1 |   JavaScript   |",
        "discourse-salesforce": "| 0 | 1 |   Ruby   |",
        "moby-derp": "| 0 | 1 |   Ruby   |",
        "discourse-fonts": "| 0 | 2 |   Ruby   |",
        "discourse-featured-tiles-link": "| 0 | 2 |   SCSS   |",
        "discourse-ember-rails": "| 0 | 1 |   Ruby   |",
        "ember-template-lint-plugin-discourse": "| 0 | 1 |   JavaScript   |",
        "ultravisor": "| 0 | 1 |   None   |",
        "nomad": "| 0 | 2 |   None   |",
        "levant": "| 0 | 1 |   None   |",
        "socketee": "| 0 | 1 |   None   |",
        "frankenstein": "| 0 | 1 |   None   |",
        "logstash_writer": "| 0 | 1 |   Ruby   |",
        "discourse-auth-no-email": "| 0 | 2 |   Ruby   |",
        "discourse-github-user-infos-view": "| 0 | 2 |   Ruby   |",
        "discourse-mobile-op-avatar-component": "| 0 | 4 |   JavaScript   |",
        "discourse-compact-nav": "| 0 | 1 |   JavaScript   |",
        "discourse-tag-topic-user-device": "| 0 | 1 |   Ruby   |",
        "discourse-old-android-warning-banner-lets-encrypt-changes": "| 0 | 1 |   HTML   |",
        "discourse-group-tag-associations": "| 0 | 1 |   Ruby   |",
        "discourse-excluded-logins": "| 0 | 1 |   HTML   |",
        "discourse-loading-slider": "| 0 | 4 |   JavaScript   |",
        "discourse-disable-reply-jump": "| 0 | 0 |   JavaScript   |",
        "mail": "| 0 | 0 |   Ruby   |",
        "prometheus-logstash-exporter": "| 0 | 1 |   Go   |",
        "discourse-development-auth": "| 0 | 0 |   Ruby   |",
        "discourse-tag-group-filters": "| 0 | 1 |   JavaScript   |",
        "discourse-hide-auth-method": "| 0 | 1 |   JavaScript   |",
        "uipath-tile-styles": "| 0 | 1 |   SCSS   |",
        "uipath-taggroup-styles": "| 0 | 2 |   SCSS   |",
        "discourse-codebytes-plugin": "| 0 | 0 |   JavaScript   |",
        "holidays": "| 0 | 0 |   Ruby   |",
        "discourse-pm-bubbles": "| 0 | 2 |   SCSS   |",
        "debug-quick-access": "| 0 | 1 |   JavaScript   |",
        "discourse-onboarding-banner": "| 0 | 1 |   Ruby   |",
        "discourse-poll-banner": "| 0 | 1 |   JavaScript   |",
        "discourse-topic-list-solution-highlight": "| 0 | 1 |   SCSS   |",
        "itsatrap": "| 0 | 0 |   JavaScript   |",
        "discourse-group-membership-ip-block": "| 0 | 0 |   Ruby   |",
        "discourse-minimal-footer": "| 0 | 0 |   JavaScript   |",
        "discourse-post-wizard": "| 0 | 0 |   JavaScript   |",
        "discourse-table-functions": "| 0 | 0 |   JavaScript   |",
        "discourse-alt-icons": "| 0 | 0 |   JavaScript   |",
        "discourse-feather-icons": "| 0 | 1 |   JavaScript   |",
        "discourse-unicons": "| 0 | 1 |   JavaScript   |",
        "discourse-phosphor-duotone-icons": "| 0 | 1 |   JavaScript   |",
        "discourse-coupa-login": "| 0 | 0 |   JavaScript   |",
        "discourse-minimal-welcome-banner": "| 0 | 0 |   SCSS   |",
        "sticky-avatars": "| 0 | 0 |   JavaScript   |",
        "discourse-categories-tracking-toggle": "| 0 | 0 |   JavaScript   |",
        "discourse-referrer-banner": "| 0 | 0 |   JavaScript   |",
        "discourse-trendy-login": "| 0 | 2 |   SCSS   |",
        "discourse-url-filters": "| 0 | 0 |   Ruby   |",
        "class-thief-detective": "| 0 | 0 |   JavaScript   |",
        "discourse-group-alert": "| 0 | 0 |   JavaScript   |",
        "discourse-heroicons": "| 0 | 1 |   JavaScript   |",
        "discourse-halloween-decorations": "| 0 | 1 |   HTML   |",
        "core-web-vitals-analytics-theme": "| 0 | 0 |   JavaScript   |",
        "discourse-pm-dropdown-button": "| 0 | 0 |   JavaScript   |",
        "discourse-kolide": "| 0 | 0 |   Ruby   |",
        "discourse_zendesk_api": "| 0 | 0 |   Ruby   |",
        "discourse-signup-banner": "| 0 | 2 |   SCSS   |",
        "discourse-needs-love": "| 0 | 0 |   Ruby   |",
        "discourse-new-topic-dropdown": "| 0 | 0 |   JavaScript   |",
        "discourse-mobile-dismiss": "| 0 | 0 |   JavaScript   |",
        "discourse-simple-banner": "| 0 | 0 |   JavaScript   |",
        "discourse-welcome-link-banner": "| 0 | 9 |   SCSS   |",
        "sidebar-skeleton-component": "| 0 | 0 |   SCSS   |",
        "discourse-big-carousel-component": "| 0 | 0 |   SCSS   |",
        "discourse-svgbob": "| 0 | 0 |   JavaScript   |",
        "featured-link-quick-access": "| 0 | 0 |   JavaScript   |",
        "discourse-topic-featured-link-banner": "| 0 | 0 |   SCSS   |",
        "discourse-gated-topics-in-category": "| 0 | 3 |   JavaScript   |",
        "discourse-group-categories-page-override": "| 0 | 0 |   JavaScript   |",
        "discourse-inline-codeblock-styles": "| 0 | 0 |   SCSS   |",
        "discourse-theme-skeleton": "| 0 | 1 |   JavaScript   |",
        "discourse-multilingual-old-fork": "| 0 | 0 |   Ruby   |",
        "discourse-wikimedia-auth": "| 0 | 0 |   Ruby   |",
        "discourse-custom-contact-info": "| 0 | 0 |   JavaScript   |",
        "discourse-localized-header-nav": "| 0 | 0 |   JavaScript   |",
        "discourse-prepend-tags-in-topic-slug": "| 0 | 0 |   Ruby   |",
        "discourse-local-site-contacts": "| 0 | 0 |   Ruby   |",
        "discourse-table-builder": "| 0 | 3 |   JavaScript   |",
        "discourse-topic-category-gallery-component": "| 0 | 0 |   JavaScript   |",
        "discourse-upload-consent": "| 0 | 0 |   JavaScript   |",
        "discourse-global-header-menu": "| 0 | 0 |   SCSS   |",
        "discourse-composer-dropdown-pm": "| 0 | 0 |   JavaScript   |",
        "discourse-dev-utils": "| 0 | 0 |   JavaScript   |",
        "discourse-category-search-filters": "| 0 | 0 |   JavaScript   |",
        "discourse-category-featured-image-links": "| 0 | 0 |   JavaScript   |",
        "backburner.js": "| 0 | 0 |   TypeScript   |",
        "discourse-sublime-theme": "| 0 | 1 |   SCSS   |",
        "discourse-sidebar-theme-toggle": "| 0 | 0 |   SCSS   |",
        "discourse-custom-new-topic-text": "| 0 | 0 |   JavaScript   |",
        "discourse-cdn-experiment": "| 0 | 0 |   Ruby   |",
        "discourse-custom-category-filters": "| 0 | 0 |   JavaScript   |",
        "discourse-material-icons": "| 0 | 0 |   JavaScript   |",
        "discourse-auto-lock-pms": "| 0 | 0 |   JavaScript   |",
        "discourse-graphviz-theme-component": "| 0 | 1 |   JavaScript   |",
        "mass-pr": "| 0 | 0 |   JavaScript   |",
        "discourse-lazy-videos": "| 0 | 1 |   SCSS   |",
        "mass_git_clone": "| 0 | 0 |   Ruby   |",
        "discourse-ember-codemods": "| 0 | 0 |   JavaScript   |",
        "rtlcss": "| 0 | 0 |   Ruby   |",
        "discourse-disorder": "| 0 | 0 |   Ruby   |",
        "discourse-nested-posts": "| 0 | 0 |   Ruby   |",
        "discourse-highlightjs-rpm": "| 0 | 0 |   JavaScript   |",
        "babel-plugin-debug-macros": "| 0 | 0 |   JavaScript   |",
        "discourse-focused-fullscreen-chat": "| 0 | 0 |   JavaScript   |",
        "discourse-chart-color-override": "| 0 | 0 |   JavaScript   |",
        "discourse-multilingual": "| 0 | 0 |   None   |"
    }
}