{
    "company": "dLocal",
    "h-index": 2,
    "repo count": 12,
    "contributor count": 29,
    "size": "todo",
    "employee count": "todo",
    "country": null,
    "top language": "HTML",
    "repos": {
        "smart-fields-examples": "| 7 | 6 |   HTML   |",
        "remoteuy": "| 2 | 0 |   JavaScript   |",
        "dlocal-direct-ios-sdk": "| 2 | 0 |   Ruby   |",
        "mobile-checkout-sdk-ios": "| 1 | 0 |   Ruby   |",
        "data-collector-sdk-ios": "| 0 | 0 |   Swift   |",
        "data-collector-sdk-android": "| 0 | 0 |   Kotlin   |",
        "web-drop-in-sdk-ios": "| 0 | 0 |   Ruby   |",
        "web-drop-in-sdk-android": "| 0 | 0 |   Kotlin   |",
        "dlocal-data-collector-cordova-plugin": "| 0 | 0 |   Java   |",
        "dlocal-data-collector-capacitor-plugin": "| 0 | 0 |   TypeScript   |",
        "mobile-checkout-sdk-android": "| 0 | 0 |   HTML   |",
        "dlocal-direct-android-sdk": "| 0 | 0 |   HTML   |"
    }
}