{
    "company": "Distributed (Deep) Machine Learning Community",
    "h-index": 34,
    "repo count": 49,
    "contributor count": 1954,
    "size": "todo",
    "employee count": "todo",
    "country": null,
    "top language": "C++",
    "repos": {
        "xgboost": "| 24123 | 8584 |   C++   |",
        "dgl": "| 11703 | 2818 |   Python   |",
        "gluon-cv": "| 5536 | 1194 |   Python   |",
        "gluon-nlp": "| 2488 | 539 |   Python   |",
        "nnvm": "| 1652 | 289 |   C++   |",
        "ps-lite": "| 1436 | 542 |   C++   |",
        "decord": "| 1258 | 102 |   C++   |",
        "minpy": "| 1117 | 118 |   Python   |",
        "mshadow": "| 1092 | 437 |   C++   |",
        "cxxnet": "| 1029 | 423 |   C++   |",
        "dmlc-core": "| 842 | 518 |   C++   |",
        "dlpack": "| 726 | 126 |   Python   |",
        "minerva": "| 686 | 180 |   C++   |",
        "treelite": "| 671 | 88 |   C++   |",
        "parameter_server": "| 635 | 243 |   C++   |",
        "mxnet-notebooks": "| 615 | 327 |   Jupyter Notebook   |",
        "rabit": "| 500 | 188 |   C++   |",
        "mxnet.js": "| 435 | 72 |   JavaScript   |",
        "MXNet.jl": "| 371 | 70 |   None   |",
        "tensorboard": "| 371 | 62 |   Python   |",
        "wormhole": "| 340 | 154 |   C++   |",
        "mxnet-memonger": "| 310 | 63 |   Python   |",
        "difacto": "| 295 | 96 |   C++   |",
        "mxnet-model-gallery": "| 267 | 76 |   None   |",
        "XGBoost.jl": "| 261 | 113 |   Julia   |",
        "HalideIR": "| 197 | 58 |   C++   |",
        "GNNLens2": "| 169 | 29 |   TypeScript   |",
        "mxnet-gtc-tutorial": "| 131 | 49 |   Jupyter Notebook   |",
        "experimental-lda": "| 128 | 64 |   C++   |",
        "keras": "| 126 | 34 |   Python   |",
        "MXNet.cpp": "| 114 | 81 |   C++   |",
        "experimental-mf": "| 85 | 33 |   C++   |",
        "web-data": "| 78 | 154 |   Jupyter Notebook   |",
        "nnvm-fusion": "| 61 | 29 |   C++   |",
        "dmlc.github.io": "| 27 | 39 |   HTML   |",
        "cub": "| 15 | 12 |   Cuda   |",
        "caffe": "| 9 | 5 |   C++   |",
        "mxnet-deepmark": "| 7 | 9 |   Python   |",
        "mxnet-examples": "| 6 | 5 |   None   |",
        "drat": "| 5 | 8 |   None   |",
        "xgboost-bench": "| 5 | 4 |   Python   |",
        "numpy-ml": "| 4 | 6 |   None   |",
        "tl2cgen": "| 4 | 0 |   C++   |",
        "DeepSpeed": "| 3 | 0 |   Python   |",
        "nccl": "| 2 | 10 |   Cuda   |",
        "docs-redirect-for-mxnet": "| 1 | 5 |   Python   |",
        "nn-examples": "| 1 | 3 |   None   |",
        "ccache": "| 1 | 2 |   None   |",
        "gluon-nlp-notebooks": "| 1 | 3 |   None   |"
    }
}