{
    "company": "Docker",
    "h-index": 58,
    "repo count": 99,
    "contributor count": 2806,
    "size": "todo",
    "employee count": "todo",
    "country": "San Francisco, CA",
    "top language": "Go",
    "repos": {
        "compose": "| 29416 | 4866 |   Go   |",
        "awesome-compose": "| 23373 | 4417 |   HTML   |",
        "kitematic": "| 12267 | 1528 |   JavaScript   |",
        "labs": "| 11233 | 5380 |   PHP   |",
        "docker-bench-security": "| 8341 | 961 |   Shell   |",
        "dockercraft": "| 6893 | 408 |   Lua   |",
        "machine": "| 6570 | 2013 |   Go   |",
        "docker-py": "| 6233 | 1635 |   Python   |",
        "docker-ce": "| 5610 | 1522 |   Go   |",
        "cli": "| 4027 | 1761 |   Go   |",
        "docs": "| 3822 | 6426 |   HTML   |",
        "build-push-action": "| 3271 | 498 |   TypeScript   |",
        "getting-started": "| 2634 | 6221 |   JavaScript   |",
        "buildx": "| 2610 | 378 |   Go   |",
        "libchan": "| 2464 | 155 |   Go   |",
        "for-mac": "| 2337 | 131 |   None   |",
        "for-win": "| 1753 | 319 |   None   |",
        "docker-install": "| 1695 | 731 |   Shell   |",
        "app": "| 1587 | 181 |   Go   |",
        "compose-on-kubernetes": "| 1427 | 164 |   Go   |",
        "roadmap": "| 1269 | 243 |   None   |",
        "compose-cli": "| 928 | 259 |   Go   |",
        "docker-credential-helpers": "| 876 | 172 |   Go   |",
        "libkv": "| 835 | 214 |   Go   |",
        "for-linux": "| 733 | 110 |   None   |",
        "engine": "| 729 | 441 |   Go   |",
        "login-action": "| 691 | 138 |   TypeScript   |",
        "setup-buildx-action": "| 653 | 111 |   TypeScript   |",
        "metadata-action": "| 610 | 86 |   TypeScript   |",
        "libcompose": "| 586 | 202 |   Go   |",
        "community": "| 328 | 96 |   None   |",
        "go-plugins-helpers": "| 314 | 140 |   Go   |",
        "setup-qemu-action": "| 308 | 41 |   TypeScript   |",
        "hub-tool": "| 275 | 56 |   Go   |",
        "engine-api": "| 267 | 160 |   Go   |",
        "distribution-library-image": "| 232 | 186 |   Dockerfile   |",
        "hub-feedback": "| 224 | 48 |   None   |",
        "doodle": "| 221 | 221 |   Go   |",
        "go-connections": "| 191 | 105 |   Go   |",
        "go-units": "| 181 | 41 |   Go   |",
        "go-docker": "| 180 | 46 |   Go   |",
        "compose-switch": "| 180 | 38 |   Go   |",
        "gordon": "| 178 | 33 |   Go   |",
        "scan-cli-plugin": "| 166 | 46 |   Go   |",
        "github-actions": "| 163 | 40 |   Go   |",
        "docker-ce-packaging": "| 161 | 152 |   Shell   |",
        "hacktoberfest-2022": "| 139 | 69 |   None   |",
        "go-events": "| 129 | 27 |   Go   |",
        "bake-action": "| 114 | 21 |   TypeScript   |",
        "sbom-cli-plugin": "| 113 | 12 |   Go   |",
        "extensions-sdk": "| 111 | 32 |   None   |",
        "libtrust": "| 107 | 46 |   Go   |",
        "node-sdk": "| 102 | 49 |   JavaScript   |",
        "golang-cross": "| 94 | 37 |   Dockerfile   |",
        "go-metrics": "| 83 | 32 |   Go   |",
        "desktop-linux": "| 65 | 3 |   None   |",
        "opensource": "| 59 | 70 |   Go   |",
        "dev-environments": "| 58 | 25 |   None   |",
        "containerd-packaging": "| 52 | 42 |   Shell   |",
        "volumes-backup-extension": "| 51 | 17 |   PLpgSQL   |",
        "binfmt": "| 42 | 11 |   Go   |",
        "index-cli-plugin": "| 38 | 10 |   Go   |",
        "whalesay": "| 36 | 60 |   Perl   |",
        "extension-ideas": "| 36 | 15 |   None   |",
        "code-of-conduct": "| 32 | 50 |   None   |",
        "HttpOverStream": "| 28 | 22 |   C#   |",
        "dev-envs-extension": "| 27 | 5 |   TypeScript   |",
        "actions-toolkit": "| 26 | 2 |   TypeScript   |",
        "get-involved": "| 24 | 32 |   CSS   |",
        "packaging": "| 20 | 9 |   Dockerfile   |",
        "go": "| 18 | 25 |   Go   |",
        "cli-docs-tool": "| 18 | 10 |   Go   |",
        "welcome-to-docker": "| 17 | 44 |   JavaScript   |",
        "buildkit-syft-scanner": "| 16 | 7 |   Go   |",
        "notary-official-images": "| 15 | 20 |   Shell   |",
        "base-cli-plugin": "| 14 | 1 |   Go   |",
        "go-imageinspect": "| 12 | 2 |   Go   |",
        "buildx-packaging": "| 10 | 1 |   HCL   |",
        "engine-sync": "| 8 | 6 |   Shell   |",
        "extensions-submissions": "| 7 | 1 |   Shell   |",
        "import-restrictions": "| 6 | 3 |   Go   |",
        "scout-action": "| 6 | 2 |   JavaScript   |",
        "eventsource": "| 5 | 4 |   JavaScript   |",
        "docker-community-extensions": "| 5 | 1 |   None   |",
        "database-extension": "| 5 | 1 |   TypeScript   |",
        "winget-pkgs": "| 4 | 4 |   PowerShell   |",
        "cli-scan-feedback": "| 3 | 4 |   None   |",
        "compose-ecs": "| 3 | 0 |   Go   |",
        "snowflake-usage-block": "| 2 | 1 |   None   |",
        "marked": "| 2 | 1 |   JavaScript   |",
        "flow-to-typescript-codemod": "| 2 | 0 |   None   |",
        "docker.github.io-1": "| 2 | 1 |   None   |",
        "webpack-bugsnag-plugins": "| 2 | 0 |   None   |",
        "Amethyst": "| 2 | 0 |   None   |",
        "docker-wasm-bartholomew": "| 2 | 0 |   Handlebars   |",
        "tilt-dev-cloud-archived": "| 1 | 0 |   None   |",
        "testrepo": "| 1 | 0 |   Go   |",
        "dagster-poc": "| 1 | 0 |   None   |",
        "docker-gs-ping-roach": "| 1 | 0 |   None   |"
    }
}