{
    "company": "Doctrine",
    "h-index": 42,
    "repo count": 75,
    "contributor count": 1792,
    "size": "todo",
    "employee count": "todo",
    "country": "Planet Earth",
    "top language": "PHP",
    "repos": {
        "inflector": "| 11048 | 122 |   PHP   |",
        "lexer": "| 10877 | 53 |   PHP   |",
        "instantiator": "| 10801 | 63 |   PHP   |",
        "orm": "| 9576 | 2476 |   PHP   |",
        "dbal": "| 9049 | 1250 |   PHP   |",
        "cache": "| 7646 | 223 |   PHP   |",
        "annotations": "| 6642 | 238 |   PHP   |",
        "event-manager": "| 5734 | 18 |   PHP   |",
        "collections": "| 5728 | 182 |   PHP   |",
        "common": "| 5677 | 302 |   PHP   |",
        "DoctrineBundle": "| 4547 | 437 |   PHP   |",
        "migrations": "| 4526 | 374 |   PHP   |",
        "DoctrineMigrationsBundle": "| 4048 | 208 |   PHP   |",
        "persistence": "| 3784 | 55 |   PHP   |",
        "reflection": "| 2973 | 20 |   PHP   |",
        "DoctrineCacheBundle": "| 2780 | 84 |   PHP   |",
        "data-fixtures": "| 2691 | 226 |   PHP   |",
        "DoctrineFixturesBundle": "| 2352 | 201 |   PHP   |",
        "sql-formatter": "| 1464 | 16 |   HTML   |",
        "deprecations": "| 1320 | 14 |   PHP   |",
        "mongodb-odm": "| 1067 | 504 |   PHP   |",
        "mongodb": "| 441 | 199 |   PHP   |",
        "DoctrineORMModule": "| 424 | 232 |   PHP   |",
        "DoctrineModule": "| 389 | 268 |   PHP   |",
        "DoctrineMongoDBBundle": "| 376 | 229 |   PHP   |",
        "coding-standard": "| 296 | 56 |   PHP   |",
        "search": "| 272 | 56 |   PHP   |",
        "KeyValueStore": "| 200 | 58 |   PHP   |",
        "phpcr-odm": "| 176 | 98 |   PHP   |",
        "orientdb-odm": "| 155 | 55 |   PHP   |",
        "couchdb-odm": "| 151 | 53 |   PHP   |",
        "DoctrinePHPCRBundle": "| 147 | 70 |   PHP   |",
        "doctrine2-orm-tutorial": "| 144 | 89 |   PHP   |",
        "rest": "| 140 | 34 |   PHP   |",
        "doctrine1": "| 133 | 218 |   PHP   |",
        "couchdb-client": "| 123 | 67 |   PHP   |",
        "skeleton-mapper": "| 101 | 15 |   PHP   |",
        "orm-documentation": "| 96 | 100 |   Python   |",
        "oxm": "| 85 | 23 |   PHP   |",
        "DoctrineMongoODMModule": "| 84 | 90 |   PHP   |",
        "rst-parser": "| 57 | 20 |   PHP   |",
        "DoctrineCouchDBBundle": "| 50 | 46 |   PHP   |",
        "mongodb-odm-softdelete": "| 35 | 15 |   PHP   |",
        "jira-github-issues": "| 34 | 10 |   PHP   |",
        "doctrine-laminas-hydrator": "| 31 | 17 |   PHP   |",
        "doctrine1-documentation": "| 28 | 31 |   Python   |",
        "automatic-releases": "| 28 | 5 |   PHP   |",
        "doctrine-website": "| 27 | 57 |   PHP   |",
        "shards": "| 25 | 7 |   PHP   |",
        "doctrine-website-sphinx": "| 18 | 25 |   CSS   |",
        "doctrine-mongodb-odm-tailable-cursor-bundle": "| 16 | 5 |   PHP   |",
        "symfony-doctrine-static-website-generator": "| 15 | 3 |   PHP   |",
        "mongodb-odm-softdelete-bundle": "| 14 | 6 |   PHP   |",
        "dbal-documentation": "| 13 | 21 |   Python   |",
        "common-documentation": "| 13 | 19 |   Python   |",
        "migrations-documentation": "| 12 | 21 |   Python   |",
        "DoctrineOXMBundle": "| 12 | 7 |   PHP   |",
        "doctrine-zend-hydrator": "| 12 | 6 |   PHP   |",
        ".github": "| 9 | 10 |   None   |",
        "dbal-bundle": "| 7 | 3 |   PHP   |",
        "couchdb-documentation": "| 4 | 10 |   Python   |",
        "doctrine-build-common": "| 4 | 6 |   PHP   |",
        "phpcr-odm-documentation": "| 4 | 25 |   Python   |",
        "doctrine-sphinx-theme": "| 4 | 10 |   CSS   |",
        "orm-benchmarking-suite": "| 4 | 6 |   PHP   |",
        "doctrine-website-build-prod": "| 4 | 8 |   HTML   |",
        "static-website-generator": "| 4 | 6 |   PHP   |",
        "DoctrineStaticWebsiteGeneratorBundle": "| 2 | 3 |   PHP   |",
        "contributors-guide": "| 1 | 5 |   None   |",
        "vagrant-doctrine-website": "| 1 | 5 |   Shell   |",
        "jira-redirector": "| 1 | 3 |   HTML   |",
        "phpcr-dbal-symfony-pack": "| 0 | 2 |   None   |",
        "doctrine-website-build-staging": "| 0 | 3 |   HTML   |",
        "DoctrineSkeletonMapperBundle": "| 0 | 1 |   PHP   |",
        "quality-checks-report-action": "| 0 | 2 |   PHP   |"
    }
}