{
    "company": "DocuSign Inc.",
    "h-index": 15,
    "repo count": 124,
    "contributor count": 535,
    "size": "todo",
    "employee count": "todo",
    "country": "San Francisco, CA",
    "top language": "JavaScript",
    "repos": {
        "docusign-esign-php-client": "| 182 | 128 |   PHP   |",
        "docusign-esign-node-client": "| 132 | 99 |   JavaScript   |",
        "docusign-esign-csharp-client": "| 116 | 159 |   C#   |",
        "docusign-soap-sdk": "| 89 | 126 |   Java   |",
        "docusign-esign-java-client": "| 89 | 97 |   Java   |",
        "docusign-esign-python-client": "| 80 | 86 |   Python   |",
        "docusign-esign-ruby-client": "| 62 | 65 |   Ruby   |",
        "postman-collections": "| 57 | 48 |   CSS   |",
        "code-examples-node": "| 47 | 49 |   JavaScript   |",
        "code-examples-csharp": "| 43 | 57 |   C#   |",
        "code-examples-php": "| 40 | 38 |   PHP   |",
        "code-examples-python": "| 32 | 43 |   Python   |",
        "native-ios-sdk": "| 24 | 27 |   Swift   |",
        "code-examples-ruby": "| 21 | 19 |   Ruby   |",
        "code-examples-bash": "| 16 | 11 |   Shell   |",
        "OpenAPI-Specifications": "| 15 | 10 |   None   |",
        "docusign-objc-client": "| 13 | 14 |   Objective-C   |",
        "sample-app-loanco-nodejs": "| 13 | 16 |   Handlebars   |",
        "mobile-android-sdk": "| 12 | 11 |   Kotlin   |",
        "code-examples-react": "| 10 | 8 |   JavaScript   |",
        "code-examples-java": "| 8 | 28 |   Java   |",
        "docusign-template-library": "| 7 | 5 |   HTML   |",
        "code-examples-apex": "| 7 | 5 |   Apex   |",
        "passport-docusign": "| 6 | 8 |   JavaScript   |",
        "connect-node-listener-aws": "| 5 | 3 |   JavaScript   |",
        "blog-microsoft-build-2018-demo": "| 4 | 7 |   C#   |",
        "sample-app-mysure-python": "| 4 | 7 |   JavaScript   |",
        "sample-app-myhr-csharp": "| 4 | 8 |   C#   |",
        "code-examples-clm-apex": "| 4 | 11 |   Apex   |",
        "docusign-esign-php-laravel": "| 4 | 14 |   PHP   |",
        "connect-node-listener-azure": "| 3 | 7 |   JavaScript   |",
        "sample-app-myuni-python": "| 3 | 8 |   JavaScript   |",
        "code-examples-powershell": "| 3 | 4 |   PowerShell   |",
        "blog-create-a-CORS-gateway": "| 2 | 2 |   None   |",
        "connect-php-worker-aws": "| 2 | 1 |   PHP   |",
        "connect-python-worker-aws": "| 2 | 3 |   Python   |",
        "api-request-builder-open-src": "| 2 | 6 |   JavaScript   |",
        "docusign-rooms-python-client": "| 2 | 2 |   Python   |",
        "docusign-rooms-node-client": "| 2 | 1 |   JavaScript   |",
        "docusign-rooms-php-client": "| 2 | 3 |   PHP   |",
        "sample-app-myrealestate-nodejs": "| 2 | 7 |   JavaScript   |",
        "docusign-click-ruby-client": "| 2 | 2 |   Ruby   |",
        "docusign-click-csharp-client": "| 2 | 1 |   C#   |",
        "docusign-monitor-ruby-client": "| 2 | 2 |   Ruby   |",
        "AccessTokenDemo": "| 2 | 2 |   JavaScript   |",
        "sample-app-myhealthcare-python": "| 2 | 3 |   Python   |",
        "sample-app-mygovernment-nodejs": "| 2 | 4 |   JavaScript   |",
        "sample-app-myapicalls-csharp": "| 2 | 0 |   TypeScript   |",
        "sample-app-mytelecom-nodejs": "| 2 | 0 |   JavaScript   |",
        "docusign.github.io": "| 1 | 1 |   HTML   |",
        "recipe-010-webhook-php": "| 1 | 1 |   None   |",
        "recipe-010-webhook-python": "| 1 | 1 |   None   |",
        "recipe-010-webhook-java": "| 1 | 1 |   None   |",
        "recipe-010-webhook-csharp": "| 1 | 1 |   None   |",
        "recipe-010-webhook-node": "| 1 | 1 |   None   |",
        "blog-csharp-order-form": "| 1 | 2 |   C#   |",
        "connect-node-worker-gcloud": "| 1 | 1 |   JavaScript   |",
        "connect-node-listener-gcloud": "| 1 | 2 |   JavaScript   |",
        "connect-node-worker-azure": "| 1 | 1 |   JavaScript   |",
        "connect-node-worker-aws": "| 1 | 2 |   JavaScript   |",
        "connect-csharp-worker-aws": "| 1 | 1 |   C#   |",
        "eg-01-java-jwt": "| 1 | 1 |   None   |",
        "eg-01-php-jwt": "| 1 | 1 |   None   |",
        "eg-01-python-jwt": "| 1 | 1 |   None   |",
        "eg-01-node-jwt": "| 1 | 1 |   None   |",
        "eg-01-csharp-jwt-core": "| 1 | 1 |   None   |",
        "eg-01-csharp-jwt-common": "| 1 | 1 |   None   |",
        "eg-01-csharp-jwt-framework": "| 1 | 1 |   None   |",
        "eg-01-ruby-jwt": "| 1 | 1 |   None   |",
        "qs-ruby": "| 1 | 1 |   None   |",
        "qs-curl": "| 1 | 1 |   None   |",
        "qs-java": "| 1 | 1 |   None   |",
        "qs-php": "| 1 | 1 |   None   |",
        "qs-python": "| 1 | 1 |   None   |",
        "qs-csharp": "| 1 | 1 |   None   |",
        "qs-02-node-send-envelope": "| 1 | 1 |   None   |",
        "qs-01-node-embed-signing-ceremony": "| 1 | 1 |   None   |",
        "qs-03-node-list-envelopes": "| 1 | 1 |   None   |",
        "code-examples-soap": "| 1 | 1 |   C#   |",
        "esignature-recipes-python": "| 1 | 1 |   None   |",
        "docusign-rooms-csharp-client": "| 1 | 3 |   C#   |",
        "docusign-rooms-ruby-client": "| 1 | 2 |   Ruby   |",
        "docusign-rooms-java-client": "| 1 | 2 |   Java   |",
        "old_swagger-codegen": "| 1 | 1 |   None   |",
        "docusign-click-php-client": "| 1 | 2 |   PHP   |",
        "docusign-click-python-client": "| 1 | 2 |   Python   |",
        "Hackathons-getting-started": "| 1 | 2 |   JavaScript   |",
        "docusign-monitor-php-client": "| 1 | 2 |   PHP   |",
        "docusign-monitor-java-client": "| 1 | 2 |   Java   |",
        "docusign-monitor-python-client": "| 1 | 2 |   Python   |",
        "code-example-net-framework-auth-code-grant": "| 1 | 3 |   JavaScript   |",
        "docusign-admin-node-client": "| 1 | 1 |   JavaScript   |",
        "docusign-admin-csharp-client": "| 1 | 1 |   C#   |",
        "docusign-admin-ruby-client": "| 1 | 1 |   Ruby   |",
        "docusign-admin-python-client": "| 1 | 2 |   Python   |",
        "docusign-admin-java-client": "| 1 | 2 |   Java   |",
        "docusign-admin-php-client": "| 1 | 2 |   PHP   |",
        "sample-app-tgk-financial-ios": "| 1 | 4 |   Swift   |",
        "sample-app-tgk-financial-android-java": "| 1 | 1 |   Java   |",
        "sample-app-tgk-financial-android-kotlin": "| 1 | 1 |   Kotlin   |",
        "docusign-nintex-demo": "| 1 | 1 |   None   |",
        "cors-proxy": "| 1 | 2 |   JavaScript   |",
        "blog-post-php-laravel-jwt": "| 1 | 3 |   PHP   |",
        "soap4r": "| 0 | 1 |   Ruby   |",
        "ShapesBrowser": "| 0 | 1 |   C#   |",
        "connect-java-worker-aws": "| 0 | 3 |   Java   |",
        "opensource_manifest": "| 0 | 1 |   None   |",
        "sample-app-myclickwrap-csharp": "| 0 | 4 |   C#   |",
        "Android-Candidate-Task": "| 0 | 1 |   Kotlin   |",
        "json-to-sdk": "| 0 | 2 |   JavaScript   |",
        "docusign-click-node-client": "| 0 | 1 |   JavaScript   |",
        "docusign-click-java-client": "| 0 | 3 |   Java   |",
        "DSU": "| 0 | 2 |   HTML   |",
        "docusign-monitor-node-client": "| 0 | 2 |   JavaScript   |",
        "docusign-monitor-csharp-client": "| 0 | 1 |   C#   |",
        "sample-app-mymedicalrecords-java": "| 0 | 0 |   Java   |",
        "electron-react-boilerplate-docusign": "| 0 | 2 |   TypeScript   |",
        "sample-app-myfinance-apex": "| 0 | 1 |   Apex   |",
        "per-envelope-connect-bash": "| 0 | 0 |   PHP   |",
        "apex_codeexample_cleversend": "| 0 | 0 |   Apex   |",
        "sample-app-myconnectwebhook-ruby": "| 0 | 1 |   Ruby   |",
        "docusign-esign-java-client-3.20-RC2": "| 0 | 0 |   None   |",
        "docusign-esign-java-client-1": "| 0 | 0 |   None   |",
        "sample-app-myit-php": "| 0 | 0 |   PHP   |"
    }
}