{
    "company": "DoorDash",
    "h-index": 4,
    "repo count": 65,
    "contributor count": 3543,
    "size": "todo",
    "employee count": "todo",
    "country": "San Francisco, CA",
    "top language": "Python",
    "repos": {
        "KIF-Quick": "| 31 | 15 |   Objective-C   |",
        "auto_ml": "| 17 | 5 |   Python   |",
        "django-s3-proxy": "| 8 | 2 |   Python   |",
        "omnivore": "| 7 | 3 |   Python   |",
        "doordash-slack": "| 4 | 1 |   None   |",
        "async-actions": "| 3 | 1 |   JavaScript   |",
        "doordash-scheduler": "| 2 | 1 |   None   |",
        "django-ios-notifications": "| 2 | 0 |   Python   |",
        "django-seo-js": "| 2 | 1 |   Python   |",
        "eslint-config-doordash": "| 2 | 4 |   JavaScript   |",
        "etsy-statsd": "| 2 | 4 |   JavaScript   |",
        "django-deploy": "| 1 | 3 |   Python   |",
        "django-wiki": "| 1 | 1 |   Python   |",
        "django-json-field": "| 1 | 0 |   Python   |",
        "argh": "| 1 | 0 |   Python   |",
        "realms-wiki": "| 1 | 0 |   Python   |",
        "papertrail-lumberjack-ios": "| 1 | 0 |   Objective-C   |",
        "Diamond": "| 1 | 1 |   Python   |",
        "rack": "| 1 | 1 |   Go   |",
        "android-take-home": "| 1 | 2 |   Java   |",
        "PyBambooHR": "| 1 | 0 |   Python   |",
        "heroku-buildpack-geodjango": "| 0 | 0 |   Python   |",
        "django-email-bandit": "| 0 | 0 |   Python   |",
        "angular-leaflet-directive": "| 0 | 0 |   JavaScript   |",
        "angular-pusher": "| 0 | 0 |   None   |",
        "rom": "| 0 | 0 |   Python   |",
        "celery": "| 0 | 0 |   Python   |",
        "celery-flower-heroku": "| 0 | 0 |   None   |",
        "django-rest-framework": "| 0 | 0 |   Python   |",
        "sift-python": "| 0 | 0 |   Python   |",
        "docker-postgis": "| 0 | 0 |   Shell   |",
        "analytics-python": "| 0 | 0 |   Python   |",
        "elasticsearch-dsl-py": "| 0 | 0 |   Python   |",
        "gollum": "| 0 | 0 |   JavaScript   |",
        "django-fixture-magic": "| 0 | 0 |   Python   |",
        "python-lazy-object-proxy": "| 0 | 0 |   Python   |",
        "ipython-django": "| 0 | 0 |   Python   |",
        "django-role-permissions": "| 0 | 0 |   Python   |",
        "django-prbac": "| 0 | 0 |   Python   |",
        "zenhub-test": "| 0 | 0 |   None   |",
        "pytest": "| 0 | 0 |   Python   |",
        "django-staticfiles-webpack-dev": "| 0 | 1 |   Python   |",
        "gollum-lib": "| 0 | 1 |   Ruby   |",
        "diamond_cookbook": "| 0 | 0 |   Ruby   |",
        "pip-tools": "| 0 | 0 |   Python   |",
        "site": "| 0 | 0 |   JavaScript   |",
        "django": "| 0 | 0 |   Python   |",
        "incubator-airflow": "| 0 | 0 |   Python   |",
        "django-fields": "| 0 | 1 |   Python   |",
        "pre-commit-mypy": "| 0 | 2 |   Python   |",
        "create-react-app": "| 0 | 1 |   JavaScript   |",
        "django-rest-framework-jwt-refresh-token": "| 0 | 1 |   Python   |",
        "swift-json-mapper": "| 0 | 0 |   Swift   |",
        "python-saml": "| 0 | 0 |   Python   |",
        "doordash-tslint-config": "| 0 | 0 |   None   |",
        "elasticsearch-py": "| 0 | 0 |   Python   |",
        "security_monkey": "| 0 | 1 |   Python   |",
        "docopts": "| 0 | 0 |   Python   |",
        "kubernetes": "| 0 | 2 |   Go   |",
        "draft": "| 0 | 0 |   Go   |",
        "ark": "| 0 | 0 |   Go   |",
        "ingress-nginx": "| 0 | 0 |   Go   |",
        "pg_repack": "| 0 | 0 |   C   |",
        "terraform-provider-cassandra": "| 0 | 0 |   Go   |",
        "go-sigsci": "| 0 | 1 |   None   |"
    }
}