{
    "company": "Douban Inc.",
    "h-index": 31,
    "repo count": 68,
    "contributor count": 569,
    "size": "todo",
    "employee count": "todo",
    "country": "Beijing, China",
    "top language": "Python",
    "repos": {
        "DOUAudioStreamer": "| 2771 | 563 |   Objective-C   |",
        "dpark": "| 2697 | 548 |   Python   |",
        "code": "| 1814 | 350 |   CSS   |",
        "beansdb": "| 871 | 242 |   C   |",
        "douban-client": "| 744 | 177 |   Python   |",
        "rexxar-android": "| 669 | 102 |   Java   |",
        "rexxar-ios": "| 581 | 100 |   Objective-C   |",
        "FRDIntent": "| 497 | 62 |   Swift   |",
        "libmc": "| 437 | 73 |   C++   |",
        "gobeansdb": "| 429 | 60 |   Go   |",
        "greenify": "| 424 | 56 |   C   |",
        "ynm3k": "| 411 | 121 |   JavaScript   |",
        "paracel": "| 337 | 86 |   C++   |",
        "douban-objc-client": "| 256 | 76 |   Objective-C   |",
        "beanseye": "| 233 | 69 |   Go   |",
        "Kenshin": "| 208 | 26 |   Python   |",
        "rexxar-web": "| 207 | 37 |   JavaScript   |",
        "tfmesos": "| 193 | 48 |   Python   |",
        "pymesos": "| 165 | 88 |   Python   |",
        "brownant": "| 156 | 39 |   Python   |",
        "linguist": "| 151 | 37 |   Python   |",
        "graph-index": "| 129 | 28 |   Python   |",
        "CaoE": "| 98 | 28 |   Python   |",
        "douban-quixote": "| 82 | 18 |   Python   |",
        "douban-utils": "| 59 | 14 |   Python   |",
        "python-libmemcached": "| 58 | 16 |   Python   |",
        "PyCharlockHolmes": "| 49 | 13 |   Common Lisp   |",
        "DOUSNSSharing": "| 47 | 22 |   Objective-C   |",
        "ellen": "| 41 | 16 |   Python   |",
        "Polymorph": "| 39 | 8 |   Objective-C   |",
        "jieba-analysis": "| 37 | 23 |   Java   |",
        "douban-sqlstore": "| 31 | 16 |   Python   |",
        "gpack": "| 30 | 10 |   Python   |",
        "douban-orz": "| 29 | 5 |   Python   |",
        "douban-mc": "| 27 | 11 |   Python   |",
        "sina": "| 21 | 12 |   Python   |",
        "pygit2": "| 20 | 5 |   C   |",
        "helpdesk": "| 20 | 7 |   Python   |",
        "sa-tools-core": "| 18 | 11 |   Python   |",
        "graphite-kenshin": "| 17 | 4 |   Python   |",
        "gobeansproxy": "| 13 | 7 |   Go   |",
        "beansdbadmin": "| 10 | 4 |   Python   |",
        "twemproxy": "| 7 | 4 |   C   |",
        "redarrow-rs": "| 6 | 4 |   Rust   |",
        "charts": "| 6 | 8 |   Smarty   |",
        "carbon-c-relay": "| 5 | 2 |   C   |",
        "mesos": "| 4 | 4 |   C++   |",
        "memkeys": "| 4 | 8 |   C++   |",
        "MTURLProtocol": "| 4 | 1 |   Objective-C   |",
        "python-libmagic": "| 3 | 3 |   Python   |",
        "beanstalkd": "| 3 | 4 |   C   |",
        "fast_tffm": "| 3 | 3 |   Python   |",
        "overlord": "| 3 | 2 |   Go   |",
        "brubeck": "| 2 | 0 |   C   |",
        "aliyun-exporter": "| 2 | 3 |   Go   |",
        "qiniu-exporter": "| 2 | 2 |   Go   |",
        "misaka": "| 1 | 0 |   C   |",
        "pyquicklz": "| 1 | 4 |   C   |",
        "flask-mako": "| 1 | 1 |   Python   |",
        "sa-tools-go": "| 1 | 0 |   Go   |",
        "tencentcloud-info-exporter": "| 1 | 2 |   Go   |",
        "upyun-exporter": "| 1 | 3 |   Go   |",
        "libgit2": "| 0 | 1 |   C   |",
        "goyaml": "| 0 | 0 |   C   |",
        "st2": "| 0 | 1 |   Python   |",
        "scribec-rs": "| 0 | 0 |   Rust   |",
        "ucloud-exporter": "| 0 | 2 |   Go   |",
        "postfix_exporter": "| 0 | 0 |   Go   |"
    }
}