{
    "company": "Doximity, Inc.",
    "h-index": 6,
    "repo count": 57,
    "contributor count": 1079,
    "size": "todo",
    "employee count": "todo",
    "country": "San Francisco, CA",
    "top language": "Ruby",
    "repos": {
        "simplekiq": "| 77 | 3 |   Ruby   |",
        "vital": "| 53 | 2 |   Sass   |",
        "es-elasticity": "| 26 | 1 |   Ruby   |",
        "rake-ui": "| 22 | 2 |   Ruby   |",
        "lambda-ebs-snapshots": "| 8 | 8 |   Python   |",
        "oauth2c": "| 6 | 1 |   Ruby   |",
        "android-dialer-call-lib": "| 5 | 2 |   Java   |",
        "asa-cleaner": "| 5 | 1 |   Ruby   |",
        "funneler": "| 4 | 1 |   Ruby   |",
        "CallWithDoxDialer": "| 4 | 1 |   Objective-C   |",
        "hubot-estimate": "| 4 | 2 |   CoffeeScript   |",
        "eslint-generate-todo": "| 3 | 0 |   TypeScript   |",
        "asa-audit-logs": "| 3 | 0 |   Ruby   |",
        "terraform-aws-cli-provisioner": "| 3 | 1 |   HCL   |",
        "terraform-provider-defectdojo": "| 3 | 1 |   Go   |",
        "py-heatmap": "| 2 | 1 |   Python   |",
        "video.js": "| 2 | 0 |   JavaScript   |",
        "kafka_consumer_group_status_exporter": "| 2 | 0 |   Java   |",
        "batchmaker": "| 1 | 1 |   Ruby   |",
        "swift-style-guide": "| 1 | 0 |   None   |",
        "omniauth-doximity-oauth2": "| 1 | 2 |   Ruby   |",
        "defect-dojo-client-go": "| 1 | 0 |   None   |",
        "jquery-tokeninput-rails": "| 0 | 0 |   Ruby   |",
        "s3_direct_upload": "| 0 | 0 |   Ruby   |",
        "zendesk_api": "| 0 | 0 |   Ruby   |",
        "pundit": "| 0 | 1 |   None   |",
        "uniqush-push": "| 0 | 0 |   Go   |",
        "attachinary": "| 0 | 0 |   Ruby   |",
        "rack-mini-profiler": "| 0 | 0 |   Ruby   |",
        "neography": "| 0 | 0 |   Ruby   |",
        "rake-progressbar": "| 0 | 0 |   Ruby   |",
        "tf_chef_server": "| 0 | 1 |   HCL   |",
        "phaxio-ruby": "| 0 | 0 |   Ruby   |",
        "react-draft-wysiwyg": "| 0 | 0 |   JavaScript   |",
        "eslint-config-doximity-base": "| 0 | 1 |   JavaScript   |",
        "draft-js-utils": "| 0 | 0 |   JavaScript   |",
        "videojs-youtube": "| 0 | 0 |   JavaScript   |",
        "PhoneNumberKit": "| 0 | 0 |   Swift   |",
        "odbc_adapter": "| 0 | 0 |   Ruby   |",
        "topojson-rails": "| 0 | 0 |   Ruby   |",
        "capistrano-asg": "| 0 | 0 |   Ruby   |",
        "sumologic-terraform-provider": "| 0 | 0 |   Go   |",
        "ruby-sidekiq-tracer": "| 0 | 2 |   Ruby   |",
        "ruby-net-http-instrumentation": "| 0 | 1 |   Ruby   |",
        "ruby-activerecord-opentracing": "| 0 | 1 |   Ruby   |",
        "ruby-elasticsearch-tracer": "| 0 | 0 |   None   |",
        "ruby-redis-instrumentation": "| 0 | 0 |   None   |",
        "shoulda-matchers-uuid": "| 0 | 1 |   Ruby   |",
        "pry-remote": "| 0 | 0 |   None   |",
        ".github": "| 0 | 1 |   None   |",
        "semantic_logger": "| 0 | 1 |   Ruby   |",
        "gh-action-callback-list-files": "| 0 | 2 |   JavaScript   |",
        "neo4j-http": "| 0 | 1 |   Ruby   |",
        "django-DefectDojo": "| 0 | 0 |   None   |",
        "rollout-ui": "| 0 | 0 |   None   |",
        "terraform-aws-executors": "| 0 | 0 |   HCL   |",
        "jaeger-client-ruby": "| 0 | 0 |   Ruby   |"
    }
}