{
    "company": "Dropbox",
    "h-index": 65,
    "repo count": 221,
    "contributor count": 6144,
    "size": "todo",
    "employee count": "todo",
    "country": "San Francisco",
    "top language": "Python",
    "repos": {
        "zxcvbn": "| 13969 | 919 |   CoffeeScript   |",
        "lepton": "| 5021 | 369 |   C++   |",
        "godropbox": "| 4109 | 444 |   Go   |",
        "hackpad": "| 3509 | 538 |   Java   |",
        "djinni": "| 2856 | 499 |   C++   |",
        "json11": "| 2440 | 621 |   C++   |",
        "PyHive": "| 1609 | 542 |   Python   |",
        "pyannotate": "| 1384 | 61 |   Python   |",
        "goebpf": "| 1027 | 81 |   Go   |",
        "securitybot": "| 994 | 125 |   Python   |",
        "dbxcli": "| 966 | 108 |   Go   |",
        "css-style-guide": "| 941 | 71 |   None   |",
        "dropbox-sdk-js": "| 890 | 358 |   JavaScript   |",
        "dropbox-sdk-python": "| 856 | 323 |   Python   |",
        "scooter": "| 789 | 46 |   CSS   |",
        "changes": "| 762 | 64 |   Python   |",
        "rust-brotli": "| 692 | 81 |   Rust   |",
        "SwiftyDropbox": "| 640 | 217 |   Swift   |",
        "pb-jelly": "| 597 | 24 |   Rust   |",
        "dropbox-sdk-java": "| 552 | 447 |   Java   |",
        "sqlalchemy-stubs": "| 542 | 100 |   Python   |",
        "fast_rsync": "| 536 | 28 |   Rust   |",
        "AffectedModuleDetector": "| 521 | 31 |   Kotlin   |",
        "pyxl": "| 520 | 58 |   Python   |",
        "stone": "| 394 | 83 |   Python   |",
        "nsot": "| 388 | 66 |   Python   |",
        "divans": "| 364 | 19 |   Rust   |",
        "focus": "| 333 | 14 |   Kotlin   |",
        "hydra": "| 319 | 46 |   Python   |",
        "dropbox-sdk-dotnet": "| 318 | 472 |   C#   |",
        "nn": "| 311 | 29 |   C++   |",
        "mypy-PyCharm-plugin": "| 305 | 14 |   Java   |",
        "avrecode": "| 267 | 41 |   C++   |",
        "python-zxcvbn": "| 253 | 55 |   HTML   |",
        "dependency-guard": "| 253 | 11 |   Kotlin   |",
        "componentbox": "| 232 | 4 |   Kotlin   |",
        "dropshots": "| 227 | 14 |   Kotlin   |",
        "zxcvbn-ios": "| 219 | 61 |   Objective-C   |",
        "nautilus-dropbox": "| 193 | 56 |   Python   |",
        "dbx_build_tools": "| 187 | 39 |   Go   |",
        "dropbox-sdk-obj-c": "| 179 | 119 |   Objective-C   |",
        "dropbox-sdk-go-unofficial": "| 171 | 40 |   Go   |",
        "pygerduty": "| 164 | 78 |   Python   |",
        "rust-alloc-no-stdlib": "| 162 | 18 |   Rust   |",
        "mdwebhook": "| 135 | 60 |   Python   |",
        "kglb": "| 133 | 11 |   Go   |",
        "datagraph": "| 127 | 11 |   Haskell   |",
        "ts-transform-import-path-rewrite": "| 126 | 14 |   TypeScript   |",
        "miniutf": "| 120 | 24 |   C   |",
        "PhotoWatch": "| 118 | 29 |   Swift   |",
        "pytest-flakefinder": "| 115 | 14 |   Python   |",
        "pilot": "| 111 | 22 |   Swift   |",
        "librsync": "| 108 | 43 |   C   |",
        "XCoverage": "| 102 | 14 |   Objective-C   |",
        "merou": "| 94 | 45 |   Python   |",
        "vsmc": "| 92 | 18 |   None   |",
        "othw": "| 86 | 30 |   JavaScript   |",
        "hypershard-android": "| 84 | 12 |   Kotlin   |",
        "trapperkeeper": "| 79 | 26 |   Python   |",
        "amqp-coffee": "| 77 | 30 |   CoffeeScript   |",
        "lopper": "| 73 | 22 |   C++   |",
        "idle.ts": "| 73 | 10 |   TypeScript   |",
        "kaiken": "| 70 | 12 |   Kotlin   |",
        "typed-css-modules-webpack-plugin": "| 69 | 16 |   TypeScript   |",
        "dropbox-api-content-hasher": "| 65 | 30 |   Java   |",
        "dropbox-sdk-rust": "| 64 | 16 |   Rust   |",
        "stopwatch": "| 61 | 19 |   Python   |",
        "nodegallerytutorial": "| 60 | 26 |   JavaScript   |",
        "llama": "| 58 | 14 |   Go   |",
        "differ": "| 57 | 2 |   C   |",
        "rules_node": "| 52 | 16 |   Python   |",
        "load_management": "| 52 | 16 |   Go   |",
        "rust-brotli-decompressor": "| 49 | 20 |   Rust   |",
        "hermes": "| 48 | 16 |   Python   |",
        "dropbox-api-v2-explorer": "| 45 | 15 |   TypeScript   |",
        "pynsot": "| 44 | 28 |   Python   |",
        "llama-archive": "| 44 | 14 |   Python   |",
        "ts-transform-react-constant-elements": "| 44 | 5 |   TypeScript   |",
        "kafka": "| 43 | 9 |   Go   |",
        "DropboxBusinessScripts": "| 42 | 26 |   Python   |",
        "DropboxBusinessAdminTool": "| 42 | 16 |   C#   |",
        "dropbox-ios-dropins-sdk": "| 40 | 26 |   Objective-C   |",
        "dbx-career-framework": "| 40 | 11 |   Python   |",
        "encfs": "| 38 | 13 |   C++   |",
        "marshal": "| 38 | 14 |   Go   |",
        "dropbox-api-spec": "| 35 | 38 |   Python   |",
        "image-search": "| 34 | 11 |   Haskell   |",
        "onenote-parser": "| 32 | 13 |   C++   |",
        "ttvc": "| 30 | 2 |   TypeScript   |",
        "samly": "| 29 | 11 |   Elixir   |",
        "dbx-unittest2pytest": "| 27 | 8 |   Python   |",
        "dropbox-api-v2-repl": "| 26 | 5 |   Python   |",
        "hocrux": "| 25 | 11 |   Python   |",
        "questions": "| 24 | 12 |   Python   |",
        "hypershard-ios": "| 24 | 2 |   Swift   |",
        "dropbox_hook": "| 23 | 12 |   Python   |",
        "libunwind": "| 21 | 11 |   C   |",
        "livegrep": "| 20 | 13 |   C++   |",
        "ruba": "| 20 | 6 |   Rust   |",
        "changes-client": "| 19 | 13 |   Go   |",
        "phabricator-changes": "| 18 | 7 |   PHP   |",
        "Dropline": "| 18 | 9 |   Haskell   |",
        "changes-mesos-framework": "| 17 | 10 |   Python   |",
        "goprotoc": "| 17 | 8 |   Go   |",
        "emmer": "| 16 | 12 |   Python   |",
        "libavcodec-hooks": "| 16 | 16 |   C   |",
        "git-rbr": "| 16 | 7 |   Python   |",
        "goxlsx": "| 14 | 10 |   Go   |",
        "esaml": "| 14 | 10 |   Erlang   |",
        "rust-subprocess-communicate": "| 13 | 6 |   Rust   |",
        "grallama-panel": "| 12 | 12 |   JavaScript   |",
        "Developer-Samples": "| 12 | 6 |   Python   |",
        "certificate-sync": "| 12 | 2 |   Swift   |",
        "ts-transform-react-jsx-source": "| 12 | 10 |   TypeScript   |",
        "groupy": "| 11 | 20 |   Python   |",
        "graphql-dataloader-activerecord": "| 11 | 0 |   Ruby   |",
        "pep8squad": "| 10 | 8 |   Python   |",
        "libpypa": "| 10 | 6 |   C++   |",
        "pytest-call-tracer": "| 9 | 5 |   Python   |",
        "whitegold": "| 9 | 7 |   Python   |",
        "presto-kafka-connector": "| 8 | 12 |   Java   |",
        "changes-lxc-wrapper": "| 8 | 7 |   Python   |",
        "pyston-perf": "| 8 | 11 |   Python   |",
        "gallerywithtagstutorial": "| 8 | 6 |   JavaScript   |",
        "incubator-superset-internal": "| 8 | 8 |   TypeScript   |",
        "setsum": "| 8 | 2 |   Rust   |",
        "forester": "| 8 | 0 |   Kotlin   |",
        "pem-converter-maven-plugin": "| 7 | 6 |   Java   |",
        "puppet-osx_ard": "| 7 | 7 |   Puppet   |",
        "puppet_run": "| 7 | 8 |   Python   |",
        "python-invariant": "| 7 | 7 |   Python   |",
        "altgrpc": "| 7 | 3 |   C++   |",
        "kondo": "| 7 | 4 |   Swift   |",
        "phabricator-sentry": "| 6 | 6 |   PHP   |",
        "puppet-osx_setupassistant": "| 6 | 5 |   Puppet   |",
        "revision-browser": "| 6 | 9 |   Python   |",
        "brotli-rs": "| 6 | 4 |   Rust   |",
        "react-framestats": "| 6 | 6 |   TypeScript   |",
        "rethink-java-driver": "| 5 | 9 |   Java   |",
        "notouch": "| 5 | 6 |   Python   |",
        "pyston-testsuite": "| 5 | 8 |   Python   |",
        "xz": "| 5 | 4 |   C   |",
        "spookify": "| 5 | 4 |   Python   |",
        "bazel": "| 5 | 6 |   Java   |",
        "AskBox": "| 5 | 5 |   JavaScript   |",
        "puppet-osx_utils": "| 4 | 6 |   Puppet   |",
        "babelapi": "| 4 | 7 |   None   |",
        "changes-artifacts": "| 4 | 7 |   Go   |",
        "plyj": "| 4 | 7 |   Python   |",
        "video.js": "| 4 | 1 |   JavaScript   |",
        "firebase-dropbox-oauth": "| 4 | 11 |   JavaScript   |",
        "foundationdb": "| 4 | 1 |   C++   |",
        "grpc": "| 4 | 4 |   C++   |",
        "buck": "| 4 | 1 |   Java   |",
        "zinger": "| 4 | 1 |   Python   |",
        "oid_translate": "| 3 | 5 |   C   |",
        "sentry-puppet": "| 3 | 4 |   None   |",
        "go-lxc": "| 3 | 5 |   Go   |",
        "libPhoneNumber-iOS": "| 3 | 5 |   Objective-C   |",
        "protobuf": "| 3 | 1 |   C++   |",
        "gogoprotobuf": "| 3 | 4 |   Go   |",
        "terraform": "| 3 | 2 |   Go   |",
        "goprotobuf": "| 3 | 3 |   Go   |",
        "pybridge": "| 3 | 6 |   Java   |",
        "finderinfo-rust": "| 3 | 8 |   Rust   |",
        "ykfipsconf": "| 3 | 1 |   Python   |",
        "eslint-formatter-arcanist": "| 3 | 2 |   TypeScript   |",
        "lightSAML": "| 3 | 3 |   PHP   |",
        "huba": "| 2 | 7 |   Haskell   |",
        "RMConnecter": "| 2 | 5 |   Objective-C   |",
        "presto-hdbc": "| 2 | 4 |   Haskell   |",
        "virtualenv": "| 2 | 5 |   Python   |",
        "lmdb-rs": "| 2 | 4 |   Rust   |",
        "gitolite": "| 2 | 2 |   Perl   |",
        "node": "| 2 | 1 |   JavaScript   |",
        "python-brotli-rs": "| 2 | 4 |   Rust   |",
        "react": "| 2 | 4 |   JavaScript   |",
        "zookeeper": "| 2 | 4 |   None   |",
        "videojs-contrib-hls": "| 2 | 5 |   JavaScript   |",
        "es6-promise": "| 2 | 3 |   JavaScript   |",
        "golang-net": "| 2 | 2 |   Go   |",
        "query-playback": "| 2 | 3 |   C++   |",
        "lepton-mux": "| 2 | 1 |   Rust   |",
        "kafka-python": "| 2 | 3 |   Python   |",
        "slack": "| 2 | 3 |   Go   |",
        "react-day-picker": "| 2 | 3 |   JavaScript   |",
        "protobuf.js": "| 2 | 2 |   JavaScript   |",
        "hellosign-developer-samples": "| 2 | 4 |   JavaScript   |",
        "airflow": "| 2 | 2 |   None   |",
        "mantle": "| 1 | 7 |   None   |",
        "rust-openssl": "| 1 | 3 |   Rust   |",
        "presto": "| 1 | 7 |   Java   |",
        "libseccomp": "| 1 | 5 |   C   |",
        "percona-server": "| 1 | 4 |   C++   |",
        "percona-xtrabackup": "| 1 | 5 |   C++   |",
        "node-statsd": "| 1 | 1 |   JavaScript   |",
        "efivalidate": "| 1 | 3 |   Ruby   |",
        "vizceral": "| 1 | 5 |   JavaScript   |",
        "android-ui-driver": "| 1 | 0 |   None   |",
        "kagome": "| 1 | 3 |   Go   |",
        "vizceral-react": "| 1 | 2 |   JavaScript   |",
        "vizceral-example": "| 1 | 0 |   JavaScript   |",
        "plasmic": "| 1 | 3 |   TypeScript   |",
        "grafana-report-panel": "| 1 | 1 |   TypeScript   |",
        "hbase": "| 1 | 1 |   None   |",
        "amundsen": "| 1 | 1 |   None   |",
        "amundsenfrontendlibrary": "| 1 | 0 |   None   |",
        "amundsendatabuilder": "| 1 | 0 |   None   |",
        "amundsenmetadatalibrary": "| 1 | 0 |   None   |",
        "amundsencommon": "| 1 | 0 |   None   |",
        "amundsensearchlibrary": "| 1 | 0 |   None   |",
        "GPO-Templates": "| 1 | 3 |   None   |",
        "SwipeCellKit": "| 1 | 1 |   Swift   |",
        "eslint-plugin-service-worker": "| 1 | 1 |   JavaScript   |",
        "AppExplorer": "| 1 | 2 |   TypeScript   |",
        "strongpoc": "| 0 | 7 |   Python   |",
        "lunasec": "| 0 | 2 |   None   |",
        "rules_rust": "| 0 | 1 |   Starlark   |",
        "java-code-styles": "| 0 | 0 |   None   |",
        "libsodium.js": "| 0 | 0 |   HTML   |",
        "libsodium": "| 0 | 0 |   C   |"
    }
}