{
    "company": "Free Ebook Foundation",
    "h-index": 12,
    "repo count": 29,
    "contributor count": 874,
    "size": "todo",
    "employee count": "todo",
    "country": "virtual",
    "top language": "Python",
    "repos": {
        "free-programming-books": "| 278862 | 55102 |   None   |",
        "free-science-books": "| 1407 | 248 |   None   |",
        "ebookfoundation.github.io": "| 186 | 23 |   None   |",
        "free-programming-books-search": "| 171 | 32 |   JavaScript   |",
        "capstone-projects": "| 42 | 17 |   None   |",
        "regluit": "| 41 | 20 |   Python   |",
        "without-a-net": "| 22 | 18 |   HTML   |",
        "StandardEbooks-tools": "| 21 | 7 |   Python   |",
        "river-of-ebooks": "| 19 | 9 |   JavaScript   |",
        "fef-questionnaire": "| 13 | 7 |   Python   |",
        "reading-lists": "| 13 | 9 |   HTML   |",
        "zimgutenberg": "| 12 | 0 |   JavaScript   |",
        "bookshelf-management": "| 11 | 10 |   Python   |",
        "readthedocs.org": "| 9 | 3 |   Python   |",
        "library-privacy-pledge": "| 8 | 3 |   None   |",
        "free-programming-books-parser": "| 8 | 3 |   JavaScript   |",
        "ItemOrientedSurvey": "| 7 | 4 |   Python   |",
        "bardo-copyright-db": "| 6 | 3 |   Python   |",
        "oapen-suggestion-service": "| 6 | 2 |   Python   |",
        "regluit-provisioning": "| 5 | 4 |   Shell   |",
        "autocat3": "| 3 | 3 |   Python   |",
        "gutenbergsite": "| 3 | 1 |   None   |",
        "doab-check": "| 3 | 0 |   Python   |",
        "cce-search-prototype": "| 2 | 3 |   CSS   |",
        "cce-search-ansible": "| 2 | 0 |   None   |",
        "thoth": "| 2 | 0 |   Rust   |",
        ".github": "| 1 | 4 |   None   |",
        "roe-pressbooks": "| 0 | 1 |   PHP   |",
        "donor-calendar": "| 0 | 0 |   None   |"
    }
}