{
    "company": "Eclipse Foundation",
    "h-index": 73,
    "repo count": 449,
    "contributor count": 3314,
    "size": "todo",
    "employee count": "todo",
    "country": null,
    "top language": "Java",
    "repos": {
        "mosquitto": "| 7309 | 2160 |   C   |",
        "che": "| 6810 | 1212 |   TypeScript   |",
        "jetty.project": "| 3558 | 1868 |   Java   |",
        "paho.mqtt.android": "| 2653 | 806 |   Java   |",
        "paho.mqtt.golang": "| 2283 | 498 |   Go   |",
        "eclipse-collections": "| 2183 | 527 |   Java   |",
        "sumo": "| 1895 | 1160 |   None   |",
        "paho.mqtt.java": "| 1858 | 818 |   Java   |",
        "paho.mqtt.python": "| 1850 | 679 |   Python   |",
        "paho.mqtt.c": "| 1598 | 985 |   C   |",
        "eclipse.jdt.ls": "| 1408 | 345 |   Java   |",
        "mraa": "| 1310 | 603 |   C   |",
        "paho.mqtt.embedded-c": "| 1152 | 719 |   C   |",
        "paho.mqtt.javascript": "| 1066 | 467 |   JavaScript   |",
        "milo": "| 932 | 388 |   Java   |",
        "omr": "| 912 | 384 |   C++   |",
        "openvsx": "| 901 | 108 |   Java   |",
        "paho.mqtt.cpp": "| 752 | 370 |   C++   |",
        "xtext": "| 696 | 312 |   Java   |",
        "upm": "| 643 | 419 |   C++   |",
        "microprofile": "| 635 | 106 |   Java   |",
        "leshan": "| 614 | 393 |   Java   |",
        "paho.mqtt-spy": "| 600 | 146 |   Java   |",
        "jkube": "| 507 | 298 |   Java   |",
        "buildship": "| 500 | 165 |   Java   |",
        "steady": "| 500 | 125 |   Java   |",
        "paho.mqtt.m2mqtt": "| 474 | 301 |   C#   |",
        "kura": "| 460 | 300 |   Java   |",
        "wakaama": "| 451 | 352 |   C   |",
        "paho.mqtt.rust": "| 422 | 92 |   Rust   |",
        "streamsheets": "| 418 | 51 |   JavaScript   |",
        "eclipse-collections-kata": "| 406 | 191 |   Java   |",
        "hawkbit": "| 378 | 163 |   Java   |",
        "repairnator": "| 371 | 83 |   Java   |",
        "ponte": "| 361 | 66 |   JavaScript   |",
        "jifa": "| 355 | 58 |   Java   |",
        "birt": "| 353 | 350 |   Java   |",
        "rdf4j": "| 323 | 158 |   Java   |",
        "paho.mqtt-sn.embedded-c": "| 289 | 167 |   C++   |",
        "orion.client": "| 224 | 55 |   JavaScript   |",
        "vorto": "| 214 | 112 |   Java   |",
        "lemminx": "| 213 | 88 |   Java   |",
        "kapua": "| 211 | 162 |   Java   |",
        "paho.golang": "| 210 | 64 |   Go   |",
        "elk": "| 192 | 74 |   Java   |",
        "dirigible": "| 188 | 79 |   JavaScript   |",
        "jnosql": "| 183 | 61 |   Java   |",
        "microprofile-config": "| 182 | 114 |   Java   |",
        "wildwebdeveloper": "| 180 | 62 |   Java   |",
        "pdt": "| 178 | 48 |   PHP   |",
        "tahu": "| 161 | 97 |   Java   |",
        "capella": "| 156 | 75 |   Java   |",
        "andmore": "| 145 | 39 |   Java   |",
        "xacc": "| 137 | 69 |   C++   |",
        "microprofile-rest-client": "| 124 | 65 |   Java   |",
        "microprofile-conference": "| 116 | 117 |   Java   |",
        "xtext-core": "| 115 | 100 |   Java   |",
        "microprofile-fault-tolerance": "| 115 | 64 |   Java   |",
        "microprofile-samples": "| 114 | 65 |   Java   |",
        "microprofile-open-api": "| 111 | 81 |   Java   |",
        "gef": "| 110 | 52 |   Java   |",
        "xtext-xtend": "| 101 | 53 |   Java   |",
        "paho.mqtt.testing": "| 97 | 67 |   Python   |",
        "jbom": "| 96 | 5 |   Java   |",
        "microprofile-health": "| 95 | 58 |   Java   |",
        "microprofile-metrics": "| 94 | 64 |   Java   |",
        "microprofile-jwt-auth": "| 92 | 58 |   Java   |",
        "microprofile-lra": "| 90 | 29 |   Java   |",
        "microprofile-graphql": "| 89 | 38 |   Java   |",
        "mosquitto.rsmb": "| 75 | 40 |   C   |",
        "microprofile-reactive-streams-operators": "| 75 | 34 |   Java   |",
        "titan.core": "| 73 | 72 |   C++   |",
        "tinydtls": "| 73 | 44 |   C   |",
        "transformer": "| 71 | 43 |   Java   |",
        "nebula": "| 70 | 83 |   Java   |",
        "mosaic": "| 68 | 45 |   Java   |",
        "microprofile-starter": "| 67 | 48 |   Java   |",
        "aCute": "| 65 | 32 |   Java   |",
        "kuksa.val": "| 62 | 39 |   C++   |",
        "microprofile-opentracing": "| 57 | 47 |   Java   |",
        "eclemma": "| 56 | 29 |   Java   |",
        "tm4e": "| 55 | 44 |   Java   |",
        "texlipse": "| 55 | 22 |   Java   |",
        "dartboard": "| 54 | 19 |   Java   |",
        "microprofile-reactive-messaging": "| 54 | 33 |   Java   |",
        "windowbuilder": "| 54 | 28 |   Java   |",
        "mita": "| 53 | 21 |   Xtend   |",
        "xtext-eclipse": "| 50 | 80 |   Java   |",
        "jnosql-databases": "| 46 | 31 |   Java   |",
        "winery": "| 44 | 64 |   Java   |",
        "lsp4e": "| 43 | 35 |   Java   |",
        "packages": "| 42 | 59 |   Smarty   |",
        "jnosql-artemis": "| 41 | 14 |   Java   |",
        "reddeer": "| 40 | 43 |   Java   |",
        "swtchart": "| 39 | 36 |   Java   |",
        "microprofile-sandbox": "| 38 | 52 |   Java   |",
        "dash-licenses": "| 37 | 27 |   Java   |",
        "amlen": "| 36 | 7 |   C   |",
        "ebr": "| 33 | 27 |   Java   |",
        "kiso-testing": "| 33 | 28 |   Python   |",
        "editdor": "| 33 | 16 |   JavaScript   |",
        "microprofile-context-propagation": "| 32 | 23 |   Java   |",
        "adore": "| 32 | 20 |   C++   |",
        "ice": "| 31 | 58 |   Java   |",
        "january": "| 31 | 24 |   Java   |",
        "paho.mqtt.ruby": "| 31 | 8 |   Ruby   |",
        "lemminx-maven": "| 31 | 28 |   Java   |",
        "Xpect": "| 30 | 26 |   Java   |",
        "unide": "| 30 | 17 |   Vue   |",
        "ConfigJSR": "| 30 | 23 |   Java   |",
        "xsemantics": "| 29 | 19 |   Java   |",
        "cloe": "| 29 | 16 |   C++   |",
        "lsp4jakarta": "| 29 | 42 |   Java   |",
        "orion.server": "| 27 | 19 |   Java   |",
        "n4js": "| 27 | 25 |   Java   |",
        "kuksa.invehicle": "| 27 | 30 |   C++   |",
        "openmcx": "| 27 | 11 |   C   |",
        "keti": "| 26 | 13 |   Java   |",
        "hawkbit-examples": "| 23 | 21 |   Java   |",
        "microprofile-bom": "| 23 | 13 |   None   |",
        "chemclipse": "| 23 | 18 |   Java   |",
        "chariott": "| 22 | 15 |   Rust   |",
        "gemoc-studio": "| 21 | 20 |   PostScript   |",
        "xtext-extras": "| 20 | 38 |   Java   |",
        "gef-classic": "| 20 | 34 |   Java   |",
        "hawkbit-extensions": "| 20 | 29 |   Java   |",
        "jnosql-extensions": "| 19 | 19 |   Java   |",
        "vorto-examples": "| 19 | 14 |   Java   |",
        "lsp4mp": "| 19 | 24 |   Java   |",
        "titan.EclipsePlug-ins": "| 18 | 43 |   Java   |",
        "xtext-lib": "| 18 | 33 |   Java   |",
        "imagen": "| 18 | 13 |   Java   |",
        "microprofile-service-mesh": "| 18 | 18 |   None   |",
        "kuksa.cloud": "| 18 | 18 |   CSS   |",
        "epsilon": "| 17 | 4 |   Java   |",
        "edje": "| 16 | 7 |   Java   |",
        "gemini.blueprint": "| 16 | 19 |   Java   |",
        "shellwax": "| 16 | 12 |   Java   |",
        "xtext-web": "| 15 | 36 |   Java   |",
        "hara-ddiclient": "| 15 | 11 |   Kotlin   |",
        "elk-models": "| 14 | 8 |   None   |",
        "xtext-idea": "| 13 | 18 |   None   |",
        "xtext-maven": "| 13 | 26 |   Java   |",
        "rdf4j-doc": "| 13 | 25 |   HTML   |",
        "rdf4j-storage": "| 13 | 23 |   Java   |",
        "jetty.docker": "| 13 | 16 |   Shell   |",
        "kuksa.hardware": "| 13 | 7 |   HTML   |",
        "eclipsefuro-web": "| 12 | 2 |   JavaScript   |",
        "jetty.toolchain": "| 11 | 18 |   Java   |",
        "ocl": "| 11 | 6 |   None   |",
        "lyo.client": "| 11 | 17 |   Java   |",
        "lyo.core": "| 11 | 16 |   Java   |",
        "dawnsci": "| 11 | 23 |   Java   |",
        "che-theia-samples": "| 11 | 11 |   None   |",
        "eavp": "| 10 | 15 |   Java   |",
        "microprofile-evolution-process": "| 10 | 19 |   None   |",
        "iottestware": "| 10 | 12 |   Python   |",
        "microprofile-marketing": "| 10 | 9 |   None   |",
        "microprofile-telemetry": "| 10 | 13 |   Java   |",
        "eclipse.github.com": "| 9 | 7 |   CSS   |",
        "che-theia-terminal-extension": "| 9 | 7 |   TypeScript   |",
        "lyo.designer": "| 9 | 9 |   Java   |",
        "kuksa.apps": "| 9 | 12 |   C++   |",
        "agileuml": "| 9 | 7 |   Java   |",
        "capella-requirements-vp": "| 9 | 15 |   Java   |",
        "eclipsefuro": "| 9 | 3 |   Python   |",
        "lyo.docs": "| 8 | 10 |   Java   |",
        "lyo": "| 8 | 12 |   Java   |",
        "capella-cybersecurity": "| 8 | 11 |   Java   |",
        "kitalpha": "| 8 | 20 |   Java   |",
        "birt-website": "| 8 | 14 |   HTML   |",
        "tiaki-java": "| 7 | 5 |   Java   |",
        "iottestware.mqtt": "| 7 | 10 |   C++   |",
        "rdf4j-tools": "| 7 | 12 |   Java   |",
        "unide.python": "| 7 | 3 |   Python   |",
        "keyple-card-calypso-java-lib": "| 7 | 9 |   Java   |",
        "kuksa.val.services": "| 7 | 13 |   C++   |",
        "manifest": "| 6 | 5 |   JavaScript   |",
        "lyo.rio": "| 6 | 12 |   Java   |",
        "cft": "| 6 | 21 |   Java   |",
        "orion.electron": "| 6 | 3 |   None   |",
        "gemoc-studio-modeldebugging": "| 6 | 15 |   Java   |",
        "che-theia-github-plugin": "| 6 | 4 |   TypeScript   |",
        "keyple": "| 6 | 7 |   None   |",
        "keyple-service-java-lib": "| 6 | 4 |   Java   |",
        "capella-xhtml-docgen": "| 6 | 13 |   Java   |",
        "emf-validation": "| 6 | 4 |   Java   |",
        "sisu.inject": "| 6 | 9 |   Java   |",
        "keyple-java-example": "| 6 | 3 |   Java   |",
        "kiso-testing-python-uds": "| 6 | 7 |   Python   |",
        "mwe": "| 5 | 12 |   Java   |",
        "lyo.testsuite": "| 5 | 14 |   HTML   |",
        "lyo.server": "| 5 | 13 |   Java   |",
        "orion.server.node": "| 5 | 3 |   None   |",
        "iottestware.fuzzing": "| 5 | 7 |   Python   |",
        "keyple-website": "| 5 | 10 |   HTML   |",
        "gmf-runtime": "| 5 | 10 |   Java   |",
        "gsc-ec-converter": "| 4 | 4 |   Java   |",
        "unide.java": "| 4 | 4 |   Java   |",
        "kuksa.ide": "| 4 | 7 |   Java   |",
        "microprofile-service-mesh-service-a": "| 4 | 13 |   Java   |",
        "jemo": "| 4 | 5 |   JavaScript   |",
        "keyple-plugin-stub-java-lib": "| 4 | 7 |   Java   |",
        "capella-textual-editor": "| 4 | 11 |   Java   |",
        "keyple-distributed-network-java-lib": "| 4 | 4 |   Java   |",
        "keyple-util-java-lib": "| 4 | 5 |   Java   |",
        "org.eclipse.sensinact.gateway": "| 4 | 10 |   Java   |",
        "ecf": "| 4 | 9 |   Java   |",
        "kuksa.val.feeders": "| 4 | 16 |   C++   |",
        "sommr": "| 4 | 0 |   None   |",
        "jdtc": "| 3 | 3 |   JavaScript   |",
        "titan.TestPorts.SCTPasp": "| 3 | 5 |   C++   |",
        "titan.misc": "| 3 | 15 |   Makefile   |",
        "www.eclipse.org-collections": "| 3 | 2 |   None   |",
        "richbeans": "| 3 | 12 |   Java   |",
        "xtext-umbrella": "| 3 | 20 |   Shell   |",
        "jnosql-parent": "| 3 | 8 |   None   |",
        "scanning": "| 3 | 16 |   Java   |",
        "orion": "| 3 | 6 |   HTML   |",
        "microprofile-parent": "| 3 | 18 |   None   |",
        "winery-topologymodeler": "| 3 | 3 |   TypeScript   |",
        "jnosql-aphrodite": "| 3 | 4 |   Java   |",
        "theia-generator-plugin": "| 3 | 13 |   TypeScript   |",
        "packager": "| 3 | 15 |   Java   |",
        "keyple-plugin-android-nfc-java-lib": "| 3 | 6 |   Kotlin   |",
        "keyple-plugin-android-omapi-java-lib": "| 3 | 4 |   Kotlin   |",
        "keyple-common-java-api": "| 3 | 5 |   Java   |",
        "keyple-plugin-java-api": "| 3 | 4 |   Java   |",
        "keyple-distributed-remote-java-api": "| 3 | 4 |   Java   |",
        "keyple-distributed-local-java-api": "| 3 | 4 |   Java   |",
        "keyple-plugin-pcsc-java-lib": "| 3 | 5 |   Java   |",
        "keyple-distributed-remote-java-lib": "| 3 | 4 |   Java   |",
        "keyple-ops": "| 3 | 7 |   Kotlin   |",
        "capella-sss-transition": "| 3 | 16 |   Java   |",
        "capella-studio": "| 3 | 9 |   Java   |",
        "efbt": "| 3 | 6 |   Python   |",
        "keyple-distributed-local-java-lib": "| 3 | 4 |   Java   |",
        "keyple-card-generic-java-lib": "| 3 | 1 |   Java   |",
        "gmf-notation": "| 3 | 2 |   Java   |",
        "keyple-card-calypso-cpp-lib": "| 3 | 1 |   C++   |",
        "org.eclipse.rcptt": "| 3 | 2 |   Java   |",
        "keyple-cpp-meta": "| 3 | 2 |   CMake   |",
        "kura-website": "| 3 | 0 |   PHP   |",
        "epsilon-website": "| 3 | 3 |   HTML   |",
        "titan.ProtocolModules.DNS": "| 2 | 7 |   C++   |",
        "titan.TestPorts.IPL4asp": "| 2 | 8 |   C++   |",
        "titan.ProtocolModules.HTTP2.0": "| 2 | 6 |   C   |",
        "omr.website": "| 2 | 14 |   CSS   |",
        "iottestware.coap": "| 2 | 7 |   None   |",
        "lyo.store": "| 2 | 8 |   Java   |",
        "lyo.trs-server": "| 2 | 7 |   Java   |",
        "che-theia-ssh-plugin": "| 2 | 8 |   None   |",
        "che-theia-machines-plugin": "| 2 | 3 |   TypeScript   |",
        "che-theia-java-plugin": "| 2 | 4 |   TypeScript   |",
        "che-theia-hosted-plugin-manager-extension": "| 2 | 6 |   TypeScript   |",
        "kuksa.website": "| 2 | 12 |   CSS   |",
        "iottestware.dashboard": "| 2 | 6 |   JavaScript   |",
        "iottestware.performance": "| 2 | 5 |   None   |",
        "capella-pipeline-library": "| 2 | 12 |   Groovy   |",
        "sumo.website": "| 2 | 6 |   HTML   |",
        "mosaic.website": "| 2 | 4 |   HTML   |",
        "lyo.oslc-ui": "| 2 | 7 |   TypeScript   |",
        "emf-transaction": "| 2 | 2 |   Java   |",
        "keyple-service-resource-java-lib": "| 2 | 1 |   Java   |",
        "keyple-integration-java-test": "| 2 | 1 |   Java   |",
        "poosl": "| 2 | 5 |   Java   |",
        "keyple-common-cpp-api": "| 2 | 1 |   CMake   |",
        "keyple-util-cpp-lib": "| 2 | 2 |   C++   |",
        "keyple-service-resource-cpp-lib": "| 2 | 1 |   C++   |",
        "keyple-cpp-example": "| 2 | 0 |   C++   |",
        "nebula-website": "| 2 | 0 |   HTML   |",
        "sequoyah": "| 1 | 4 |   Java   |",
        "jetty.alpn.api": "| 1 | 4 |   Java   |",
        "titan.TestPorts.Common_Components.Abstract_Socket": "| 1 | 6 |   C++   |",
        "titan.TestPorts.HTTPmsg": "| 1 | 7 |   C++   |",
        "titan.TestPorts.SQLasp": "| 1 | 6 |   C   |",
        "titan.TestPorts.UDPasp": "| 1 | 9 |   C++   |",
        "titan.ProtocolModules.DHCP": "| 1 | 7 |   C++   |",
        "titan.ProtocolModules.DIAMETER_ProtocolModule_Generator": "| 1 | 7 |   Smarty   |",
        "titan.ProtocolModules.SMPP": "| 1 | 9 |   C++   |",
        "titan.ProtocolModules.SNMP": "| 1 | 7 |   C++   |",
        "titan.ProtocolModules.UDP": "| 1 | 6 |   C++   |",
        "titan.ProtocolModules.H248_v2": "| 1 | 5 |   C++   |",
        "titan.ProtocolModules.ICAP": "| 1 | 5 |   C   |",
        "titan.ProtocolModules.IUA": "| 1 | 5 |   C++   |",
        "titan.ProtocolModules.M3UA": "| 1 | 7 |   None   |",
        "titan.ProtocolModules.MIME": "| 1 | 5 |   C   |",
        "kura-apps": "| 1 | 2 |   None   |",
        "january-forms": "| 1 | 3 |   Java   |",
        "lyo.trs-client": "| 1 | 6 |   Java   |",
        "lyo.domains": "| 1 | 6 |   Java   |",
        "lyo.adapter-simulink": "| 1 | 3 |   Java   |",
        "microprofile-service-mesh-service-b": "| 1 | 11 |   Java   |",
        "che-theia-vi-plugin": "| 1 | 1 |   None   |",
        "che-theia-task-plugin": "| 1 | 7 |   TypeScript   |",
        "n4js-tutorials": "| 1 | 7 |   HTML   |",
        "capella-basic-vp": "| 1 | 10 |   Java   |",
        "capella-filtering": "| 1 | 11 |   Java   |",
        "smartmdsd": "| 1 | 1 |   Java   |",
        "org.eclipse.rap.incubator.e4.compatibility.workbench": "| 1 | 6 |   Java   |",
        "emf-query": "| 1 | 3 |   Java   |",
        "dash-website": "| 1 | 1 |   HTML   |",
        "sisu.plexus": "| 1 | 4 |   Java   |",
        "org.eclipse.emf.diffmerge.core": "| 1 | 7 |   Java   |",
        "org.eclipse.emf.diffmerge.patch": "| 1 | 2 |   Java   |",
        "org.eclipse.emf.diffmerge.patterns": "| 1 | 4 |   Java   |",
        "org.eclipse.emf.diffmerge.coevolution": "| 1 | 5 |   Java   |",
        "amalgam": "| 1 | 4 |   Java   |",
        "org.eclipse.sensinact.studio": "| 1 | 2 |   JavaScript   |",
        "kiso-testing-vscode": "| 1 | 1 |   TypeScript   |",
        "gemoc-studio-commons": "| 1 | 2 |   Java   |",
        "keyple-plugin-cpp-api": "| 1 | 1 |   C++   |",
        "keyple-card-generic-cpp-lib": "| 1 | 0 |   C++   |",
        "keyple-plugin-pcsc-cpp-lib": "| 1 | 0 |   C++   |",
        "keyple-plugin-stub-cpp-lib": "| 1 | 0 |   C++   |",
        "windowbuilder-website": "| 1 | 0 |   PHP   |",
        "orbit": "| 1 | 3 |   HTML   |",
        "keyple-plugin-cardresource-java-lib": "| 1 | 0 |   Java   |",
        "jetty.parent": "| 0 | 5 |   None   |",
        "tm": "| 0 | 0 |   None   |",
        "score": "| 0 | 1 |   None   |",
        "titan.TestPorts.LANL2asp": "| 0 | 7 |   C++   |",
        "titan.TestPorts.PCAPasp": "| 0 | 6 |   C++   |",
        "titan.TestPorts.PIPEasp": "| 0 | 6 |   C++   |",
        "titan.TestPorts.SIPmsg": "| 0 | 7 |   C   |",
        "titan.TestPorts.TCPasp": "| 0 | 6 |   C++   |",
        "titan.TestPorts.TELNETasp": "| 0 | 8 |   C++   |",
        "titan.ProtocolModules.COMMON": "| 0 | 6 |   None   |",
        "titan.ProtocolModules.DHCPv6": "| 0 | 7 |   None   |",
        "titan.ProtocolModules.ICMP": "| 0 | 6 |   C++   |",
        "titan.ProtocolModules.ICMPv6": "| 0 | 6 |   C++   |",
        "titan.ProtocolModules.IP": "| 0 | 7 |   C++   |",
        "titan.ProtocolModules.RTP": "| 0 | 6 |   C++   |",
        "titan.ProtocolModules.RTSP": "| 0 | 6 |   C++   |",
        "titan.ProtocolModules.SMTP": "| 0 | 6 |   C++   |",
        "titan.ProtocolModules.TCP": "| 0 | 6 |   C++   |",
        "titan.ProtocolModules.XMPP": "| 0 | 6 |   C++   |",
        "titan.TestPorts.LDAPasp_RFC4511-": "| 0 | 1 |   None   |",
        "titan.TestPorts.LDAPmsg-": "| 0 | 1 |   None   |",
        "titan.TestPorts.Common_Components.Socket-API": "| 0 | 5 |   None   |",
        "titan.TestPorts.SSHCLIENTasp": "| 0 | 5 |   C++   |",
        "titan.TestPorts.STDINOUTmsg": "| 0 | 5 |   C++   |",
        "titan.TestPorts.SUNRPCasp-": "| 0 | 1 |   None   |",
        "titan.TestPorts.UNIX_DOMAIN_SOCKETasp": "| 0 | 4 |   C++   |",
        "titan.ProtocolModules.FrameRelay-": "| 0 | 1 |   None   |",
        "titan.ProtocolModules.IMAP_4rev1": "| 0 | 5 |   C++   |",
        "titan.ProtocolModules.IKEv2": "| 0 | 6 |   C++   |",
        "titan.ProtocolModules.IPsec": "| 0 | 5 |   C++   |",
        "titan.ProtocolModules.JSON_v07_2006": "| 0 | 5 |   None   |",
        "titan.ProtocolModules.L2TP": "| 0 | 5 |   C++   |",
        "titan.ProtocolModules.MSRP": "| 0 | 5 |   C   |",
        "titan.ProtocolModules.PPP": "| 0 | 6 |   C++   |",
        "titan.ProtocolModules.ProtoBuff": "| 0 | 5 |   Awk   |",
        "titan.ProtocolModules.RADIUS_ProtocolModule_Generator": "| 0 | 5 |   Awk   |",
        "titan.ProtocolModules.SRTP": "| 0 | 6 |   C++   |",
        "titan.ProtocolModules.WebSocket": "| 0 | 5 |   C++   |",
        "titan.Libraries.TCCUsefulFunctions": "| 0 | 8 |   C++   |",
        "titan.ProtocolModules.FrameRelay": "| 0 | 5 |   C++   |",
        "titan.TestPorts.SUNRPCasp": "| 0 | 5 |   C++   |",
        "titan.TestPorts.LDAPmsg": "| 0 | 5 |   C++   |",
        "titan.TestPorts.LDAPasp_RFC4511": "| 0 | 5 |   C++   |",
        "dirigible-samples": "| 0 | 2 |   JavaScript   |",
        "tiaki-c": "| 0 | 2 |   None   |",
        "paho.mqtt.d": "| 0 | 5 |   D   |",
        "xtext-gradle": "| 0 | 1 |   None   |",
        "rdf4j-testsuite": "| 0 | 12 |   Java   |",
        "lyo.validation": "| 0 | 8 |   Java   |",
        "iottestware.opcua": "| 0 | 4 |   None   |",
        "che-theia-env-variables-plugin": "| 0 | 2 |   TypeScript   |",
        "org.eclipse.riena": "| 0 | 5 |   Java   |",
        "org.eclipse.riena.rap": "| 0 | 2 |   Java   |",
        "org.eclipse.riena.toolbox": "| 0 | 1 |   Java   |",
        "org.eclipse.riena.setup": "| 0 | 1 |   None   |",
        "org.eclipse.riena.old": "| 0 | 2 |   Java   |",
        "che-theia-factory-extension": "| 0 | 3 |   TypeScript   |",
        "org.eclipse.riena.3xtargets": "| 0 | 5 |   None   |",
        "org.eclipse.riena.plugins.archive": "| 0 | 1 |   Java   |",
        "lyo.adapter-magicdraw": "| 0 | 3 |   Java   |",
        "lyo.ldp": "| 0 | 4 |   Java   |",
        "che-theia-emacs-plugin": "| 0 | 1 |   None   |",
        "theia-yeoman-plugin": "| 0 | 5 |   TypeScript   |",
        "theia-plugin-packager": "| 0 | 6 |   TypeScript   |",
        "che-theia-dashboard-extension": "| 0 | 4 |   TypeScript   |",
        "theia-python-extension": "| 0 | 0 |   None   |",
        "theia-java-extension": "| 0 | 0 |   None   |",
        "che-theia-activity-tracker": "| 0 | 4 |   TypeScript   |",
        "gemoc-studio-execution-java": "| 0 | 9 |   Java   |",
        "gemoc-studio-execution-ale": "| 0 | 7 |   Java   |",
        "gemoc-studio-moccml": "| 0 | 6 |   Java   |",
        "gemoc-studio-execution-moccml": "| 0 | 8 |   Java   |",
        "jemo-website": "| 0 | 4 |   PHP   |",
        ".github": "| 0 | 17 |   None   |",
        "antenna.website": "| 0 | 6 |   CSS   |",
        "capella-addons": "| 0 | 5 |   None   |",
        "capella-gitadapter": "| 0 | 0 |   None   |",
        "capella-tools": "| 0 | 8 |   Java   |",
        "capella-xmlpivot": "| 0 | 4 |   HTML   |",
        "kitalpha-addons": "| 0 | 5 |   Java   |",
        "capella-vpms": "| 0 | 7 |   Java   |",
        "capella-releng-parent": "| 0 | 5 |   Shell   |",
        "packages-c2e-provisioning": "| 0 | 0 |   None   |",
        "oneofour": "| 0 | 6 |   Java   |",
        "titan.ProtocolModules.JSON_Web_Signature": "| 0 | 4 |   C++   |",
        "hawkbit-clients-golang": "| 0 | 2 |   None   |",
        "capella-deferred-merge": "| 0 | 9 |   Java   |",
        "sisu.mojos": "| 0 | 4 |   Java   |",
        "microprofile-build-infra": "| 0 | 4 |   Groovy   |",
        "emf.egf": "| 0 | 3 |   Java   |",
        "org.eclipse.sensinact": "| 0 | 0 |   None   |",
        "org.eclipse.sensinact.studioweb": "| 0 | 1 |   JavaScript   |",
        "gemoc-studio-extras": "| 0 | 0 |   None   |",
        "keyple-service-cpp-lib": "| 0 | 1 |   C++   |",
        "diafanis": "| 0 | 0 |   JavaScript   |",
        "adaaa": "| 0 | 0 |   None   |",
        "sommr-website": "| 0 | 0 |   None   |",
        "capella-website": "| 0 | 3 |   HTML   |",
        "viatra-website": "| 0 | 0 |   HTML   |",
        "nattable-website": "| 0 | 0 |   PHP   |",
        "modisco-website": "| 0 | 0 |   PHP   |",
        "emfatic-website": "| 0 | 0 |   JavaScript   |",
        "wakaama-website": "| 0 | 0 |   HTML   |",
        "leshan-website": "| 0 | 0 |   HTML   |",
        "kitalpha-website": "| 0 | 0 |   HTML   |",
        "mat-website": "| 0 | 0 |   PHP   |",
        "efbt-website": "| 0 | 0 |   HTML   |",
        "amlen-website": "| 0 | 0 |   PHP   |",
        "vorto-website": "| 0 | 0 |   HTML   |",
        "paho-website": "| 0 | 0 |   HTML   |",
        "sisu-website": "| 0 | 0 |   PHP   |",
        "collections-website": "| 0 | 1 |   HTML   |",
        "rcptt-website": "| 0 | 0 |   HTML   |",
        "xtext-website-publish": "| 0 | 0 |   HTML   |",
        "ecf-website": "| 0 | 1 |   HTML   |",
        "tools-website": "| 0 | 0 |   PHP   |",
        "omr-website-publish": "| 0 | 1 |   HTML   |",
        "pdt-website": "| 0 | 0 |   HTML   |",
        "january-website": "| 0 | 0 |   HTML   |",
        "kiso-testing-testapp": "| 0 | 0 |   None   |",
        "n4js-website": "| 0 | 0 |   HTML   |",
        "gemini.blueprint-website": "| 0 | 0 |   HTML   |",
        "jetty-website": "| 0 | 0 |   PHP   |",
        "elk-website": "| 0 | 0 |   HTML   |",
        "keyple-card-calypso-crypto-legacysam-java-lib": "| 0 | 1 |   Java   |",
        "hawkbit-website": "| 0 | 1 |   HTML   |",
        "gmf-runtime-website": "| 0 | 0 |   PHP   |",
        "packages-website": "| 0 | 0 |   HTML   |",
        "xtext-archive": "| 0 | 0 |   None   |",
        "xtext-website": "| 0 | 1 |   HTML   |",
        "gemini.management-website": "| 0 | 0 |   PHP   |"
    }
}