{
    "company": "Baidu EFE team",
    "h-index": 47,
    "repo count": 277,
    "contributor count": 781,
    "size": "todo",
    "employee count": "todo",
    "country": "Beijing & Shanghai & Shenzhen",
    "top language": "JavaScript",
    "repos": {
        "vue-echarts": "| 8249 | 1444 |   JavaScript   |",
        "echarts-for-weixin": "| 6380 | 1539 |   JavaScript   |",
        "zrender": "| 5671 | 1543 |   TypeScript   |",
        "fontmin": "| 5091 | 307 |   JavaScript   |",
        "spec": "| 4562 | 1616 |   None   |",
        "echarts-gl": "| 2433 | 848 |   JavaScript   |",
        "echarts-wordcloud": "| 1400 | 729 |   JavaScript   |",
        "echarts-liquidfill": "| 1269 | 625 |   JavaScript   |",
        "fonteditor": "| 1154 | 314 |   JavaScript   |",
        "awesome-echarts": "| 1105 | 140 |   None   |",
        "veui": "| 1009 | 115 |   JavaScript   |",
        "esl": "| 834 | 235 |   JavaScript   |",
        "react-hooks": "| 772 | 82 |   TypeScript   |",
        "fecs": "| 642 | 117 |   JavaScript   |",
        "edp": "| 544 | 172 |   JavaScript   |",
        "fontmin-app": "| 525 | 51 |   HTML   |",
        "echarts-stat": "| 522 | 306 |   HTML   |",
        "etpl": "| 495 | 100 |   JavaScript   |",
        "okam": "| 412 | 64 |   JavaScript   |",
        "react-native-cn": "| 409 | 69 |   None   |",
        "est": "| 399 | 72 |   Less   |",
        "saber": "| 360 | 73 |   CSS   |",
        "esui": "| 339 | 202 |   JavaScript   |",
        "er": "| 299 | 162 |   JavaScript   |",
        "knowledge": "| 235 | 65 |   CoffeeScript   |",
        "rider": "| 205 | 52 |   CSS   |",
        "reskript": "| 190 | 32 |   TypeScript   |",
        "echarts-map-tool": "| 130 | 122 |   JavaScript   |",
        "uioc": "| 115 | 18 |   JavaScript   |",
        "js-native": "| 109 | 15 |   JavaScript   |",
        "eslint-config": "| 108 | 31 |   JavaScript   |",
        "san-cli": "| 97 | 31 |   JavaScript   |",
        "ub-ria": "| 94 | 33 |   JavaScript   |",
        "san-mui": "| 94 | 31 |   JavaScript   |",
        "react-kiss": "| 85 | 5 |   JavaScript   |",
        "san-xui": "| 80 | 9 |   JavaScript   |",
        "echarts-optimizer": "| 79 | 59 |   JavaScript   |",
        "gulp-fontmin": "| 79 | 13 |   JavaScript   |",
        "react-suspense-boundary": "| 75 | 7 |   TypeScript   |",
        "moye": "| 74 | 32 |   JavaScript   |",
        "ecomfe.github.io": "| 72 | 47 |   JavaScript   |",
        "santd": "| 72 | 41 |   JavaScript   |",
        "react-track": "| 67 | 16 |   TypeScript   |",
        "echarts-graph-modularity": "| 65 | 19 |   HTML   |",
        "diffy-update": "| 55 | 4 |   JavaScript   |",
        "learn-graphql-cn": "| 49 | 3 |   None   |",
        "standard-redux-shape": "| 47 | 6 |   JavaScript   |",
        "htmlcs": "| 46 | 8 |   JavaScript   |",
        "saber-showcase": "| 41 | 10 |   JavaScript   |",
        "gitdiff-parser": "| 40 | 16 |   HTML   |",
        "rebas": "| 34 | 11 |   JavaScript   |",
        "smarty4js": "| 33 | 11 |   JavaScript   |",
        "baidubce-sdk": "| 28 | 53 |   JavaScript   |",
        "node-csshint": "| 27 | 5 |   JavaScript   |",
        "amd-analyzer": "| 26 | 2 |   JavaScript   |",
        "echarts-bmap": "| 26 | 4 |   HTML   |",
        "redux-optimistic-thunk": "| 25 | 0 |   JavaScript   |",
        "light-dls": "| 24 | 12 |   Less   |",
        "san-loader": "| 22 | 21 |   JavaScript   |",
        "grapher.js": "| 21 | 7 |   JavaScript   |",
        "zrender-doc": "| 21 | 11 |   JavaScript   |",
        "efe": "| 20 | 7 |   None   |",
        "redux-managed-thunk": "| 20 | 1 |   JavaScript   |",
        "mini-event": "| 18 | 7 |   JavaScript   |",
        "esui-family": "| 18 | 15 |   JavaScript   |",
        "veui-theme-blue": "| 18 | 19 |   Less   |",
        "dls-icons": "| 17 | 8 |   JavaScript   |",
        "edp-webserver": "| 16 | 23 |   JavaScript   |",
        "echarts-gallery-feedback": "| 16 | 3 |   None   |",
        "san-transition": "| 16 | 0 |   JavaScript   |",
        "san-realworld-app": "| 16 | 9 |   JavaScript   |",
        "node-lesslint": "| 15 | 5 |   JavaScript   |",
        "ef": "| 14 | 15 |   JavaScript   |",
        "saber-ajax": "| 13 | 6 |   JavaScript   |",
        "echarts-builder-web": "| 13 | 7 |   JavaScript   |",
        "san-anode-utils": "| 13 | 3 |   JavaScript   |",
        "saber-env": "| 12 | 5 |   JavaScript   |",
        "promise": "| 12 | 4 |   JavaScript   |",
        "sublime-etpl": "| 12 | 4 |   Python   |",
        "aop": "| 12 | 1 |   JavaScript   |",
        "bat-ria": "| 11 | 15 |   JavaScript   |",
        "ub-ria-ui": "| 11 | 28 |   JavaScript   |",
        "echarts-dagre": "| 11 | 7 |   JavaScript   |",
        "edp-build": "| 10 | 32 |   JavaScript   |",
        "saber-promise": "| 10 | 5 |   JavaScript   |",
        "webpack-auto-cdn-plugin": "| 10 | 1 |   JavaScript   |",
        "saber-scroll": "| 9 | 7 |   JavaScript   |",
        "saber-router": "| 9 | 4 |   JavaScript   |",
        "rider-ui": "| 9 | 1 |   CSS   |",
        "blog": "| 9 | 10 |   CSS   |",
        "stylelint-config": "| 9 | 1 |   JavaScript   |",
        "saber-matchmedia": "| 8 | 1 |   JavaScript   |",
        "esf": "| 8 | 8 |   CSS   |",
        "eicons": "| 8 | 10 |   CSS   |",
        "html-nest-rule": "| 8 | 1 |   JavaScript   |",
        "query-shape": "| 8 | 1 |   JavaScript   |",
        "veui-docs": "| 8 | 20 |   JavaScript   |",
        "saber-dom": "| 7 | 2 |   JavaScript   |",
        "saber-firework": "| 7 | 10 |   JavaScript   |",
        "edpx-bat-ria": "| 7 | 5 |   JavaScript   |",
        "saber-fastbutton": "| 7 | 1 |   JavaScript   |",
        "basr": "| 7 | 3 |   JavaScript   |",
        "fecs-loader": "| 7 | 3 |   JavaScript   |",
        "svg-mixed-loader": "| 7 | 0 |   JavaScript   |",
        "esf-ms": "| 6 | 2 |   CSS   |",
        "edpx-mobile": "| 6 | 2 |   JavaScript   |",
        "saber-run": "| 6 | 0 |   JavaScript   |",
        "emc": "| 6 | 0 |   JavaScript   |",
        "fate": "| 6 | 0 |   None   |",
        "san-validation": "| 6 | 0 |   JavaScript   |",
        "use-optimistic": "| 6 | 0 |   JavaScript   |",
        "saber-emitter": "| 5 | 3 |   JavaScript   |",
        "saber-viewport": "| 5 | 4 |   JavaScript   |",
        "edp-watch": "| 5 | 5 |   JavaScript   |",
        "edp-test": "| 5 | 4 |   JavaScript   |",
        "esui-flat-theme": "| 5 | 4 |   CSS   |",
        "oo": "| 5 | 5 |   JavaScript   |",
        "cssproperties": "| 5 | 0 |   JavaScript   |",
        "bos-php-sdk": "| 5 | 5 |   PHP   |",
        "babel-preset-browser": "| 5 | 0 |   JavaScript   |",
        "kab": "| 5 | 2 |   JavaScript   |",
        "schema-in-js": "| 5 | 2 |   JavaScript   |",
        "san-echarts": "| 5 | 0 |   None   |",
        "react-omni-link": "| 5 | 6 |   JavaScript   |",
        "echarts-miniBI": "| 5 | 2 |   None   |",
        "saber-tap": "| 4 | 1 |   JavaScript   |",
        "saber-lang": "| 4 | 3 |   JavaScript   |",
        "edp-core": "| 4 | 8 |   JavaScript   |",
        "saber-storage": "| 4 | 3 |   JavaScript   |",
        "ria-next": "| 4 | 3 |   None   |",
        "zr-graph": "| 4 | 3 |   JavaScript   |",
        "bat-ria-tool": "| 4 | 4 |   JavaScript   |",
        "edp-web": "| 4 | 3 |   JavaScript   |",
        "html-code-gen": "| 4 | 4 |   JavaScript   |",
        "edp-build-fontmin": "| 4 | 2 |   JavaScript   |",
        "manis": "| 4 | 1 |   JavaScript   |",
        "edpx-bos": "| 4 | 1 |   JavaScript   |",
        "esui-light-table": "| 4 | 4 |   JavaScript   |",
        "esui-datatable": "| 4 | 3 |   CSS   |",
        "web-graphic-intercepter": "| 4 | 0 |   JavaScript   |",
        "san-test-utils": "| 4 | 6 |   TypeScript   |",
        "class-names-loader": "| 4 | 3 |   JavaScript   |",
        "saber-string": "| 3 | 0 |   JavaScript   |",
        "saber-cookie": "| 3 | 0 |   JavaScript   |",
        "archer": "| 3 | 1 |   CSS   |",
        "er-route": "| 3 | 1 |   JavaScript   |",
        "zform": "| 3 | 0 |   None   |",
        "saber-boilerplate": "| 3 | 0 |   Smarty   |",
        "jformatter": "| 3 | 0 |   JavaScript   |",
        "edp-lint": "| 3 | 3 |   JavaScript   |",
        "echarts-m": "| 3 | 3 |   JavaScript   |",
        "zrender-m": "| 3 | 1 |   JavaScript   |",
        "fecs-gulp": "| 3 | 3 |   JavaScript   |",
        "fecs-eclipse": "| 3 | 2 |   Java   |",
        "kudo": "| 3 | 3 |   JavaScript   |",
        "saber-pjax": "| 3 | 1 |   JavaScript   |",
        "cographql": "| 3 | 0 |   JavaScript   |",
        "san-weui": "| 3 | 2 |   CSS   |",
        "san-docit": "| 3 | 4 |   JavaScript   |",
        "san-admin": "| 3 | 5 |   JavaScript   |",
        "edp-package": "| 2 | 8 |   JavaScript   |",
        "er-track": "| 2 | 3 |   JavaScript   |",
        "ecomfe": "| 2 | 1 |   None   |",
        "edp-cli": "| 2 | 0 |   Shell   |",
        "URI.js": "| 2 | 2 |   JavaScript   |",
        "edp-provider-rider": "| 2 | 1 |   JavaScript   |",
        "saber-geo": "| 2 | 0 |   JavaScript   |",
        "saber-data": "| 2 | 0 |   JavaScript   |",
        "saber-log": "| 2 | 0 |   JavaScript   |",
        "saber-widget": "| 2 | 5 |   JavaScript   |",
        "edpx-fixjs": "| 2 | 0 |   JavaScript   |",
        "eslint-plugin-fecs": "| 2 | 0 |   None   |",
        "fontmin-app-builder": "| 2 | 2 |   JavaScript   |",
        "node-styluslint": "| 2 | 1 |   None   |",
        "esl-runtime": "| 2 | 1 |   JavaScript   |",
        "san-view": "| 2 | 0 |   None   |",
        "ueditor": "| 2 | 1 |   JavaScript   |",
        "seui": "| 2 | 2 |   JavaScript   |",
        "echarts-boilerplate": "| 2 | 2 |   JavaScript   |",
        "create-san-app": "| 2 | 1 |   None   |",
        "saber-ui": "| 1 | 0 |   CSS   |",
        "saber-control": "| 1 | 0 |   JavaScript   |",
        "saber-button": "| 1 | 0 |   JavaScript   |",
        "saber-tab": "| 1 | 0 |   JavaScript   |",
        "edpx-font": "| 1 | 0 |   JavaScript   |",
        "edp-add": "| 1 | 0 |   JavaScript   |",
        "edp-doctor": "| 1 | 2 |   JavaScript   |",
        "saber-uri": "| 1 | 1 |   JavaScript   |",
        "api": "| 1 | 1 |   None   |",
        "edp-bcs": "| 1 | 3 |   JavaScript   |",
        "rin": "| 1 | 0 |   JavaScript   |",
        "dep-hammer": "| 1 | 2 |   JavaScript   |",
        "edp-showcase": "| 1 | 0 |   JavaScript   |",
        "edpx-optimg": "| 1 | 0 |   JavaScript   |",
        "baiducdnstatic": "| 1 | 1 |   JavaScript   |",
        "etpl2to3": "| 1 | 0 |   JavaScript   |",
        "generator-efe-module": "| 1 | 2 |   JavaScript   |",
        "saber-rainbow": "| 1 | 0 |   JavaScript   |",
        "edp-build-iconfont": "| 1 | 1 |   JavaScript   |",
        "es6-code-style": "| 1 | 0 |   None   |",
        "fecs-grunt": "| 1 | 3 |   CSS   |",
        "atom-etpl": "| 1 | 1 |   CoffeeScript   |",
        "babel-plugin-transform-modules-amd": "| 1 | 2 |   JavaScript   |",
        "babel-runtime": "| 1 | 0 |   JavaScript   |",
        "cographql-core": "| 1 | 0 |   TypeScript   |",
        "redux-optimistic-manager": "| 1 | 0 |   JavaScript   |",
        "server-side-rendering-comparison": "| 1 | 0 |   JavaScript   |",
        "stockecharts": "| 1 | 0 |   None   |",
        "vis-data": "| 1 | 1 |   JavaScript   |",
        "dls-dictionary": "| 1 | 0 |   Vue   |",
        "mockie": "| 0 | 0 |   JavaScript   |",
        "dep-store": "| 0 | 0 |   JavaScript   |",
        "dep-underscore": "| 0 | 0 |   JavaScript   |",
        "dep-underscore.string": "| 0 | 0 |   JavaScript   |",
        "dep-moment": "| 0 | 0 |   JavaScript   |",
        "edpx-ria": "| 0 | 0 |   JavaScript   |",
        "edp-config": "| 0 | 1 |   JavaScript   |",
        "edp-project": "| 0 | 6 |   JavaScript   |",
        "dep-zepto": "| 0 | 0 |   JavaScript   |",
        "edp-codegen": "| 0 | 0 |   JavaScript   |",
        "dep-iscroll": "| 0 | 0 |   JavaScript   |",
        "edp-code-detect": "| 0 | 0 |   None   |",
        "ebiz-sample-ms": "| 0 | 0 |   None   |",
        "saber-touch": "| 0 | 0 |   JavaScript   |",
        "edp-htmlhint": "| 0 | 0 |   JavaScript   |",
        "edp-doc": "| 0 | 0 |   None   |",
        "edp-codereview": "| 0 | 0 |   None   |",
        "ub-ria-tool": "| 0 | 3 |   JavaScript   |",
        "magazine": "| 0 | 0 |   None   |",
        "edp-webhooks": "| 0 | 0 |   JavaScript   |",
        "edp-beautify": "| 0 | 1 |   JavaScript   |",
        "edp-minify": "| 0 | 1 |   JavaScript   |",
        "edpx-ub-ria": "| 0 | 0 |   JavaScript   |",
        "david-www": "| 0 | 1 |   JavaScript   |",
        "edpx-seed": "| 0 | 3 |   JavaScript   |",
        "edp-browser": "| 0 | 0 |   None   |",
        "edpx-sprite": "| 0 | 0 |   JavaScript   |",
        "edp-jshint": "| 0 | 0 |   JavaScript   |",
        "edp-recess": "| 0 | 0 |   CSS   |",
        "edp-jscs": "| 0 | 0 |   JavaScript   |",
        "edp-browser-launcher2": "| 0 | 1 |   JavaScript   |",
        "rcloader2": "| 0 | 0 |   JavaScript   |",
        "doctrine2": "| 0 | 1 |   JavaScript   |",
        "rebas-datasource": "| 0 | 0 |   JavaScript   |",
        "saber-mm": "| 0 | 0 |   JavaScript   |",
        "rebas-logger": "| 0 | 1 |   CoffeeScript   |",
        "rebas-transfer": "| 0 | 0 |   JavaScript   |",
        "less-plugin-est": "| 0 | 0 |   None   |",
        "gulp-icon-font": "| 0 | 1 |   JavaScript   |",
        "saber-bkg": "| 0 | 0 |   None   |",
        "dep-fastclick": "| 0 | 0 |   JavaScript   |",
        "efe-meta": "| 0 | 0 |   HTML   |",
        "node-font": "| 0 | 0 |   None   |",
        "edp-provider-smarty4js": "| 0 | 0 |   JavaScript   |",
        "stylecs": "| 0 | 0 |   None   |",
        "babel-plugin-freeze-const": "| 0 | 2 |   None   |",
        "jsen": "| 0 | 0 |   JavaScript   |",
        "babel-plugin-transform-for-of-array": "| 0 | 0 |   JavaScript   |",
        "edpx-babel": "| 0 | 0 |   JavaScript   |",
        "babel-preset-mobile": "| 0 | 0 |   None   |",
        "gulp-edp-module-compiler": "| 0 | 0 |   JavaScript   |",
        "edp-module-compiler": "| 0 | 0 |   JavaScript   |",
        "gulp-edp-babel": "| 0 | 0 |   JavaScript   |",
        "edp-tpl-merge": "| 0 | 0 |   None   |",
        "esformatter-fecs": "| 0 | 0 |   JavaScript   |",
        "eslint-plugin-react": "| 0 | 0 |   JavaScript   |",
        "babel-plugin-react-add-display-name": "| 0 | 1 |   None   |",
        "vis-www": "| 0 | 1 |   HTML   |",
        "selector-kit": "| 0 | 0 |   None   |",
        "echarts-issue-helper": "| 0 | 1 |   Vue   |",
        "san-anode-cases": "| 0 | 0 |   Smarty   |",
        "san-html-cases": "| 0 | 2 |   JavaScript   |",
        "san-hot-loader": "| 0 | 3 |   JavaScript   |",
        "eslint-plugin-san": "| 0 | 5 |   JavaScript   |",
        "veui-starter-template": "| 0 | 1 |   JavaScript   |",
        "san-rfcs": "| 0 | 0 |   None   |",
        "dls-illustrations": "| 0 | 0 |   JavaScript   |"
    }
}