{
    "company": "eGain",
    "h-index": 1,
    "repo count": 22,
    "contributor count": 13,
    "size": "todo",
    "employee count": "todo",
    "country": "Sunnyvale CA",
    "top language": "JavaScript",
    "repos": {
        "chatavailability-py": "| 1 | 1 |   Python   |",
        "design-guidelines": "| 0 | 1 |   None   |",
        "coding-guidelines": "| 0 | 1 |   None   |",
        "egain-video-website": "| 0 | 1 |   JavaScript   |",
        "portal-access": "| 0 | 1 |   None   |",
        "portal-search": "| 0 | 1 |   None   |",
        "eGainAndroidMobileSDK": "| 0 | 1 |   Java   |",
        "chatavailability-js": "| 0 | 1 |   HTML   |",
        "chatavailability-java": "| 0 | 1 |   Java   |",
        "portalsearch-java": "| 0 | 1 |   Java   |",
        "portalsearch-js": "| 0 | 1 |   HTML   |",
        "portalsearch-py": "| 0 | 1 |   Python   |",
        "vfc1-wip": "| 0 | 2 |   None   |",
        "egain-address-book-integration": "| 0 | 1 |   JavaScript   |",
        "egain-conversation-hub-sentiment-analysis": "| 0 | 1 |   JavaScript   |",
        "egain-km-list-widget": "| 0 | 1 |   CSS   |",
        "egain-km-search-field-widget": "| 0 | 1 |   CSS   |",
        "egain-km-search-widget": "| 0 | 1 |   HTML   |",
        "egain-km-popular-articles-widget": "| 0 | 1 |   CSS   |",
        "egain-ios-messaging": "| 0 | 2 |   Objective-C   |",
        "egain-android-messaging": "| 0 | 3 |   None   |",
        "solve22chatbotfactory": "| 0 | 0 |   None   |"
    }
}