{
    "company": "elastic",
    "h-index": 91,
    "repo count": 637,
    "contributor count": 8545,
    "size": "todo",
    "employee count": "todo",
    "country": null,
    "top language": "JavaScript",
    "repos": {
        "elasticsearch": "| 63725 | 23073 |   Java   |",
        "kibana": "| 18465 | 7701 |   TypeScript   |",
        "logstash": "| 13442 | 3427 |   Java   |",
        "beats": "| 11647 | 4747 |   Go   |",
        "eui": "| 5694 | 755 |   TypeScript   |",
        "elasticsearch-php": "| 5136 | 958 |   PHP   |",
        "elasticsearch-js": "| 5128 | 734 |   TypeScript   |",
        "go-elasticsearch": "| 4930 | 558 |   Go   |",
        "elasticsearch-py": "| 3928 | 1152 |   Python   |",
        "elasticsearch-dsl-py": "| 3645 | 789 |   Python   |",
        "elasticsearch-definitive-guide": "| 3508 | 2856 |   HTML   |",
        "elasticsearch-net": "| 3413 | 1142 |   C#   |",
        "elasticsearch-rails": "| 3001 | 789 |   Ruby   |",
        "curator": "| 2981 | 639 |   Python   |",
        "examples": "| 2567 | 1237 |   Jupyter Notebook   |",
        "cloud-on-k8s": "| 2197 | 618 |   Go   |",
        "elasticsearch-ruby": "| 1923 | 598 |   Ruby   |",
        "elasticsearch-hadoop": "| 1904 | 989 |   Java   |",
        "helm-charts": "| 1805 | 1911 |   Python   |",
        "search-ui": "| 1791 | 343 |   TypeScript   |",
        "logstash-forwarder": "| 1786 | 428 |   Go   |",
        "rally": "| 1772 | 298 |   Python   |",
        "ansible-elasticsearch": "| 1550 | 835 |   Ruby   |",
        "detection-rules": "| 1523 | 370 |   Python   |",
        "stack-docker": "| 1189 | 458 |   Shell   |",
        "apm-server": "| 1100 | 468 |   Go   |",
        "ecs": "| 919 | 401 |   Python   |",
        "elasticsearch-docker": "| 797 | 241 |   Python   |",
        "ember": "| 797 | 249 |   Jupyter Notebook   |",
        "protections-artifacts": "| 635 | 69 |   YARA   |",
        "elasticsearch-rs": "| 613 | 61 |   Rust   |",
        "elasticsearch-cloud-aws": "| 580 | 190 |   None   |",
        "apm-agent-nodejs": "| 540 | 213 |   JavaScript   |",
        "apm-agent-dotnet": "| 539 | 198 |   C#   |",
        "apm-agent-java": "| 536 | 296 |   Java   |",
        "eland": "| 515 | 70 |   Python   |",
        "elasticsearch-mapper-attachments": "| 501 | 99 |   Java   |",
        "elasticsearch-servicewrapper": "| 488 | 191 |   Shell   |",
        "apm-agent-go": "| 390 | 178 |   Go   |",
        "sense": "| 382 | 142 |   JavaScript   |",
        "apm-agent-python": "| 381 | 195 |   Python   |",
        "stream2es": "| 359 | 62 |   Clojure   |",
        "timelion": "| 347 | 83 |   JavaScript   |",
        "elastic-charts": "| 335 | 106 |   TypeScript   |",
        "apm": "| 317 | 96 |   Gherkin   |",
        "elasticsearch-net-example": "| 304 | 97 |   None   |",
        "elasticsearch-migration": "| 291 | 32 |   None   |",
        "logstash-docker": "| 286 | 104 |   Python   |",
        "elasticsearch-py-async": "| 284 | 77 |   Python   |",
        "es2unix": "| 273 | 30 |   Clojure   |",
        "support-diagnostics": "| 272 | 141 |   Java   |",
        "elasticsearch-java": "| 270 | 124 |   Java   |",
        "elasticsearch-analysis-smartcn": "| 268 | 54 |   None   |",
        "apm-agent-rum-js": "| 255 | 115 |   JavaScript   |",
        "dockerfiles": "| 253 | 195 |   Shell   |",
        "go-sysinfo": "| 245 | 69 |   Go   |",
        "kibana-docker": "| 243 | 111 |   Python   |",
        "elasticsearch-metrics-reporter-java": "| 230 | 108 |   Java   |",
        "apm-agent-php": "| 228 | 56 |   PHP   |",
        "docs": "| 227 | 319 |   Ruby   |",
        "elasticsearch-river-twitter": "| 202 | 72 |   Java   |",
        "elasticsearch-formal-models": "| 196 | 24 |   Isabelle   |",
        "beats-dashboards": "| 192 | 76 |   Shell   |",
        "elasticsearch-analysis-icu": "| 189 | 35 |   None   |",
        "rally-tracks": "| 188 | 138 |   Python   |",
        "elasticsearch-river-rabbitmq": "| 173 | 81 |   Java   |",
        "elasticsearch-analysis-kuromoji": "| 168 | 37 |   None   |",
        "beats-docker": "| 164 | 55 |   Python   |",
        "elasticsearch-river-couchdb": "| 163 | 60 |   Java   |",
        "apm-agent-ruby": "| 156 | 121 |   Ruby   |",
        "terraform-provider-ec": "| 151 | 71 |   Go   |",
        "require-in-the-middle": "| 143 | 24 |   JavaScript   |",
        "ml-cpp": "| 139 | 60 |   C++   |",
        "ecs-logging-java": "| 136 | 67 |   Java   |",
        "harp": "| 136 | 17 |   Go   |",
        "ansible-beats": "| 130 | 86 |   Ruby   |",
        "logstash-contrib": "| 128 | 143 |   Ruby   |",
        "elasticsearch-analysis-phonetic": "| 126 | 31 |   None   |",
        "go-libaudit": "| 125 | 64 |   Go   |",
        "integrations": "| 124 | 274 |   Handlebars   |",
        "azure-marketplace": "| 122 | 164 |   Shell   |",
        "dorothy": "| 118 | 20 |   Python   |",
        "bpfcov": "| 115 | 9 |   C   |",
        "windows-installers": "| 113 | 42 |   C#   |",
        "terraform-provider-elasticstack": "| 111 | 39 |   Go   |",
        "makelogs": "| 109 | 45 |   JavaScript   |",
        "anonymize-it": "| 105 | 22 |   Python   |",
        "elasticsearch-lang-python": "| 104 | 28 |   None   |",
        "gosigar": "| 99 | 72 |   Go   |",
        "golang-crossbuild": "| 96 | 25 |   Go   |",
        "elasticsearch-lang-javascript": "| 93 | 31 |   None   |",
        "elasticsearch-perl": "| 86 | 58 |   Perl   |",
        "elasticsearch-specification": "| 86 | 38 |   TypeScript   |",
        "stack-docs": "| 86 | 226 |   Java   |",
        "vue-search-ui-demo": "| 85 | 14 |   Vue   |",
        "next-eui-starter": "| 85 | 28 |   TypeScript   |",
        "elasticsearch-transport-thrift": "| 83 | 36 |   Java   |",
        "ecs-dotnet": "| 81 | 47 |   HTML   |",
        "generator-kibana-plugin": "| 79 | 34 |   JavaScript   |",
        "elasticsearch-cloud-azure": "| 76 | 15 |   None   |",
        "hipio": "| 76 | 7 |   Haskell   |",
        "elasticsearch-river-wikipedia": "| 75 | 39 |   Java   |",
        "Silhouette": "| 74 | 10 |   C   |",
        "go-ucfg": "| 73 | 41 |   Go   |",
        "hunspell": "| 67 | 125 |   Java   |",
        "go-seccomp-bpf": "| 67 | 16 |   Go   |",
        "opbeans-node": "| 66 | 44 |   JavaScript   |",
        "bower-elasticsearch-js": "| 64 | 32 |   JavaScript   |",
        "PPLGuard": "| 64 | 16 |   C   |",
        "template-kibana-plugin": "| 63 | 35 |   JavaScript   |",
        "Machinebeat": "| 63 | 25 |   Go   |",
        "app-search-reference-ui-react": "| 62 | 23 |   JavaScript   |",
        "elastic-agent": "| 62 | 84 |   Go   |",
        "elasticsearch-hdfs": "| 60 | 37 |   Java   |",
        "elasticsearch-cloud-gce": "| 60 | 23 |   None   |",
        "prodfiler-documentation": "| 59 | 7 |   Shell   |",
        "app-search-javascript": "| 58 | 21 |   JavaScript   |",
        "ecs-logging-nodejs": "| 58 | 32 |   JavaScript   |",
        "elasticsearch-js-legacy": "| 57 | 34 |   JavaScript   |",
        "go-windows": "| 55 | 22 |   Go   |",
        "ecs-mapper": "| 55 | 12 |   Ruby   |",
        "go-freelru": "| 55 | 5 |   Go   |",
        "elk-index-size-tests": "| 54 | 38 |   None   |",
        "engineering": "| 54 | 8 |   None   |",
        "apm-integration-testing": "| 54 | 72 |   Python   |",
        "ansible-elastic-cloud-enterprise": "| 54 | 53 |   Shell   |",
        "ecs-logging-python": "| 54 | 19 |   Python   |",
        "puppet-logstash-reporter": "| 53 | 45 |   Ruby   |",
        "esvm": "| 53 | 14 |   JavaScript   |",
        "homebrew-tap": "| 53 | 37 |   Ruby   |",
        "ecctl": "| 53 | 47 |   Go   |",
        "synthetics": "| 53 | 35 |   TypeScript   |",
        "fleet-server": "| 52 | 54 |   Go   |",
        "app-search-php": "| 51 | 20 |   PHP   |",
        "apm-pipeline-library": "| 50 | 42 |   Groovy   |",
        "elastic-github-actions": "| 49 | 25 |   Shell   |",
        "crd-ref-docs": "| 48 | 30 |   Go   |",
        "go-lumber": "| 47 | 34 |   Go   |",
        "elastic-stack-testing": "| 47 | 31 |   Shell   |",
        "logstash-performance-testing": "| 46 | 18 |   Ruby   |",
        "app-search-node": "| 46 | 23 |   JavaScript   |",
        "gsoc": "| 45 | 12 |   None   |",
        "ebpf": "| 45 | 6 |   C   |",
        "logstash-docs": "| 43 | 58 |   None   |",
        "elasticsearch-transport-wares": "| 41 | 29 |   Python   |",
        "elasticsearch-analysis-stempel": "| 41 | 19 |   None   |",
        "eui-cljs": "| 41 | 4 |   Clojure   |",
        "jarvis": "| 39 | 28 |   Ruby   |",
        "elasticsearch-js-mock": "| 38 | 9 |   JavaScript   |",
        "elasticsearch-groovy": "| 37 | 20 |   Groovy   |",
        "ecs-logging-go-zap": "| 36 | 17 |   Go   |",
        "security-docs": "| 35 | 125 |   Python   |",
        "elasticsearch-transport-memcached": "| 34 | 15 |   Java   |",
        "app-search-python": "| 34 | 15 |   Python   |",
        "elastic-package": "| 34 | 100 |   Go   |",
        "ecs-logging": "| 33 | 15 |   None   |",
        "goko": "| 33 | 8 |   Rust   |",
        "rally-eventdata-track": "| 32 | 41 |   Python   |",
        "google-sheets-add-on": "| 31 | 24 |   HTML   |",
        "package-registry": "| 31 | 59 |   Go   |",
        "puppet-logstashforwarder": "| 30 | 81 |   Puppet   |",
        "apm-server-docker": "| 30 | 16 |   Python   |",
        "go-licenser": "| 29 | 28 |   Go   |",
        "uptime-contrib": "| 29 | 73 |   Go   |",
        "shield-custom-realm-example": "| 28 | 33 |   Java   |",
        "apm-contrib": "| 27 | 46 |   Java   |",
        "csp-security-policies": "| 27 | 15 |   Open Policy Agent   |",
        "go-lookslike": "| 26 | 5 |   Go   |",
        "elasticsearch-watcher-net": "| 25 | 9 |   None   |",
        "built-docs": "| 25 | 59 |   None   |",
        "app-search-magento": "| 25 | 11 |   PHP   |",
        "gatsby-eui-starter": "| 25 | 14 |   TypeScript   |",
        "enterprise-search-python": "| 25 | 20 |   Python   |",
        "elastic-serverless-forwarder": "| 25 | 23 |   Python   |",
        "elasticsearch-lang-groovy": "| 24 | 19 |   Java   |",
        "elasticsearch-watcher-py": "| 24 | 10 |   None   |",
        "apm-agent-ios": "| 24 | 8 |   Swift   |",
        "elasticsearch-net-abstractions": "| 23 | 17 |   TypeScript   |",
        "observability-docs": "| 23 | 121 |   None   |",
        "apm-nodejs-http-client": "| 22 | 34 |   JavaScript   |",
        "kuberwatcher": "| 22 | 6 |   Python   |",
        "tinymath": "| 21 | 16 |   JavaScript   |",
        "enterprise-search-php": "| 21 | 10 |   PHP   |",
        "enterprise-search-ruby": "| 21 | 4 |   Ruby   |",
        "Elastic-Contributor-Program": "| 20 | 10 |   None   |",
        "e2e-testing": "| 20 | 41 |   Go   |",
        "cloudbeat": "| 20 | 26 |   Go   |",
        "tedi": "| 19 | 2 |   Python   |",
        "cloud-sdk-go": "| 19 | 42 |   Go   |",
        "kibana-plugin-helpers": "| 18 | 17 |   JavaScript   |",
        "micro-jq": "| 18 | 3 |   TypeScript   |",
        "logstash-devutils": "| 17 | 29 |   Ruby   |",
        "beats-packer": "| 17 | 17 |   Shell   |",
        "beats-tester": "| 17 | 21 |   Jinja   |",
        "ece-support-diagnostics": "| 17 | 19 |   Shell   |",
        "apm-agent-nodejs-opentracing": "| 17 | 15 |   JavaScript   |",
        "app-search-kb-demo": "| 17 | 7 |   JavaScript   |",
        "elastic-transport-python": "| 17 | 6 |   Python   |",
        "enterprise-search-js": "| 17 | 5 |   TypeScript   |",
        "found-shield-example": "| 16 | 28 |   Java   |",
        "elasticsearch-x-pack-php": "| 16 | 11 |   PHP   |",
        "tealess": "| 16 | 2 |   Java   |",
        "leakchecker": "| 16 | 7 |   Java   |",
        "hey-apm": "| 16 | 17 |   Go   |",
        "go-concert": "| 16 | 10 |   Go   |",
        "eck-diagnostics": "| 16 | 14 |   Go   |",
        "app-search-firestore-extension": "| 16 | 10 |   TypeScript   |",
        "ems-file-service": "| 15 | 10 |   JavaScript   |",
        "call-for-meetups": "| 15 | 5 |   None   |",
        "powershell": "| 15 | 5 |   PowerShell   |",
        "apm-agent-ocaml": "| 15 | 4 |   OCaml   |",
        "synthetics-recorder": "| 15 | 15 |   TypeScript   |",
        "thumbnails4j": "| 15 | 6 |   Java   |",
        "perf8": "| 15 | 2 |   Python   |",
        "elasticsearch-watcher-js": "| 14 | 6 |   JavaScript   |",
        "elasticsearch-sql-odbc": "| 14 | 24 |   C   |",
        "opbeans-java": "| 14 | 36 |   Java   |",
        "spring-petclinic": "| 14 | 26 |   Java   |",
        "beefheart": "| 14 | 3 |   Haskell   |",
        "apm-aws-lambda": "| 14 | 20 |   Go   |",
        "connectors-python": "| 14 | 13 |   Python   |",
        "ansible-elasticsearch-example": "| 13 | 6 |   None   |",
        "hkoscon16": "| 13 | 3 |   None   |",
        "elasticsearch-alpine-base": "| 13 | 1 |   Makefile   |",
        "apm-agent-js-core": "| 13 | 8 |   JavaScript   |",
        "quick-deploy": "| 13 | 4 |   Shell   |",
        "ecs-logging-php": "| 13 | 29 |   PHP   |",
        "aws-ami-share": "| 13 | 4 |   Go   |",
        "elasticsearch-dsl-ruby": "| 13 | 12 |   Ruby   |",
        "esqueue": "| 12 | 7 |   JavaScript   |",
        "go-fastjson": "| 12 | 13 |   Go   |",
        "uptime": "| 12 | 3 |   None   |",
        "node-traceparent": "| 12 | 5 |   JavaScript   |",
        "endpoint": "| 12 | 5 |   Swift   |",
        "kibana-ui-framework": "| 11 | 10 |   JavaScript   |",
        "go-structform": "| 11 | 14 |   Go   |",
        "opbeans-frontend": "| 11 | 19 |   JavaScript   |",
        "elastic-transport-net": "| 11 | 10 |   C#   |",
        "siglearn": "| 11 | 5 |   YARA   |",
        "sans-dfir-2022": "| 11 | 0 |   PowerShell   |",
        "security-action-examples": "| 11 | 2 |   None   |",
        "elasticsearch-x-pack-py": "| 10 | 8 |   None   |",
        "xavier": "| 10 | 4 |   Apex   |",
        "AndroidSDKMirror-28": "| 10 | 11 |   Java   |",
        "ems-client": "| 10 | 7 |   TypeScript   |",
        "package-storage": "| 10 | 104 |   None   |",
        "package-spec": "| 10 | 56 |   Go   |",
        "slingshot": "| 10 | 8 |   TypeScript   |",
        "ecs-logging-go-zerolog": "| 10 | 4 |   Go   |",
        "connectors-ruby": "| 10 | 14 |   Ruby   |",
        "numeral-js": "| 9 | 14 |   JavaScript   |",
        "workplace-search-python": "| 9 | 3 |   Python   |",
        "rails-app-music": "| 9 | 7 |   Ruby   |",
        "seattle-indies-expo-search": "| 9 | 6 |   SCSS   |",
        "site-search-python": "| 9 | 9 |   Python   |",
        "go-licence-detector": "| 9 | 11 |   Go   |",
        "gmux": "| 9 | 8 |   Go   |",
        "elastic-transport-php": "| 9 | 13 |   PHP   |",
        "elastic-agent-shipper": "| 9 | 14 |   Go   |",
        "apm-agent-android": "| 9 | 5 |   Java   |",
        "securitylabs-thrunting-tools": "| 9 | 2 |   Python   |",
        "faker-datasets": "| 9 | 2 |   Python   |",
        "azure-marketplace-examples": "| 8 | 8 |   PowerShell   |",
        "workplace-search-node": "| 8 | 7 |   JavaScript   |",
        "rally-teams": "| 8 | 19 |   Python   |",
        "ems-landing-page": "| 8 | 10 |   JavaScript   |",
        "aeroelastic": "| 8 | 1 |   JavaScript   |",
        "site-search-node": "| 8 | 8 |   JavaScript   |",
        "elastic-integration-corpus-generator-tool": "| 8 | 6 |   Go   |",
        "libesvm": "| 7 | 15 |   JavaScript   |",
        "jasper": "| 7 | 5 |   JavaScript   |",
        "node-crypto": "| 7 | 8 |   TypeScript   |",
        "opbeans-python": "| 7 | 15 |   Python   |",
        "solit": "| 7 | 2 |   Python   |",
        "logs": "| 7 | 2 |   None   |",
        "spritezero": "| 7 | 5 |   JavaScript   |",
        "app-search-ruby": "| 7 | 4 |   Ruby   |",
        "terraform-okta-aws": "| 7 | 6 |   HCL   |",
        "enterprise-search-sharepoint-server-connector": "| 7 | 3 |   Python   |",
        "geneve": "| 7 | 3 |   Python   |",
        "xk6-output-elasticsearch": "| 7 | 4 |   Go   |",
        "apm-data": "| 7 | 12 |   Go   |",
        "elasticsearch-watcher-php": "| 6 | 4 |   None   |",
        "phoenix": "| 6 | 5 |   JavaScript   |",
        "chocolatey-elasticsearch": "| 6 | 9 |   PowerShell   |",
        "datemath-js": "| 6 | 6 |   JavaScript   |",
        "thor-visualizations": "| 6 | 3 |   JavaScript   |",
        "logstash-benchmark-tools": "| 6 | 5 |   Ruby   |",
        "opbeans-go": "| 6 | 16 |   Go   |",
        "request-crypto": "| 6 | 5 |   TypeScript   |",
        "openapi-codegen-php": "| 6 | 21 |   PHP   |",
        "elastic-stack-installers": "| 6 | 9 |   C#   |",
        "local-volume": "| 6 | 6 |   Go   |",
        "github-actions": "| 6 | 7 |   JavaScript   |",
        "dcart": "| 6 | 2 |   C   |",
        "endpoint-package": "| 6 | 17 |   Go   |",
        "trigger-eui": "| 6 | 3 |   TypeScript   |",
        "kibana-load-testing": "| 6 | 19 |   Scala   |",
        "elasticsearch-php-examples": "| 6 | 2 |   PHP   |",
        "enterprise-search-network-drive-connector": "| 6 | 2 |   Python   |",
        "security-research": "| 6 | 2 |   Python   |",
        "elastic-ingest-dotnet": "| 6 | 0 |   C#   |",
        "elasticsearch-lang-mvel": "| 5 | 7 |   Java   |",
        "runbld": "| 5 | 9 |   Clojure   |",
        "node-scrollsearch": "| 5 | 3 |   JavaScript   |",
        "Example-Watches": "| 5 | 1 |   Python   |",
        "elasticboard": "| 5 | 1 |   Python   |",
        "kibana_sample_plugin": "| 5 | 6 |   JavaScript   |",
        "gobench": "| 5 | 5 |   Go   |",
        "site-search-php": "| 5 | 9 |   PHP   |",
        "tutorials": "| 5 | 6 |   Swift   |",
        "ecs-logging-ruby": "| 5 | 6 |   Ruby   |",
        "elasticsearch-k8s-metrics-adapter": "| 5 | 8 |   Go   |",
        "pycon-2021-workshop-app-search": "| 5 | 3 |   Python   |",
        "elastic-transport-go": "| 5 | 6 |   Go   |",
        "go-json-schema-generate": "| 5 | 4 |   Go   |",
        "Elastiflix": "| 5 | 3 |   JavaScript   |",
        "malware-exquacker-modules": "| 5 | 0 |   Python   |",
        "malware-exquacker": "| 5 | 0 |   Python   |",
        "elasticsearch-plugins-script": "| 4 | 4 |   Python   |",
        "grunt-esvm": "| 4 | 8 |   JavaScript   |",
        "webpack-directory-name-as-main": "| 4 | 6 |   JavaScript   |",
        "kibana-phoenix-plugin": "| 4 | 5 |   JavaScript   |",
        "sql-summary": "| 4 | 2 |   JavaScript   |",
        "docs-tools": "| 4 | 14 |   Ruby   |",
        "jna-build": "| 4 | 6 |   None   |",
        "netsuite-code": "| 4 | 5 |   JavaScript   |",
        "kibana_sample_visualization": "| 4 | 7 |   JavaScript   |",
        "go-txfile": "| 4 | 5 |   Go   |",
        "metrics": "| 4 | 2 |   None   |",
        "github-checks-reporter": "| 4 | 3 |   JavaScript   |",
        "ctags-langserver": "| 4 | 3 |   TypeScript   |",
        "monitor-event-loop-delay": "| 4 | 3 |   JavaScript   |",
        "maki": "| 4 | 4 |   JavaScript   |",
        "simple-git": "| 4 | 5 |   JavaScript   |",
        "ocaml-yara": "| 4 | 3 |   OCaml   |",
        "snyk-github-issue-creator": "| 4 | 6 |   JavaScript   |",
        "stream": "| 4 | 11 |   Go   |",
        "buildkite-agent-manager": "| 4 | 2 |   TypeScript   |",
        "mito": "| 4 | 1 |   Go   |",
        "go-docappender": "| 4 | 3 |   Go   |",
        "elasticsearch-parent": "| 3 | 10 |   Python   |",
        "ruby-lumberjack": "| 3 | 19 |   Ruby   |",
        "logstash-cloud-benchmarker": "| 3 | 1 |   Python   |",
        "securesm": "| 3 | 5 |   Java   |",
        "rspec-sequencing": "| 3 | 2 |   Ruby   |",
        "java-lumber": "| 3 | 3 |   Java   |",
        "elasticsearch-x-pack-ruby": "| 3 | 4 |   None   |",
        "procfs": "| 3 | 4 |   Go   |",
        "workplace-search-ruby": "| 3 | 5 |   Ruby   |",
        "puppet-beats": "| 3 | 5 |   Ruby   |",
        "async-value-promise": "| 3 | 2 |   JavaScript   |",
        "apm-agent-python-benchmarks": "| 3 | 5 |   Python   |",
        "opbeans-loadgen": "| 3 | 12 |   Python   |",
        "AndroidSDKMirror-27": "| 3 | 3 |   Java   |",
        "osm-bright-desaturated-gl-style": "| 3 | 3 |   JavaScript   |",
        "object-filter-sequence": "| 3 | 2 |   JavaScript   |",
        "visual-testing": "| 3 | 3 |   JavaScript   |",
        "opbeans-dotnet": "| 3 | 15 |   C#   |",
        "spritezero-cli": "| 3 | 4 |   JavaScript   |",
        "go-perf": "| 3 | 5 |   Go   |",
        "elastic-agent-client": "| 3 | 24 |   Go   |",
        "ent-search-examples": "| 3 | 3 |   Python   |",
        "elastic-transport-js": "| 3 | 15 |   TypeScript   |",
        "azure-vm-extension": "| 3 | 7 |   PowerShell   |",
        "kibana-buildkite-library": "| 3 | 4 |   TypeScript   |",
        "security-design-team": "| 3 | 1 |   None   |",
        "ent-search-monitoring": "| 3 | 4 |   None   |",
        "DeepBlueCLI": "| 3 | 0 |   None   |",
        "apm-mutating-webhook": "| 3 | 9 |   Go   |",
        "elastic-agent-inputs": "| 3 | 8 |   Go   |",
        "go-resource": "| 3 | 1 |   Go   |",
        "package-assets": "| 3 | 2 |   Python   |",
        "elasticsearch-perl-compat": "| 2 | 3 |   Perl   |",
        "securemock": "| 2 | 6 |   Java   |",
        "attached-artifact-enforcer": "| 2 | 3 |   Java   |",
        "webpack": "| 2 | 2 |   JavaScript   |",
        "ansible-aws-test": "| 2 | 1 |   None   |",
        "lca2016presentation": "| 2 | 2 |   Shell   |",
        "kibana-executor-service": "| 2 | 1 |   JavaScript   |",
        "babel-preset-kibana": "| 2 | 2 |   JavaScript   |",
        "tilemill": "| 2 | 1 |   JavaScript   |",
        "mocksocket": "| 2 | 2 |   Java   |",
        "topology-ece": "| 2 | 1 |   JavaScript   |",
        "eslint-import-resolver-kibana": "| 2 | 6 |   JavaScript   |",
        "opbeans-ruby": "| 2 | 14 |   Ruby   |",
        "rekcod": "| 2 | 5 |   JavaScript   |",
        "aws-mfa": "| 2 | 9 |   Python   |",
        "eslint-plugin-react-intl": "| 2 | 2 |   JavaScript   |",
        "awscli-keyring": "| 2 | 1 |   Python   |",
        "set-cookie-serde": "| 2 | 1 |   JavaScript   |",
        "slackathon": "| 2 | 1 |   JavaScript   |",
        "hey": "| 2 | 3 |   Go   |",
        "opbeans-flask": "| 2 | 8 |   Python   |",
        "uptd": "| 2 | 4 |   Go   |",
        "kibana-code-analysis": "| 2 | 2 |   JavaScript   |",
        "ctags": "| 2 | 3 |   C   |",
        "homebrew-ecctl": "| 2 | 3 |   Ruby   |",
        "0bin": "| 2 | 1 |   None   |",
        "observability-contrib": "| 2 | 7 |   Java   |",
        "ecs-logging-go-logrus": "| 2 | 8 |   Go   |",
        "homebrew-harp": "| 2 | 2 |   Ruby   |",
        "harp-plugins": "| 2 | 2 |   Go   |",
        "buildkite-pr-bot": "| 2 | 3 |   JavaScript   |",
        "testcli": "| 2 | 3 |   Go   |",
        "synthetics-demo": "| 2 | 9 |   TypeScript   |",
        "workplace-search-example-connector": "| 2 | 3 |   Ruby   |",
        "elastic-agent-changelog-tool": "| 2 | 8 |   Go   |",
        "opencti-connector-vti": "| 2 | 3 |   Python   |",
        "profiler-package": "| 2 | 0 |   Makefile   |",
        "opbeans-swift": "| 2 | 2 |   Swift   |",
        "k8s-integration-infra": "| 2 | 2 |   Go   |",
        "SecurityShepherd": "| 2 | 3 |   Java   |",
        "labs-releases": "| 2 | 2 |   Python   |",
        "puppet-crate": "| 1 | 1 |   Clojure   |",
        "ui-ace": "| 1 | 1 |   JavaScript   |",
        "gradle-project-attachment-plugin": "| 1 | 1 |   Groovy   |",
        "jrmonitor": "| 1 | 3 |   Java   |",
        "fake-s3-fork": "| 1 | 1 |   Ruby   |",
        "kibana-ubuntu-base": "| 1 | 4 |   Python   |",
        "shuup": "| 1 | 3 |   Python   |",
        "esvm-snapshot-builder": "| 1 | 4 |   Shell   |",
        "swagger-codegen": "| 1 | 9 |   Mustache   |",
        "apm-agent-js-zone": "| 1 | 2 |   TypeScript   |",
        "Short-Text-Corpus-For-Humor-Detection": "| 1 | 1 |   Python   |",
        "fsevents": "| 1 | 4 |   Go   |",
        "die-with-dignity-plugin": "| 1 | 5 |   Java   |",
        "runner-tool": "| 1 | 1 |   Ruby   |",
        "yo": "| 1 | 3 |   Swift   |",
        "javascript-typescript-langserver-old": "| 1 | 1 |   TypeScript   |",
        "ujson4c": "| 1 | 2 |   C   |",
        "dissect-specification": "| 1 | 2 |   None   |",
        "good": "| 1 | 5 |   JavaScript   |",
        "sublime-elastic": "| 1 | 3 |   None   |",
        "katacoda-scenarios": "| 1 | 3 |   Shell   |",
        "nodegit": "| 1 | 2 |   JavaScript   |",
        "sarama": "| 1 | 4 |   Go   |",
        "openjdkMirror": "| 1 | 2 |   Java   |",
        "AndroidSDKMirror-26": "| 1 | 5 |   Java   |",
        "gradle-code-manifest-plugin": "| 1 | 3 |   Java   |",
        "go-langserver": "| 1 | 3 |   Go   |",
        "javascript-typescript-langserver": "| 1 | 2 |   TypeScript   |",
        "zktraffic": "| 1 | 2 |   Python   |",
        "typescript-langserver": "| 1 | 2 |   TypeScript   |",
        "dark-matter-gl-style": "| 1 | 2 |   None   |",
        "angular.js": "| 1 | 1 |   JavaScript   |",
        "kibana-visual-tests": "| 1 | 3 |   JavaScript   |",
        "fontnik": "| 1 | 2 |   JavaScript   |",
        "site-search-ruby": "| 1 | 5 |   Ruby   |",
        "go-langserver-plugin": "| 1 | 4 |   Shell   |",
        "ml-json-schemas": "| 1 | 5 |   Python   |",
        "logstash-external-monitoring-repro": "| 1 | 4 |   None   |",
        "eck-support-diagnostics": "| 1 | 6 |   Shell   |",
        "ems-basemap-editor": "| 1 | 3 |   JavaScript   |",
        "apm-server-integration": "| 1 | 3 |   Go   |",
        "static-fs": "| 1 | 3 |   JavaScript   |",
        "github-project-automation-plus": "| 1 | 2 |   None   |",
        "azure-dev-docs": "| 1 | 2 |   PowerShell   |",
        "logstash-ruby-scripts": "| 1 | 2 |   None   |",
        "opbeans-php": "| 1 | 5 |   PHP   |",
        "vega-expression": "| 1 | 4 |   JavaScript   |",
        "puppeteer": "| 1 | 1 |   None   |",
        "vega-lib": "| 1 | 3 |   JavaScript   |",
        "assign-one-project-github-action": "| 1 | 2 |   Shell   |",
        "playwright": "| 1 | 1 |   TypeScript   |",
        "issue-crawler": "| 1 | 3 |   JavaScript   |",
        "kibana-github-actions": "| 1 | 9 |   TypeScript   |",
        "kibana-release-notes": "| 1 | 2 |   TypeScript   |",
        "DataflowTemplates": "| 1 | 1 |   Java   |",
        "getting-started-guides": "| 1 | 2 |   None   |",
        "elastic-transport-ruby": "| 1 | 8 |   Ruby   |",
        "golang-lru": "| 1 | 2 |   None   |",
        ".github": "| 1 | 17 |   None   |",
        "portal": "| 1 | 2 |   Shell   |",
        "opentelemetry-maven-extension": "| 1 | 1 |   Java   |",
        "packer-windows": "| 1 | 1 |   PowerShell   |",
        "kibunny": "| 1 | 1 |   TypeScript   |",
        "enterprise-search-microsoft-teams-connector": "| 1 | 0 |   Python   |",
        "ingest-opa": "| 1 | 2 |   Java   |",
        "ecs-typescript": "| 1 | 0 |   TypeScript   |",
        "ocaml-aws": "| 1 | 0 |   None   |",
        "docker-credfile-gen": "| 1 | 0 |   Go   |",
        "action-helm-artifactory": "| 1 | 2 |   Shell   |",
        "enterprise-search-zoom-connector": "| 1 | 0 |   Python   |",
        "idea-indexing-metrics-collector": "| 1 | 6 |   Kotlin   |",
        "aws-lambda-apm-sample-app": "| 1 | 2 |   JavaScript   |",
        "docs-kr": "| 1 | 2 |   None   |",
        "elastic-agent-gcp-kubernetes-app": "| 1 | 0 |   Shell   |",
        "logstash-filter-decode_wazuh": "| 1 | 0 |   None   |",
        "mwise-2022": "| 1 | 0 |   None   |",
        "Log-File-IP-Sanitizer-KVP": "| 1 | 0 |   None   |",
        "ingest-docs": "| 1 | 13 |   None   |",
        "superset-on-gcp-cloud-run": "| 1 | 0 |   Shell   |",
        "saarikabhasi": "| 1 | 0 |   None   |",
        "vault-docker-login-buildkite-plugin": "| 1 | 0 |   Shell   |",
        "ElasticGPT_Plugin": "| 1 | 0 |   Python   |",
        "kcare-puppet": "| 1 | 0 |   Ruby   |",
        "eslint-config-kibana": "| 0 | 7 |   JavaScript   |",
        "logstash-triage": "| 0 | 2 |   HTML   |",
        "logstash-alpine-base": "| 0 | 2 |   None   |",
        "enhanced-resolve": "| 0 | 4 |   JavaScript   |",
        "httpolyglot": "| 0 | 2 |   JavaScript   |",
        "node-phantom-simple": "| 0 | 1 |   JavaScript   |",
        "node-sandbox": "| 0 | 1 |   C++   |",
        "spray": "| 0 | 5 |   Scala   |",
        "async-value": "| 0 | 1 |   JavaScript   |",
        "chef-auditbeat": "| 0 | 2 |   Ruby   |",
        "mocha": "| 0 | 1 |   JavaScript   |",
        "zenhub-demo": "| 0 | 2 |   None   |",
        "java-langserver": "| 0 | 4 |   Java   |",
        "lodash": "| 0 | 3 |   JavaScript   |",
        "osm-bright-gl-style": "| 0 | 4 |   Makefile   |",
        "curator_api": "| 0 | 3 |   Python   |",
        "go-sinewave": "| 0 | 2 |   None   |",
        "connector-plugin-sdk": "| 0 | 2 |   Python   |",
        "migrate-management-beats": "| 0 | 2 |   Go   |",
        "types-publisher": "| 0 | 2 |   TypeScript   |",
        "cloud-ui-interview-exercise": "| 0 | 3 |   JavaScript   |",
        "TypeScript-Node-Starter": "| 0 | 1 |   CSS   |",
        "typescript-language-server": "| 0 | 2 |   TypeScript   |",
        "code-examples_empty-file": "| 0 | 2 |   None   |",
        "code-examples_single-line": "| 0 | 2 |   TypeScript   |",
        "heartbeat-benchmark-configs": "| 0 | 2 |   Ruby   |",
        "docker-jruby": "| 0 | 3 |   Dockerfile   |",
        "code_examples_java-single-file": "| 0 | 2 |   Java   |",
        "node-ctags": "| 0 | 1 |   C   |",
        "code-examples_flatten-directory": "| 0 | 2 |   None   |",
        "go-proxyproto": "| 0 | 4 |   Go   |",
        "code-examples_smoke": "| 0 | 2 |   Java   |",
        "gen-crd-api-reference-docs": "| 0 | 4 |   Go   |",
        "fed-sa-public": "| 0 | 2 |   None   |",
        "cloud-ui-take-home": "| 0 | 2 |   None   |",
        "katacoda-scenarios-jwood": "| 0 | 2 |   CSS   |",
        "go-plugins-helpers": "| 0 | 2 |   Go   |",
        "dhcp": "| 0 | 2 |   None   |",
        "elasticsearch-eland-docs": "| 0 | 3 |   Java   |",
        "go-hdrhistogram": "| 0 | 3 |   Go   |",
        "natural-earth-vector": "| 0 | 1 |   None   |",
        "Group-picture-for-June-cohort": "| 0 | 0 |   None   |",
        "go-zookeeper": "| 0 | 2 |   Go   |",
        "packerlicious": "| 0 | 2 |   Python   |",
        "RegionalDG": "| 0 | 2 |   None   |",
        "badger": "| 0 | 2 |   None   |",
        "newspotter": "| 0 | 2 |   Java   |",
        "jvm-languages-sniffer": "| 0 | 2 |   Java   |",
        "vega-parser": "| 0 | 3 |   JavaScript   |",
        "vega-view": "| 0 | 4 |   JavaScript   |",
        "opentelemetry-swift": "| 0 | 1 |   None   |",
        "synthbeans-python": "| 0 | 0 |   Python   |",
        "changelog-enforcer": "| 0 | 2 |   None   |",
        "wrk": "| 0 | 1 |   None   |",
        "painless-data-science-examples": "| 0 | 2 |   Python   |",
        "process_doppelganging": "| 0 | 2 |   None   |",
        "test-d": "| 0 | 0 |   None   |",
        "get-user-teams-membership": "| 0 | 2 |   JavaScript   |",
        "glog": "| 0 | 1 |   Go   |",
        "hyf-homework-template": "| 0 | 2 |   None   |",
        "buildkite-demo": "| 0 | 2 |   JavaScript   |",
        "go-daemon": "| 0 | 3 |   C   |",
        "filebeat-cybersixgill-integration": "| 0 | 2 |   Python   |",
        "gopacket": "| 0 | 1 |   None   |",
        "apm-agent-dotnet-profiler-example": "| 0 | 2 |   C#   |",
        "builder": "| 0 | 2 |   JavaScript   |",
        "pytest-rally": "| 0 | 0 |   Python   |",
        "bayeux": "| 0 | 5 |   Go   |",
        "elastic-agent-libs": "| 0 | 31 |   Go   |",
        "NVDARemote": "| 0 | 2 |   None   |",
        "workflows": "| 0 | 3 |   None   |",
        "buildkite-shipit": "| 0 | 1 |   JavaScript   |",
        "toutoumomoma": "| 0 | 0 |   Go   |",
        "cloudbeat-test": "| 0 | 0 |   None   |",
        "awless": "| 0 | 1 |   None   |",
        "elastic-agent-autodiscover": "| 0 | 12 |   Go   |",
        "cti-docs": "| 0 | 2 |   CSS   |",
        "apm-parser": "| 0 | 3 |   TypeScript   |",
        "elastic-agent-system-metrics": "| 0 | 12 |   Go   |",
        "kibana-capacity-test": "| 0 | 2 |   JavaScript   |",
        "gh-action-meta-subissues-creator": "| 0 | 2 |   JavaScript   |",
        "enterprise-search-microsoft-outlook-connector": "| 0 | 0 |   Python   |",
        "scalability-simulation-generator": "| 0 | 3 |   TypeScript   |",
        "tines-demo-story-screenshots": "| 0 | 1 |   None   |",
        "kibana-k6-benchmarking": "| 0 | 2 |   TypeScript   |",
        "apm-agent-java-plugin-example": "| 0 | 3 |   Java   |",
        "actions-app-token": "| 0 | 0 |   Python   |",
        "cicd-demo-2022": "| 0 | 1 |   None   |",
        "elastic-experiments": "| 0 | 0 |   Python   |",
        "ristretto": "| 0 | 1 |   None   |",
        "azure-sdk-for-go": "| 0 | 0 |   Go   |",
        "gojsonschema": "| 0 | 1 |   None   |",
        "elastic-agent-shipper-client": "| 0 | 9 |   Go   |",
        "opbeans-android": "| 0 | 0 |   Kotlin   |",
        "beats-1": "| 0 | 0 |   None   |",
        "otel-export-trace-action": "| 0 | 0 |   TypeScript   |",
        "otel-upload-test-artifact-action": "| 0 | 0 |   TypeScript   |",
        "e2e-testing-diksha": "| 0 | 0 |   Go   |",
        "store-locator": "| 0 | 0 |   JavaScript   |",
        "kibana_repo": "| 0 | 0 |   None   |",
        "cloudbeat-v1v-poc": "| 0 | 0 |   None   |",
        "personalization-clicks": "| 0 | 0 |   JavaScript   |",
        "kibana-yiyang": "| 0 | 0 |   None   |",
        "kibana-v1": "| 0 | 0 |   None   |",
        "opbeans-android-loadgen": "| 0 | 0 |   Python   |",
        "homebrew-geneve": "| 0 | 1 |   Ruby   |",
        "saarika-kibana": "| 0 | 0 |   None   |",
        "behavioral-analytics-tracker": "| 0 | 2 |   TypeScript   |",
        "ro--rules-as-code-tf-poc": "| 0 | 0 |   HCL   |",
        "fleet-server-api": "| 0 | 0 |   None   |",
        "app-search-nlp-insurance": "| 0 | 1 |   HTML   |",
        "http-request-action": "| 0 | 0 |   None   |",
        "TrueTime.swift": "| 0 | 0 |   Swift   |",
        "opentelemetry-demo": "| 0 | 2 |   TypeScript   |",
        "weather-sample-android-app": "| 0 | 0 |   Java   |",
        "sample-app-android-apm": "| 0 | 1 |   Kotlin   |",
        "visualizations_integrations_tools": "| 0 | 0 |   JavaScript   |",
        "drivah-buildkite-plugin": "| 0 | 0 |   None   |",
        "Hello-World-Vero": "| 0 | 0 |   None   |",
        "connectors-github": "| 0 | 0 |   Python   |",
        "fleet-winlog-7x-policies": "| 0 | 0 |   None   |",
        "k8s-region-diagnostics": "| 0 | 0 |   None   |",
        "aws-workshop": "| 0 | 1 |   HTML   |",
        "enterprise-search-examples": "| 0 | 1 |   JavaScript   |",
        "gh-action-webcal-retriever": "| 0 | 0 |   JavaScript   |",
        "apm-queue": "| 0 | 8 |   Go   |",
        "sample_app_6th_ed": "| 0 | 0 |   Ruby   |",
        "apm-perf": "| 0 | 0 |   Go   |",
        "hermit-buildkite-plugin": "| 0 | 1 |   Shell   |",
        "BBDC-Bot": "| 0 | 0 |   None   |",
        "security-alerts-generator": "| 0 | 0 |   JavaScript   |",
        "smooth-checkout-buildkite-plugin": "| 0 | 0 |   None   |",
        "apm-agent-versions": "| 0 | 0 |   None   |",
        "derickson-app-search-nsf": "| 0 | 0 |   None   |",
        "vault-secrets-operator": "| 0 | 0 |   None   |",
        "apm-server-1": "| 0 | 0 |   None   |",
        "bigquery_oauth_python": "| 0 | 0 |   Dockerfile   |",
        "terraformer_gcp": "| 0 | 0 |   Dockerfile   |",
        "external-secrets": "| 0 | 0 |   Go   |",
        "relevance-workbench": "| 0 | 0 |   None   |"
    }
}