{
    "company": "Eleme",
    "h-index": 21,
    "repo count": 37,
    "contributor count": 285,
    "size": "todo",
    "employee count": "todo",
    "country": "Shanghai",
    "top language": "Java",
    "repos": {
        "UETool": "| 3235 | 338 |   Java   |",
        "lancet": "| 1938 | 295 |   Java   |",
        "Amigo": "| 1367 | 212 |   Java   |",
        "Stinger": "| 974 | 137 |   Objective-C   |",
        "corvus": "| 787 | 146 |   C   |",
        "Mess": "| 678 | 111 |   Groovy   |",
        "Trojan": "| 383 | 66 |   Java   |",
        "dna": "| 365 | 29 |   Dart   |",
        "morjs": "| 325 | 29 |   TypeScript   |",
        "bigkeeper": "| 212 | 32 |   Ruby   |",
        "Intimate": "| 202 | 34 |   Java   |",
        "duang": "| 200 | 49 |   JavaScript   |",
        "tedis": "| 182 | 28 |   Go   |",
        "eleme.github.io": "| 95 | 16 |   CSS   |",
        "Sparrow": "| 79 | 7 |   Vue   |",
        "mobilists": "| 56 | 9 |   JavaScript   |",
        "meepo": "| 53 | 16 |   Python   |",
        "thrift-parser": "| 53 | 23 |   JavaScript   |",
        "ruskit": "| 34 | 15 |   Python   |",
        "doctor": "| 23 | 9 |   Python   |",
        "react-context-global-store": "| 22 | 2 |   TypeScript   |",
        "NVMImageMaker": "| 19 | 1 |   Objective-C   |",
        "node-thrift-protocol": "| 18 | 4 |   JavaScript   |",
        "easyxml": "| 17 | 0 |   PHP   |",
        "SparrowSDK-iOS": "| 16 | 2 |   Objective-C   |",
        "NVMAspects": "| 15 | 1 |   C   |",
        "thrift-php": "| 11 | 2 |   PHP   |",
        "thrift-client": "| 8 | 7 |   JavaScript   |",
        "python-jianfan-mirror": "| 4 | 1 |   Python   |",
        "kazoo": "| 4 | 5 |   Python   |",
        "SparrowSDK-Android": "| 4 | 0 |   None   |",
        "thrift": "| 2 | 5 |   C++   |",
        "python-geohash-mirror": "| 1 | 2 |   Python   |",
        "finite": "| 1 | 1 |   JavaScript   |",
        "thrift-tracker": "| 1 | 1 |   Go   |",
        "mint-ui": "| 1 | 1 |   Vue   |",
        "anubis-openapi-third": "| 0 | 0 |   Java   |"
    }
}