{
    "company": "Encode",
    "h-index": 18,
    "repo count": 21,
    "contributor count": 1001,
    "size": "todo",
    "employee count": "todo",
    "country": null,
    "top language": "Python",
    "repos": {
        "django-rest-framework": "| 25520 | 6587 |   Python   |",
        "httpx": "| 10476 | 694 |   Python   |",
        "starlette": "| 8234 | 751 |   Python   |",
        "uvicorn": "| 6530 | 583 |   Python   |",
        "apistar": "| 5598 | 427 |   Python   |",
        "databases": "| 3408 | 243 |   Python   |",
        "orm": "| 1717 | 96 |   Python   |",
        "rest-framework-tutorial": "| 1173 | 576 |   Python   |",
        "django-vanilla-views": "| 951 | 72 |   Python   |",
        "requests-async": "| 942 | 40 |   Python   |",
        "broadcaster": "| 789 | 86 |   Python   |",
        "typesystem": "| 533 | 44 |   Python   |",
        "httpcore": "| 329 | 67 |   Python   |",
        "starlette-example": "| 195 | 51 |   HTML   |",
        "dashboard": "| 122 | 5 |   Python   |",
        "hostedapi": "| 86 | 10 |   Python   |",
        "sentry-asgi": "| 73 | 5 |   Python   |",
        "bootstrap4": "| 28 | 7 |   JavaScript   |",
        "savannah": "| 16 | 1 |   Python   |",
        "encode.github.io": "| 6 | 1 |   CSS   |",
        ".github": "| 2 | 2 |   None   |"
    }
}