{
    "company": "Endava at GitHub",
    "h-index": 5,
    "repo count": 7,
    "contributor count": 20,
    "size": "todo",
    "employee count": "todo",
    "country": "London",
    "top language": "Java",
    "repos": {
        "cats": "| 938 | 62 |   Java   |",
        "bee-q": "| 20 | 9 |   TypeScript   |",
        "endava-hl7fhir-openapi": "| 6 | 5 |   C#   |",
        "Endava.Consul.ServiceDiscovery.Demo": "| 6 | 2 |   C#   |",
        "javaspektrum-securebydesign": "| 5 | 1 |   Java   |",
        "docker-php": "| 5 | 2 |   None   |",
        "homebrew-tap": "| 0 | 0 |   Ruby   |"
    }
}