{
    "company": "Equinix",
    "h-index": 11,
    "repo count": 56,
    "contributor count": 514,
    "size": "todo",
    "employee count": "todo",
    "country": "Redwood City, CA",
    "top language": "HCL",
    "repos": {
        "cloud-provider-equinix-metal": "| 66 | 25 |   Go   |",
        "terraform-metal-anthos-on-vsphere": "| 63 | 46 |   HCL   |",
        "metal-cli": "| 44 | 37 |   Go   |",
        "terraform-metal-k3s": "| 41 | 13 |   HCL   |",
        "docker-machine-driver-metal": "| 32 | 39 |   Go   |",
        "terraform-provider-equinix": "| 31 | 30 |   Go   |",
        "terraform-metal-multiarch-k8s": "| 29 | 22 |   HCL   |",
        "terraform-metal-anthos-on-baremetal": "| 24 | 23 |   HCL   |",
        "terraform-provider-metal": "| 15 | 13 |   Go   |",
        "terraform-metal-vsphere": "| 13 | 23 |   Python   |",
        "terraform-metal-openstack": "| 13 | 9 |   Shell   |",
        "smartkey-kubernetes-kms": "| 10 | 7 |   Java   |",
        "terraform-metal-distributed-minio": "| 8 | 7 |   HCL   |",
        "terraform-metal-platform9-k8s": "| 7 | 8 |   Python   |",
        "terraform-metal-openshift-on-baremetal": "| 6 | 11 |   HCL   |",
        "ansible-collection-metal": "| 5 | 11 |   Python   |",
        "terraform-equinix-csr1000v": "| 5 | 5 |   HCL   |",
        "doorman": "| 4 | 2 |   Go   |",
        "ecx-go": "| 3 | 4 |   Go   |",
        "ne-go": "| 3 | 5 |   Go   |",
        "rest-go": "| 3 | 1 |   Go   |",
        "smartkey-kubernetes-webhook": "| 3 | 1 |   Go   |",
        "terraform-equinix-fortigate": "| 3 | 3 |   HCL   |",
        "terraform-equinix-silverpeak-sdwan": "| 3 | 5 |   HCL   |",
        "network-edge-sample": "| 2 | 5 |   Java   |",
        "oauth2-go": "| 2 | 1 |   Go   |",
        "messaging-gateway-templates": "| 2 | 3 |   Python   |",
        "terraform-equinix-fabric-aws": "| 2 | 3 |   HCL   |",
        "ecxfabric-sample": "| 1 | 3 |   Java   |",
        "deprapi": "| 1 | 1 |   Python   |",
        "devops-demo": "| 1 | 21 |   HTML   |",
        "terraform-equinix-fabric-multicloud-sample": "| 1 | 3 |   HCL   |",
        "terraform-equinix-vsrx": "| 1 | 3 |   HCL   |",
        "terraform-equinix-csr-sdwan": "| 1 | 4 |   HCL   |",
        "terraform-equinix-pa-vm": "| 1 | 5 |   HCL   |",
        "terraform-equinix-versa-flexvnf": "| 1 | 4 |   HCL   |",
        "terraform-equinix-cloudgenix-sdwan": "| 1 | 3 |   HCL   |",
        "terraform-equinix-fortigate-sdwan": "| 1 | 3 |   HCL   |",
        "terraform-equinix-vmware-sdwan": "| 1 | 4 |   HCL   |",
        "terraform-equinix-cloudguard": "| 1 | 4 |   HCL   |",
        "terraform-equinix-vsrx-sdwan": "| 1 | 5 |   HCL   |",
        "terraform-equinix-metal-ecs-anywhere": "| 1 | 6 |   HCL   |",
        "terraform-equinix-metal-ibm-satellite-on-baremetal": "| 1 | 8 |   HCL   |",
        "terraform-hc-vcd-equinix-sample": "| 1 | 0 |   HCL   |",
        "indigoJS": "| 0 | 1 |   None   |",
        "ansible": "| 0 | 0 |   Python   |",
        "nagios_plugin_prometheus": "| 0 | 1 |   Python   |",
        "api-catalog-organizer": "| 0 | 2 |   JavaScript   |",
        "ibx-smartview-sample": "| 0 | 1 |   None   |",
        "ecp-sample": "| 0 | 1 |   Java   |",
        "ui-driver-metal": "| 0 | 7 |   JavaScript   |",
        "homebrew-tap": "| 0 | 1 |   Ruby   |",
        "metal-global-ip": "| 0 | 1 |   HCL   |",
        "karmabot": "| 0 | 1 |   None   |",
        "cloud-interconnection-benchmarking": "| 0 | 0 |   Shell   |",
        "pulumi-equinix": "| 0 | 1 |   Java   |"
    }
}