{
    "company": "EverCommerce",
    "h-index": 0,
    "repo count": 7,
    "contributor count": 26,
    "size": "todo",
    "employee count": "todo",
    "country": null,
    "top language": "PHP",
    "repos": {
        "sumologictoolbox": "| 0 | 0 |   None   |",
        "livetail-cli": "| 0 | 0 |   None   |",
        "sumo-report-generator": "| 0 | 0 |   None   |",
        "sumologic-content": "| 0 | 0 |   None   |",
        "packages-linux": "| 0 | 0 |   None   |",
        "FSE-Test-Theme": "| 0 | 0 |   PHP   |",
        "ecmarketingpublic": "| 0 | 0 |   JavaScript   |"
    }
}