{
    "company": "Expensify, Inc",
    "h-index": 6,
    "repo count": 46,
    "contributor count": 1817,
    "size": "todo",
    "employee count": "todo",
    "country": "San Francisco, Ironwood, Denver, London, Berlin, Melbourne, Portland",
    "top language": "JavaScript",
    "repos": {
        "App": "| 1106 | 956 |   JavaScript   |",
        "Bedrock": "| 951 | 77 |   C   |",
        "react-native-onyx": "| 51 | 30 |   JavaScript   |",
        "Bedrock-PHP": "| 20 | 5 |   PHP   |",
        "Integrations": "| 10 | 5 |   Shell   |",
        "expensify-common": "| 6 | 61 |   JavaScript   |",
        "eslint-config-expensify": "| 3 | 10 |   JavaScript   |",
        "Style-Guides": "| 3 | 0 |   None   |",
        "slate": "| 2 | 1 |   JavaScript   |",
        "k2-extension": "| 2 | 1 |   JavaScript   |",
        "CLA": "| 2 | 0 |   None   |",
        "react-native-key-command": "| 2 | 1 |   Java   |",
        "jv8": "| 1 | 0 |   C++   |",
        "mcc-codes": "| 1 | 0 |   PHP   |",
        "Simple-Ajax-Uploader": "| 1 | 0 |   JavaScript   |",
        "CameraKit-Android": "| 1 | 1 |   Java   |",
        "TagListView": "| 1 | 3 |   Swift   |",
        "apt-mirror": "| 1 | 0 |   Perl   |",
        "react-native": "| 1 | 19 |   JavaScript   |",
        "mk_livestatus": "| 1 | 0 |   C++   |",
        "react-native-web": "| 1 | 11 |   JavaScript   |",
        "stashboard": "| 0 | 0 |   Python   |",
        "octokit.objc": "| 0 | 0 |   Objective-C   |",
        "html-minifier": "| 0 | 0 |   None   |",
        "Segmented-Control": "| 0 | 0 |   JavaScript   |",
        "php-github-api": "| 0 | 0 |   PHP   |",
        "SSSnackbar": "| 0 | 0 |   Objective-C   |",
        "Whisper": "| 0 | 0 |   Swift   |",
        "slack-client": "| 0 | 1 |   PHP   |",
        "TTGSnackbar": "| 0 | 0 |   Swift   |",
        "AndroidTagView": "| 0 | 0 |   Java   |",
        "DTCoreText": "| 0 | 0 |   None   |",
        "simply-deferred": "| 0 | 0 |   CoffeeScript   |",
        "clipboard": "| 0 | 1 |   C++   |",
        "go-rsyslog-pstats": "| 0 | 0 |   Go   |",
        "lego": "| 0 | 0 |   None   |",
        "chrome-devtools-protocol": "| 0 | 0 |   None   |",
        "react-native-google-places-autocomplete": "| 0 | 5 |   JavaScript   |",
        "react-navigation": "| 0 | 1 |   TypeScript   |",
        "react-native-picker-select": "| 0 | 6 |   JavaScript   |",
        "phpenv": "| 0 | 0 |   None   |",
        "react-native-image-size": "| 0 | 2 |   Java   |",
        "react-native-sdk": "| 0 | 0 |   Java   |",
        "react-native-image-manipulator": "| 0 | 1 |   Objective-C   |",
        "react-native-fast-image": "| 0 | 3 |   TypeScript   |",
        "changed-files": "| 0 | 0 |   None   |"
    }
}