{
    "company": "Exscientia",
    "h-index": 1,
    "repo count": 12,
    "contributor count": 64,
    "size": "todo",
    "employee count": "todo",
    "country": "Oxford UK, Dundee UK",
    "top language": "Python",
    "repos": {
        "oracle-json-field": "| 2 | 1 |   Python   |",
        "MDRestraintsGenerator": "| 1 | 0 |   Python   |",
        "aws-private-typhoon": "| 0 | 0 |   HCL   |",
        "RBFEBenchmark": "| 0 | 0 |   None   |",
        "Sire": "| 0 | 0 |   None   |",
        "torsiondrive": "| 0 | 0 |   None   |",
        "torsiondrive_examples": "| 0 | 0 |   Python   |",
        "qforce": "| 0 | 0 |   Python   |",
        "qforce_examples": "| 0 | 0 |   Python   |",
        "abfe-benchmark": "| 0 | 0 |   None   |",
        "particle_swarm_ftsa": "| 0 | 0 |   Python   |",
        "biosimspace": "| 0 | 0 |   Python   |"
    }
}