{
    "company": "Face++|\u65f7\u89c6",
    "h-index": 11,
    "repo count": 21,
    "contributor count": 25,
    "size": "todo",
    "employee count": "todo",
    "country": null,
    "top language": "Java",
    "repos": {
        "facepp-python-sdk": "| 344 | 157 |   Python   |",
        "facepp-ios-sdk": "| 297 | 79 |   Objective-C   |",
        "MegviiFacepp-Android-SDK": "| 232 | 76 |   Java   |",
        "facepp-java-sdk": "| 180 | 118 |   Java   |",
        "facepp-php-sdk": "| 114 | 84 |   PHP   |",
        "facepp-javascript-sdk": "| 98 | 27 |   HTML   |",
        "MegviiFacepp-iOS-SDK": "| 50 | 19 |   Objective-C   |",
        "facepp-matlab-sdk": "| 34 | 53 |   Matlab   |",
        "facepp-ruby-sdk": "| 16 | 12 |   Ruby   |",
        "facepp_cpp_sdk": "| 12 | 14 |   C   |",
        "facepp-python-demo": "| 11 | 4 |   Python   |",
        "MegviiLicMgr-Android-SDK": "| 9 | 8 |   Java   |",
        "MegviiIDCard-Android": "| 9 | 3 |   Java   |",
        "MegviiCloudSDK": "| 6 | 6 |   Python   |",
        "MegviiLicMgr-iOS-SDK": "| 2 | 6 |   C   |",
        "Document-Resource": "| 2 | 1 |   None   |",
        "FacePP2-Doc": "| 1 | 0 |   HTML   |",
        "MegviiIDCard-iOS": "| 0 | 2 |   Objective-C   |",
        "FaceID_Guomi_Encryption_Decryption_Sample_Code": "| 0 | 0 |   Java   |",
        "faceEESDK": "| 0 | 0 |   None   |",
        "OSSRH-89900": "| 0 | 0 |   None   |"
    }
}