{
    "company": "Meta",
    "h-index": 96,
    "repo count": 126,
    "contributor count": 8941,
    "size": "todo",
    "employee count": "todo",
    "country": "Menlo Park, California",
    "top language": "C++",
    "repos": {
        "react": "| 207313 | 43254 |   JavaScript   |",
        "react-native": "| 109511 | 23253 |   Java   |",
        "create-react-app": "| 99741 | 26361 |   JavaScript   |",
        "docusaurus": "| 44555 | 6934 |   TypeScript   |",
        "rocksdb": "| 25197 | 5747 |   C++   |",
        "folly": "| 25133 | 5141 |   C++   |",
        "flow": "| 21975 | 1872 |   OCaml   |",
        "zstd": "| 20196 | 1906 |   C   |",
        "relay": "| 17747 | 1818 |   Rust   |",
        "hhvm": "| 17677 | 3055 |   C++   |",
        "fresco": "| 16945 | 3788 |   Java   |",
        "yoga": "| 16158 | 1378 |   C++   |",
        "prophet": "| 15860 | 4405 |   Python   |",
        "lexical": "| 14294 | 1023 |   JavaScript   |",
        "infer": "| 14002 | 1973 |   OCaml   |",
        "flipper": "| 12612 | 920 |   TypeScript   |",
        "watchman": "| 11719 | 960 |   C++   |",
        "react-devtools": "| 11012 | 1858 |   None   |",
        "chisel": "| 8975 | 809 |   Python   |",
        "buck": "| 8550 | 1228 |   Java   |",
        "jscodeshift": "| 8319 | 473 |   JavaScript   |",
        "hermes": "| 7845 | 519 |   C++   |",
        "proxygen": "| 7805 | 1498 |   C++   |",
        "litho": "| 7539 | 750 |   Java   |",
        "facebook-ios-sdk": "| 7415 | 3380 |   Swift   |",
        "pyre-check": "| 6340 | 420 |   OCaml   |",
        "facebook-android-sdk": "| 5868 | 3751 |   Kotlin   |",
        "redex": "| 5810 | 669 |   C++   |",
        "componentkit": "| 5707 | 608 |   Objective-C++   |",
        "shimmer-android": "| 5192 | 705 |   Java   |",
        "fishhook": "| 4932 | 957 |   C   |",
        "PathPicker": "| 4912 | 311 |   Python   |",
        "sapling": "| 4904 | 211 |   Rust   |",
        "metro": "| 4787 | 623 |   JavaScript   |",
        "prop-types": "| 4325 | 388 |   JavaScript   |",
        "Haxl": "| 4187 | 327 |   Haskell   |",
        "idb": "| 4141 | 436 |   Objective-C   |",
        "FBRetainCycleDetector": "| 4138 | 578 |   Objective-C++   |",
        "duckling": "| 3858 | 720 |   Haskell   |",
        "memlab": "| 3821 | 104 |   TypeScript   |",
        "fbt": "| 3800 | 186 |   JavaScript   |",
        "regenerator": "| 3760 | 1189 |   JavaScript   |",
        "mcrouter": "| 3132 | 530 |   C++   |",
        "wangle": "| 2980 | 537 |   C++   |",
        "wdt": "| 2781 | 400 |   C++   |",
        "buck2": "| 2473 | 103 |   Rust   |",
        "fbthrift": "| 2446 | 611 |   C++   |",
        "mysql-5.6": "| 2328 | 721 |   C++   |",
        "Ax": "| 2071 | 255 |   Python   |",
        "fbjs": "| 1914 | 325 |   JavaScript   |",
        "jsx": "| 1902 | 137 |   HTML   |",
        "react-native-website": "| 1770 | 4279 |   JavaScript   |",
        "screenshot-tests-for-android": "| 1705 | 244 |   Java   |",
        "idx": "| 1686 | 67 |   JavaScript   |",
        "TextLayoutBuilder": "| 1461 | 140 |   Java   |",
        "SoLoader": "| 1210 | 180 |   Java   |",
        "facebook-python-business-sdk": "| 1108 | 637 |   Python   |",
        "ThreatExchange": "| 1031 | 279 |   C++   |",
        "fatal": "| 985 | 158 |   C++   |",
        "transform360": "| 979 | 250 |   C   |",
        "mariana-trench": "| 962 | 134 |   C++   |",
        "CacheLib": "| 873 | 191 |   C++   |",
        "openr": "| 871 | 264 |   C++   |",
        "fboss": "| 814 | 294 |   C++   |",
        "facebook-php-business-sdk": "| 746 | 511 |   PHP   |",
        "ktfmt": "| 664 | 47 |   Kotlin   |",
        "pyre2": "| 613 | 173 |   C++   |",
        "winterfell": "| 582 | 119 |   Rust   |",
        "openbmc": "| 580 | 292 |   C   |",
        "SPARTA": "| 570 | 48 |   C++   |",
        "IT-CPE": "| 546 | 125 |   Ruby   |",
        "chef-cookbooks": "| 543 | 139 |   Ruby   |",
        "facebook-sdk-for-unity": "| 438 | 274 |   C#   |",
        "time": "| 430 | 57 |   Go   |",
        "facebook-nodejs-business-sdk": "| 422 | 200 |   JavaScript   |",
        "fbshipit": "| 386 | 121 |   Hack   |",
        "FAI-PEP": "| 374 | 89 |   Python   |",
        "facebook-java-business-sdk": "| 345 | 327 |   Java   |",
        "lexical-ios": "| 337 | 6 |   Swift   |",
        "Rapid": "| 306 | 59 |   JavaScript   |",
        "chef-utils": "| 282 | 91 |   Ruby   |",
        "opaque-ke": "| 230 | 34 |   Rust   |",
        "facebook360_dep": "| 228 | 57 |   HTML   |",
        "FLAnimatedImage": "| 211 | 46 |   Objective-C   |",
        "facebook-ruby-business-sdk": "| 187 | 163 |   Ruby   |",
        "tac_plus": "| 182 | 70 |   C   |",
        "akd": "| 177 | 26 |   Rust   |",
        "pcicrawler": "| 155 | 28 |   Python   |",
        "grocery-delivery": "| 149 | 63 |   Ruby   |",
        "taste-tester": "| 139 | 75 |   Ruby   |",
        "TestSlide": "| 133 | 60 |   Python   |",
        "usort": "| 131 | 19 |   Python   |",
        "homebrew-fb": "| 119 | 186 |   Ruby   |",
        "squangle": "| 116 | 60 |   C++   |",
        "sapp": "| 106 | 33 |   Python   |",
        "mysql-8.0": "| 101 | 38 |   C++   |",
        "ocamlrep": "| 87 | 11 |   Starlark   |",
        "malware-detection": "| 84 | 12 |   Python   |",
        "fb303": "| 69 | 49 |   C++   |",
        "facebook-business-sdk-codegen": "| 64 | 62 |   PHP   |",
        "robolectric": "| 60 | 36 |   Java   |",
        "between-meals": "| 55 | 53 |   Ruby   |",
        "react-native-deprecated-modules": "| 47 | 26 |   JavaScript   |",
        "errpy": "| 41 | 2 |   Rust   |",
        "netconsd": "| 37 | 15 |   C   |",
        "openbmc-linux": "| 36 | 36 |   C   |",
        "bpfilter": "| 36 | 5 |   C   |",
        "kuduraft": "| 33 | 25 |   C++   |",
        "ristretto255-js": "| 28 | 8 |   JavaScript   |",
        "voprf": "| 27 | 11 |   Rust   |",
        "OpenBIC": "| 23 | 42 |   C   |",
        "mysqlclient-python": "| 22 | 20 |   Python   |",
        "openbmc-uboot": "| 20 | 19 |   C   |",
        "buck2-prelude": "| 20 | 9 |   Starlark   |",
        "Specs": "| 18 | 23 |   Ruby   |",
        "fbghc": "| 16 | 15 |   Haskell   |",
        ".github": "| 15 | 89 |   None   |",
        "pyre-action": "| 15 | 11 |   None   |",
        "Conversion-Leads-Salesforce-APEX": "| 15 | 0 |   None   |",
        "lr-with-bins": "| 13 | 6 |   Jupyter Notebook   |",
        "pysa-action": "| 12 | 11 |   None   |",
        "fbhaddock": "| 9 | 18 |   HTML   |",
        "hyperion": "| 8 | 9 |   TypeScript   |",
        "sapp-action": "| 8 | 8 |   None   |",
        "OSM-HOT-Tasking-Manager": "| 3 | 1 |   JavaScript   |",
        "glTF": "| 1 | 1 |   None   |"
    }
}