{
    "company": "FactSet Research Systems Inc.",
    "h-index": 6,
    "repo count": 37,
    "contributor count": 353,
    "size": "todo",
    "employee count": "todo",
    "country": "Norwalk, CT",
    "top language": "Python",
    "repos": {
        "quart-openapi": "| 75 | 17 |   Python   |",
        "enterprise-sdk": "| 21 | 6 |   Python   |",
        "labeledpipe": "| 15 | 4 |   JavaScript   |",
        "analyticsapi-engines-python-sdk": "| 15 | 4 |   Python   |",
        "go-drill": "| 15 | 1 |   Go   |",
        "enterprise-sdk-utils-python": "| 7 | 0 |   Python   |",
        "stachschema": "| 6 | 2 |   C#   |",
        "RClientCxx": "| 5 | 1 |   C++   |",
        "analyticsapi-engines-java-sdk": "| 5 | 3 |   Java   |",
        "openfin-visualizer": "| 4 | 2 |   TypeScript   |",
        "analyticsapi-engines-r-sdk": "| 4 | 0 |   None   |",
        "analyticsapi-engines-sdk-generator": "| 4 | 1 |   Mustache   |",
        "analyticsapi-engines-dotnet-sdk": "| 3 | 3 |   C#   |",
        "oauth2-guidelines": "| 3 | 1 |   Shell   |",
        "data-monitor-javascript-sdk": "| 3 | 0 |   TypeScript   |",
        "open-source-governance": "| 2 | 0 |   None   |",
        "kong-env": "| 2 | 1 |   Python   |",
        "enterprise-sdk-utils-dotnet": "| 2 | 0 |   C#   |",
        "enterprise-sdk-utils-typescript": "| 2 | 0 |   TypeScript   |",
        "csr-collaboration-app": "| 2 | 9 |   Vue   |",
        "deprecator": "| 1 | 2 |   JavaScript   |",
        "qmock-py": "| 1 | 1 |   Python   |",
        "ofm-python-sdk": "| 1 | 1 |   Python   |",
        "borgup": "| 1 | 1 |   Shell   |",
        "factset-api-salesforce-recipes": "| 1 | 0 |   JavaScript   |",
        "stachschema-sdks": "| 1 | 3 |   JavaScript   |",
        "fds-datax": "| 1 | 0 |   Python   |",
        "stach-extensions": "| 1 | 3 |   Java   |",
        "enterprise-sdk-utils-java": "| 1 | 0 |   Java   |",
        "enterprise-sdk-samples": "| 1 | 1 |   C#   |",
        "PdfiumViewer": "| 0 | 0 |   C#   |",
        "renovate-config": "| 0 | 0 |   None   |",
        "AgDatabaseMove": "| 0 | 6 |   C#   |",
        "pdf.js": "| 0 | 0 |   JavaScript   |",
        "sample-report-builder-api-web-app": "| 0 | 0 |   CSS   |",
        "sales-engineering-samples": "| 0 | 0 |   None   |",
        "renovate-approve-bot": "| 0 | 0 |   None   |"
    }
}