{
    "company": "fast.ai",
    "h-index": 47,
    "repo count": 128,
    "contributor count": 1644,
    "size": "todo",
    "employee count": "todo",
    "country": "Australia",
    "top language": "Jupyter Notebook",
    "repos": {
        "fastai": "| 23895 | 7388 |   Jupyter Notebook   |",
        "fastbook": "| 18339 | 6963 |   Jupyter Notebook   |",
        "numerical-linear-algebra": "| 9408 | 2401 |   Jupyter Notebook   |",
        "courses": "| 5386 | 2761 |   Jupyter Notebook   |",
        "course-v3": "| 4875 | 3624 |   Jupyter Notebook   |",
        "nbdev": "| 4321 | 440 |   Jupyter Notebook   |",
        "fastpages": "| 3485 | 792 |   Jupyter Notebook   |",
        "course-nlp": "| 3295 | 1466 |   Jupyter Notebook   |",
        "fastmac": "| 1995 | 166 |   Shell   |",
        "course22": "| 1245 | 444 |   Jupyter Notebook   |",
        "fastprogress": "| 1052 | 103 |   Jupyter Notebook   |",
        "fastcore": "| 845 | 242 |   Jupyter Notebook   |",
        "course20": "| 827 | 302 |   Jupyter Notebook   |",
        "imagenette": "| 785 | 70 |   Jupyter Notebook   |",
        "fastai2": "| 640 | 238 |   Jupyter Notebook   |",
        "fastai_dev": "| 622 | 355 |   Jupyter Notebook   |",
        "swiftai": "| 456 | 49 |   Jupyter Notebook   |",
        "ghapi": "| 453 | 50 |   Jupyter Notebook   |",
        "course-v4": "| 451 | 198 |   None   |",
        "diffusion-nbs": "| 403 | 157 |   Jupyter Notebook   |",
        "imagenet-fast": "| 300 | 72 |   Python   |",
        "nbdev_template": "| 268 | 96 |   Python   |",
        "numerical-linear-algebra-v2": "| 262 | 91 |   Jupyter Notebook   |",
        "course22p2": "| 259 | 111 |   Jupyter Notebook   |",
        "fast_template": "| 229 | 172 |   HTML   |",
        "fastdoc": "| 219 | 27 |   Jupyter Notebook   |",
        "timmdocs": "| 212 | 16 |   Jupyter Notebook   |",
        "fastai_old": "| 177 | 75 |   Jupyter Notebook   |",
        "fastdiffusion": "| 167 | 15 |   Jupyter Notebook   |",
        "fastscript": "| 162 | 16 |   CSS   |",
        "book_nbs": "| 156 | 37 |   Jupyter Notebook   |",
        "docker-containers": "| 152 | 35 |   Shell   |",
        "fastsetup": "| 123 | 58 |   Shell   |",
        "word-embeddings-workshop": "| 122 | 68 |   HTML   |",
        "fastec2": "| 115 | 19 |   Python   |",
        "execnb": "| 93 | 6 |   Jupyter Notebook   |",
        "tf-fit": "| 87 | 17 |   Python   |",
        "fastgpu": "| 80 | 25 |   Jupyter Notebook   |",
        "fastai1": "| 78 | 107 |   Jupyter Notebook   |",
        "fastsql": "| 71 | 12 |   Python   |",
        "book.fast.ai": "| 67 | 10 |   Jupyter Notebook   |",
        "fastdot": "| 60 | 9 |   Jupyter Notebook   |",
        "nbprocess-old": "| 52 | 11 |   Jupyter Notebook   |",
        "randomized-SVD": "| 49 | 19 |   Jupyter Notebook   |",
        "fastai3": "| 49 | 3 |   Jupyter Notebook   |",
        "pypi_template": "| 48 | 4 |   Python   |",
        "nbdev-template": "| 48 | 14 |   Python   |",
        "dotfiles": "| 41 | 58 |   Vim script   |",
        "fastforest": "| 41 | 9 |   C++   |",
        "bear_voila": "| 40 | 165 |   Jupyter Notebook   |",
        "fastkaggle": "| 40 | 4 |   Jupyter Notebook   |",
        "fastdownload": "| 39 | 12 |   Jupyter Notebook   |",
        "fastbook2e": "| 39 | 3 |   Jupyter Notebook   |",
        "tinykernel": "| 37 | 3 |   Python   |",
        "fastai-nbstripout": "| 32 | 6 |   Python   |",
        "wireguard-fast": "| 32 | 10 |   Shell   |",
        "workflows": "| 30 | 34 |   Python   |",
        "pagegraph": "| 29 | 5 |   Jupyter Notebook   |",
        "fastai-docs": "| 29 | 19 |   HTML   |",
        "masks4all": "| 26 | 6 |   Jupyter Notebook   |",
        "tinypets": "| 26 | 106 |   HTML   |",
        "nbdev-vscode": "| 22 | 5 |   TypeScript   |",
        "sklearn-pandas": "| 21 | 15 |   Python   |",
        "apl-study": "| 21 | 16 |   Jupyter Notebook   |",
        "git-tools": "| 19 | 8 |   Python   |",
        "fastconda": "| 18 | 5 |   Jupyter Notebook   |",
        "tweetrel": "| 17 | 2 |   Jupyter Notebook   |",
        "fastrelease": "| 15 | 12 |   Jupyter Notebook   |",
        "fastpy": "| 15 | 5 |   None   |",
        "dlcert2": "| 13 | 14 |   Jupyter Notebook   |",
        "ethics.fast.ai": "| 12 | 9 |   Jupyter Notebook   |",
        "fastlinkcheck": "| 12 | 6 |   Jupyter Notebook   |",
        "k-diffusion": "| 12 | 1 |   Jupyter Notebook   |",
        "Str8Pix": "| 11 | 6 |   Jupyter Notebook   |",
        "ghtop": "| 11 | 1 |   Python   |",
        "jupytercon-2023": "| 11 | 1 |   Jupyter Notebook   |",
        "dlcert1": "| 10 | 10 |   None   |",
        "course22-web": "| 10 | 7 |   Jupyter Notebook   |",
        "AleaTK": "| 9 | 2 |   C#   |",
        "fastcgi": "| 9 | 5 |   Jupyter Notebook   |",
        "docments": "| 9 | 1 |   None   |",
        "paperspace-setup": "| 9 | 11 |   Shell   |",
        "nbdev-index": "| 8 | 5 |   Python   |",
        "cards_deck": "| 8 | 23 |   Jupyter Notebook   |",
        "fastcups": "| 8 | 5 |   HTML   |",
        "spacy_conda": "| 7 | 2 |   None   |",
        "GloVe": "| 6 | 8 |   C   |",
        "nbeverything": "| 5 | 0 |   None   |",
        "fastwebhook": "| 5 | 5 |   Jupyter Notebook   |",
        "hugo-mathjax": "| 5 | 4 |   Jupyter Notebook   |",
        "wandbfastai": "| 4 | 2 |   Jupyter Notebook   |",
        "hugo": "| 4 | 1 |   Go   |",
        "nbdev-jekyll-theme": "| 4 | 11 |   CSS   |",
        "nbdev-demo": "| 4 | 0 |   None   |",
        "docs": "| 3 | 5 |   None   |",
        "ghtop-demo": "| 3 | 1 |   Jupyter Notebook   |",
        "nbdev_cards": "| 3 | 1 |   Jupyter Notebook   |",
        "tanishq_blog": "| 3 | 0 |   CSS   |",
        "nbdev-spaces-demo": "| 3 | 0 |   Jupyter Notebook   |",
        ".github": "| 2 | 4 |   None   |",
        "conda-recipes": "| 2 | 4 |   Python   |",
        "jkernel": "| 2 | 2 |   Jupyter Notebook   |",
        "getcaddy": "| 2 | 2 |   Shell   |",
        "nbdev_export_demo": "| 2 | 2 |   Jupyter Notebook   |",
        "nbdev2-docusaurus": "| 2 | 2 |   Jupyter Notebook   |",
        "logos": "| 2 | 0 |   None   |",
        "fastdispatch": "| 2 | 0 |   Jupyter Notebook   |",
        "nbdev-hello-world": "| 2 | 2 |   Python   |",
        "wandb-nbdev": "| 2 | 0 |   None   |",
        "latest": "| 1 | 3 |   Python   |",
        "jb-nbdev": "| 1 | 1 |   Jupyter Notebook   |",
        "nbpages": "| 1 | 1 |   Jupyter Notebook   |",
        "getapt": "| 1 | 0 |   Jupyter Notebook   |",
        "nbdev1": "| 1 | 2 |   Jupyter Notebook   |",
        "anaconda-client": "| 0 | 2 |   Python   |",
        "showdoc": "| 0 | 2 |   Jupyter Notebook   |",
        "http2fcgi": "| 0 | 2 |   Go   |",
        "ghapi-test": "| 0 | 3 |   None   |",
        "quarto-nb": "| 0 | 1 |   JavaScript   |",
        "fastai-quarto-debug": "| 0 | 0 |   None   |",
        "quarto-debug": "| 0 | 2 |   Jupyter Notebook   |",
        "tk-debug": "| 0 | 0 |   None   |",
        "setuptools-conda": "| 0 | 1 |   Python   |",
        "doesitwork": "| 0 | 0 |   None   |",
        "nb2req": "| 0 | 0 |   None   |",
        "quarto-blog": "| 0 | 0 |   Jupyter Notebook   |",
        "quarto-web": "| 0 | 0 |   JavaScript   |",
        "docusaurus-html": "| 0 | 0 |   None   |"
    }
}