{
    "company": "fastlane",
    "h-index": 15,
    "repo count": 35,
    "contributor count": 722,
    "size": "todo",
    "employee count": "todo",
    "country": null,
    "top language": "Ruby",
    "repos": {
        "fastlane": "| 37006 | 5516 |   Ruby   |",
        "ci": "| 2086 | 96 |   Ruby   |",
        "examples": "| 1393 | 377 |   Ruby   |",
        "boarding": "| 869 | 200 |   Ruby   |",
        "itc-api-docs": "| 520 | 38 |   Ruby   |",
        "watchbuild": "| 325 | 25 |   Ruby   |",
        "docs": "| 294 | 478 |   HTML   |",
        "fastlane-plugin-firebase_app_distribution": "| 142 | 25 |   Ruby   |",
        "frameit-frames": "| 79 | 41 |   None   |",
        "fastlane-plugin-firebase_test_lab": "| 73 | 37 |   Ruby   |",
        "github-actions": "| 72 | 9 |   TypeScript   |",
        "brewed-jenkins": "| 58 | 6 |   None   |",
        "issue-bot": "| 51 | 25 |   Ruby   |",
        "monorepo": "| 29 | 5 |   Ruby   |",
        "fastlane.tools": "| 16 | 20 |   HTML   |",
        "TaskQueue": "| 13 | 6 |   Ruby   |",
        "spaceship.airforce": "| 12 | 11 |   CSS   |",
        "code-of-conduct": "| 11 | 3 |   None   |",
        "packaged-fastlane": "| 8 | 15 |   Shell   |",
        "danger-device_grid": "| 8 | 8 |   Ruby   |",
        "shenzhen": "| 7 | 11 |   Ruby   |",
        "fastfile-parser": "| 7 | 5 |   Ruby   |",
        "docker": "| 7 | 12 |   Dockerfile   |",
        "fastlane-plugin-ruby": "| 5 | 5 |   Ruby   |",
        "nightly": "| 5 | 3 |   Ruby   |",
        "managed_google_play-callback": "| 5 | 4 |   HTML   |",
        "notes": "| 4 | 3 |   None   |",
        "peril-settings": "| 4 | 3 |   TypeScript   |",
        "commander": "| 3 | 3 |   Ruby   |",
        "codesigning.guide": "| 2 | 3 |   HTML   |",
        "ruby-git": "| 2 | 3 |   Ruby   |",
        "xar": "| 1 | 3 |   None   |",
        "term-ansicolor": "| 0 | 2 |   Ruby   |",
        ".allstar": "| 0 | 0 |   None   |",
        ".github": "| 0 | 0 |   None   |"
    }
}