{
    "company": "Baidu FEX team",
    "h-index": 40,
    "repo count": 188,
    "contributor count": 452,
    "size": "todo",
    "employee count": "todo",
    "country": "beijing",
    "top language": "JavaScript",
    "repos": {
        "webuploader": "| 7677 | 2370 |   JavaScript   |",
        "ueditor": "| 6400 | 2398 |   JavaScript   |",
        "kityminder": "| 4302 | 1778 |   JavaScript   |",
        "fis": "| 2975 | 673 |   PHP   |",
        "kityminder-editor": "| 2927 | 858 |   JavaScript   |",
        "fis3": "| 2791 | 718 |   JavaScript   |",
        "styleguide": "| 2501 | 866 |   None   |",
        "interview-questions": "| 1675 | 258 |   None   |",
        "umeditor": "| 1450 | 457 |   JavaScript   |",
        "ua-device": "| 1411 | 172 |   JavaScript   |",
        "kityminder-core": "| 1207 | 520 |   JavaScript   |",
        "http2-spec": "| 1134 | 281 |   XSLT   |",
        "GMU": "| 1096 | 420 |   JavaScript   |",
        "fis3-demo": "| 888 | 353 |   JavaScript   |",
        "fis-plus": "| 573 | 146 |   PHP   |",
        "swiper": "| 543 | 99 |   TypeScript   |",
        "fex-edu": "| 510 | 217 |   None   |",
        "alogs": "| 454 | 104 |   JavaScript   |",
        "kity": "| 435 | 164 |   JavaScript   |",
        "fex-team.github.io": "| 399 | 119 |   CSS   |",
        "yog2": "| 363 | 89 |   JavaScript   |",
        "fit": "| 351 | 56 |   JavaScript   |",
        "ufinder": "| 314 | 141 |   JavaScript   |",
        "kityformula-editor": "| 312 | 120 |   JavaScript   |",
        "mod": "| 272 | 132 |   JavaScript   |",
        "jello": "| 207 | 51 |   JavaScript   |",
        "kityformula": "| 151 | 60 |   None   |",
        "node-ral": "| 137 | 40 |   JavaScript   |",
        "hotbox": "| 136 | 57 |   JavaScript   |",
        "fis-pure": "| 96 | 47 |   JavaScript   |",
        "fis-spriter-csssprites": "| 88 | 37 |   JavaScript   |",
        "fis3-postpackager-loader": "| 83 | 38 |   JavaScript   |",
        "fis3-hook-node_modules": "| 81 | 13 |   JavaScript   |",
        "receiver": "| 80 | 40 |   JavaScript   |",
        "fis3-smarty": "| 68 | 24 |   JavaScript   |",
        "fis3-jello": "| 62 | 18 |   JavaScript   |",
        "userAgent": "| 52 | 18 |   JavaScript   |",
        "kf-editor": "| 46 | 34 |   JavaScript   |",
        "fis-kernel": "| 44 | 33 |   JavaScript   |",
        "fis-amd-demo": "| 41 | 14 |   JavaScript   |",
        "fis3-hook-commonjs": "| 40 | 19 |   JavaScript   |",
        "fis-command-release": "| 34 | 91 |   JavaScript   |",
        "fis-postprocessor-amd": "| 33 | 10 |   JavaScript   |",
        "yog": "| 32 | 8 |   JavaScript   |",
        "fis-parser-node-sass": "| 31 | 23 |   JavaScript   |",
        "kitycharts": "| 30 | 9 |   JavaScript   |",
        "fis3-hook-relative": "| 30 | 8 |   JavaScript   |",
        "fis-velocity-tools": "| 29 | 23 |   Java   |",
        "dora": "| 28 | 10 |   JavaScript   |",
        "yog-log": "| 28 | 21 |   JavaScript   |",
        "fis3-packager-deps-pack": "| 28 | 8 |   JavaScript   |",
        "laravel-fis": "| 26 | 1 |   PHP   |",
        "kf-render": "| 25 | 21 |   JavaScript   |",
        "yogurt": "| 25 | 6 |   JavaScript   |",
        "fis3-deploy-http-push": "| 25 | 15 |   JavaScript   |",
        "fis3-hook-amd": "| 25 | 9 |   JavaScript   |",
        "autopack-kernel": "| 24 | 3 |   JavaScript   |",
        "jello-spring-example": "| 21 | 21 |   Java   |",
        "fis-command-webfont": "| 21 | 6 |   JavaScript   |",
        "fis-plus-smarty-plugin": "| 20 | 13 |   PHP   |",
        "h5develop": "| 20 | 2 |   None   |",
        "yog2-kernel": "| 19 | 12 |   JavaScript   |",
        "fis-parser-jdists": "| 18 | 3 |   JavaScript   |",
        "xspec": "| 17 | 4 |   CSS   |",
        "fis-components-demo": "| 17 | 5 |   HTML   |",
        "fis3-hook-module": "| 17 | 5 |   JavaScript   |",
        "fis-site": "| 16 | 16 |   CSS   |",
        "yog-bigpipe": "| 16 | 7 |   JavaScript   |",
        "fis-parser-sass": "| 15 | 11 |   JavaScript   |",
        "fis-parser-babel-6.x": "| 15 | 5 |   JavaScript   |",
        "fis3-parser-typescript": "| 13 | 7 |   JavaScript   |",
        "fis-parser-babel-5.x": "| 13 | 2 |   JavaScript   |",
        "fis-optimizer-uglify-js": "| 11 | 15 |   JavaScript   |",
        "kitymockup": "| 11 | 9 |   JavaScript   |",
        "fui": "| 10 | 12 |   JavaScript   |",
        "fis3-preprocessor-js-require-css": "| 10 | 6 |   JavaScript   |",
        "fis-optimizer-clean-css": "| 9 | 4 |   JavaScript   |",
        "fis-optimizer-png-compressor": "| 8 | 6 |   JavaScript   |",
        "kf-parser": "| 8 | 18 |   JavaScript   |",
        "yog-pm": "| 8 | 4 |   JavaScript   |",
        "fisp-amd-demo": "| 8 | 6 |   JavaScript   |",
        "fis-packager-depscombine": "| 8 | 2 |   JavaScript   |",
        "fis-deploy-git": "| 8 | 5 |   JavaScript   |",
        "fis3-command-release": "| 8 | 15 |   JavaScript   |",
        "fis3-hook-cmd": "| 8 | 6 |   JavaScript   |",
        "fis3-deploy-skip-packed": "| 8 | 3 |   JavaScript   |",
        "fis-postprocessor-jswrapper": "| 7 | 5 |   JavaScript   |",
        "emon": "| 7 | 6 |   JavaScript   |",
        "lights": "| 7 | 3 |   JavaScript   |",
        "yog2-app-template": "| 7 | 4 |   JavaScript   |",
        "fis3-packager-map": "| 7 | 7 |   JavaScript   |",
        "fis3-server-node": "| 7 | 6 |   JavaScript   |",
        "fis-command-server": "| 6 | 14 |   JavaScript   |",
        "yog2-spa-demo": "| 6 | 2 |   JavaScript   |",
        "fis-plus-pc-demo": "| 6 | 9 |   PHP   |",
        "fis3-solutions": "| 6 | 4 |   None   |",
        "fis3-server-jello": "| 6 | 2 |   JavaScript   |",
        "fis3-preprocessor-js-require-file": "| 6 | 4 |   JavaScript   |",
        "smarty-xss": "| 5 | 3 |   JavaScript   |",
        "yog-swig": "| 5 | 4 |   JavaScript   |",
        "yog-devtools": "| 5 | 4 |   JavaScript   |",
        "fis3-deploy-local-deliver": "| 5 | 6 |   JavaScript   |",
        "fis3-command-server": "| 5 | 1 |   JavaScript   |",
        "fis-optimizer-js-obfuscator": "| 5 | 2 |   JavaScript   |",
        "fis-command-install": "| 4 | 10 |   JavaScript   |",
        "fis3-command-init": "| 4 | 5 |   JavaScript   |",
        "fis3-preprocessor-extlang": "| 4 | 4 |   JavaScript   |",
        "fis3-deploy-replace": "| 4 | 6 |   JavaScript   |",
        "fis3-deploy-tar": "| 4 | 1 |   JavaScript   |",
        "fis3-server-php": "| 4 | 0 |   JavaScript   |",
        "yog2-agent": "| 4 | 4 |   JavaScript   |",
        "yog-view": "| 3 | 10 |   JavaScript   |",
        "yog-feature": "| 3 | 2 |   JavaScript   |",
        "what-new": "| 3 | 0 |   None   |",
        "baidusound": "| 3 | 1 |   None   |",
        "yog2-framework-template": "| 3 | 7 |   JavaScript   |",
        "fis2-demo": "| 3 | 2 |   HTML   |",
        "jello-optimizer-velocity-xss": "| 3 | 1 |   JavaScript   |",
        "conic": "| 3 | 2 |   JavaScript   |",
        "kityminder-editor-react": "| 3 | 4 |   None   |",
        "yog-app": "| 2 | 3 |   JavaScript   |",
        "fis-deploy-tar": "| 2 | 2 |   JavaScript   |",
        "fis3-parser-rosetta": "| 2 | 2 |   JavaScript   |",
        "fis3-postpackager-rosetta": "| 2 | 1 |   JavaScript   |",
        "fis3-deploy-zip": "| 2 | 2 |   JavaScript   |",
        "fis3-command-inspect": "| 2 | 3 |   JavaScript   |",
        "fis3-preprocessor-css2js": "| 2 | 3 |   JavaScript   |",
        "css-path-loader": "| 2 | 1 |   JavaScript   |",
        "html-path-loader": "| 2 | 3 |   JavaScript   |",
        "yog2-plugin-ralSession": "| 2 | 0 |   JavaScript   |",
        "end": "| 1 | 0 |   None   |",
        "here_plugin": "| 1 | 0 |   Java   |",
        "feature-flag": "| 1 | 0 |   PHP   |",
        "fis-cloud-app-repos": "| 1 | 1 |   CSS   |",
        "yogurt-preprocessor-extlang": "| 1 | 1 |   JavaScript   |",
        "fio": "| 1 | 4 |   None   |",
        "fis-framework-site": "| 1 | 1 |   CSS   |",
        "fis-deploy-default": "| 1 | 2 |   JavaScript   |",
        "fis-deploy-bcs": "| 1 | 1 |   JavaScript   |",
        "fis-prepackager-derived": "| 1 | 1 |   JavaScript   |",
        "jpaths": "| 1 | 1 |   None   |",
        "yog2-command-init": "| 1 | 3 |   JavaScript   |",
        "fis-preprocessor-components": "| 1 | 0 |   JavaScript   |",
        "jello-preprocessor-components": "| 1 | 0 |   JavaScript   |",
        "jello-command-install": "| 1 | 0 |   JavaScript   |",
        "fis-plus-i18n-demo": "| 1 | 3 |   PHP   |",
        "fis3-hook-components": "| 1 | 4 |   JavaScript   |",
        "fis3-errors": "| 1 | 2 |   JavaScript   |",
        "dns.js.org": "| 1 | 0 |   JavaScript   |",
        "fis-prepackager-auto-pack": "| 1 | 3 |   JavaScript   |",
        "fis-prepackager-widget-admix": "| 1 | 0 |   JavaScript   |",
        "fit-component-tools": "| 1 | 1 |   HTML   |",
        "fis3-postprocessor-less-autoprefix": "| 1 | 1 |   JavaScript   |",
        "fis3-parser-css-next": "| 1 | 1 |   JavaScript   |",
        "fis3-parser-precss": "| 1 | 1 |   JavaScript   |",
        "fis3-prepackager-stand-alone-pack": "| 1 | 0 |   JavaScript   |",
        "fis-optimizer-terser": "| 1 | 0 |   JavaScript   |",
        "fis-packager-map": "| 0 | 4 |   JavaScript   |",
        "here": "| 0 | 0 |   JavaScript   |",
        "LightComponent": "| 0 | 1 |   None   |",
        "mapflow": "| 0 | 2 |   JavaScript   |",
        "fis-repo-client": "| 0 | 0 |   JavaScript   |",
        "fis-optimizer-smarty-xss": "| 0 | 2 |   JavaScript   |",
        "yog-util": "| 0 | 1 |   None   |",
        "yogurt-demo": "| 0 | 1 |   JavaScript   |",
        "yogurt-postprocessor-require-async": "| 0 | 0 |   JavaScript   |",
        "yogurt-command-server": "| 0 | 0 |   JavaScript   |",
        "yogurt-spa-demo": "| 0 | 0 |   JavaScript   |",
        "fis-endgame": "| 0 | 0 |   JavaScript   |",
        "fis-preprocessor-pathcheck": "| 0 | 0 |   JavaScript   |",
        "eg-command-release": "| 0 | 0 |   JavaScript   |",
        "eg-command-init": "| 0 | 1 |   JavaScript   |",
        "leap-motion-lab": "| 0 | 0 |   JavaScript   |",
        "yog2-plugin-session": "| 0 | 2 |   JavaScript   |",
        "yog2-command-plugin": "| 0 | 2 |   JavaScript   |",
        "agroup-solr-config": "| 0 | 0 |   XSLT   |",
        "extract-psd-text": "| 0 | 0 |   JavaScript   |",
        "fis3-deploy-macro": "| 0 | 0 |   None   |",
        "fis3-deploy-encoding": "| 0 | 1 |   JavaScript   |",
        "yog2-app-scaffold-template": "| 0 | 2 |   JavaScript   |",
        "fis3-preprocessor-rosetta-import": "| 0 | 0 |   JavaScript   |",
        "fis3-server-smarty": "| 0 | 3 |   Java   |",
        "fis3-hook-system": "| 0 | 2 |   JavaScript   |",
        "fis-parser-babel": "| 0 | 1 |   JavaScript   |",
        "conic-cli": "| 0 | 1 |   None   |",
        "tracelog": "| 0 | 4 |   TypeScript   |",
        "worker-loader": "| 0 | 0 |   JavaScript   |",
        "fis-parser-svgr": "| 0 | 1 |   JavaScript   |"
    }
}