{
    "company": "Firebase",
    "h-index": 51,
    "repo count": 93,
    "contributor count": 2912,
    "size": "todo",
    "employee count": "todo",
    "country": "San Francisco, CA",
    "top language": "JavaScript",
    "repos": {
        "functions-samples": "| 11648 | 3938 |   JavaScript   |",
        "php-jwt": "| 8764 | 1243 |   PHP   |",
        "quickstart-android": "| 8458 | 7441 |   Java   |",
        "flutterfire": "| 7718 | 3787 |   Dart   |",
        "quickstart-js": "| 4727 | 3638 |   HTML   |",
        "FirebaseUI-Android": "| 4503 | 1904 |   Java   |",
        "firebase-js-sdk": "| 4458 | 836 |   TypeScript   |",
        "firebase-ios-sdk": "| 4441 | 1227 |   Objective-C   |",
        "firebaseui-web": "| 4239 | 1085 |   JavaScript   |",
        "firebase-tools": "| 3703 | 889 |   TypeScript   |",
        "quickstart-ios": "| 2604 | 1509 |   Swift   |",
        "firebase-android-sdk": "| 2061 | 544 |   Java   |",
        "codelab-friendlychat-web": "| 1679 | 1748 |   JavaScript   |",
        "firebase-admin-node": "| 1469 | 351 |   TypeScript   |",
        "FirebaseUI-iOS": "| 1446 | 501 |   Objective-C   |",
        "geofire-js": "| 1413 | 368 |   TypeScript   |",
        "firebaseui-web-react": "| 1203 | 243 |   JavaScript   |",
        "superstatic": "| 1086 | 93 |   JavaScript   |",
        "firebase-functions": "| 968 | 203 |   TypeScript   |",
        "firebase-admin-go": "| 962 | 228 |   Go   |",
        "firebase-admin-python": "| 868 | 284 |   Python   |",
        "quickstart-nodejs": "| 850 | 444 |   JavaScript   |",
        "extensions": "| 807 | 371 |   TypeScript   |",
        "quickstart-unity": "| 753 | 448 |   C#   |",
        "snippets-android": "| 682 | 389 |   Java   |",
        "geofire-java": "| 670 | 286 |   Java   |",
        "snippets-web": "| 660 | 247 |   JavaScript   |",
        "firebase-admin-java": "| 465 | 259 |   Java   |",
        "geofire-objc": "| 442 | 165 |   Objective-C   |",
        "friendlyeats-web": "| 334 | 309 |   JavaScript   |",
        "snippets-node": "| 331 | 136 |   JavaScript   |",
        "firebase-admin-dotnet": "| 316 | 116 |   C#   |",
        "quickstart-testing": "| 286 | 97 |   JavaScript   |",
        "friendlyeats-android": "| 245 | 157 |   Kotlin   |",
        "firebase-tools-ui": "| 228 | 67 |   TypeScript   |",
        "firebase-cpp-sdk": "| 226 | 91 |   C++   |",
        "quickstart-java": "| 224 | 146 |   Java   |",
        "codelab-friendlychat-android": "| 219 | 336 |   Kotlin   |",
        "firebase-functions-test": "| 208 | 54 |   TypeScript   |",
        "quickstart-cpp": "| 180 | 140 |   C++   |",
        "friendlypix-ios": "| 167 | 56 |   Swift   |",
        "geofire-android": "| 125 | 35 |   Java   |",
        "firebase-unity-sdk": "| 116 | 26 |   C#   |",
        "friendlyeats-ios": "| 115 | 55 |   Swift   |",
        "snippets-ios": "| 112 | 57 |   Objective-C   |",
        "firebaseopensource.com": "| 111 | 50 |   TypeScript   |",
        "quickstart-python": "| 108 | 71 |   Jupyter Notebook   |",
        "scrypt": "| 86 | 24 |   C   |",
        "firebase-functions-python": "| 65 | 10 |   Python   |",
        "codelab-friendlychat-ios": "| 63 | 57 |   Swift   |",
        "quickstart-flutter": "| 59 | 29 |   Dart   |",
        "emulators-codelab": "| 43 | 29 |   JavaScript   |",
        "snippets-rules": "| 42 | 20 |   TypeScript   |",
        "firebase-bower": "| 35 | 55 |   JavaScript   |",
        "oss-bot": "| 33 | 40 |   TypeScript   |",
        "snippets-flutter": "| 30 | 10 |   Dart   |",
        "snippets-go": "| 24 | 12 |   Go   |",
        "SwiftLint": "| 19 | 10 |   Swift   |",
        "snippets-java": "| 14 | 15 |   Java   |",
        "firebase-testlab-instr-lib": "| 13 | 17 |   Java   |",
        "snippets-cpp": "| 12 | 5 |   C++   |",
        "appquality-codelab-ios": "| 11 | 15 |   Objective-C   |",
        "rtdb-to-csv": "| 11 | 12 |   JavaScript   |",
        "SpecsStaging": "| 11 | 12 |   None   |",
        "leveldb": "| 10 | 13 |   C++   |",
        "abseil-cpp-SwiftPM": "| 10 | 11 |   C++   |",
        "SpecsTesting": "| 10 | 10 |   Ruby   |",
        "level-up-with-firebase": "| 9 | 2 |   C#   |",
        "ocmock": "| 7 | 5 |   None   |",
        "boringSSL-SwiftPM": "| 7 | 10 |   C++   |",
        ".github": "| 7 | 30 |   None   |",
        "firestore-bundle-builder": "| 7 | 5 |   TypeScript   |",
        "netty": "| 6 | 8 |   Java   |",
        "kitchen-google": "| 6 | 12 |   Ruby   |",
        "nginx": "| 6 | 16 |   C   |",
        "nanopb": "| 6 | 7 |   C   |",
        "firebase-docs": "| 6 | 8 |   None   |",
        "nagios": "| 5 | 11 |   Ruby   |",
        "SpecsDev": "| 5 | 8 |   Ruby   |",
        "ok": "| 4 | 11 |   None   |",
        "chef-user": "| 4 | 11 |   Ruby   |",
        "leveldb-library-podspec": "| 4 | 11 |   Ruby   |",
        "snippets-python": "| 4 | 12 |   None   |",
        "abseil-cpp": "| 4 | 4 |   None   |",
        "grpc": "| 4 | 3 |   None   |",
        "scalastyle-maven-plugin": "| 3 | 13 |   Java   |",
        "chef-google_auth_proxy": "| 3 | 13 |   Ruby   |",
        "boringssl": "| 3 | 5 |   None   |",
        "grpc-SwiftPM": "| 3 | 7 |   C++   |",
        "finagle": "| 2 | 9 |   Scala   |",
        "scalastyle": "| 2 | 7 |   Scala   |",
        "crashlytics-testapps": "| 2 | 3 |   Java   |",
        ".allstar": "| 1 | 2 |   None   |"
    }
}