{
    "company": "Flutter",
    "h-index": 27,
    "repo count": 31,
    "contributor count": 1800,
    "size": "todo",
    "employee count": "todo",
    "country": null,
    "top language": "Dart",
    "repos": {
        "flutter": "| 153239 | 25322 |   Dart   |",
        "plugins": "| 16855 | 10015 |   Dart   |",
        "samples": "| 15059 | 7039 |   Dart   |",
        "engine": "| 6568 | 5160 |   C++   |",
        "gallery": "| 5196 | 1337 |   Dart   |",
        "packages": "| 3046 | 1526 |   Dart   |",
        "website": "| 2438 | 3027 |   Dart   |",
        "pinball": "| 2000 | 216 |   Dart   |",
        "flutter-intellij": "| 1868 | 315 |   Java   |",
        "devtools": "| 1386 | 258 |   Dart   |",
        "codelabs": "| 1293 | 1140 |   C   |",
        "news_toolkit": "| 912 | 163 |   Dart   |",
        "photobooth": "| 853 | 175 |   Dart   |",
        "flutter_clock": "| 536 | 332 |   Dart   |",
        "io_flip": "| 334 | 33 |   Dart   |",
        "put-flutter-to-work": "| 293 | 35 |   Dart   |",
        "uxr": "| 208 | 21 |   Dart   |",
        "holobooth": "| 199 | 29 |   Dart   |",
        "tests": "| 196 | 85 |   Dart   |",
        "cocoon": "| 171 | 92 |   Dart   |",
        "impeller": "| 155 | 17 |   None   |",
        "buildroot": "| 118 | 225 |   Python   |",
        "assets-for-api-docs": "| 110 | 94 |   Dart   |",
        "tools_metadata": "| 63 | 14 |   Dart   |",
        "goldens": "| 40 | 47 |   Shell   |",
        "web_installers": "| 39 | 27 |   Dart   |",
        "platform_tests": "| 33 | 29 |   Dart   |",
        ".github": "| 20 | 46 |   None   |",
        "flutter-github-scripts.dart": "| 18 | 11 |   Dart   |",
        "flutter.github.io": "| 13 | 18 |   HTML   |",
        "git": "| 10 | 11 |   C   |"
    }
}