{
    "company": "Formidable",
    "h-index": 64,
    "repo count": 318,
    "contributor count": 3669,
    "size": "todo",
    "employee count": "todo",
    "country": "Seattle, WA",
    "top language": "JavaScript",
    "repos": {
        "webpack-dashboard": "| 13888 | 428 |   JavaScript   |",
        "victory": "| 10299 | 546 |   JavaScript   |",
        "spectacle": "| 9478 | 735 |   TypeScript   |",
        "radium": "| 7429 | 349 |   JavaScript   |",
        "react-game-kit": "| 4567 | 320 |   JavaScript   |",
        "nodejs-dashboard": "| 3936 | 173 |   JavaScript   |",
        "react-live": "| 3799 | 241 |   TypeScript   |",
        "react-animations": "| 3067 | 179 |   JavaScript   |",
        "nuka-carousel": "| 2873 | 606 |   TypeScript   |",
        "electron-webpack-dashboard": "| 2733 | 100 |   JavaScript   |",
        "react-music": "| 2721 | 212 |   JavaScript   |",
        "victory-native": "| 2012 | 167 |   JavaScript   |",
        "react-swipeable": "| 1810 | 153 |   TypeScript   |",
        "react-native-app-auth": "| 1714 | 419 |   Java   |",
        "freactal": "| 1668 | 63 |   JavaScript   |",
        "prism-react-renderer": "| 1602 | 150 |   TypeScript   |",
        "react-fast-compare": "| 1446 | 55 |   JavaScript   |",
        "rapscallion": "| 1398 | 68 |   JavaScript   |",
        "component-playground": "| 1188 | 118 |   JavaScript   |",
        "redux-little-router": "| 1056 | 131 |   JavaScript   |",
        "react-progressive-image": "| 742 | 69 |   JavaScript   |",
        "renature": "| 600 | 11 |   TypeScript   |",
        "inspectpack": "| 585 | 19 |   TypeScript   |",
        "spectacle-boilerplate": "| 581 | 202 |   None   |",
        "react-ssr-prepass": "| 573 | 25 |   JavaScript   |",
        "react-native-owl": "| 552 | 21 |   TypeScript   |",
        "use-editable": "| 417 | 11 |   TypeScript   |",
        "appr": "| 381 | 37 |   JavaScript   |",
        "image-palette": "| 356 | 23 |   JavaScript   |",
        "webpack-stats-plugin": "| 346 | 32 |   JavaScript   |",
        "formidable-react-native-app-boilerplate": "| 340 | 73 |   JavaScript   |",
        "builder": "| 321 | 27 |   JavaScript   |",
        "victory-cli": "| 312 | 12 |   JavaScript   |",
        "react-native-zephyr": "| 309 | 2 |   TypeScript   |",
        "seattlejsconf-app": "| 304 | 21 |   OCaml   |",
        "runpkg": "| 299 | 9 |   JavaScript   |",
        "victory-chart": "| 289 | 91 |   JavaScript   |",
        "serverless-jetpack": "| 272 | 21 |   JavaScript   |",
        "react-flux-concepts": "| 267 | 120 |   HTML   |",
        "react-shuffle": "| 250 | 36 |   JavaScript   |",
        "eslint-plugin-react-native-a11y": "| 249 | 19 |   JavaScript   |",
        "babel-plugin-transform-define": "| 247 | 33 |   JavaScript   |",
        "react-native-responsive-styles": "| 171 | 22 |   JavaScript   |",
        "es6-interactive-guide": "| 164 | 31 |   JavaScript   |",
        "react-native-ama": "| 160 | 11 |   TypeScript   |",
        "terraform-aws-serverless": "| 144 | 23 |   HCL   |",
        "whackage": "| 134 | 16 |   JavaScript   |",
        "formidable-playbook": "| 132 | 13 |   None   |",
        "radium-grid": "| 123 | 14 |   JavaScript   |",
        "github-2049": "| 118 | 19 |   JavaScript   |",
        "groqd": "| 117 | 7 |   TypeScript   |",
        "ecology": "| 107 | 16 |   JavaScript   |",
        "formidable-react-starter": "| 95 | 10 |   JavaScript   |",
        "publish-diff": "| 91 | 5 |   JavaScript   |",
        "yesno": "| 91 | 6 |   TypeScript   |",
        "measure-text": "| 87 | 12 |   JavaScript   |",
        "pino-lambda": "| 87 | 11 |   TypeScript   |",
        "spectacle-boilerplate-mdx": "| 81 | 27 |   None   |",
        "css-to-radium": "| 79 | 5 |   JavaScript   |",
        "victory-core": "| 72 | 76 |   JavaScript   |",
        "aws-lambda-serverless-reference": "| 71 | 18 |   HCL   |",
        "formidable-charts": "| 68 | 7 |   JavaScript   |",
        "jest-next-dynamic": "| 68 | 6 |   JavaScript   |",
        "victory-uiexplorer-native": "| 65 | 6 |   JavaScript   |",
        "pull-report": "| 64 | 17 |   JavaScript   |",
        "victory-pie": "| 60 | 26 |   JavaScript   |",
        "react-context-composer": "| 60 | 7 |   JavaScript   |",
        "recipes-flux": "| 59 | 32 |   JavaScript   |",
        "next-urql": "| 56 | 7 |   TypeScript   |",
        "clips": "| 54 | 7 |   Svelte   |",
        "lank": "| 49 | 2 |   JavaScript   |",
        "full-stack-testing": "| 47 | 11 |   JavaScript   |",
        "converter-react": "| 44 | 8 |   JavaScript   |",
        "urql-exchange-suspense": "| 43 | 1 |   None   |",
        "victory-animation": "| 42 | 5 |   JavaScript   |",
        "react-native-animation-workshop": "| 41 | 8 |   JavaScript   |",
        "notes-react-exoskeleton": "| 40 | 5 |   JavaScript   |",
        "graphql-typescript-blog": "| 39 | 14 |   TypeScript   |",
        "react-europe-demos": "| 38 | 7 |   JavaScript   |",
        "victory-chart-native": "| 37 | 10 |   JavaScript   |",
        "react-synth": "| 37 | 5 |   JavaScript   |",
        "victory-tutorial": "| 34 | 56 |   JavaScript   |",
        "victory-native-demo": "| 34 | 19 |   JavaScript   |",
        "multibot": "| 31 | 4 |   JavaScript   |",
        "gql-workshop-app": "| 31 | 8 |   JavaScript   |",
        "trygql": "| 31 | 1 |   JavaScript   |",
        "victory-docs": "| 29 | 65 |   JavaScript   |",
        "rowdy": "| 28 | 13 |   JavaScript   |",
        "biff": "| 28 | 6 |   JavaScript   |",
        "react-europe-workshop": "| 28 | 22 |   JavaScript   |",
        "eslint-config-formidable": "| 27 | 0 |   JavaScript   |",
        "radium-constraints": "| 26 | 0 |   JavaScript   |",
        "spectacle-cli": "| 26 | 6 |   JavaScript   |",
        "trace-pkg": "| 26 | 2 |   None   |",
        "mock-raf": "| 25 | 13 |   JavaScript   |",
        "radon-typeahead": "| 23 | 37 |   JavaScript   |",
        "react-native-interactions-workshop": "| 23 | 2 |   JavaScript   |",
        "chai-jq": "| 22 | 3 |   JavaScript   |",
        "formidable-react-component-boilerplate": "| 22 | 2 |   JavaScript   |",
        "builder-react-component": "| 20 | 7 |   JavaScript   |",
        "terraform-provider-serverless": "| 19 | 4 |   Go   |",
        "trace-deps": "| 19 | 6 |   None   |",
        "react-native-dark": "| 19 | 1 |   TypeScript   |",
        "react-native-svg-mock": "| 17 | 7 |   JavaScript   |",
        "denim": "| 16 | 2 |   JavaScript   |",
        "dogs": "| 16 | 1 |   TypeScript   |",
        "nextjs-fargate-demo": "| 16 | 5 |   HCL   |",
        "formidable-landers": "| 15 | 4 |   JavaScript   |",
        "handlebones": "| 14 | 6 |   JavaScript   |",
        "notes": "| 14 | 8 |   JavaScript   |",
        "generator-formidable-react-component": "| 14 | 4 |   JavaScript   |",
        "webpack-disk-plugin": "| 14 | 1 |   JavaScript   |",
        "react-tutorial": "| 13 | 8 |   CSS   |",
        "spectacle-editor-viewer": "| 13 | 3 |   JavaScript   |",
        "react-native-controlled-listview": "| 13 | 4 |   JavaScript   |",
        "node-esm-examples": "| 13 | 1 |   JavaScript   |",
        "gulp-html-extract": "| 12 | 4 |   JavaScript   |",
        "simple-console": "| 12 | 3 |   JavaScript   |",
        "builder-init": "| 12 | 2 |   JavaScript   |",
        "nextjs-sanity-fe": "| 12 | 2 |   TypeScript   |",
        "publishr": "| 11 | 2 |   JavaScript   |",
        "puglify": "| 10 | 1 |   C++   |",
        "spectacle-renderer": "| 10 | 5 |   JavaScript   |",
        "learn-node": "| 9 | 3 |   JavaScript   |",
        "victory-tree": "| 9 | 3 |   JavaScript   |",
        "victory-line": "| 9 | 2 |   JavaScript   |",
        "webpack-tree-shaking-multiple-entry-points": "| 9 | 1 |   JavaScript   |",
        "notes-react-backbone": "| 8 | 1 |   JavaScript   |",
        "victory-axis": "| 8 | 6 |   JavaScript   |",
        "victory-scatter": "| 8 | 1 |   JavaScript   |",
        "victory-sunburst": "| 8 | 2 |   JavaScript   |",
        "victory-core-native": "| 8 | 7 |   JavaScript   |",
        "spectacle-scripts": "| 8 | 3 |   None   |",
        "coworking": "| 7 | 0 |   CSS   |",
        "express-winston-middleware": "| 7 | 2 |   JavaScript   |",
        "codefellows-frontend-testing": "| 7 | 3 |   JavaScript   |",
        "victory-bar": "| 7 | 10 |   JavaScript   |",
        "babel-plugin-module-alias": "| 7 | 3 |   JavaScript   |",
        "Phaedo": "| 7 | 1 |   C++   |",
        "inspectdep": "| 7 | 1 |   None   |",
        "webpack-mfe": "| 7 | 1 |   JavaScript   |",
        "formideploy": "| 7 | 1 |   JavaScript   |",
        "nextjs-serverless-demo": "| 7 | 3 |   JavaScript   |",
        "gulp-mdox": "| 6 | 1 |   JavaScript   |",
        "radon-select": "| 6 | 20 |   JavaScript   |",
        "requirepack": "| 6 | 0 |   JavaScript   |",
        "aws-serverless-express-edge": "| 6 | 4 |   JavaScript   |",
        "mongodb-testing": "| 6 | 5 |   JavaScript   |",
        "smol-range": "| 6 | 0 |   TypeScript   |",
        "learn-frontend-testing": "| 5 | 3 |   JavaScript   |",
        "builder-react-app": "| 5 | 4 |   JavaScript   |",
        "badges": "| 5 | 1 |   JavaScript   |",
        "advanced-graphql-workshop": "| 5 | 7 |   JavaScript   |",
        "spectacle-mdx-loader": "| 5 | 14 |   JavaScript   |",
        "mobx-state-tree-persist": "| 5 | 0 |   TypeScript   |",
        "abstract-log": "| 4 | 0 |   JavaScript   |",
        "builder-decks": "| 4 | 0 |   JavaScript   |",
        "radium-docs": "| 4 | 3 |   JavaScript   |",
        "component-playground-docs": "| 4 | 3 |   JavaScript   |",
        "karma-benchmarkjs-reporter": "| 4 | 1 |   JavaScript   |",
        "babel-plugin-replace-require": "| 4 | 4 |   JavaScript   |",
        "spectacle-scripts-legacy": "| 4 | 2 |   JavaScript   |",
        "inspectpack-duplicates-blog-examples": "| 4 | 1 |   JavaScript   |",
        "cascadia-2019-training": "| 4 | 4 |   JavaScript   |",
        "victory-component-boilerplate": "| 3 | 1 |   JavaScript   |",
        "reactive2015": "| 3 | 1 |   JavaScript   |",
        "builder-support": "| 3 | 2 |   JavaScript   |",
        "radium-typography": "| 3 | 0 |   None   |",
        "autolayout.js": "| 3 | 0 |   JavaScript   |",
        "victory-pie-native": "| 3 | 3 |   JavaScript   |",
        "spectacle-editor-docs": "| 3 | 0 |   JavaScript   |",
        "formidable-playbook-docs": "| 3 | 1 |   JavaScript   |",
        "aws-lambda-dogs": "| 3 | 0 |   JavaScript   |",
        "react-native-owl-demo": "| 3 | 0 |   Java   |",
        "envelop-network-viewer": "| 3 | 0 |   TypeScript   |",
        "tracing": "| 3 | 0 |   JavaScript   |",
        "Swipe": "| 2 | 0 |   JavaScript   |",
        "notes-hapi": "| 2 | 0 |   JavaScript   |",
        "victory-treemap": "| 2 | 0 |   JavaScript   |",
        "react-office-hours": "| 2 | 5 |   JavaScript   |",
        "victory-gauge": "| 2 | 4 |   JavaScript   |",
        "getting-hot-in-here": "| 2 | 0 |   JavaScript   |",
        "victory-standalone": "| 2 | 0 |   JavaScript   |",
        "victory-native-tutorial": "| 2 | 1 |   None   |",
        "webpack-alternate-require-loader": "| 2 | 1 |   JavaScript   |",
        "victory-vr-demo": "| 2 | 0 |   JavaScript   |",
        "cascadia-react-workshop-materials": "| 2 | 5 |   JavaScript   |",
        "delaunay-find": "| 2 | 2 |   JavaScript   |",
        "advanced-graphql-workshop-slides": "| 2 | 1 |   JavaScript   |",
        "september-react-training": "| 2 | 0 |   JavaScript   |",
        "bs-react-ssr-prepass": "| 2 | 0 |   Reason   |",
        "media-query-splitting-plugin": "| 2 | 0 |   JavaScript   |",
        "formidable-oss-landers": "| 2 | 0 |   JavaScript   |",
        "asdf-aws-vault": "| 2 | 0 |   Shell   |",
        "terraform-aws-http-api-gateway": "| 2 | 0 |   HCL   |",
        "terraform-aws-platform": "| 2 | 0 |   Go   |",
        "pulumi-terraform-comparison": "| 2 | 1 |   TypeScript   |",
        "eslint-plugin-no-unnecessary-hook-definition": "| 2 | 0 |   TypeScript   |",
        "yapg-client": "| 2 | 0 |   TypeScript   |",
        "underscore-chain-talk": "| 1 | 1 |   JavaScript   |",
        "gulp-karma": "| 1 | 0 |   JavaScript   |",
        "victory-util": "| 1 | 3 |   JavaScript   |",
        "builder-victory-component": "| 1 | 6 |   JavaScript   |",
        "deck-victory": "| 1 | 0 |   JavaScript   |",
        "builder-docs": "| 1 | 0 |   JavaScript   |",
        "react-art": "| 1 | 2 |   JavaScript   |",
        "test-repo-o-doom": "| 1 | 0 |   None   |",
        "builder-docs-archetype": "| 1 | 1 |   JavaScript   |",
        "presentations": "| 1 | 0 |   JavaScript   |",
        "formidable-charts-docs": "| 1 | 0 |   JavaScript   |",
        "denim-react-app": "| 1 | 0 |   JavaScript   |",
        "builder-victory-component-dev": "| 1 | 2 |   JavaScript   |",
        "victory-line-experiments": "| 1 | 0 |   JavaScript   |",
        "workerpool": "| 1 | 1 |   JavaScript   |",
        "react-native-lightbox": "| 1 | 0 |   JavaScript   |",
        "appr-test": "| 1 | 1 |   JavaScript   |",
        "jest-puppeteer": "| 1 | 0 |   JavaScript   |",
        "dinosaurjs-react-workshop": "| 1 | 3 |   HTML   |",
        "formidable-oss-badges": "| 1 | 1 |   TypeScript   |",
        "remote-jobs": "| 1 | 3 |   None   |",
        "terraform-sandbox-docker": "| 1 | 1 |   Dockerfile   |",
        "license-checker-examples": "| 1 | 0 |   JavaScript   |",
        "serverless": "| 1 | 0 |   JavaScript   |",
        "spectacle-visual-editor": "| 1 | 0 |   TypeScript   |",
        "webpack-next-externals": "| 1 | 0 |   JavaScript   |",
        "career-path-calculator": "| 1 | 0 |   JavaScript   |",
        "serverless-plugin-disable-events": "| 1 | 0 |   JavaScript   |",
        "terraform-provider-s3extra": "| 1 | 2 |   Go   |",
        "terraform-aws-lambda": "| 1 | 0 |   HCL   |",
        "monorepo-infra-experiments": "| 1 | 0 |   JavaScript   |",
        "demo-nextjs-zones": "| 1 | 1 |   TypeScript   |",
        "gui4comby": "| 1 | 2 |   CSS   |",
        "thorax": "| 0 | 0 |   JavaScript   |",
        "forgejs.com": "| 0 | 0 |   JavaScript   |",
        "glowstick-mocha": "| 0 | 0 |   JavaScript   |",
        "glowstick-client": "| 0 | 0 |   JavaScript   |",
        "glowstick": "| 0 | 0 |   JavaScript   |",
        "seattlejs-lightning-testing": "| 0 | 0 |   JavaScript   |",
        "jobboard": "| 0 | 2 |   JavaScript   |",
        "generator-handlebones": "| 0 | 1 |   JavaScript   |",
        "backbone": "| 0 | 0 |   JavaScript   |",
        "backbone-collection-view": "| 0 | 0 |   JavaScript   |",
        "cascadiajs2014-app": "| 0 | 1 |   JavaScript   |",
        "istanbul": "| 0 | 0 |   None   |",
        "notes-func-test": "| 0 | 0 |   JavaScript   |",
        "formidablelabs.github.io": "| 0 | 0 |   HTML   |",
        "fred-jones": "| 0 | 0 |   JavaScript   |",
        "d3-time-format": "| 0 | 0 |   JavaScript   |",
        "d3-format": "| 0 | 0 |   JavaScript   |",
        "d3-color": "| 0 | 0 |   JavaScript   |",
        "d3-shape": "| 0 | 0 |   JavaScript   |",
        "d3-scale": "| 0 | 0 |   JavaScript   |",
        "webpack-switch-loader": "| 0 | 0 |   JavaScript   |",
        "build-experiments": "| 0 | 0 |   JavaScript   |",
        "shared-requirejs-webpack": "| 0 | 0 |   JavaScript   |",
        "require-handlebars-plugin": "| 0 | 1 |   JavaScript   |",
        "d3-interpolate": "| 0 | 0 |   JavaScript   |",
        "builder-core": "| 0 | 0 |   None   |",
        "victory-voronoi": "| 0 | 1 |   JavaScript   |",
        "blabs-gifs": "| 0 | 1 |   None   |",
        "victory-label": "| 0 | 1 |   JavaScript   |",
        "victory-force": "| 0 | 0 |   JavaScript   |",
        "radium-component-library": "| 0 | 0 |   None   |",
        "builder-radium-component": "| 0 | 0 |   JavaScript   |",
        "art": "| 0 | 0 |   JavaScript   |",
        "spectacle-docs": "| 0 | 1 |   None   |",
        "builder-examples": "| 0 | 0 |   None   |",
        "install-experiments-npmv3": "| 0 | 0 |   None   |",
        "test-repo-o-doom-two": "| 0 | 0 |   None   |",
        "kiwi": "| 0 | 0 |   C++   |",
        "webpack-dashboard-docs": "| 0 | 0 |   JavaScript   |",
        "docs-site-cli": "| 0 | 0 |   JavaScript   |",
        "multibot-examples": "| 0 | 0 |   JavaScript   |",
        "history": "| 0 | 0 |   JavaScript   |",
        "react-date-range": "| 0 | 0 |   JavaScript   |",
        "inspectpack-test-fixtures": "| 0 | 0 |   JavaScript   |",
        "old-lodash": "| 0 | 0 |   JavaScript   |",
        "nodecache": "| 0 | 1 |   CoffeeScript   |",
        "seattle.js-prospectus": "| 0 | 0 |   None   |",
        "sinon": "| 0 | 0 |   JavaScript   |",
        "builder-react-component-dev": "| 0 | 0 |   JavaScript   |",
        "node-timeoutify-async-function": "| 0 | 1 |   None   |",
        "nodejs-dashboard-75-experiments": "| 0 | 0 |   JavaScript   |",
        "development-dashboards-docs": "| 0 | 1 |   CSS   |",
        "react-native-yunpeng-webview": "| 0 | 1 |   Objective-C   |",
        "rlr-tree-shaking-experiment": "| 0 | 0 |   JavaScript   |",
        "victory-perf-points-experiment": "| 0 | 0 |   JavaScript   |",
        "radium-experiments-v0.22": "| 0 | 0 |   JavaScript   |",
        "radium-arrow-render-738": "| 0 | 0 |   JavaScript   |",
        "formidable-workshopme-rn-workshop": "| 0 | 0 |   JavaScript   |",
        "sauce-contributions": "| 0 | 0 |   JavaScript   |",
        "react-number-format": "| 0 | 1 |   JavaScript   |",
        "analytics-react-native": "| 0 | 0 |   TypeScript   |",
        "dynamodb-localdev": "| 0 | 0 |   None   |",
        "analytics-android": "| 0 | 0 |   Java   |",
        "analytics-ios": "| 0 | 0 |   Objective-C   |",
        ".github": "| 0 | 1 |   None   |",
        "urql-build-tools": "| 0 | 0 |   TypeScript   |",
        "howtographql": "| 0 | 0 |   TypeScript   |",
        "ssr-experiments": "| 0 | 1 |   JavaScript   |",
        "oss-landers": "| 0 | 0 |   None   |",
        "typewriter": "| 0 | 1 |   None   |",
        "match-str": "| 0 | 0 |   JavaScript   |",
        "mitm-experiments": "| 0 | 0 |   JavaScript   |",
        "serverless-layers-aws-issue": "| 0 | 0 |   JavaScript   |",
        "resize-observer-experiments": "| 0 | 0 |   JavaScript   |",
        "serverless-test": "| 0 | 0 |   None   |",
        "webpack-ns-tree-shaking": "| 0 | 0 |   JavaScript   |",
        "aws-vault": "| 0 | 0 |   None   |",
        "victory-tree-shaking": "| 0 | 0 |   JavaScript   |",
        "asdf-checkov": "| 0 | 0 |   Shell   |",
        "graphql-inspector": "| 0 | 0 |   None   |",
        "docusaurus": "| 0 | 0 |   None   |",
        "t3-notes-demo": "| 0 | 0 |   TypeScript   |",
        "showcase-sanity-mux-react-native-app": "| 0 | 0 |   TypeScript   |",
        "spectacle-mini-cli": "| 0 | 1 |   JavaScript   |",
        "benchmark-serverless": "| 0 | 0 |   JavaScript   |",
        "victory-vite-example": "| 0 | 0 |   JavaScript   |"
    }
}