{
    "company": "Fortinet",
    "h-index": 9,
    "repo count": 55,
    "contributor count": 97,
    "size": "todo",
    "employee count": "todo",
    "country": "Sunnyvale, California",
    "top language": "Python",
    "repos": {
        "azure-templates": "| 68 | 82 |   HCL   |",
        "fortigate-terraform-deploy": "| 67 | 169 |   HCL   |",
        "aws-cloudformation-templates": "| 27 | 65 |   Python   |",
        "4D-Demo": "| 26 | 16 |   HCL   |",
        "ips-bph-framework": "| 23 | 10 |   AutoIt   |",
        "fortios-ips-snort": "| 22 | 11 |   Python   |",
        "fortigate-autoscale": "| 12 | 11 |   None   |",
        "aws-lambda-guardduty": "| 11 | 11 |   JavaScript   |",
        "fortigate-autoscale-azure": "| 10 | 8 |   TypeScript   |",
        "ansible-fortimanager-generic": "| 7 | 6 |   Python   |",
        "fortigate-autoscale-aws": "| 7 | 8 |   TypeScript   |",
        "fortiwebcloud-ansible": "| 5 | 2 |   Python   |",
        "alicloud-aa-egress-route-failover": "| 4 | 2 |   TypeScript   |",
        "fortiweb-autoscale": "| 4 | 1 |   JavaScript   |",
        "fortigate-tutorial-gcp": "| 4 | 8 |   Shell   |",
        "aws-security-group-update": "| 3 | 2 |   JavaScript   |",
        "aws-lambda-logstorage": "| 3 | 2 |   JavaScript   |",
        "gcp-security-group-update": "| 3 | 1 |   JavaScript   |",
        "ansible-fortios-generic": "| 3 | 4 |   Python   |",
        "fortiweb-ha": "| 3 | 6 |   HCL   |",
        "google-capirca": "| 3 | 3 |   Python   |",
        "terraform-provider-fortios": "| 2 | 0 |   None   |",
        "demo-extensions": "| 2 | 4 |   HCL   |",
        "fortigate-autoscale-aws-tgw": "| 2 | 3 |   JavaScript   |",
        "aws-cloudformation-resource-provider": "| 2 | 1 |   Java   |",
        "terraform-secure-remote-access": "| 2 | 4 |   HCL   |",
        "k8s-fortigate-ctrl": "| 2 | 2 |   Python   |",
        "openconfig-public": "| 2 | 1 |   None   |",
        "fortiwebcloud-terraform": "| 2 | 1 |   Go   |",
        "fortigate-gcp-ncc": "| 2 | 2 |   Python   |",
        "vmware-nsxt-templates": "| 1 | 0 |   Shell   |",
        "azure-security-group-update": "| 1 | 0 |   JavaScript   |",
        "alicloud-autoscale": "| 1 | 1 |   JavaScript   |",
        "fortigate-autoscale-gcp": "| 1 | 4 |   TypeScript   |",
        "ftnt-devops-ci": "| 1 | 2 |   JavaScript   |",
        "azure-function-load-balancer-rule-sync": "| 1 | 0 |   TypeScript   |",
        "fortiadc-aws-autoscale": "| 1 | 1 |   JavaScript   |",
        "fortiadc-ansible": "| 1 | 3 |   Python   |",
        "ibm-fortigate-AP-HA-terraform-deploy": "| 1 | 6 |   HCL   |",
        "fortiadc-azure-ha": "| 1 | 1 |   None   |",
        "fortiadc-ingress": "| 1 | 5 |   Smarty   |",
        "fortiweb-gcp-templates": "| 1 | 0 |   Python   |",
        "alicloud-security-group-update": "| 0 | 0 |   JavaScript   |",
        "autoscale-core": "| 0 | 4 |   TypeScript   |",
        "quickstart-fortinet-fortigate-1": "| 0 | 0 |   JavaScript   |",
        "fortiwebcloud-jenkins": "| 0 | 1 |   Python   |",
        "ibm-fortigate-terraform-deploy": "| 0 | 4 |   HCL   |",
        "github-action-version-pr": "| 0 | 1 |   TypeScript   |",
        "github-action-version-branch": "| 0 | 0 |   TypeScript   |",
        "project-release-pipeline-poc": "| 0 | 0 |   TypeScript   |",
        "concourse-resource-type-azure-rest-api": "| 0 | 1 |   TypeScript   |",
        "fortidast-jenkins": "| 0 | 1 |   Java   |",
        "fortidast-gitlab": "| 0 | 0 |   Python   |",
        "fortiadc-declarative-schema": "| 0 | 0 |   None   |",
        "fortiadc-gcp-templates": "| 0 | 0 |   Python   |"
    }
}