{
    "company": "Font Awesome",
    "h-index": 11,
    "repo count": 34,
    "contributor count": 827,
    "size": "todo",
    "employee count": "todo",
    "country": "United States of America",
    "top language": "JavaScript",
    "repos": {
        "Font-Awesome": "| 71410 | 12421 |   JavaScript   |",
        "react-fontawesome": "| 3610 | 256 |   JavaScript   |",
        "vue-fontawesome": "| 2366 | 146 |   JavaScript   |",
        "angular-fontawesome": "| 1376 | 150 |   TypeScript   |",
        "font-awesome-sass": "| 903 | 262 |   Ruby   |",
        "react-native-fontawesome": "| 316 | 48 |   JavaScript   |",
        "ember-fontawesome": "| 118 | 45 |   JavaScript   |",
        "font-awesome-less": "| 67 | 41 |   CSS   |",
        "wordpress-fontawesome": "| 50 | 15 |   PHP   |",
        "Blog-Awesome": "| 37 | 12 |   CSS   |",
        "phoenix-app": "| 16 | 5 |   Dockerfile   |",
        "fa-icon-chooser": "| 11 | 5 |   CSS   |",
        "jsonapi-serializer": "| 6 | 1 |   JavaScript   |",
        "svelte-fontawesome": "| 5 | 2 |   JavaScript   |",
        "envied": "| 4 | 1 |   Ruby   |",
        "react-fontawesome-examples": "| 4 | 0 |   JavaScript   |",
        "svg.js": "| 3 | 0 |   None   |",
        "user_impersonate2": "| 2 | 2 |   Ruby   |",
        "docker-https-proxy": "| 2 | 0 |   Dockerfile   |",
        "exjsx": "| 2 | 0 |   None   |",
        "spaceawesome-feedback": "| 2 | 0 |   None   |",
        "actions": "| 1 | 0 |   Dockerfile   |",
        "svg": "| 1 | 0 |   Rust   |",
        "react-with-npm": "| 1 | 0 |   HTML   |",
        "fa-vue-example": "| 1 | 1 |   Vue   |",
        "rfa-basic-use": "| 1 | 0 |   HTML   |",
        "exvcr": "| 1 | 0 |   None   |",
        "culture.github.io": "| 1 | 0 |   HTML   |",
        "magic-iframe": "| 0 | 0 |   None   |",
        "create-react-app": "| 0 | 0 |   None   |",
        "inky": "| 0 | 0 |   JavaScript   |",
        "Security-Docs-and-Attestation": "| 0 | 0 |   None   |",
        "allsorts": "| 0 | 0 |   None   |",
        "owned-ttf-parser": "| 0 | 0 |   None   |"
    }
}