{
    "company": "FOSSASIA",
    "h-index": 236,
    "repo count": 242,
    "contributor count": 2359,
    "size": "todo",
    "employee count": "todo",
    "country": "Singapore",
    "top language": "JavaScript",
    "repos": {
        "visdom": "| 9612 | 1144 |   Python   |",
        "open-event-server": "| 2884 | 1872 |   Python   |",
        "phimpme-android": "| 2552 | 949 |   Java   |",
        "susi_server": "| 2445 | 1093 |   Java   |",
        "susi_android": "| 2388 | 1129 |   Kotlin   |",
        "open-event-frontend": "| 2251 | 1737 |   JavaScript   |",
        "open-event-droidgen": "| 2043 | 841 |   Java   |",
        "pslab-android": "| 2024 | 822 |   Java   |",
        "open-event-wsgen": "| 2009 | 864 |   JavaScript   |",
        "susi.ai": "| 1980 | 833 |   JavaScript   |",
        "open-event-attendee-android": "| 1936 | 564 |   Kotlin   |",
        "fossasia.org": "| 1879 | 679 |   Less   |",
        "star-me": "| 1866 | 698 |   JavaScript   |",
        "susi_iOS": "| 1840 | 139 |   Swift   |",
        "loklak_search": "| 1826 | 582 |   TypeScript   |",
        "open-event-organizer-android": "| 1781 | 509 |   Java   |",
        "badge-magic-android": "| 1774 | 178 |   Kotlin   |",
        "badgeyay": "| 1774 | 452 |   JavaScript   |",
        "meilix": "| 1767 | 220 |   Python   |",
        "pslab-desktop": "| 1756 | 369 |   JavaScript   |",
        "susper.com": "| 1730 | 310 |   TypeScript   |",
        "neurolab-android": "| 1696 | 448 |   Java   |",
        "open-event": "| 1695 | 176 |   Python   |",
        "labs.fossasia.org": "| 1664 | 253 |   CSS   |",
        "gci16.fossasia.org": "| 1649 | 278 |   HTML   |",
        "query-server": "| 1648 | 265 |   Python   |",
        "codeheat.org": "| 1623 | 336 |   Less   |",
        "pslab-python": "| 1619 | 220 |   Python   |",
        "pslab-hardware": "| 1606 | 91 |   Gnuplot   |",
        "pslab-sister": "| 1599 | 136 |   None   |",
        "flappy-svg": "| 1597 | 160 |   JavaScript   |",
        "gci15.fossasia.org": "| 1593 | 232 |   HTML   |",
        "susi_linux": "| 1589 | 152 |   Python   |",
        "gci17.fossasia.org": "| 1588 | 211 |   CSS   |",
        "2017.fossasia.org": "| 1575 | 104 |   HTML   |",
        "fossasia-communities": "| 1572 | 86 |   None   |",
        "2018.fossasia.org": "| 1572 | 199 |   HTML   |",
        "susi_skill_cms": "| 1566 | 157 |   JavaScript   |",
        "gci14.fossasia.org": "| 1564 | 110 |   JavaScript   |",
        "open-event-attendee-ios": "| 1563 | 67 |   Swift   |",
        "2016.fossasia.org": "| 1560 | 120 |   CSS   |",
        "2012.fossasia.org": "| 1559 | 79 |   CSS   |",
        "knittingpattern": "| 1551 | 29 |   Python   |",
        "pslab-firmware": "| 1550 | 71 |   C   |",
        "loklak_webclient": "| 1548 | 50 |   JavaScript   |",
        "loklak_wok_android": "| 1547 | 89 |   Java   |",
        "directory.api.fossasia.net": "| 1542 | 48 |   Python   |",
        "2015.fossasia.org": "| 1536 | 49 |   CSS   |",
        "yaydoc": "| 1536 | 128 |   JavaScript   |",
        "susi_chromebot": "| 1536 | 137 |   JavaScript   |",
        "neurolab-hardware": "| 1535 | 38 |   None   |",
        "meilix-systemlock": "| 1534 | 18 |   Python   |",
        "2014.fossasia.org": "| 1533 | 41 |   HTML   |",
        "phimpme-drupal": "| 1530 | 15 |   PHP   |",
        "x-mario": "| 1529 | 1 |   Shell   |",
        "phimpme-wordpress": "| 1528 | 7 |   PHP   |",
        "sg18.sciencehack.asia": "| 1528 | 21 |   CSS   |",
        "yaydoc-artwork": "| 1528 | 5 |   None   |",
        "pslab-case": "| 1526 | 6 |   None   |",
        "2011.fossasia.org": "| 1526 | 7 |   HTML   |",
        "fossasia.net": "| 1526 | 11 |   HTML   |",
        "knitweb": "| 1526 | 11 |   JavaScript   |",
        "meilix-generator": "| 1526 | 115 |   HTML   |",
        "xmario_buildscript": "| 1525 | 4 |   Shell   |",
        "api.fossasia.net": "| 1525 | 8 |   JavaScript   |",
        "fossasia-nodemailer": "| 1525 | 7 |   JavaScript   |",
        "fossasia-companion-android": "| 1525 | 38 |   Java   |",
        "knitlib": "| 1525 | 14 |   Python   |",
        "unesco.sciencehack.asia": "| 1525 | 38 |   CSS   |",
        "CommonsNet": "| 1525 | 23 |   JavaScript   |",
        "circle-knitting": "| 1524 | 3 |   None   |",
        "searss": "| 1524 | 42 |   Python   |",
        "2010.fossasia.org": "| 1523 | 13 |   HTML   |",
        "2023.fossasia.org": "| 1523 | 0 |   HTML   |",
        "hotelxoai.com": "| 1523 | 14 |   HTML   |",
        "pslab-expeyes": "| 1523 | 20 |   Python   |",
        "fossasia11-drupal": "| 1522 | 2 |   PHP   |",
        "blog.fossasia.org": "| 1522 | 5 |   None   |",
        "susi_smart_box": "| 1522 | 5 |   None   |",
        "fossasia10-drupal": "| 1521 | 3 |   PHP   |",
        "perspektive89.com": "| 1521 | 2 |   None   |",
        "common.api.fossasia.net": "| 1520 | 3 |   JavaScript   |",
        "susper-backbone": "| 1520 | 38 |   HTML   |",
        "cmap.api.fossasia.net": "| 1519 | 4 |   JavaScript   |",
        "labyrinth": "| 1519 | 153 |   JavaScript   |",
        "feed.api.freifunk.net": "| 1518 | 4 |   PHP   |",
        "feed.api.fossasia.net": "| 1518 | 9 |   PHP   |",
        "foss.vn": "| 1518 | 3 |   HTML   |",
        "loklak-webtweets": "| 1517 | 13 |   Less   |",
        "knitpat": "| 1514 | 9 |   Python   |",
        "fossasia.github.io": "| 1513 | 10 |   HTML   |",
        "jugaadfest.com": "| 1513 | 22 |   HTML   |",
        "susi_tweetbot": "| 1513 | 39 |   JavaScript   |",
        "pslab-test-jig": "| 1512 | 5 |   None   |",
        "knitserver": "| 1511 | 3 |   JavaScript   |",
        "open-event-scraper": "| 1511 | 29 |   Python   |",
        "susi_skill_data": "| 1511 | 99 |   None   |",
        "open-event-next": "| 1510 | 98 |   TypeScript   |",
        "sciencehack.asia": "| 1509 | 9 |   CSS   |",
        "loklak_tweetheatmap": "| 1508 | 8 |   JavaScript   |",
        "timeline.api.fossasia.net": "| 1507 | 4 |   JavaScript   |",
        "fossasia-artwork": "| 1507 | 25 |   None   |",
        "engelsystem": "| 1507 | 31 |   CSS   |",
        "loklak_movietweets": "| 1505 | 5 |   HTML   |",
        "kniteditor": "| 1504 | 29 |   Inno Setup   |",
        "2021.fossasia.org": "| 1503 | 37 |   HTML   |",
        "susi_fbbot": "| 1503 | 48 |   JavaScript   |",
        "wp-tweet-feed-plugin": "| 1502 | 9 |   PHP   |",
        "event-collect": "| 1502 | 28 |   Python   |",
        "susi_desktop": "| 1502 | 45 |   JavaScript   |",
        "loklak_heatmap": "| 1501 | 2 |   HTML   |",
        "loklak_wp_plugins": "| 1501 | 11 |   PHP   |",
        "wp-accesspress-twitter-feed": "| 1500 | 6 |   PHP   |",
        "susi_telegrambot": "| 1500 | 38 |   JavaScript   |",
        "susi_slackbot": "| 1499 | 27 |   JavaScript   |",
        "sciencehack.in": "| 1499 | 22 |   HTML   |",
        "events.fossasia.org": "| 1499 | 55 |   Less   |",
        "loklak_walls": "| 1498 | 7 |   JavaScript   |",
        "geolocation": "| 1498 | 43 |   JavaScript   |",
        "accounts.susi.ai": "| 1498 | 92 |   JavaScript   |",
        "support.eventyay.com": "| 1497 | 64 |   HTML   |",
        "fossasia-webfeeds": "| 1496 | 2 |   JavaScript   |",
        "wp-recent-tweet": "| 1496 | 3 |   PHP   |",
        "loklak_tweetsearch_android": "| 1496 | 12 |   Java   |",
        "wp-tweets-widget": "| 1495 | 6 |   PHP   |",
        "open-event-scripts": "| 1495 | 10 |   Python   |",
        "badge-magic-ios": "| 1495 | 13 |   Swift   |",
        "susi_firefoxbot": "| 1493 | 57 |   JavaScript   |",
        "2020.fossasia.org": "| 1491 | 10 |   HTML   |",
        "knitting.fossasia.org": "| 1491 | 7 |   None   |",
        "pslab-grove-shield": "| 1490 | 8 |   Gnuplot   |",
        "wp-rotatingtweets": "| 1489 | 1 |   PHP   |",
        "coc.fossasia.org": "| 1489 | 4 |   CSS   |",
        "loklak_heatmapper": "| 1489 | 3 |   JavaScript   |",
        "KikiAuth": "| 1488 | 2 |   Lua   |",
        "wp-twitter-feeds": "| 1487 | 4 |   PHP   |",
        "wp-dev-buddy": "| 1487 | 3 |   PHP   |",
        "badgemagic.fossasia.org": "| 1486 | 2 |   None   |",
        "wp-twidget": "| 1486 | 2 |   PHP   |",
        "AYABInterface": "| 1486 | 8 |   Python   |",
        "susi_kikbot": "| 1486 | 26 |   JavaScript   |",
        "Xoai-Artwork": "| 1485 | 3 |   None   |",
        "lxde-artwork": "| 1485 | 1 |   None   |",
        "wp-juiz-last-tweet-widget": "| 1484 | 2 |   PHP   |",
        "x-mario-center": "| 1484 | 5 |   Python   |",
        "loklak_telegrambot": "| 1484 | 13 |   Python   |",
        "tofsims": "| 1484 | 5 |   R   |",
        "lubuntu-artwork": "| 1483 | 2 |   None   |",
        "open-event-organizer-ios": "| 1483 | 34 |   Swift   |",
        "2018.codeheat.org": "| 1482 | 11 |   CSS   |",
        "lxlauncher-vala": "| 1482 | 1 |   Vala   |",
        "mbdyn-gci": "| 1482 | 5 |   None   |",
        "open-event-checkin-android": "| 1482 | 4 |   None   |",
        "susi_artwork": "| 1481 | 5 |   None   |",
        "calendar.fossasia.org": "| 1480 | 7 |   CSS   |",
        "susi_wechatbot": "| 1480 | 9 |   None   |",
        "asksusi": "| 1480 | 36 |   CSS   |",
        "dev.susi.ai": "| 1478 | 9 |   None   |",
        "2013.fossasia.org": "| 1477 | 3 |   HTML   |",
        "mew": "| 1477 | 25 |   Python   |",
        "MMM-SUSI-AI": "| 1477 | 19 |   TypeScript   |",
        "susi_api_wrapper": "| 1476 | 31 |   Python   |",
        "fossbridge.com": "| 1475 | 5 |   HTML   |",
        "sciencehack-artwork": "| 1474 | 3 |   PostScript   |",
        "pslab-webapp": "| 1473 | 42 |   JavaScript   |",
        "susi_viberbot": "| 1471 | 15 |   JavaScript   |",
        "bbb-download": "| 1471 | 14 |   JavaScript   |",
        "open-event-theme": "| 1470 | 26 |   JavaScript   |",
        "susi_linebot": "| 1470 | 36 |   JavaScript   |",
        "publiccode.asia": "| 1470 | 173 |   JavaScript   |",
        "loklak_scraper_js": "| 1468 | 16 |   JavaScript   |",
        "open-event-legacy": "| 1468 | 41 |   Python   |",
        "green-park-2": "| 1467 | 5 |   PHP   |",
        "connfa-android": "| 1467 | 30 |   Java   |",
        "susi_alexa_skill": "| 1466 | 17 |   JavaScript   |",
        "susi_gassistantbot": "| 1464 | 13 |   JavaScript   |",
        "Flask_Simple_Form": "| 1464 | 50 |   HTML   |",
        "susi_gitterbot": "| 1463 | 21 |   JavaScript   |",
        "jobs.fossasia.org": "| 1462 | 9 |   HTML   |",
        "admin.susi.ai": "| 1462 | 6 |   HTML   |",
        "susi_skypebot": "| 1460 | 11 |   JavaScript   |",
        "susi_hangoutbot": "| 1459 | 10 |   JavaScript   |",
        "susi_cortana_skill": "| 1457 | 12 |   JavaScript   |",
        "pslab-artwork": "| 1456 | 12 |   None   |",
        "2017.codeheat.org": "| 1456 | 6 |   CSS   |",
        "loklak_publisher": "| 1455 | 4 |   TypeScript   |",
        "sphinx_fossasia_theme": "| 1455 | 14 |   HTML   |",
        "loklak-timeline-plugin": "| 1454 | 4 |   JavaScript   |",
        "phimpme-artwork": "| 1454 | 3 |   None   |",
        "neurolab-firmware": "| 1454 | 28 |   C++   |",
        "pslab-documentation": "| 1454 | 58 |   Python   |",
        "giggity": "| 1453 | 14 |   Java   |",
        "opendesign.asia": "| 1453 | 19 |   HTML   |",
        "giraffe": "| 1452 | 13 |   Java   |",
        "2016.codeheat.org": "| 1451 | 4 |   CSS   |",
        "sphinx_susiai_theme": "| 1450 | 16 |   HTML   |",
        "sciencetech.asia": "| 1448 | 2 |   HTML   |",
        "sphinx_phimpme_theme": "| 1448 | 2 |   HTML   |",
        "Ember_Simple_Calculator": "| 1447 | 25 |   JavaScript   |",
        "pslab-bootloader": "| 1446 | 8 |   C   |",
        "meilix-artwork": "| 1445 | 18 |   Shell   |",
        "jugaadfest-artwork": "| 1442 | 5 |   None   |",
        "2019.fossasia.org": "| 1438 | 139 |   HTML   |",
        "techcul.org": "| 1437 | 8 |   Less   |",
        "Connect-Me": "| 1368 | 78 |   JavaScript   |",
        "dmca": "| 1336 | 3 |   None   |",
        "meilix.org": "| 1304 | 4 |   HTML   |",
        "flask-rest-jsonapi": "| 1248 | 20 |   Python   |",
        "scrum_helper": "| 1223 | 56 |   JavaScript   |",
        "susi_twitchbot": "| 1223 | 26 |   JavaScript   |",
        "susi_zulipbot": "| 1214 | 5 |   None   |",
        "snowboy": "| 1188 | 18 |   C++   |",
        "gci18.fossasia.org": "| 1181 | 98 |   CSS   |",
        "pi-gen": "| 1100 | 7 |   Shell   |",
        "jp.pslab.io": "| 929 | 2 |   None   |",
        "in.pslab.io": "| 889 | 0 |   None   |",
        "fossasia-jekyll-theme": "| 872 | 5 |   CSS   |",
        "fossasia.sg": "| 853 | 8 |   HTML   |",
        "eventyay-artwork": "| 839 | 4 |   None   |",
        "susi_installer": "| 823 | 53 |   Shell   |",
        "summit.fossasia.org": "| 820 | 94 |   HTML   |",
        "susi_python": "| 798 | 24 |   Python   |",
        "photos.fossasia.org": "| 796 | 7 |   HTML   |",
        "susi_speech_server": "| 789 | 6 |   Python   |",
        "FOSSASIA-Office": "| 784 | 1 |   None   |",
        "2019.codeheat.org": "| 678 | 14 |   Less   |",
        "orgmanager": "| 640 | 39 |   PHP   |",
        "fossasia-presentations": "| 630 | 3 |   Makefile   |",
        "hyderabad.jugaadfest.com": "| 624 | 3 |   HTML   |",
        "delhi.jugaadfest.com": "| 624 | 3 |   HTML   |",
        "speech_recognition": "| 600 | 35 |   Python   |",
        "led-name-badge-ls32": "| 594 | 11 |   Python   |",
        "Event-Safety-Measures": "| 482 | 4 |   None   |",
        "libsigrokdecode": "| 318 | 7 |   None   |",
        "libsigrok": "| 314 | 8 |   C   |",
        "eventyay.de": "| 270 | 4 |   HTML   |",
        "code.fossasia.org": "| 168 | 2 |   Less   |",
        "ember-l10n": "| 112 | 0 |   None   |",
        "2020.codeheat.org": "| 102 | 0 |   Less   |",
        "2022.fossasia.org": "| 78 | 4 |   HTML   |",
        "chatmosphere-app": "| 42 | 3 |   JavaScript   |",
        "cmake-microchip": "| 40 | 1 |   CMake   |"
    }
}