{
    "company": "freeCodeCamp \u4e2d\u56fd",
    "h-index": 5,
    "repo count": 10,
    "contributor count": 598,
    "size": "todo",
    "employee count": "todo",
    "country": "Suzhou, China",
    "top language": "JavaScript",
    "repos": {
        "freecodecamp.cn": "| 36461 | 1369 |   CSS   |",
        "blog": "| 51 | 17 |   None   |",
        "challenges": "| 30 | 34 |   JavaScript   |",
        "FreeCodeCampChina.github.io": "| 22 | 6 |   HTML   |",
        "freeCodeCamp": "| 9 | 2 |   JavaScript   |",
        "curriculum-cn": "| 5 | 2 |   JavaScript   |",
        "meetings": "| 3 | 0 |   None   |",
        "Assets": "| 1 | 1 |   None   |",
        "curriculum": "| 1 | 2 |   JavaScript   |",
        "freecodecamp-cn-challenges-diff-parser": "| 1 | 0 |   JavaScript   |"
    }
}