{
    "company": "freeCodeCamp.org",
    "h-index": 45,
    "repo count": 213,
    "contributor count": 3645,
    "size": "todo",
    "employee count": "todo",
    "country": "Just here on Earth... for now",
    "top language": "JavaScript",
    "repos": {
        "freeCodeCamp": "| 365974 | 31940 |   TypeScript   |",
        "devdocs": "| 31445 | 2125 |   Ruby   |",
        "how-to-contribute-to-open-source": "| 7692 | 1655 |   Ruby   |",
        "mail-for-good": "| 3841 | 523 |   JavaScript   |",
        "guide": "| 2122 | 4344 |   None   |",
        "chapter": "| 1907 | 372 |   TypeScript   |",
        "LearnToCodeRPG": "| 934 | 96 |   Ren'Py   |",
        "boilerplate-npm": "| 458 | 6324 |   JavaScript   |",
        "learn": "| 414 | 214 |   JavaScript   |",
        "pantry-for-good": "| 375 | 193 |   JavaScript   |",
        "meeting-for-good": "| 334 | 116 |   JavaScript   |",
        "mobile": "| 297 | 86 |   Dart   |",
        "CurriculumExpansion": "| 290 | 91 |   JavaScript   |",
        "wiki": "| 277 | 332 |   JavaScript   |",
        "100DaysOfCode-twitter-bot": "| 277 | 110 |   JavaScript   |",
        "boilerplate-infosec": "| 225 | 1076 |   JavaScript   |",
        "2016-new-coder-survey": "| 192 | 62 |   R   |",
        "testable-projects-fcc": "| 171 | 120 |   JavaScript   |",
        "chinese": "| 167 | 191 |   None   |",
        "boilerplate-express": "| 166 | 2709 |   JavaScript   |",
        "league-for-good": "| 161 | 101 |   JavaScript   |",
        "Developer_Quiz_Site": "| 156 | 242 |   TypeScript   |",
        "open-data": "| 142 | 41 |   HTML   |",
        "python-coding-challenges": "| 141 | 172 |   Python   |",
        "boilerplate-mochachai": "| 133 | 1176 |   JavaScript   |",
        "conference-for-good": "| 118 | 33 |   TypeScript   |",
        "web3-curriculum": "| 116 | 47 |   JavaScript   |",
        "coderadio-client": "| 113 | 43 |   JavaScript   |",
        "assets": "| 97 | 53 |   None   |",
        "camper-gitter-bot": "| 93 | 63 |   JavaScript   |",
        "demo-projects": "| 93 | 61 |   JavaScript   |",
        "classroom": "| 93 | 58 |   JavaScript   |",
        "open-api": "| 88 | 27 |   JavaScript   |",
        "boilerplate-project-timestamp": "| 87 | 1583 |   JavaScript   |",
        "curriculum": "| 82 | 122 |   JavaScript   |",
        "100DaysOfCode-discord-bot": "| 66 | 39 |   TypeScript   |",
        "open-source-for-good-directory": "| 65 | 16 |   JavaScript   |",
        "cdn": "| 65 | 57 |   Python   |",
        "solana-curriculum": "| 64 | 17 |   JavaScript   |",
        "boilerplate-mongomongoose": "| 60 | 1027 |   JavaScript   |",
        "2017-new-coder-survey": "| 55 | 17 |   R   |",
        "euler-rust": "| 54 | 22 |   JavaScript   |",
        "Rust-In-Replit": "| 51 | 36 |   JavaScript   |",
        "study-group-directory": "| 46 | 55 |   CSS   |",
        "news": "| 45 | 32 |   JavaScript   |",
        "boilerplate-project-urlshortener": "| 44 | 1074 |   JavaScript   |",
        "massification": "| 42 | 9 |   JavaScript   |",
        "videos-translation": "| 38 | 4 |   None   |",
        "infra": "| 37 | 12 |   TypeScript   |",
        "boilerplate-advancednode": "| 36 | 376 |   JavaScript   |",
        "design-style-guide": "| 35 | 32 |   HTML   |",
        "news-theme": "| 34 | 20 |   Handlebars   |",
        "freeCodeCampOS": "| 34 | 10 |   JavaScript   |",
        "boilerplate-project-exercisetracker": "| 32 | 1056 |   JavaScript   |",
        "FreeCodeCampTriviaQuiz": "| 32 | 16 |   JavaScript   |",
        "boilerplate-project-headerparser": "| 30 | 1091 |   JavaScript   |",
        "math-for-programmers-prototype": "| 30 | 12 |   JavaScript   |",
        "classroom-mode-archived": "| 30 | 15 |   JavaScript   |",
        "courses-vscode-extension": "| 30 | 10 |   TypeScript   |",
        "2018-jamstack-hackathon": "| 27 | 95 |   None   |",
        "2018-new-coder-survey": "| 27 | 6 |   R   |",
        "discord-bot": "| 27 | 20 |   TypeScript   |",
        "boilerplate-medical-data-visualizer": "| 27 | 149 |   Python   |",
        "multiple-choice-questions": "| 26 | 14 |   JavaScript   |",
        "boilerplate-project-filemetadata": "| 25 | 791 |   JavaScript   |",
        "arcade-mode": "| 24 | 30 |   JavaScript   |",
        "rocketchat-bot": "| 24 | 17 |   TypeScript   |",
        "boilerplate-project-stockchecker": "| 22 | 232 |   JavaScript   |",
        "2018-online-jamstack-hackathon": "| 22 | 83 |   None   |",
        "learn-bash-by-building-a-boilerplate": "| 21 | 51 |   None   |",
        "learn-relational-databases-by-building-a-mario-database": "| 20 | 39 |   None   |",
        "rdb-alpha": "| 20 | 12 |   Dockerfile   |",
        "boilerplate-project-messageboard": "| 19 | 154 |   JavaScript   |",
        "boilerplate-project-issuetracker": "| 19 | 283 |   JavaScript   |",
        "boilerplate-budget-app": "| 19 | 163 |   Python   |",
        "sendgrid-email-blast": "| 19 | 4 |   TypeScript   |",
        "PhoneIDE": "| 19 | 4 |   Dart   |",
        "near-curriculum": "| 19 | 6 |   JavaScript   |",
        "JulyGameDev": "| 18 | 3 |   JavaScript   |",
        "COM1000": "| 18 | 14 |   JavaScript   |",
        "learn-bash-scripting-by-building-five-programs": "| 17 | 33 |   None   |",
        "scrapepark.org": "| 17 | 1 |   HTML   |",
        "learn-sql-by-building-a-student-database-part-1": "| 16 | 31 |   None   |",
        "freecodecamp-dark-vscode-theme": "| 16 | 7 |   None   |",
        "nginx-config": "| 15 | 10 |   None   |",
        "boilerplate-project-sudoku-solver": "| 15 | 173 |   JavaScript   |",
        "boilerplate-arithmetic-formatter": "| 15 | 248 |   Python   |",
        "2021-new-coder-survey": "| 15 | 4 |   None   |",
        "boilerplate-project-metricimpconverter": "| 14 | 374 |   JavaScript   |",
        "outreach-for-good": "| 14 | 6 |   JavaScript   |",
        "search": "| 14 | 5 |   JavaScript   |",
        "wiki-generator": "| 13 | 8 |   JavaScript   |",
        "scripts": "| 13 | 7 |   TypeScript   |",
        "hour-of-code": "| 13 | 8 |   JavaScript   |",
        "events": "| 13 | 7 |   CSS   |",
        "chat": "| 13 | 14 |   HTML   |",
        "terraform-github-runners": "| 13 | 0 |   HCL   |",
        "1Aug2015GameDev": "| 12 | 5 |   JavaScript   |",
        "catphotoapp": "| 12 | 12 |   JavaScript   |",
        "boilerplate-bcrypt": "| 12 | 142 |   JavaScript   |",
        "persist": "| 12 | 9 |   JavaScript   |",
        "tools": "| 12 | 9 |   JavaScript   |",
        "learn-git-by-building-an-sql-reference-object": "| 12 | 11 |   None   |",
        "fcc-expressworks": "| 11 | 7 |   Shell   |",
        "TranslationExpansion": "| 11 | 2 |   None   |",
        "gitter-history": "| 11 | 2 |   None   |",
        "boilerplate-project-library": "| 11 | 250 |   JavaScript   |",
        "forum-theme": "| 11 | 25 |   SCSS   |",
        "learn-world-cup-database": "| 11 | 14 |   None   |",
        ".github": "| 11 | 13 |   None   |",
        "fcc-vagrant": "| 10 | 6 |   Ruby   |",
        "gsoc": "| 10 | 2 |   None   |",
        "news-theme-archive": "| 10 | 17 |   HTML   |",
        "boilerplate-project-secure-real-time-multiplayer-game": "| 10 | 74 |   JavaScript   |",
        "boilerplate-demographic-data-analyzer": "| 10 | 147 |   Python   |",
        "web3-site": "| 10 | 8 |   TypeScript   |",
        "ProjectReferenceData": "| 9 | 15 |   None   |",
        "news-legacy": "| 9 | 7 |   CSS   |",
        "learn-bash-and-sql-by-building-a-bike-rental-shop": "| 9 | 19 |   None   |",
        "boilerplate-polygon-area-calculator": "| 9 | 141 |   Python   |",
        "boilerplate-time-calculator": "| 9 | 171 |   Python   |",
        "boilerplate-mean-variance-standard-deviation-calculator": "| 9 | 143 |   Python   |",
        "boilerplate-book-recommendation-engine": "| 9 | 18 |   Jupyter Notebook   |",
        "curriculum-helpers": "| 9 | 4 |   TypeScript   |",
        "camper-gh-bot": "| 8 | 4 |   JavaScript   |",
        "hackathon-leaderboard": "| 8 | 11 |   JavaScript   |",
        "learn-celestial-bodies-database": "| 8 | 23 |   None   |",
        "boilerplate-SHA-1-password-cracker": "| 8 | 29 |   Python   |",
        "boilerplate-page-view-time-series-visualizer": "| 8 | 127 |   Python   |",
        "boilerplate-cat-and-dog-image-classifier": "| 8 | 24 |   Jupyter Notebook   |",
        "donate": "| 7 | 15 |   None   |",
        "error-pages": "| 7 | 8 |   HTML   |",
        "ghost-config": "| 7 | 4 |   JavaScript   |",
        "react-calendar-heatmap": "| 7 | 7 |   JavaScript   |",
        "CodeAlly-CodeRoad-freeCodeCamp": "| 7 | 4 |   None   |",
        "boilerplate-rock-paper-scissors": "| 7 | 75 |   Python   |",
        "boilerplate-port-scanner": "| 7 | 31 |   Python   |",
        "boilerplate-probability-calculator": "| 7 | 132 |   Python   |",
        "learn-advanced-bash-by-building-a-kitty-ipsum-translator": "| 7 | 16 |   None   |",
        "learn-sql-by-building-a-student-database-part-2": "| 7 | 16 |   None   |",
        "ZiplineStatusChecker": "| 6 | 7 |   JavaScript   |",
        "actual-react-router-bootstrap": "| 6 | 3 |   JavaScript   |",
        "shop": "| 6 | 3 |   CSS   |",
        "fcc-express-bground-pkg": "| 6 | 22 |   JavaScript   |",
        "fcc-github-syncing-service": "| 6 | 1 |   JavaScript   |",
        "maintenance-page": "| 6 | 4 |   CSS   |",
        "boilerplate-linear-regression-health-costs-calculator": "| 6 | 18 |   Jupyter Notebook   |",
        "subtitle-translations": "| 6 | 1 |   JavaScript   |",
        "pm2-pager": "| 5 | 3 |   JavaScript   |",
        "about": "| 5 | 9 |   CSS   |",
        "boilerplate-socialauth": "| 5 | 35 |   Shell   |",
        "boilerplate-socketio": "| 5 | 41 |   JavaScript   |",
        "donations-for-good": "| 5 | 6 |   JavaScript   |",
        "eslint-config-freecodecamp": "| 5 | 6 |   JavaScript   |",
        "gatsby-source-filesystem": "| 5 | 1 |   JavaScript   |",
        "react-bootstrap": "| 5 | 5 |   JavaScript   |",
        "boilerplate-sea-level-predictor": "| 5 | 109 |   Python   |",
        "boilerplate-neural-network-sms-text-classifier": "| 5 | 15 |   Jupyter Notebook   |",
        "crowdin-config": "| 5 | 0 |   JavaScript   |",
        "authors-landing": "| 5 | 5 |   TypeScript   |",
        "discourse-meta": "| 4 | 2 |   None   |",
        "caption-dashboard": "| 4 | 1 |   JavaScript   |",
        "cz-freecodecamp": "| 4 | 2 |   JavaScript   |",
        "code-of-conduct": "| 4 | 8 |   CSS   |",
        "terms-of-service": "| 4 | 6 |   CSS   |",
        "osfg-dir-server": "| 4 | 3 |   JavaScript   |",
        "support": "| 4 | 5 |   CSS   |",
        "loopback-component-passport": "| 4 | 5 |   JavaScript   |",
        "redirects": "| 4 | 1 |   Shell   |",
        "stock-price-checker-proxy": "| 4 | 1 |   JavaScript   |",
        "client-config": "| 4 | 2 |   HTML   |",
        "devtools": "| 4 | 3 |   TypeScript   |",
        "freeCodeCamp.github.io": "| 4 | 6 |   None   |",
        "top-contributor-tool": "| 4 | 3 |   TypeScript   |",
        "mongodb-statsd": "| 3 | 2 |   JavaScript   |",
        "camper-probot": "| 3 | 2 |   JavaScript   |",
        "jamstack-hackathon": "| 3 | 4 |   CSS   |",
        "search-indexer": "| 3 | 4 |   JavaScript   |",
        "freeCodeCamp-legacy": "| 3 | 2 |   JavaScript   |",
        "loop-protect": "| 3 | 2 |   JavaScript   |",
        "boilerplate-project-american-british-english-translator": "| 3 | 144 |   JavaScript   |",
        "learn-nano-by-building-a-castle": "| 3 | 3 |   None   |",
        "demo-projects-nginx-config": "| 3 | 3 |   None   |",
        "template": "| 3 | 1 |   None   |",
        "crowdin-glossaries": "| 3 | 3 |   TypeScript   |",
        "math": "| 3 | 3 |   Python   |",
        "react-freecodecamp-search": "| 2 | 4 |   JavaScript   |",
        "donate-page": "| 2 | 3 |   CSS   |",
        "search-assets": "| 2 | 12 |   JavaScript   |",
        "store.js": "| 2 | 3 |   JavaScript   |",
        "react-notification": "| 2 | 2 |   JavaScript   |",
        "auth0-config": "| 2 | 0 |   HTML   |",
        "home": "| 2 | 5 |   HTML   |",
        "news-to-mobiledoc": "| 2 | 0 |   JavaScript   |",
        "learn-salon-appointment-scheduler": "| 2 | 9 |   None   |",
        "chat-nginx-config": "| 2 | 2 |   None   |",
        "devdocs-nginx-config": "| 2 | 2 |   None   |",
        "learn-periodic-table-database": "| 2 | 8 |   None   |",
        "learn-number-guessing-game": "| 2 | 5 |   None   |",
        "data-science-notebooks": "| 2 | 5 |   Jupyter Notebook   |",
        "renovate-config": "| 2 | 1 |   None   |",
        "1password-teams-open-source": "| 2 | 0 |   None   |",
        "event-calendar": "| 2 | 1 |   TypeScript   |",
        "privacy-policy": "| 1 | 5 |   CSS   |",
        "forum-users-nav": "| 1 | 1 |   HTML   |",
        "forum-banner": "| 1 | 0 |   HTML   |",
        "freeCatPhotoApp": "| 1 | 7 |   HTML   |",
        "strip-comments": "| 1 | 3 |   TypeScript   |",
        "write-nginx-config": "| 1 | 1 |   None   |",
        "crowdin-action": "| 1 | 2 |   TypeScript   |",
        "ghost-workaround-theme": "| 1 | 5 |   CSS   |",
        "ses-email-blast": "| 1 | 0 |   TypeScript   |",
        "fastify-jwt-authz": "| 1 | 1 |   None   |"
    }
}