{
    "company": "Futurice",
    "h-index": 27,
    "repo count": 337,
    "contributor count": 1542,
    "size": "todo",
    "employee count": "todo",
    "country": null,
    "top language": "JavaScript",
    "repos": {
        "android-best-practices": "| 20268 | 3429 |   None   |",
        "ios-good-practices": "| 10736 | 1255 |   None   |",
        "pepperoni-app-kit": "| 4639 | 685 |   JavaScript   |",
        "backend-best-practices": "| 1907 | 249 |   None   |",
        "terraform-examples": "| 574 | 368 |   HCL   |",
        "windows-app-development-best-practices": "| 360 | 45 |   None   |",
        "meeting-room-tablet": "| 178 | 58 |   Java   |",
        "QA-best-practices": "| 127 | 35 |   None   |",
        "futurice-ldap-user-manager": "| 113 | 13 |   JavaScript   |",
        "metalsmith-prismic-template": "| 100 | 12 |   JavaScript   |",
        "iot-service-kit": "| 92 | 16 |   None   |",
        "field-ops-guide": "| 89 | 0 |   None   |",
        "freesound-android": "| 84 | 16 |   Java   |",
        "whereareyou": "| 77 | 17 |   Python   |",
        "power-ui": "| 57 | 2 |   JavaScript   |",
        "project-handover-checklist": "| 52 | 34 |   None   |",
        "unity-good-practices": "| 49 | 4 |   None   |",
        "vor": "| 46 | 10 |   Java   |",
        "android-jenkins-docker": "| 39 | 25 |   None   |",
        "alley-oop": "| 37 | 4 |   Go   |",
        "HoloLens-and-Leap-Motion": "| 36 | 8 |   C#   |",
        "wappuapp-client": "| 33 | 12 |   JavaScript   |",
        "projectnavigationgame": "| 32 | 7 |   None   |",
        "spice-hate_speech_detection": "| 31 | 13 |   Python   |",
        "space-tyckiting": "| 30 | 21 |   JavaScript   |",
        "mvvm-example-objc": "| 28 | 8 |   Objective-C   |",
        "clojure-workshop": "| 28 | 6 |   Clojure   |",
        "symptomradar": "| 25 | 2 |   TypeScript   |",
        "futurice-super": "| 23 | 4 |   JavaScript   |",
        "spicehours": "| 23 | 5 |   JavaScript   |",
        "spiceprogram": "| 22 | 15 |   HTML   |",
        "file-sharing": "| 22 | 6 |   JavaScript   |",
        "hannotaatio": "| 18 | 8 |   JavaScript   |",
        "festapp-server": "| 18 | 19 |   JavaScript   |",
        "minimal-play2": "| 18 | 5 |   Scala   |",
        "futuhours-next": "| 18 | 5 |   Elm   |",
        "sns-push-notification-service": "| 17 | 7 |   Python   |",
        "rx-android-chat-exercise": "| 17 | 5 |   Java   |",
        "futuswarm": "| 17 | 6 |   Shell   |",
        "reactivex-training": "| 16 | 0 |   JavaScript   |",
        "cv-generator": "| 16 | 6 |   Python   |",
        "vpn-management-server": "| 15 | 12 |   Python   |",
        "wappuapp-backend": "| 14 | 9 |   JavaScript   |",
        "gif-disco": "| 14 | 3 |   Python   |",
        "android-meetup-ui-challenge": "| 13 | 9 |   Java   |",
        "corona-simulations": "| 13 | 5 |   Svelte   |",
        "festapp-android": "| 12 | 15 |   Java   |",
        "op-hackathon-templates": "| 12 | 3 |   JavaScript   |",
        "lean-service-creation-kit": "| 12 | 4 |   None   |",
        "terraform-monitor-lambda": "| 12 | 0 |   TypeScript   |",
        "taxibutton": "| 11 | 5 |   JavaScript   |",
        "spotify-hubot": "| 11 | 2 |   JavaScript   |",
        "facegame": "| 10 | 3 |   JavaScript   |",
        "ansible-sentry": "| 10 | 2 |   Python   |",
        "haskell-aws-lambda-kleisli": "| 10 | 0 |   Haskell   |",
        "Futility": "| 9 | 2 |   Objective-C   |",
        "futulokki": "| 9 | 1 |   JavaScript   |",
        "festapp-ios": "| 9 | 6 |   Objective-C   |",
        "vpn-management-client": "| 9 | 4 |   Java   |",
        "secret": "| 9 | 2 |   Python   |",
        "intro-to-object-detection": "| 9 | 3 |   Python   |",
        "futuLog": "| 9 | 0 |   TypeScript   |",
        "process-arrow": "| 8 | 2 |   HTML   |",
        "futurice-academy-homework-assignment": "| 8 | 1 |   None   |",
        "grunt-transifex-resjson": "| 7 | 5 |   JavaScript   |",
        "android-rxmvvmdi": "| 7 | 1 |   Java   |",
        "event-app-client": "| 7 | 1 |   JavaScript   |",
        "sentry": "| 7 | 0 |   Python   |",
        "myRetroGenerator": "| 7 | 2 |   Haskell   |",
        "haskell-flowdock-grep": "| 6 | 3 |   Haskell   |",
        "hackjunction-multitaction-demo": "| 6 | 5 |   C#   |",
        "haskell-futurice-prelude": "| 6 | 2 |   Haskell   |",
        "redux-training": "| 6 | 0 |   JavaScript   |",
        "pepperoni-sample-app": "| 6 | 3 |   JavaScript   |",
        "prahapp-client": "| 6 | 1 |   Objective-C   |",
        "haskell-futurice-site": "| 6 | 2 |   Python   |",
        "macsis": "| 6 | 1 |   JavaScript   |",
        "react-native-best-practices": "| 6 | 3 |   None   |",
        "futurice-principles-ethical-ai": "| 6 | 1 |   None   |",
        "android-meetup-rxjava-challenge": "| 5 | 4 |   Java   |",
        "fum2github": "| 5 | 1 |   Haskell   |",
        "heroku-cron": "| 5 | 0 |   Haskell   |",
        "haskell-flowdock-rest": "| 5 | 3 |   Haskell   |",
        "rx-android-exercise": "| 5 | 1 |   Java   |",
        "django-saber": "| 5 | 1 |   Python   |",
        "rxjava-android-exercise": "| 5 | 3 |   Java   |",
        "vaskapp": "| 5 | 1 |   Objective-C   |",
        "futuit-hacks": "| 5 | 4 |   Python   |",
        "donkey": "| 5 | 1 |   Python   |",
        "google-apps-contacts-copier": "| 4 | 3 |   Python   |",
        "sanko-game": "| 4 | 1 |   Java   |",
        "django-history": "| 4 | 2 |   Python   |",
        "ansible-cassandra": "| 4 | 4 |   None   |",
        "wwweeklies.com": "| 4 | 2 |   HTML   |",
        "djangomi": "| 4 | 0 |   Python   |",
        "docker-base-images": "| 4 | 1 |   Dockerfile   |",
        "PythonInBrowser": "| 4 | 4 |   Python   |",
        "uwp-reusables": "| 4 | 1 |   C#   |",
        "metalsmith-prismic-server": "| 4 | 4 |   JavaScript   |",
        "hemmo-app": "| 4 | 1 |   JavaScript   |",
        "ignite-pepperoni-boilerplate": "| 4 | 1 |   JavaScript   |",
        "jolt-wall": "| 4 | 0 |   Elm   |",
        "machine-learning-best-practices": "| 4 | 3 |   None   |",
        "pushd": "| 3 | 4 |   CoffeeScript   |",
        "schedule": "| 3 | 3 |   JavaScript   |",
        "festapp": "| 3 | 2 |   CSS   |",
        "waitra": "| 3 | 0 |   Haskell   |",
        "eduSpice": "| 3 | 4 |   JavaScript   |",
        "futulingo": "| 3 | 2 |   None   |",
        "space-shooter-heureka": "| 3 | 6 |   C#   |",
        "safer-globe-arms-report": "| 3 | 3 |   JavaScript   |",
        "tammerforce-3d-printing": "| 3 | 0 |   None   |",
        "mibit": "| 3 | 0 |   Elm   |",
        "openshift-templates": "| 3 | 1 |   Shell   |",
        "techweeklies.futurice.com": "| 3 | 1 |   JavaScript   |",
        "crypto-forecast": "| 3 | 0 |   None   |",
        "myRetro-template": "| 3 | 3 |   Makefile   |",
        "todo-skeleton": "| 2 | 0 |   JavaScript   |",
        "festapp-wp": "| 2 | 1 |   C#   |",
        "sanko-server": "| 2 | 0 |   JavaScript   |",
        "futurice.github.io": "| 2 | 5 |   CSS   |",
        "Dacne": "| 2 | 1 |   C#   |",
        "southside-infoviz": "| 2 | 0 |   ApacheConf   |",
        "ansible-supervisor": "| 2 | 6 |   Shell   |",
        "sentry-skeleton": "| 2 | 0 |   Python   |",
        "ansible_role_installer": "| 2 | 0 |   Python   |",
        "ios-app-development-training": "| 2 | 4 |   Swift   |",
        "gorilla-marketing": "| 2 | 2 |   CSS   |",
        "futu2-Efficient-IoT-backend": "| 2 | 0 |   JavaScript   |",
        "ixda-ios": "| 2 | 0 |   Objective-C   |",
        "wwweeklies-metalsmith-prismic": "| 2 | 0 |   JavaScript   |",
        "markov-critic": "| 2 | 0 |   F#   |",
        "soundiverse": "| 2 | 0 |   PureScript   |",
        "react-native-calendar": "| 2 | 0 |   JavaScript   |",
        "space-shuttle-demo": "| 2 | 1 |   JavaScript   |",
        "futulabs-leap-vr": "| 2 | 2 |   C#   |",
        "language_detection_in_spark": "| 2 | 2 |   Jupyter Notebook   |",
        "ml-crash-course": "| 2 | 0 |   Jupyter Notebook   |",
        "composable-app-architecture": "| 2 | 1 |   C#   |",
        "InMoov-momo-config": "| 2 | 1 |   Python   |",
        "quiz-api": "| 2 | 7 |   JavaScript   |",
        "my-journey-my-impact": "| 2 | 0 |   None   |",
        "oodipoc": "| 2 | 1 |   Python   |",
        "ice-core": "| 2 | 0 |   TypeScript   |",
        "jalapeno": "| 2 | 0 |   Go   |",
        "hudson-git-scm": "| 1 | 0 |   Shell   |",
        "press": "| 1 | 0 |   Java   |",
        "offtopic-tumblr-theme": "| 1 | 1 |   Ruby   |",
        "file-uploader": "| 1 | 4 |   JavaScript   |",
        "kosten-los": "| 1 | 1 |   JavaScript   |",
        "pusher-ruby-client": "| 1 | 0 |   Ruby   |",
        "vimma2": "| 1 | 0 |   Python   |",
        "festapp-proxy": "| 1 | 0 |   Clojure   |",
        "django-jsonmodel": "| 1 | 1 |   Python   |",
        "sec-conference-android": "| 1 | 1 |   Java   |",
        "feedback-presentation-app": "| 1 | 0 |   JavaScript   |",
        "pulmurice-common": "| 1 | 0 |   Haskell   |",
        "pulmurice-client": "| 1 | 0 |   Haskell   |",
        "lobby": "| 1 | 3 |   JavaScript   |",
        "sso-frontend": "| 1 | 0 |   Python   |",
        "django-dirtyfield": "| 1 | 1 |   Python   |",
        "space-tyckiting-visualization": "| 1 | 1 |   C#   |",
        "ansible-celery": "| 1 | 0 |   Python   |",
        "ansible-pip": "| 1 | 0 |   None   |",
        "graph": "| 1 | 1 |   JavaScript   |",
        "flowdock-management": "| 1 | 1 |   Python   |",
        "futuhours-api": "| 1 | 0 |   Haskell   |",
        "here-and-now": "| 1 | 0 |   Java   |",
        "oncondition": "| 1 | 0 |   Python   |",
        "django-current-request": "| 1 | 1 |   Python   |",
        "react-native-lock": "| 1 | 1 |   Java   |",
        "pepperoni": "| 1 | 2 |   HTML   |",
        "react-native-gifted-messenger": "| 1 | 2 |   JavaScript   |",
        "hemmo-backend": "| 1 | 3 |   JavaScript   |",
        "hemmo-admin": "| 1 | 2 |   JavaScript   |",
        "chilicorn-infoscreen": "| 1 | 0 |   HTML   |",
        "SuperAda-App": "| 1 | 0 |   JavaScript   |",
        "Prosthetic-Hands": "| 1 | 0 |   Eagle   |",
        "cloudfront-redirect": "| 1 | 1 |   JavaScript   |",
        "tamperefutucafe": "| 1 | 1 |   HTML   |",
        "xprt-app": "| 1 | 3 |   JavaScript   |",
        "vaskapp-backend": "| 1 | 0 |   JavaScript   |",
        "haskell-neleus": "| 1 | 0 |   Haskell   |",
        "pepperoni-crna": "| 1 | 0 |   JavaScript   |",
        "futupolis-web": "| 1 | 0 |   HTML   |",
        "poolcamera": "| 1 | 0 |   Python   |",
        "telepresence-dashboard": "| 1 | 0 |   JavaScript   |",
        "ask-by-who": "| 1 | 0 |   JavaScript   |",
        "maximum-aittack": "| 1 | 0 |   Python   |",
        "entranceFE": "| 1 | 0 |   JavaScript   |",
        "entranceBE": "| 1 | 0 |   JavaScript   |",
        "futulon-web": "| 1 | 1 |   HTML   |",
        "code-camp-app": "| 1 | 0 |   Python   |",
        "urban-mobility": "| 1 | 0 |   Jupyter Notebook   |",
        "kubernetes-workshop": "| 1 | 2 |   JavaScript   |",
        "shadow-and-canary-traffic-example": "| 1 | 0 |   TypeScript   |",
        "futugear": "| 0 | 1 |   CSS   |",
        "robotframework-selenium2library": "| 0 | 0 |   Python   |",
        "node-apn": "| 0 | 0 |   JavaScript   |",
        "node-gcm": "| 0 | 0 |   JavaScript   |",
        "mpns": "| 0 | 0 |   JavaScript   |",
        "Specs": "| 0 | 0 |   Ruby   |",
        "dm-validations": "| 0 | 0 |   Ruby   |",
        "node-xml2json": "| 0 | 0 |   JavaScript   |",
        "ring-json": "| 0 | 0 |   Clojure   |",
        "timbre": "| 0 | 0 |   Clojure   |",
        "checklist": "| 0 | 0 |   Python   |",
        "sforce2flowdock": "| 0 | 0 |   Python   |",
        "fabric-deployment-helper": "| 0 | 0 |   Python   |",
        "vdsm": "| 0 | 0 |   None   |",
        "procboy": "| 0 | 1 |   Python   |",
        "sec-conference-server": "| 0 | 0 |   JavaScript   |",
        "sec-conference-ios": "| 0 | 0 |   Objective-C   |",
        "polymer-super-presentation": "| 0 | 0 |   JavaScript   |",
        "simple-event-guests": "| 0 | 0 |   Go   |",
        "meme-booth": "| 0 | 3 |   JavaScript   |",
        "slumber": "| 0 | 0 |   Python   |",
        "wns": "| 0 | 0 |   JavaScript   |",
        "HaikuBackend": "| 0 | 0 |   JavaScript   |",
        "testtoys": "| 0 | 1 |   Scala   |",
        "ansiblemation": "| 0 | 0 |   None   |",
        "ansible-django": "| 0 | 0 |   None   |",
        "django-skeleton": "| 0 | 0 |   Python   |",
        "FerrousBueller": "| 0 | 1 |   Rust   |",
        "ansible-release": "| 0 | 0 |   None   |",
        "ansible-apache": "| 0 | 1 |   None   |",
        "ansible-postgres": "| 0 | 0 |   None   |",
        "deis-container-access": "| 0 | 0 |   Shell   |",
        "contacts-ui": "| 0 | 1 |   TypeScript   |",
        "code-club": "| 0 | 1 |   None   |",
        "heroku-buildpack-nodejs-aws": "| 0 | 0 |   Shell   |",
        "heroku-buildpack-toolbelt": "| 0 | 1 |   Shell   |",
        "AllJoynPhilipsHueDSB": "| 0 | 0 |   C++   |",
        "futuhours-py": "| 0 | 0 |   Python   |",
        "projecthours-googlespreadsheet": "| 0 | 0 |   Python   |",
        "cheatsheets": "| 0 | 0 |   CSS   |",
        "react-native-lightbox": "| 0 | 0 |   JavaScript   |",
        "metalsmith-azure-storage": "| 0 | 0 |   JavaScript   |",
        "isfilled": "| 0 | 0 |   Python   |",
        "rala": "| 0 | 0 |   HTML   |",
        "blankslate": "| 0 | 0 |   Python   |",
        "wappuapp-admin": "| 0 | 1 |   JavaScript   |",
        "rac-example-objc": "| 0 | 0 |   Objective-C   |",
        "bmw-cml": "| 0 | 0 |   HTML   |",
        "hours-ui-mock-api": "| 0 | 0 |   Go   |",
        "joi18n": "| 0 | 0 |   JavaScript   |",
        "metalsmith-downloader": "| 0 | 0 |   JavaScript   |",
        "rx-android-chat-exercise-backend": "| 0 | 0 |   HTML   |",
        "futuwear": "| 0 | 1 |   HTML   |",
        "door2door-hackaton": "| 0 | 0 |   Go   |",
        "dcolossus": "| 0 | 0 |   Scala   |",
        "futubileet-site": "| 0 | 2 |   HTML   |",
        "haskell-ami": "| 0 | 0 |   Shell   |",
        "colossus": "| 0 | 0 |   Scala   |",
        "xprt-app-old": "| 0 | 0 |   JavaScript   |",
        "xprt-backend": "| 0 | 3 |   JavaScript   |",
        "tammerforce-jolt-bttn": "| 0 | 0 |   JavaScript   |",
        "tammerforce-coffee-bttn": "| 0 | 0 |   JavaScript   |",
        "xprt-web": "| 0 | 2 |   JavaScript   |",
        "node-soap": "| 0 | 0 |   JavaScript   |",
        "unity-workshop-project": "| 0 | 0 |   C#   |",
        "unity-meetup-project": "| 0 | 0 |   C#   |",
        "SuperAda-Backend": "| 0 | 1 |   JavaScript   |",
        "SuperAda-CompanyApp": "| 0 | 1 |   JavaScript   |",
        "Softala3SuperAdaAdmin": "| 0 | 0 |   JavaScript   |",
        "futurice-bayern": "| 0 | 1 |   HTML   |",
        "futu-py-conffi": "| 0 | 1 |   Shell   |",
        "SuperAda-Admin": "| 0 | 0 |   JavaScript   |",
        "london-pulse": "| 0 | 0 |   CSS   |",
        "countdown": "| 0 | 0 |   HTML   |",
        "voxel": "| 0 | 0 |   JavaScript   |",
        "aidon-svs-index": "| 0 | 1 |   HTML   |",
        "aidon-svs-index-2": "| 0 | 0 |   HTML   |",
        "code-camp-sauna": "| 0 | 0 |   JavaScript   |",
        "etch-a-sketch": "| 0 | 1 |   JavaScript   |",
        "prahapp-site": "| 0 | 0 |   HTML   |",
        "iodf": "| 0 | 0 |   Scala   |",
        "dcontext": "| 0 | 0 |   Scala   |",
        "masifunde-fe": "| 0 | 4 |   TypeScript   |",
        "health-visualizations": "| 0 | 0 |   Python   |",
        "health-visualizations-front": "| 0 | 0 |   JavaScript   |",
        "heroku-buildpack-libsodium": "| 0 | 0 |   Shell   |",
        "scala-ftp": "| 0 | 0 |   Scala   |",
        "Futuwear-V2": "| 0 | 1 |   CSS   |",
        "stockholm-tv-background": "| 0 | 1 |   JavaScript   |",
        "futuwan": "| 0 | 0 |   CSS   |",
        "diffusionkinetics-open": "| 0 | 0 |   Haskell   |",
        "vaskapp-web": "| 0 | 0 |   CSS   |",
        "barcode-scanner": "| 0 | 0 |   JavaScript   |",
        "ModBrick": "| 0 | 0 |   C#   |",
        "vaskapp-futu": "| 0 | 0 |   HTML   |",
        "laaketutka-prereqs": "| 0 | 0 |   Python   |",
        "tribevibe": "| 0 | 0 |   JavaScript   |",
        "tribevibe-server": "| 0 | 0 |   JavaScript   |",
        "aito-website": "| 0 | 0 |   CSS   |",
        "gatsby-workshop": "| 0 | 0 |   JavaScript   |",
        "react-workshop": "| 0 | 2 |   JavaScript   |",
        "terraform-aws-cicd": "| 0 | 0 |   HCL   |",
        "web-widget-demo": "| 0 | 0 |   JavaScript   |",
        "puppeteer-heroku-buildpack": "| 0 | 0 |   Shell   |",
        "gogol": "| 0 | 0 |   Haskell   |",
        "haskell-chart": "| 0 | 0 |   Haskell   |",
        "FurhatBirdie": "| 0 | 0 |   JavaScript   |",
        "oodi_poc_UI": "| 0 | 0 |   HTML   |",
        "Oodi_poc_flask": "| 0 | 0 |   HTML   |",
        "futulon-admin": "| 0 | 0 |   JavaScript   |",
        "futucamp": "| 0 | 0 |   HTML   |",
        "react-native-custom-components": "| 0 | 0 |   JavaScript   |",
        "OodiUI_react": "| 0 | 1 |   JavaScript   |",
        "Momo-HRMR": "| 0 | 1 |   Python   |",
        "schedule-ui": "| 0 | 0 |   Elm   |",
        "object-recognition-learning-material": "| 0 | 0 |   Python   |",
        "chilicorn_3d": "| 0 | 0 |   OpenSCAD   |",
        "understanding-peace": "| 0 | 0 |   None   |",
        "M4D.NET": "| 0 | 1 |   Io   |",
        "corona-finland-models": "| 0 | 0 |   None   |",
        "covid-19-R_t-estimating": "| 0 | 0 |   Jupyter Notebook   |",
        "covid19model": "| 0 | 0 |   None   |",
        "covid-19-R_t-estimating-de": "| 0 | 0 |   Jupyter Notebook   |",
        "corona-simulation-germany": "| 0 | 0 |   HTML   |",
        "digital-health": "| 0 | 0 |   None   |",
        "code-in-the-dark": "| 0 | 0 |   HTML   |",
        "esp32-secure-boot": "| 0 | 0 |   None   |",
        "terraform-aws-notify-slack": "| 0 | 0 |   HCL   |",
        "futui-web": "| 0 | 0 |   None   |",
        "fastify-test": "| 0 | 0 |   TypeScript   |",
        "stora-enso-packaging-products-db": "| 0 | 0 |   None   |",
        "figma-tokens": "| 0 | 0 |   None   |",
        "automl-introduction-blog": "| 0 | 0 |   Jupyter Notebook   |",
        "suomensuurinwappu.fi": "| 0 | 0 |   TypeScript   |",
        "ice-style": "| 0 | 0 |   TypeScript   |",
        "react-native-pager-view": "| 0 | 0 |   TypeScript   |",
        "digivisio": "| 0 | 0 |   TypeScript   |",
        "gigya-react-native-plugin-for-sap-customer-data-cloud": "| 0 | 0 |   Java   |",
        "impact-helper-api": "| 0 | 0 |   None   |",
        "reusable-github-workflows": "| 0 | 0 |   None   |",
        ".github": "| 0 | 0 |   None   |"
    }
}