{
    "company": "Gatsby",
    "h-index": 30,
    "repo count": 102,
    "contributor count": 1228,
    "size": "todo",
    "employee count": "todo",
    "country": null,
    "top language": "JavaScript",
    "repos": {
        "gatsby": "| 54424 | 10534 |   JavaScript   |",
        "gatsby-starter-blog": "| 3438 | 2650 |   JavaScript   |",
        "gatsby-starter-default": "| 1383 | 983 |   JavaScript   |",
        "gatsby-starter-hello-world": "| 641 | 356 |   JavaScript   |",
        "store.gatsbyjs.org": "| 601 | 221 |   JavaScript   |",
        "gatsby-source-wordpress-experimental": "| 386 | 107 |   JavaScript   |",
        "gatsby-docker": "| 352 | 86 |   Shell   |",
        "gatsby-starter-shopify": "| 282 | 137 |   JavaScript   |",
        "desktop": "| 222 | 15 |   TypeScript   |",
        "wp-gatsby": "| 157 | 49 |   PHP   |",
        "gatsby-pt-BR": "| 151 | 103 |   JavaScript   |",
        "gatsby-ja": "| 150 | 121 |   JavaScript   |",
        "themes": "| 140 | 83 |   JavaScript   |",
        "gatsby-starter-blog-theme": "| 122 | 57 |   JavaScript   |",
        "gatsby-starter-wordpress-blog": "| 99 | 136 |   CSS   |",
        "rfcs": "| 85 | 46 |   None   |",
        "gatsby-graphql-toolkit": "| 79 | 21 |   TypeScript   |",
        "gatsby-starter-documentation": "| 67 | 50 |   JavaScript   |",
        "gatsby-source-shopify": "| 67 | 19 |   TypeScript   |",
        "gatsby-starter-theme-workspace": "| 62 | 13 |   JavaScript   |",
        "gatsby-starter-wordpress-homepage": "| 62 | 19 |   JavaScript   |",
        "gatsby-starter-contentful-homepage": "| 54 | 40 |   JavaScript   |",
        "gatsby-starter-theme": "| 52 | 21 |   JavaScript   |",
        "api.gatsbyjs.org": "| 47 | 18 |   JavaScript   |",
        "tutorial-example": "| 44 | 68 |   JavaScript   |",
        "gatsby-es": "| 41 | 79 |   JavaScript   |",
        "gatsby-starter-kontent-ai-homepage": "| 40 | 2 |   JavaScript   |",
        "gatsby-id": "| 36 | 21 |   JavaScript   |",
        "gatsby-starter-kontent-ai-homepage-ts": "| 35 | 1 |   TypeScript   |",
        "gatsby-starter-landing-page": "| 34 | 20 |   JavaScript   |",
        "gatsby-ko": "| 29 | 10 |   JavaScript   |",
        "mdx-deck-theme": "| 27 | 15 |   HTML   |",
        "gatsby-starter-minimal": "| 26 | 33 |   JavaScript   |",
        "gatsby-starter-notes-theme": "| 22 | 12 |   JavaScript   |",
        "gatsby-ru": "| 20 | 16 |   JavaScript   |",
        "gatsby-fr": "| 20 | 27 |   JavaScript   |",
        "gatsby-starter-drupal-homepage": "| 20 | 10 |   JavaScript   |",
        "gatsby-zh-Hans": "| 19 | 9 |   JavaScript   |",
        "homepage-starters": "| 18 | 16 |   JavaScript   |",
        "gatsby-starter-datocms-homepage": "| 16 | 5 |   JavaScript   |",
        "gatsby-functions-beta": "| 15 | 6 |   JavaScript   |",
        "gatsby-starter-kitchen-sink": "| 13 | 12 |   JavaScript   |",
        "peril-gatsbyjs": "| 13 | 18 |   TypeScript   |",
        "themejam.gatsbyjs.org": "| 11 | 8 |   JavaScript   |",
        "gatsby-starter-blog-theme-core": "| 10 | 6 |   JavaScript   |",
        "reach-router": "| 10 | 6 |   JavaScript   |",
        "gatsby-pl": "| 9 | 12 |   JavaScript   |",
        "react-18-ecommerce-demo": "| 9 | 3 |   JavaScript   |",
        "gatsby-starter-sanity-homepage": "| 9 | 7 |   JavaScript   |",
        "gatsby-ar": "| 8 | 11 |   JavaScript   |",
        "gatsby-hi": "| 8 | 28 |   JavaScript   |",
        "gatsby-starter-plugin": "| 8 | 3 |   JavaScript   |",
        "gatsby-starter-contentful-homepage-ts": "| 8 | 10 |   TypeScript   |",
        "gatsby-it": "| 7 | 11 |   JavaScript   |",
        "gatsby-tr": "| 7 | 5 |   JavaScript   |",
        "gatsby-bn": "| 7 | 13 |   JavaScript   |",
        "gatsby-starter-rendering-modes": "| 7 | 8 |   JavaScript   |",
        "gatsby-i18n-source": "| 6 | 11 |   JavaScript   |",
        "apps": "| 6 | 4 |   TypeScript   |",
        "gatsby-starter-minimal-ts": "| 6 | 8 |   TypeScript   |",
        "gatsby-starter-wordpress-homepage-ts": "| 6 | 3 |   TypeScript   |",
        "gatsby-starter-sanity-homepage-ts": "| 6 | 3 |   TypeScript   |",
        "gatsby-web-creators": "| 5 | 4 |   HTML   |",
        "gatsby-partial-hydration-starter": "| 5 | 3 |   JavaScript   |",
        "gatsby-de": "| 4 | 7 |   JavaScript   |",
        "webinar-using-mdx": "| 4 | 4 |   CSS   |",
        "gatsby-starter-mdx-basic": "| 4 | 15 |   CSS   |",
        "gatsby-starter-slices": "| 4 | 2 |   JavaScript   |",
        "gatsby-zh-Hant": "| 3 | 7 |   JavaScript   |",
        "will-it-generate": "| 3 | 3 |   JavaScript   |",
        "gatsby-fi": "| 3 | 1 |   JavaScript   |",
        "gatsby-provision-contentful": "| 3 | 1 |   JavaScript   |",
        "microbundle": "| 2 | 1 |   None   |",
        "stale": "| 2 | 0 |   TypeScript   |",
        "gatsby-nl": "| 2 | 6 |   JavaScript   |",
        "gatsby-vi": "| 2 | 7 |   JavaScript   |",
        "vscode-extension": "| 2 | 2 |   TypeScript   |",
        "webpack-hot-middleware": "| 2 | 4 |   JavaScript   |",
        "gatsby-starter-drupal-homepage-ts": "| 2 | 5 |   TypeScript   |",
        "gatsby-dev-sites-proxy": "| 1 | 1 |   JavaScript   |",
        "gatsby-en": "| 1 | 3 |   None   |",
        "gatsby-mn": "| 1 | 1 |   JavaScript   |",
        "gatsby-fa": "| 1 | 3 |   JavaScript   |",
        "gatsby_code_profiles": "| 1 | 1 |   None   |",
        "gatsby-ca": "| 1 | 2 |   JavaScript   |",
        "node-potrace": "| 1 | 0 |   JavaScript   |",
        "github-actions-playground": "| 0 | 4 |   JavaScript   |",
        "gatsby-gu": "| 0 | 5 |   None   |",
        "gatsby-mr": "| 0 | 13 |   JavaScript   |",
        "error-testing": "| 0 | 1 |   JavaScript   |",
        "peril": "| 0 | 1 |   TypeScript   |",
        "react-refresh-webpack-plugin": "| 0 | 0 |   None   |",
        "gatsby-functions-starter-alpha": "| 0 | 2 |   JavaScript   |",
        "tutorial-example-v3": "| 0 | 1 |   JavaScript   |",
        "datocms-plugin-gatsby-cloud": "| 0 | 1 |   JavaScript   |",
        "drupal-content-sync-test": "| 0 | 1 |   CSS   |",
        "gatsby-starter-default123": "| 0 | 1 |   CSS   |",
        "gatsby-starter-datocms-homepage-ts": "| 0 | 1 |   TypeScript   |",
        "contentfultesttona": "| 0 | 1 |   JavaScript   |",
        "gatsby-provision-sanity": "| 0 | 0 |   JavaScript   |",
        "gatsby-starter-xata": "| 0 | 1 |   None   |",
        "creating-source-plugin-tutorial": "| 0 | 2 |   TypeScript   |"
    }
}