{
    "company": null,
    "h-index": 9,
    "repo count": 94,
    "contributor count": 3134,
    "size": "todo",
    "employee count": "todo",
    "country": null,
    "top language": "Ruby",
    "repos": {
        "trackback_scraper": "| 115 | 12 |   Ruby   |",
        "perspectives": "| 77 | 5 |   Ruby   |",
        "heroku-true-relic": "| 49 | 4 |   Ruby   |",
        "omnibox-example": "| 38 | 9 |   JavaScript   |",
        "git-getpull": "| 34 | 8 |   Shell   |",
        "abstractogram": "| 33 | 5 |   Ruby   |",
        "flip-the-script": "| 33 | 7 |   JavaScript   |",
        "omniauth-genius": "| 21 | 1 |   Ruby   |",
        "future": "| 15 | 2 |   Swift   |",
        "railsgenius": "| 8 | 3 |   Ruby   |",
        "genius-groupie": "| 8 | 1 |   Java   |",
        "syck": "| 4 | 5 |   C   |",
        "houston": "| 3 | 0 |   Ruby   |",
        "genius-dot-codes-proxy": "| 3 | 5 |   Ruby   |",
        "react-rails-code-splitting-ssr-example": "| 3 | 0 |   Ruby   |",
        "bkjs-chrome": "| 2 | 0 |   JavaScript   |",
        "firechat-deleter": "| 2 | 0 |   JavaScript   |",
        "is_paranoid": "| 1 | 0 |   Ruby   |",
        "rails2": "| 1 | 0 |   Ruby   |",
        "heroku-buildpack-ruby": "| 1 | 1 |   Ruby   |",
        "mustache-rails": "| 1 | 0 |   Ruby   |",
        "jquery.hotkeys": "| 1 | 0 |   JavaScript   |",
        "compass": "| 1 | 0 |   Ruby   |",
        "ree-1.8.7-heroku": "| 1 | 0 |   Shell   |",
        "rack": "| 1 | 0 |   Ruby   |",
        "usertiming.js": "| 1 | 0 |   JavaScript   |",
        "to-markdown": "| 1 | 0 |   JavaScript   |",
        "ngInfiniteScroll": "| 1 | 0 |   CoffeeScript   |",
        "jquery-scrolldepth": "| 1 | 0 |   JavaScript   |",
        "Prebid.js": "| 1 | 0 |   JavaScript   |",
        "heroku-gsl-buildpack": "| 1 | 1 |   Ruby   |",
        "genius-gradient": "| 1 | 1 |   JavaScript   |",
        "trend-api": "| 1 | 0 |   R   |",
        "passenger_standalone": "| 0 | 1 |   Ruby   |",
        "rg-setup-scripts": "| 0 | 0 |   Ruby   |",
        "nginx-buildpack": "| 0 | 0 |   Shell   |",
        "cancan": "| 0 | 0 |   Ruby   |",
        "perftools.rb": "| 0 | 0 |   C   |",
        "heroku-buildpack-pgbouncer": "| 0 | 0 |   Shell   |",
        "ruby": "| 0 | 0 |   Ruby   |",
        "rubyenterpriseedition187-330": "| 0 | 1 |   Ruby   |",
        "boxen-web": "| 0 | 0 |   Ruby   |",
        "omniauth-facebook": "| 0 | 0 |   Ruby   |",
        "heroku-buildpack-compile-tasks": "| 0 | 0 |   Shell   |",
        "algoliasearch-rails": "| 0 | 0 |   Ruby   |",
        "regin": "| 0 | 0 |   None   |",
        "jquery_jeditable": "| 0 | 0 |   None   |",
        "algoliasearch-client-ruby": "| 0 | 0 |   None   |",
        "deploy-hook-forker": "| 0 | 0 |   Ruby   |",
        "puppet-homebrew": "| 0 | 0 |   Ruby   |",
        "facebox": "| 0 | 0 |   JavaScript   |",
        "sprockets-commonjs": "| 0 | 0 |   Ruby   |",
        "heroku-buildpack-phantomjs": "| 0 | 0 |   Shell   |",
        "iframe-resizer": "| 0 | 0 |   JavaScript   |",
        "rack-timeout": "| 0 | 0 |   Ruby   |",
        "libv8": "| 0 | 0 |   Ruby   |",
        "qTip1": "| 0 | 0 |   JavaScript   |",
        "twitter": "| 0 | 0 |   Ruby   |",
        "heroku-bundle-config": "| 0 | 0 |   Shell   |",
        "sanitize": "| 0 | 0 |   HTML   |",
        "rspec": "| 0 | 0 |   Ruby   |",
        "rails2_ruby2": "| 0 | 0 |   Ruby   |",
        "xpath-range": "| 0 | 0 |   JavaScript   |",
        "heroku-buildpack-multi": "| 0 | 0 |   Shell   |",
        "drop": "| 0 | 0 |   CSS   |",
        "json-schema": "| 0 | 0 |   Ruby   |",
        "modern_searchlogic": "| 0 | 3 |   Ruby   |",
        "heroku-buildpack-apt": "| 0 | 0 |   Shell   |",
        "debug-buildpack": "| 0 | 0 |   Shell   |",
        "compass-node": "| 0 | 0 |   CSS   |",
        "CPImageViewer": "| 0 | 1 |   Swift   |",
        "AmpCacheEvictor": "| 0 | 0 |   JavaScript   |",
        "amphtml": "| 0 | 0 |   JavaScript   |",
        "angular-1-router-extracted": "| 0 | 0 |   TypeScript   |",
        "heroku-buildpack-nodejs": "| 0 | 0 |   Shell   |",
        "webvtt-ruby": "| 0 | 0 |   Ruby   |",
        "twitter-ruby-ads-sdk": "| 0 | 0 |   Ruby   |",
        "boarding": "| 0 | 0 |   Ruby   |",
        "forkbak": "| 0 | 0 |   Ruby   |",
        "puppet-gcc": "| 0 | 0 |   Ruby   |",
        "NoSleep.js": "| 0 | 0 |   JavaScript   |",
        "bull": "| 0 | 0 |   JavaScript   |",
        "bugsnag-sourcemaps": "| 0 | 0 |   JavaScript   |",
        "webpack-bugsnag-plugins": "| 0 | 0 |   JavaScript   |",
        "sprockets": "| 0 | 0 |   Ruby   |",
        "cache_rails_assets_buildpack": "| 0 | 0 |   Ruby   |",
        "omniauth-snapchat": "| 0 | 0 |   Ruby   |",
        "rspotify": "| 0 | 0 |   Ruby   |",
        "react-moment": "| 0 | 0 |   None   |",
        "formik": "| 0 | 1 |   TypeScript   |",
        "react-s3-uploader": "| 0 | 0 |   JavaScript   |",
        "attr_encrypted": "| 0 | 0 |   None   |",
        "omniauth": "| 0 | 0 |   None   |",
        "nokogiri": "| 0 | 0 |   None   |"
    }
}