{
    "company": "Genymobile",
    "h-index": 9,
    "repo count": 48,
    "contributor count": 1366,
    "size": "todo",
    "employee count": "todo",
    "country": "Paris, Lyon, San Francisco",
    "top language": "C",
    "repos": {
        "scrcpy": "| 83415 | 8571 |   C   |",
        "gnirehtet": "| 5147 | 502 |   Java   |",
        "mirror": "| 340 | 22 |   Java   |",
        "genymotion-gradle-plugin": "| 161 | 42 |   Groovy   |",
        "genymotion-kernel": "| 84 | 38 |   C   |",
        "copydeps": "| 75 | 10 |   Python   |",
        "genymotion-device-web-player": "| 46 | 18 |   JavaScript   |",
        "genymotion-binocle": "| 44 | 23 |   Java   |",
        "gm_pr": "| 42 | 14 |   Python   |",
        "homer": "| 8 | 3 |   Vue   |",
        "opengapps.github.io": "| 7 | 8 |   HTML   |",
        "genymotion-saas-github-action": "| 6 | 7 |   JavaScript   |",
        "uncrustify": "| 4 | 1 |   C++   |",
        "python-engineio": "| 4 | 3 |   Python   |",
        "f2ut_device_fairphone_FP2": "| 3 | 0 |   C   |",
        "bitrise-step-genymotion-cloud-saas-stop": "| 3 | 0 |   Go   |",
        "genymotion-saas-orb": "| 3 | 1 |   Shell   |",
        "qtlocation": "| 3 | 2 |   None   |",
        "f2ut_private_platform_manifest": "| 2 | 0 |   None   |",
        "f2ut_platform_build": "| 2 | 0 |   Makefile   |",
        "f2ut_platform_frameworks_native": "| 2 | 0 |   C++   |",
        "f2ut_kernel_fairphone": "| 2 | 0 |   C   |",
        "f2ut_device_qcom_common": "| 2 | 0 |   C   |",
        "f2ut_system_core": "| 2 | 0 |   C   |",
        "f2ut_platform_hardware_qcom_audio": "| 2 | 0 |   None   |",
        "f2ut_system_vold": "| 2 | 0 |   None   |",
        "f2ut_platform_vendor_fairphone": "| 2 | 0 |   Makefile   |",
        "genymotion-cloud-ssl-tool": "| 2 | 3 |   Shell   |",
        "hiredis": "| 2 | 2 |   C   |",
        "bitrise-step-genymotion-cloud-saas-start": "| 2 | 1 |   Go   |",
        "microtar": "| 2 | 1 |   None   |",
        "f2ut_device_fairphone": "| 1 | 1 |   None   |",
        "f2ut_device_fairphone_common": "| 1 | 0 |   None   |",
        "f2ut_device_fairphone_sepolicy": "| 1 | 0 |   None   |",
        "f2ut_platform_platform_bionic": "| 1 | 0 |   C   |",
        "f2ut_platform_frameworks_av": "| 1 | 0 |   C++   |",
        "f2ut_platform_system_extras": "| 1 | 0 |   None   |",
        "f2ut_platform_frameworks_base": "| 1 | 0 |   None   |",
        "f2ut_platform_hardware_qcom_display": "| 1 | 0 |   None   |",
        "f2ut_system_qcom": "| 1 | 0 |   None   |",
        "f2ut_platform_vendor_cm": "| 1 | 0 |   None   |",
        "terraform-provider-genymotion": "| 1 | 5 |   Go   |",
        "bitrise-steplib": "| 1 | 2 |   None   |",
        ".github": "| 1 | 1 |   None   |",
        "bitrise-step-genymotion-saas-install-gmsaas-cli": "| 1 | 1 |   Go   |",
        "f2ut_system_media": "| 0 | 0 |   None   |",
        "f2ut_platform_vendor_qcom": "| 0 | 0 |   None   |",
        "feedback": "| 0 | 0 |   None   |"
    }
}