{
    "company": "Lantern",
    "h-index": 26,
    "repo count": 372,
    "contributor count": 3321,
    "size": "todo",
    "employee count": "todo",
    "country": null,
    "top language": "Go",
    "repos": {
        "download": "| 16605 | 3054 |   None   |",
        "lantern": "| 13234 | 11540 |   Go   |",
        "lantern-binaries-archive": "| 2807 | 749 |   Shell   |",
        "systray": "| 2761 | 358 |   Go   |",
        "firetweet": "| 271 | 72 |   Java   |",
        "http-proxy": "| 194 | 58 |   Go   |",
        "lantern-mobile": "| 114 | 31 |   Java   |",
        "www.getlantern.org": "| 111 | 25 |   JavaScript   |",
        "zenodb": "| 107 | 11 |   Go   |",
        "natty": "| 94 | 21 |   C++   |",
        "lantern-proxied-sites-lists": "| 62 | 46 |   None   |",
        "lantern-binaries": "| 59 | 10 |   None   |",
        "enproxy": "| 47 | 8 |   Go   |",
        "wal": "| 41 | 8 |   Go   |",
        "www": "| 39 | 19 |   JavaScript   |",
        "byteexec": "| 36 | 9 |   Go   |",
        "go-natty": "| 36 | 9 |   Go   |",
        "sysproxy": "| 35 | 7 |   Go   |",
        "lampshade": "| 34 | 9 |   Go   |",
        "gost": "| 31 | 9 |   Go   |",
        "sockssh": "| 31 | 6 |   Go   |",
        "winfirewall": "| 30 | 18 |   C++   |",
        "pac-cmd": "| 28 | 7 |   C   |",
        "lantern-ui": "| 26 | 25 |   JavaScript   |",
        "idletiming": "| 26 | 5 |   Go   |",
        "sysproxy-cmd": "| 26 | 12 |   C   |",
        "multipath": "| 25 | 5 |   Go   |",
        "tunio": "| 23 | 8 |   C   |",
        "lantern-chrome-extension": "| 22 | 9 |   JavaScript   |",
        "fronted": "| 21 | 5 |   Go   |",
        "tarfs": "| 21 | 3 |   Go   |",
        "awesome-go-lantern": "| 21 | 4 |   None   |",
        "kaleidoscope": "| 20 | 7 |   Java   |",
        "winproxy": "| 20 | 10 |   C++   |",
        "go-update": "| 20 | 6 |   Go   |",
        "deepcopy": "| 19 | 7 |   Go   |",
        "proxy": "| 19 | 11 |   Go   |",
        "pac": "| 18 | 6 |   Go   |",
        "ats": "| 18 | 10 |   C   |",
        "lanterntemp": "| 18 | 6 |   None   |",
        "geneva": "| 18 | 6 |   Go   |",
        "keyman": "| 16 | 11 |   Go   |",
        "autoupdate": "| 16 | 4 |   Go   |",
        "gotun": "| 16 | 5 |   Go   |",
        "autoupdate-server": "| 15 | 9 |   Go   |",
        "tlsproxy": "| 15 | 5 |   Go   |",
        "waddell": "| 14 | 4 |   Go   |",
        "sitescanner": "| 14 | 4 |   Go   |",
        "flashlight-build": "| 14 | 5 |   Go   |",
        "lantern-mobile-single-app-example": "| 14 | 8 |   Java   |",
        "go-socks5": "| 13 | 6 |   Go   |",
        "lantern-roadmap": "| 12 | 2 |   None   |",
        "go-geoserve": "| 12 | 5 |   Go   |",
        "notifier": "| 12 | 6 |   Go   |",
        "libnatpmp": "| 11 | 37 |   C   |",
        "go-udtwrapper": "| 11 | 23 |   C++   |",
        "protected": "| 11 | 7 |   Go   |",
        "httpseverywhere": "| 11 | 4 |   Go   |",
        "webrtc-java": "| 10 | 10 |   Java   |",
        "osversion": "| 10 | 4 |   Go   |",
        "nattywad": "| 9 | 3 |   Go   |",
        "measured": "| 9 | 3 |   Go   |",
        "redistrict": "| 9 | 1 |   Go   |",
        "gonat": "| 9 | 2 |   Go   |",
        "lantern-docs": "| 8 | 7 |   HTML   |",
        "geneva-cli": "| 8 | 2 |   Go   |",
        "proxysetup": "| 7 | 5 |   C   |",
        "firetweet.io": "| 7 | 8 |   CSS   |",
        "urlcache": "| 7 | 1 |   Go   |",
        "laeproxy": "| 6 | 6 |   Python   |",
        "WinProxy4J": "| 6 | 5 |   C++   |",
        "framed": "| 6 | 4 |   Go   |",
        "go-reverseproxy": "| 6 | 1 |   Go   |",
        "fdcount": "| 6 | 3 |   Go   |",
        "elevate": "| 6 | 7 |   C   |",
        "pubsub": "| 6 | 3 |   Go   |",
        "netx": "| 6 | 3 |   Go   |",
        "getlantern.github.io": "| 6 | 4 |   CSS   |",
        "kcpwrapper": "| 6 | 3 |   Go   |",
        "balancer": "| 5 | 3 |   Go   |",
        "detour": "| 5 | 6 |   Go   |",
        "mobile": "| 5 | 4 |   Go   |",
        "hidden": "| 5 | 5 |   Go   |",
        "ops": "| 5 | 4 |   Go   |",
        "cmux": "| 5 | 6 |   Go   |",
        "mitm": "| 5 | 1 |   Go   |",
        "bbrconn": "| 5 | 0 |   Go   |",
        "cljs-react-victory": "| 5 | 0 |   Clojure   |",
        "direct-ip-scanner": "| 5 | 3 |   Go   |",
        "ipproxy": "| 5 | 4 |   Go   |",
        "Exceptional4j": "| 4 | 2 |   Java   |",
        "go-udtrelay": "| 4 | 2 |   Go   |",
        "waitforserver": "| 4 | 1 |   Go   |",
        "withtimeout": "| 4 | 2 |   Go   |",
        "serveme": "| 4 | 1 |   Go   |",
        "bytecounting": "| 4 | 4 |   Go   |",
        "pbe": "| 4 | 1 |   Go   |",
        "i18n": "| 4 | 3 |   Go   |",
        "lantern-java": "| 4 | 5 |   IDL   |",
        "httptest": "| 4 | 3 |   Go   |",
        "ema": "| 4 | 2 |   Go   |",
        "preconn": "| 4 | 2 |   Go   |",
        "packetforward": "| 4 | 3 |   Go   |",
        "lantern-forum-ru": "| 4 | 0 |   None   |",
        "lantern-controller": "| 3 | 10 |   HTML   |",
        "lantern-node": "| 3 | 1 |   TypeScript   |",
        "connpool": "| 3 | 1 |   Go   |",
        "elevated": "| 3 | 2 |   Go   |",
        "rotator": "| 3 | 2 |   Go   |",
        "lantern-firefox-extension": "| 3 | 2 |   JavaScript   |",
        "auto-responder-ruby": "| 3 | 3 |   Ruby   |",
        "clj-stripe": "| 3 | 1 |   Clojure   |",
        "pubsub-java": "| 3 | 2 |   Java   |",
        "FinestWebView-Android": "| 3 | 4 |   Java   |",
        "build-automation": "| 3 | 2 |   Python   |",
        "sqlparser": "| 3 | 0 |   Go   |",
        "rot13": "| 3 | 1 |   Go   |",
        "mtime": "| 3 | 1 |   Go   |",
        "enhttp": "| 3 | 1 |   Go   |",
        "quicwrapper": "| 3 | 1 |   Go   |",
        "pcapper": "| 3 | 1 |   Go   |",
        "bufconn": "| 3 | 1 |   Go   |",
        "go-ping": "| 3 | 2 |   Go   |",
        "utls": "| 3 | 1 |   Go   |",
        "fasthping": "| 3 | 1 |   Go   |",
        "sysproxy-cmd-darwin": "| 3 | 1 |   Objective-C   |",
        "kaleidoscope-sim": "| 2 | 3 |   Java   |",
        "LittleProxy": "| 2 | 1 |   PHP   |",
        "tlsdialer": "| 2 | 4 |   Go   |",
        "golog": "| 2 | 5 |   Go   |",
        "tlsdefaults": "| 2 | 3 |   Go   |",
        "Beating_GFW_With_Go": "| 2 | 3 |   JavaScript   |",
        "appdir": "| 2 | 2 |   Go   |",
        "go-loggly": "| 2 | 1 |   Go   |",
        "cocoasudo": "| 2 | 2 |   Objective-C   |",
        "python-vultr": "| 2 | 3 |   Python   |",
        "launcher": "| 2 | 1 |   Go   |",
        "gmail-autoresponder": "| 2 | 2 |   Go   |",
        "lumbermill": "| 2 | 2 |   Go   |",
        "ipfs-example": "| 2 | 4 |   Go   |",
        "events-pipeline": "| 2 | 1 |   Go   |",
        "lanternlib": "| 2 | 5 |   Go   |",
        "winsvc": "| 2 | 2 |   Go   |",
        "loconf": "| 2 | 2 |   None   |",
        "redis": "| 2 | 0 |   None   |",
        "mockconn": "| 2 | 3 |   Go   |",
        "kcp-go": "| 2 | 1 |   Go   |",
        "easylist": "| 2 | 0 |   Go   |",
        "connmux": "| 2 | 0 |   Go   |",
        "iptool": "| 2 | 0 |   Go   |",
        "go-ipfs": "| 2 | 1 |   Go   |",
        "gotun2socks": "| 2 | 0 |   Go   |",
        "netstack": "| 2 | 3 |   Go   |",
        "heartbeat": "| 2 | 1 |   Go   |",
        "keepcurrent": "| 2 | 1 |   Go   |",
        "geo": "| 2 | 1 |   Go   |",
        "meta-scrubber": "| 2 | 1 |   Go   |",
        "exif-image-corpus": "| 2 | 1 |   None   |",
        "systeminfo": "| 2 | 0 |   Go   |",
        "lantern-forum-fa": "| 2 | 0 |   None   |",
        "github-maven-example": "| 1 | 1 |   Java   |",
        "lantern-common": "| 1 | 7 |   Java   |",
        "graphics": "| 1 | 2 |   None   |",
        "pginstrument": "| 1 | 1 |   Java   |",
        "lantern-go": "| 1 | 3 |   Go   |",
        "statshub": "| 1 | 3 |   Go   |",
        "lantern-dashboard": "| 1 | 2 |   HTML   |",
        "fastly-python": "| 1 | 2 |   Python   |",
        "go-igdman": "| 1 | 1 |   Go   |",
        "scrapers": "| 1 | 1 |   Python   |",
        "buuid": "| 1 | 2 |   Go   |",
        "chained": "| 1 | 1 |   Go   |",
        "safe": "| 1 | 1 |   None   |",
        "proxiedsites": "| 1 | 2 |   Go   |",
        "jibber_jabber": "| 1 | 2 |   Go   |",
        "wfilter": "| 1 | 1 |   Go   |",
        "geolookup": "| 1 | 2 |   Go   |",
        "runhide": "| 1 | 3 |   Go   |",
        "influxdb-test": "| 1 | 1 |   Go   |",
        "mail-responder": "| 1 | 4 |   Python   |",
        "tuntap": "| 1 | 1 |   Go   |",
        "websockets": "| 1 | 3 |   Go   |",
        "multicast": "| 1 | 1 |   Go   |",
        "ipfs-lantern": "| 1 | 3 |   Go   |",
        "ttlcounters": "| 1 | 2 |   Go   |",
        "gls": "| 1 | 1 |   Go   |",
        "context": "| 1 | 3 |   Go   |",
        "errors": "| 1 | 3 |   Go   |",
        "hex": "| 1 | 4 |   Go   |",
        "bytemap": "| 1 | 3 |   Go   |",
        "goexpr": "| 1 | 2 |   Go   |",
        "tun-go": "| 1 | 0 |   Go   |",
        "bandwidth": "| 1 | 0 |   Go   |",
        "gowin": "| 1 | 1 |   Go   |",
        "snappyconn": "| 1 | 1 |   Go   |",
        "interceptor": "| 1 | 1 |   Go   |",
        "reachability": "| 1 | 0 |   Go   |",
        "tcpinfo": "| 1 | 0 |   Go   |",
        "tlsredis": "| 1 | 1 |   Go   |",
        "Zom-Android": "| 1 | 0 |   Java   |",
        "event": "| 1 | 0 |   Go   |",
        "dns": "| 1 | 0 |   Go   |",
        "kcptun": "| 1 | 0 |   Go   |",
        "ipfswrapper": "| 1 | 0 |   Go   |",
        "marionette": "| 1 | 5 |   Go   |",
        "zaplog": "| 1 | 0 |   Go   |",
        "memhelper": "| 1 | 0 |   Go   |",
        "gosocks": "| 1 | 0 |   Go   |",
        "ring": "| 1 | 0 |   Go   |",
        "utls-2": "| 1 | 3 |   Go   |",
        "heroku-buildpack-yt-dlp": "| 1 | 2 |   Shell   |",
        "trace": "| 1 | 0 |   Go   |",
        "grcontext": "| 1 | 0 |   Go   |",
        "go-memoize": "| 1 | 0 |   Go   |",
        "axrelay": "| 0 | 2 |   Python   |",
        "osx-keychain-java": "| 0 | 2 |   C   |",
        "miniupnp": "| 0 | 1 |   C   |",
        "lantern_cloud_salt": "| 0 | 2 |   None   |",
        "IGIsolatedCookieWebView": "| 0 | 1 |   Objective-C   |",
        "freedom": "| 0 | 1 |   JavaScript   |",
        "salt-cloud": "| 0 | 1 |   Python   |",
        "sandbox": "| 0 | 1 |   Java   |",
        "lantern-test": "| 0 | 1 |   JavaScript   |",
        "lantern-avian": "| 0 | 3 |   Java   |",
        "avian": "| 0 | 1 |   C++   |",
        "salt": "| 0 | 2 |   Python   |",
        "gradle-appengine-plugin": "| 0 | 1 |   Groovy   |",
        "natty-java-xmpp": "| 0 | 1 |   Java   |",
        "port-users": "| 0 | 2 |   Python   |",
        "flashlight-firefox-addon": "| 0 | 1 |   JavaScript   |",
        "go-cache": "| 0 | 2 |   None   |",
        "pmchecker": "| 0 | 1 |   Java   |",
        "go-pmchecker": "| 0 | 1 |   Go   |",
        "chrome-extension": "| 0 | 1 |   JavaScript   |",
        "eventsource": "| 0 | 1 |   Go   |",
        "peerscanner": "| 0 | 1 |   Go   |",
        "flashlight-checker": "| 0 | 2 |   Go   |",
        "cloudflare": "| 0 | 2 |   Go   |",
        "kscope": "| 0 | 1 |   Go   |",
        "yaml": "| 0 | 4 |   Go   |",
        "testify": "| 0 | 2 |   Go   |",
        "pathreflect": "| 0 | 1 |   Go   |",
        "yamlconf": "| 0 | 1 |   Go   |",
        "lanternutils": "| 0 | 1 |   Python   |",
        "conncheck": "| 0 | 1 |   Go   |",
        "go-utils": "| 0 | 1 |   Go   |",
        "gox": "| 0 | 1 |   Go   |",
        "types": "| 0 | 1 |   Go   |",
        "gonative": "| 0 | 2 |   Go   |",
        "gt1": "| 0 | 2 |   Go   |",
        "gt2": "| 0 | 2 |   Go   |",
        "lantern-android": "| 0 | 0 |   None   |",
        "cf": "| 0 | 2 |   Go   |",
        "firefox-extension": "| 0 | 3 |   JavaScript   |",
        "profiling": "| 0 | 1 |   Go   |",
        "track": "| 0 | 1 |   None   |",
        "service": "| 0 | 1 |   Go   |",
        "aws-sdk-go": "| 0 | 1 |   Go   |",
        "go-bindata-assetfs": "| 0 | 2 |   Go   |",
        "pyflare": "| 0 | 2 |   Python   |",
        "filepersist": "| 0 | 3 |   Go   |",
        "talon-for-twitter": "| 0 | 1 |   Java   |",
        "go-dnsimple": "| 0 | 1 |   Go   |",
        "go-virustotal": "| 0 | 2 |   Go   |",
        "boom": "| 0 | 1 |   Go   |",
        "perfprobe": "| 0 | 1 |   None   |",
        "sonar": "| 0 | 2 |   JavaScript   |",
        "archiver": "| 0 | 1 |   None   |",
        "analytics": "| 0 | 1 |   Go   |",
        "txgh": "| 0 | 1 |   Ruby   |",
        "chrome-proxy-detect": "| 0 | 2 |   JavaScript   |",
        "aleph-notifications-server": "| 0 | 1 |   Clojure   |",
        "test-automation": "| 0 | 2 |   Java   |",
        "eventual": "| 0 | 3 |   Go   |",
        "edgedetect": "| 0 | 1 |   Go   |",
        "badserver": "| 0 | 1 |   Go   |",
        "SmartTabLayout": "| 0 | 1 |   Java   |",
        "diffbot-go-client": "| 0 | 2 |   Go   |",
        "gobox": "| 0 | 2 |   None   |",
        "stack": "| 0 | 1 |   Go   |",
        "go-bindata": "| 0 | 1 |   Go   |",
        "vtime": "| 0 | 1 |   Go   |",
        "cachebrowser": "| 0 | 0 |   Python   |",
        "grtrack": "| 0 | 0 |   Go   |",
        "qqwry": "| 0 | 2 |   Go   |",
        "obfs4": "| 0 | 1 |   Go   |",
        "reconn": "| 0 | 0 |   Go   |",
        "go-keychain": "| 0 | 0 |   Go   |",
        "shortcut": "| 0 | 2 |   Go   |",
        "tldextract": "| 0 | 0 |   Go   |",
        "panicwrap": "| 0 | 1 |   Go   |",
        "docker-gomobile-android-test": "| 0 | 0 |   None   |",
        "proxytoggle": "| 0 | 0 |   C#   |",
        "testredis": "| 0 | 1 |   Go   |",
        "stress-test-carmine-tasks": "| 0 | 0 |   Clojure   |",
        "overture": "| 0 | 0 |   Go   |",
        "msgpack": "| 0 | 1 |   Go   |",
        "INTANG": "| 0 | 0 |   C   |",
        "wercker-android": "| 0 | 1 |   Dockerfile   |",
        "pydatomic": "| 0 | 0 |   Python   |",
        "redis-stat": "| 0 | 1 |   Ruby   |",
        "genptconfig": "| 0 | 0 |   Go   |",
        "beta": "| 0 | 2 |   None   |",
        "python-digitalocean": "| 0 | 1 |   Python   |",
        "borda-clj": "| 0 | 0 |   Clojure   |",
        "stellar-go": "| 0 | 0 |   Go   |",
        "quic-go": "| 0 | 0 |   Go   |",
        "zeno_query_exporter": "| 0 | 0 |   Go   |",
        "uuid": "| 0 | 1 |   Go   |",
        "unsafeslice": "| 0 | 1 |   None   |",
        "go-libutp": "| 0 | 1 |   C++   |",
        "mandrill": "| 0 | 1 |   Go   |",
        "docker-build": "| 0 | 1 |   Dockerfile   |",
        "tlsmasq": "| 0 | 0 |   Go   |",
        "smux": "| 0 | 1 |   Go   |",
        "domains": "| 0 | 1 |   Go   |",
        "tlsutil": "| 0 | 0 |   Go   |",
        "gomobile-docker": "| 0 | 3 |   Dockerfile   |",
        "exif-samples": "| 0 | 1 |   None   |",
        "replicanttest": "| 0 | 1 |   Go   |",
        "sqlite": "| 0 | 1 |   C   |",
        "heroku-buildpack-go": "| 0 | 0 |   Shell   |",
        "go-tun2socks": "| 0 | 0 |   None   |",
        "python-aliyun": "| 0 | 0 |   Python   |",
        "safechannels": "| 0 | 0 |   Go   |",
        "go": "| 0 | 1 |   None   |",
        "timezone": "| 0 | 0 |   Go   |",
        "libsignal-metadata-java": "| 0 | 0 |   Java   |",
        "bip-rs": "| 0 | 0 |   Rust   |",
        "act-environments": "| 0 | 0 |   None   |",
        "tassis-client-java": "| 0 | 1 |   Kotlin   |",
        "observablemodel-android": "| 0 | 0 |   Kotlin   |",
        "libsignal-protocol-java": "| 0 | 0 |   Java   |",
        "secrets-android": "| 0 | 0 |   Kotlin   |",
        "messaging-android": "| 0 | 1 |   Kotlin   |",
        "db-android": "| 0 | 0 |   Kotlin   |",
        "libsignal-service-java": "| 0 | 0 |   None   |",
        "opus_android": "| 0 | 0 |   C   |",
        "PinEditTextField": "| 0 | 0 |   None   |",
        "nettest": "| 0 | 0 |   Go   |",
        "flutter-webrtc-demo": "| 0 | 0 |   None   |",
        "redis-utils": "| 0 | 0 |   Go   |",
        "libmessaging-go": "| 0 | 0 |   Go   |",
        "flutter_packages": "| 0 | 0 |   None   |",
        "curve25519-java": "| 0 | 0 |   C   |",
        "chat-docs": "| 0 | 0 |   None   |",
        "flutter-webrtc": "| 0 | 0 |   Java   |",
        "pathdb": "| 0 | 0 |   Go   |",
        "libsignal-client": "| 0 | 0 |   Rust   |",
        "ad_crawler": "| 0 | 0 |   Go   |",
        "apamante-svelte": "| 0 | 0 |   Svelte   |",
        "goproxy": "| 0 | 0 |   Go   |",
        "telemetry": "| 0 | 0 |   Go   |",
        "fly-log-shipper": "| 0 | 0 |   Shell   |",
        "opentelemetry-collector-contrib": "| 0 | 0 |   None   |",
        "opentelemetry-collector": "| 0 | 0 |   None   |",
        "ramsql": "| 0 | 0 |   None   |",
        "go-ethereum": "| 0 | 0 |   None   |",
        "rockset-go-client": "| 0 | 0 |   Go   |",
        "words": "| 0 | 0 |   Go   |",
        "ratelimit": "| 0 | 0 |   Go   |",
        "cronet-go": "| 0 | 0 |   Go   |",
        "cromagnon": "| 0 | 0 |   Go   |",
        "httpstreams": "| 0 | 0 |   Go   |",
        "cronet": "| 0 | 0 |   C++   |",
        "courtney": "| 0 | 0 |   Go   |",
        "dtls": "| 0 | 0 |   None   |",
        "webrtc": "| 0 | 0 |   Go   |",
        "terraform-provider-alicloud": "| 0 | 0 |   Go   |",
        "lantern-forum-en": "| 0 | 0 |   None   |",
        "lantern-forum-cn": "| 0 | 0 |   None   |",
        "oldgeo": "| 0 | 0 |   Go   |"
    }
}