{
    "company": "Sentry",
    "h-index": 61,
    "repo count": 457,
    "contributor count": 5883,
    "size": "todo",
    "employee count": "todo",
    "country": null,
    "top language": "Python",
    "repos": {
        "sentry": "| 34150 | 3790 |   Python   |",
        "sentry-javascript": "| 7068 | 1414 |   TypeScript   |",
        "self-hosted": "| 6160 | 1531 |   Shell   |",
        "responses": "| 3867 | 331 |   Python   |",
        "sentry-php": "| 1723 | 440 |   PHP   |",
        "raven-python": "| 1678 | 787 |   Python   |",
        "sentry-python": "| 1531 | 379 |   Python   |",
        "sentry-react-native": "| 1410 | 306 |   TypeScript   |",
        "sentry-laravel": "| 1130 | 174 |   PHP   |",
        "sentry-java": "| 965 | 416 |   Kotlin   |",
        "sentry-ruby": "| 878 | 461 |   Ruby   |",
        "sentry-cli": "| 800 | 214 |   Rust   |",
        "milksnake": "| 764 | 36 |   Python   |",
        "sentry-go": "| 751 | 173 |   Go   |",
        "sentry-cocoa": "| 671 | 261 |   Objective-C   |",
        "sentry-webpack-plugin": "| 650 | 121 |   JavaScript   |",
        "sentry-symfony": "| 647 | 157 |   PHP   |",
        "sentry-dart": "| 632 | 176 |   Dart   |",
        "freight": "| 612 | 45 |   Python   |",
        "raven-go": "| 559 | 156 |   Go   |",
        "sentry-elixir": "| 555 | 161 |   Elixir   |",
        "sentry-rust": "| 495 | 130 |   Rust   |",
        "sentry-dotnet": "| 472 | 190 |   C#   |",
        "raven-node": "| 458 | 147 |   JavaScript   |",
        "sentry-kubernetes": "| 408 | 60 |   Python   |",
        "symbolic": "| 379 | 61 |   Rust   |",
        "action-release": "| 350 | 50 |   TypeScript   |",
        "docker-sentry": "| 348 | 154 |   Python   |",
        "sentry-native": "| 310 | 135 |   C   |",
        "rb": "| 300 | 33 |   Python   |",
        "sentry-php-sdk": "| 296 | 9 |   None   |",
        "symbolicator": "| 277 | 40 |   Rust   |",
        "sentry-docs": "| 276 | 1200 |   TypeScript   |",
        "snuba": "| 272 | 49 |   Python   |",
        "relay": "| 244 | 66 |   Rust   |",
        "raven-csharp": "| 232 | 127 |   C#   |",
        "sentry-plugins": "| 212 | 82 |   Python   |",
        "zeus": "| 209 | 20 |   Python   |",
        "sentry-electron": "| 197 | 54 |   TypeScript   |",
        "rust-sourcemap": "| 179 | 22 |   Rust   |",
        "sentry-unity": "| 148 | 48 |   C#   |",
        "action-github-app-token": "| 139 | 86 |   TypeScript   |",
        "sentry-slack": "| 135 | 40 |   Python   |",
        "action-git-diff-suggestions": "| 128 | 74 |   TypeScript   |",
        "sentry-fastlane-plugin": "| 118 | 52 |   Ruby   |",
        "craft": "| 118 | 12 |   TypeScript   |",
        "examples": "| 112 | 105 |   C#   |",
        "sentry-capacitor": "| 109 | 18 |   TypeScript   |",
        "sentry-wizard": "| 106 | 32 |   TypeScript   |",
        "sentry-android-gradle-plugin": "| 99 | 26 |   Kotlin   |",
        "raven-objc": "| 98 | 44 |   Objective-C   |",
        "sentry-jira": "| 95 | 37 |   Python   |",
        "raven-aiohttp": "| 90 | 26 |   Python   |",
        "sentry-clj": "| 90 | 23 |   Clojure   |",
        "sentry-android": "| 87 | 32 |   None   |",
        "pytest-responses": "| 83 | 16 |   Python   |",
        "sentry-github": "| 79 | 20 |   Python   |",
        "libsourcemap": "| 78 | 10 |   Rust   |",
        "sentry-kotlin-multiplatform": "| 73 | 12 |   Kotlin   |",
        "sentry-rrweb": "| 72 | 15 |   TypeScript   |",
        "sentry-cordova": "| 64 | 50 |   TypeScript   |",
        "sourcemaps.io": "| 55 | 20 |   TypeScript   |",
        "sentry-javascript-bundler-plugins": "| 55 | 8 |   TypeScript   |",
        "sentry-webhooks": "| 52 | 19 |   Python   |",
        "breakpad-tools": "| 46 | 13 |   Makefile   |",
        "sentry-netlify-build-plugin": "| 44 | 15 |   JavaScript   |",
        "babel-gettext-extractor": "| 43 | 21 |   JavaScript   |",
        "develop": "| 43 | 206 |   TypeScript   |",
        "sentry-dart-plugin": "| 43 | 16 |   Dart   |",
        "TraceKit": "| 42 | 8 |   JavaScript   |",
        "raven-swift": "| 40 | 17 |   None   |",
        "sentry-unreal": "| 40 | 10 |   C++   |",
        "sentry-auth-github": "| 39 | 33 |   Python   |",
        "sentry-mobile-release-health-app": "| 39 | 5 |   Dart   |",
        "sentry-xamarin": "| 39 | 9 |   C#   |",
        "sentry-fullstory": "| 38 | 10 |   TypeScript   |",
        "action-visual-snapshot": "| 37 | 7 |   TypeScript   |",
        "sentry-phabricator": "| 36 | 10 |   Python   |",
        "platformicons": "| 36 | 21 |   TypeScript   |",
        "pytest-sentry": "| 36 | 6 |   Python   |",
        "dotnet-assembly-alias": "| 36 | 5 |   C#   |",
        "sentry-auth-google": "| 34 | 67 |   Python   |",
        "integration-platform-example": "| 32 | 19 |   TypeScript   |",
        "unity": "| 31 | 12 |   Objective-C   |",
        "vanguard": "| 29 | 2 |   TypeScript   |",
        "probot-report": "| 28 | 8 |   JavaScript   |",
        "sentry-replay": "| 28 | 1 |   TypeScript   |",
        "perl-raven": "| 27 | 26 |   Perl   |",
        "sentry-vscode": "| 26 | 3 |   TypeScript   |",
        "sentry_airflow": "| 26 | 11 |   Python   |",
        "symbol-collector": "| 24 | 6 |   C#   |",
        "arroyo": "| 24 | 5 |   Python   |",
        "sentry-relay-attic": "| 23 | 5 |   Rust   |",
        "symsynd": "| 23 | 8 |   C++   |",
        "freight-cli": "| 22 | 7 |   Python   |",
        "cloud-run-typescript-template": "| 21 | 3 |   JavaScript   |",
        "sentry-dotnet-minidump": "| 21 | 3 |   C   |",
        "gib-potato": "| 21 | 0 |   PHP   |",
        "sentry-redmine": "| 20 | 15 |   Python   |",
        "eslint-plugin-getsentry": "| 20 | 5 |   JavaScript   |",
        "apple-crash-report-parser": "| 20 | 5 |   Rust   |",
        "action-eslint-fix": "| 20 | 5 |   TypeScript   |",
        "sentry-auth-saml2": "| 19 | 19 |   Python   |",
        "probot-censor": "| 19 | 9 |   JavaScript   |",
        "profiling-node": "| 19 | 3 |   TypeScript   |",
        "probot-release": "| 18 | 6 |   JavaScript   |",
        "sentry-dotnet-samples": "| 18 | 9 |   C#   |",
        "atlas": "| 18 | 3 |   Python   |",
        "xds": "| 18 | 1 |   Go   |",
        "raven-php": "| 17 | 15 |   PHP   |",
        "sentry-unity-lite": "| 17 | 11 |   C#   |",
        "edmgutil": "| 17 | 1 |   Rust   |",
        "rfcs": "| 17 | 7 |   Python   |",
        "sentry-top": "| 16 | 4 |   Python   |",
        "calm": "| 16 | 5 |   Rust   |",
        "chartcuterie": "| 16 | 2 |   TypeScript   |",
        "sentry-flutter": "| 15 | 1 |   None   |",
        "magento-amg-sentry-extension": "| 14 | 11 |   PHP   |",
        "sentry-gitlab": "| 14 | 4 |   Python   |",
        "rust-proguard": "| 14 | 9 |   Rust   |",
        "airflow-metrics": "| 14 | 6 |   Python   |",
        "sentry-spark": "| 14 | 8 |   Scala   |",
        "sentry-sdk-benchmark": "| 14 | 6 |   C#   |",
        "sentry-quotas": "| 13 | 7 |   Python   |",
        "dreamy-components": "| 13 | 3 |   JavaScript   |",
        "sentlog": "| 13 | 2 |   Go   |",
        "pyinject": "| 12 | 4 |   Python   |",
        "coredump-uploader": "| 12 | 4 |   Python   |",
        "sentry-hipchat-ac": "| 11 | 5 |   Python   |",
        "reload": "| 11 | 13 |   Python   |",
        "rust-anylog": "| 11 | 4 |   Rust   |",
        "sentry-dotnet-platform-abstractions": "| 11 | 7 |   C#   |",
        "sentry-release-registry": "| 11 | 21 |   Python   |",
        "sentry-github-actions-app": "| 11 | 5 |   Python   |",
        "sentry-ios-example": "| 10 | 7 |   None   |",
        "eslint-config-sentry": "| 10 | 5 |   JavaScript   |",
        "frontend-handbook": "| 10 | 2 |   None   |",
        ".github": "| 10 | 28 |   None   |",
        "raven-django": "| 9 | 10 |   Python   |",
        "sentry-heroku": "| 9 | 2 |   Python   |",
        "typescript-slack-bot": "| 9 | 2 |   TypeScript   |",
        "publish": "| 9 | 12 |   JavaScript   |",
        "js-source-scopes": "| 9 | 1 |   Rust   |",
        "sentry-trello": "| 8 | 6 |   Python   |",
        "reflux-alerts": "| 8 | 3 |   JavaScript   |",
        "hubot-raven": "| 8 | 3 |   JavaScript   |",
        "sentry-teamwork": "| 8 | 5 |   Python   |",
        "sentry-objc": "| 8 | 7 |   Objective-C   |",
        "symbolserver": "| 8 | 9 |   Rust   |",
        "sentry-round-robin": "| 8 | 14 |   JavaScript   |",
        "sentry-data-schemas": "| 8 | 7 |   Python   |",
        "snuba-sdk": "| 8 | 5 |   Python   |",
        "sentry-defenses": "| 8 | 4 |   C#   |",
        "apple-system-symbols-upload": "| 8 | 2 |   C   |",
        "prebuilt-pythons": "| 8 | 6 |   Python   |",
        "symfony-amg-sentry-plugin": "| 7 | 14 |   PHP   |",
        "sentry-irc": "| 7 | 4 |   Python   |",
        "hubot-freight": "| 7 | 6 |   JavaScript   |",
        "sentry-youtrack": "| 7 | 11 |   Python   |",
        "sentry-dotnet-ef": "| 7 | 6 |   C#   |",
        "event-ingestion-graph": "| 7 | 3 |   JavaScript   |",
        "crashpad": "| 7 | 32 |   C++   |",
        "flipt-grpc-python": "| 7 | 2 |   Python   |",
        "sentry-visualstudio": "| 7 | 2 |   C#   |",
        "json-schema-diff": "| 7 | 2 |   Rust   |",
        "sentry-pivotal": "| 6 | 12 |   Python   |",
        "po-catalog-loader": "| 6 | 8 |   JavaScript   |",
        "sentry-java-examples": "| 6 | 3 |   None   |",
        "build-pad": "| 6 | 1 |   Lua   |",
        "rust-json-forensics": "| 6 | 1 |   Rust   |",
        "jest-visual-snapshot": "| 6 | 2 |   TypeScript   |",
        "team-ospo": "| 6 | 2 |   None   |",
        "vroom": "| 6 | 0 |   Go   |",
        "grouping-ideas": "| 6 | 1 |   None   |",
        "sdk-measurements": "| 6 | 1 |   Python   |",
        "worthless": "| 6 | 0 |   Rust   |",
        "sentry-flowdock": "| 5 | 6 |   Python   |",
        "orbital": "| 5 | 2 |   JavaScript   |",
        "sentry-freight": "| 5 | 5 |   Python   |",
        "sentry-orbital": "| 5 | 4 |   Python   |",
        "cronwell": "| 5 | 4 |   Rust   |",
        "CrashProbe": "| 5 | 1 |   Objective-C   |",
        "changes": "| 5 | 6 |   Python   |",
        "zeus-cli": "| 5 | 8 |   JavaScript   |",
        "batching-kafka-consumer": "| 5 | 2 |   Python   |",
        "sentry-user-scripts": "| 5 | 2 |   JavaScript   |",
        "pypi": "| 5 | 3 |   Python   |",
        "opentelemetry-demo": "| 5 | 0 |   TypeScript   |",
        "sentry-pushover": "| 4 | 5 |   Python   |",
        "sentry-opsgenie": "| 4 | 13 |   Python   |",
        "ruby-trace": "| 4 | 6 |   C   |",
        "hats": "| 4 | 2 |   None   |",
        "sentry-symbol-collector-hack": "| 4 | 7 |   JavaScript   |",
        "rust-breakpad": "| 4 | 5 |   Rust   |",
        "sentry-dotnet-protocol": "| 4 | 5 |   C#   |",
        "action-migrations": "| 4 | 5 |   TypeScript   |",
        "outcomes-lookup": "| 4 | 1 |   Rust   |",
        "size-limit-action": "| 4 | 4 |   TypeScript   |",
        "team-mobile": "| 4 | 1 |   None   |",
        "github-workflows": "| 4 | 4 |   PowerShell   |",
        "action-app-sdk-overhead-metrics": "| 4 | 3 |   Kotlin   |",
        "hackweek-cookie-sync": "| 4 | 1 |   TypeScript   |",
        "watto": "| 4 | 1 |   Rust   |",
        "nginx": "| 3 | 2 |   Ruby   |",
        "sentry-pagerduty": "| 3 | 7 |   Python   |",
        "raven-js-examples": "| 3 | 9 |   JavaScript   |",
        "gitbot": "| 3 | 3 |   Python   |",
        "homebrew-tools": "| 3 | 6 |   Ruby   |",
        "node-dryrun": "| 3 | 5 |   JavaScript   |",
        "sentry-echo": "| 3 | 4 |   JavaScript   |",
        "marshal": "| 3 | 3 |   Rust   |",
        "breakpad": "| 3 | 7 |   C++   |",
        "inhuman": "| 3 | 1 |   JavaScript   |",
        "sentry-app-github-internal": "| 3 | 2 |   JavaScript   |",
        "libunwindstack-ndk": "| 3 | 5 |   C++   |",
        "debscraper": "| 3 | 1 |   Rust   |",
        "linux-syscall-support": "| 3 | 4 |   C   |",
        "sentry-global-search": "| 3 | 3 |   TypeScript   |",
        "utf16string": "| 3 | 4 |   Rust   |",
        "prism-sentry": "| 3 | 1 |   CSS   |",
        "action-prepare-release": "| 3 | 1 |   None   |",
        "praise": "| 3 | 1 |   TypeScript   |",
        "deps": "| 3 | 1 |   HTML   |",
        "setup-unity": "| 3 | 1 |   JavaScript   |",
        "unity-docker": "| 3 | 2 |   PowerShell   |",
        "go-load-tester": "| 3 | 0 |   Go   |",
        "sentry-godot": "| 3 | 1 |   C++   |",
        "profiling-browser": "| 3 | 0 |   TypeScript   |",
        "starfish-mock": "| 3 | 1 |   Python   |",
        "cdnjs": "| 2 | 1 |   JavaScript   |",
        "obs": "| 2 | 2 |   Python   |",
        "sentry-zendesk-app": "| 2 | 4 |   JavaScript   |",
        "nginx-statsd": "| 2 | 4 |   C   |",
        "schnitzel": "| 2 | 4 |   JavaScript   |",
        "hackweek": "| 2 | 6 |   JavaScript   |",
        "strut": "| 2 | 3 |   None   |",
        "rust-sentry-types": "| 2 | 5 |   Rust   |",
        "rust-debugid": "| 2 | 3 |   Rust   |",
        "raven-js-bower": "| 2 | 2 |   None   |",
        "sentry-taiga": "| 2 | 2 |   Python   |",
        "piinguin": "| 2 | 1 |   Rust   |",
        "cdc": "| 2 | 2 |   Python   |",
        "sentry-release-parser": "| 2 | 1 |   Rust   |",
        "rrweb": "| 2 | 1 |   TypeScript   |",
        "opentelemetry-collector-contrib": "| 2 | 0 |   Go   |",
        "eng-pipes": "| 2 | 0 |   TypeScript   |",
        "ingest-load-tester": "| 2 | 2 |   Python   |",
        "typescript-action": "| 2 | 3 |   TypeScript   |",
        "next-source-maps": "| 2 | 1 |   JavaScript   |",
        "bootstrap-sentry": "| 2 | 1 |   Shell   |",
        "clickhouse-setup": "| 2 | 1 |   Makefile   |",
        "test-factory-utils": "| 2 | 0 |   Python   |",
        "jest-sentry-environment": "| 2 | 1 |   JavaScript   |",
        "rust_arroyo": "| 2 | 1 |   Rust   |",
        "sentry-devtools": "| 2 | 3 |   Python   |",
        "support": "| 2 | 2 |   None   |",
        "hackweek-trialbytriage": "| 2 | 1 |   JavaScript   |",
        "hackweek-feature-flags": "| 2 | 1 |   Python   |",
        "image-mirror": "| 2 | 1 |   Python   |",
        "blues-stack": "| 2 | 1 |   None   |",
        "gocd-webhook-notification-plugin": "| 2 | 0 |   Java   |",
        "action-fast-revert": "| 2 | 0 |   Python   |",
        "test-otel-app": "| 2 | 0 |   JavaScript   |",
        "action-self-hosted-e2e-tests": "| 2 | 1 |   None   |",
        "github-deployment-gate": "| 2 | 3 |   TypeScript   |",
        "raven-php-old": "| 1 | 2 |   PHP   |",
        "fabric": "| 1 | 3 |   Python   |",
        "sentry-groveio": "| 1 | 2 |   Python   |",
        "sentry-campfire": "| 1 | 2 |   Python   |",
        "django-social-auth": "| 1 | 2 |   Python   |",
        "opencompany.github.io": "| 1 | 3 |   CSS   |",
        "sentry-bitbucket": "| 1 | 4 |   Python   |",
        "heroku-buildpack-redis": "| 1 | 9 |   Shell   |",
        "test-repo": "| 1 | 1 |   None   |",
        "demo-sinatra": "| 1 | 3 |   Ruby   |",
        "demo-rails": "| 1 | 3 |   Ruby   |",
        "demo-flask": "| 1 | 3 |   Python   |",
        "demo-rq": "| 1 | 3 |   Python   |",
        "react-lazy-load": "| 1 | 3 |   JavaScript   |",
        "sentry-health": "| 1 | 6 |   Python   |",
        "sentry-demo": "| 1 | 2 |   JavaScript   |",
        "sentry-libhealth": "| 1 | 5 |   Python   |",
        "demo-django": "| 1 | 3 |   Python   |",
        "CrashProbe-Data": "| 1 | 1 |   None   |",
        "demo-bottle": "| 1 | 2 |   Python   |",
        "calm-tools": "| 1 | 4 |   JavaScript   |",
        "pre-commit-hooks": "| 1 | 5 |   None   |",
        "zeus-sdk": "| 1 | 3 |   TypeScript   |",
        "sentry-flake8": "| 1 | 2 |   Python   |",
        "docker-jekyll-base": "| 1 | 3 |   Dockerfile   |",
        "jekyll-template": "| 1 | 1 |   Shell   |",
        "rust-musl-cross": "| 1 | 4 |   Dockerfile   |",
        "wal2json": "| 1 | 4 |   C   |",
        "gkms": "| 1 | 1 |   Python   |",
        "quicktype": "| 1 | 0 |   None   |",
        "sentry-api-schema": "| 1 | 5 |   None   |",
        "paths-filter": "| 1 | 1 |   TypeScript   |",
        "Ben.Demystifier": "| 1 | 1 |   C#   |",
        "action-get-dependent-pr": "| 1 | 4 |   TypeScript   |",
        "replay": "| 1 | 1 |   Go   |",
        "assign-one-project-github-action": "| 1 | 1 |   None   |",
        "django-sudo": "| 1 | 1 |   Python   |",
        "sentry-intercom": "| 1 | 1 |   JavaScript   |",
        "sentry-js-tracing": "| 1 | 0 |   TypeScript   |",
        "distributed-tracing-examples": "| 1 | 3 |   JavaScript   |",
        "hackweek-servicegraph": "| 1 | 1 |   CSS   |",
        "sentry-defender-server": "| 1 | 1 |   Python   |",
        "smoke-test-sentry": "| 1 | 1 |   TypeScript   |",
        "action-docker-layer-caching": "| 1 | 2 |   None   |",
        "team-processing": "| 1 | 0 |   None   |",
        "demo-movie-search": "| 1 | 2 |   JavaScript   |",
        "uwsgi-dogstatsd-plugin": "| 1 | 1 |   Python   |",
        "sentry-waste-management": "| 1 | 2 |   JavaScript   |",
        "barbados": "| 1 | 1 |   Rust   |",
        "example-minidump-upload": "| 1 | 4 |   Python   |",
        "action-check-ci-flag": "| 1 | 1 |   TypeScript   |",
        "salt": "| 1 | 0 |   None   |",
        "sentry-kafka-schemas": "| 1 | 0 |   Python   |",
        "action-setup-venv": "| 1 | 0 |   None   |",
        "postgresql": "| 0 | 3 |   Ruby   |",
        "disqus-postgres": "| 0 | 2 |   Python   |",
        "heaven": "| 0 | 3 |   Ruby   |",
        "pyvotal": "| 0 | 2 |   Python   |",
        "sentry-doc-support": "| 0 | 6 |   Python   |",
        "heroku-buildpack-cffi": "| 0 | 2 |   Shell   |",
        "heroku-buildpack-apt": "| 0 | 1 |   Shell   |",
        "sentry-irccat": "| 0 | 2 |   Python   |",
        "tags-test-pgbench": "| 0 | 2 |   Shell   |",
        "heka": "| 0 | 3 |   Go   |",
        "demo-express": "| 0 | 3 |   JavaScript   |",
        "rust-ini": "| 0 | 4 |   Rust   |",
        "node-pixelpusher": "| 0 | 2 |   JavaScript   |",
        "symsynd-test-resources": "| 0 | 5 |   None   |",
        "incubator-airflow": "| 0 | 1 |   Python   |",
        "eris": "| 0 | 5 |   Rust   |",
        "python-percy-client": "| 0 | 2 |   Python   |",
        "generator-sentry": "| 0 | 5 |   JavaScript   |",
        "rubik": "| 0 | 2 |   Python   |",
        "sentry-vsts": "| 0 | 3 |   Python   |",
        "flask-sslify": "| 0 | 2 |   Python   |",
        "circle-test": "| 0 | 3 |   None   |",
        "cabi": "| 0 | 4 |   None   |",
        "docs-sentry-service-broker": "| 0 | 2 |   HTML   |",
        "findshlibs": "| 0 | 4 |   Rust   |",
        "dotnet-repro-net472-sql-bug": "| 0 | 3 |   C#   |",
        "plugin-hell": "| 0 | 1 |   JavaScript   |",
        "general": "| 0 | 2 |   Rust   |",
        "sentry-hipchat": "| 0 | 1 |   Python   |",
        "incubator-echarts": "| 0 | 0 |   JavaScript   |",
        "direnv-helpers": "| 0 | 1 |   Shell   |",
        "django-db-log-example": "| 0 | 1 |   Python   |",
        "sentry-distutils": "| 0 | 2 |   Python   |",
        "hackweek-pullpreview-proxy": "| 0 | 1 |   Python   |",
        "msvc-demangler-rust": "| 0 | 1 |   Rust   |",
        "sentry-event-diff": "| 0 | 2 |   JavaScript   |",
        "premake-androidmk": "| 0 | 1 |   Lua   |",
        "sentry-twilio": "| 0 | 2 |   Python   |",
        "sentry-sourcemap-tester": "| 0 | 1 |   HTML   |",
        "action-frontend-preview": "| 0 | 1 |   JavaScript   |",
        "rrweb-json-player": "| 0 | 1 |   HTML   |",
        "email-reply-parser": "| 0 | 1 |   None   |",
        "haproxy-neighbors": "| 0 | 2 |   Go   |",
        "py-amqp": "| 0 | 0 |   Python   |",
        "hackweek-metrics-exporter-statsd": "| 0 | 1 |   Rust   |",
        "libinjection-rs": "| 0 | 2 |   Rust   |",
        "action-html-to-image": "| 0 | 1 |   TypeScript   |",
        "react-native-test-app": "| 0 | 1 |   JavaScript   |",
        "openapi-core": "| 0 | 2 |   Python   |",
        "redash": "| 0 | 0 |   Python   |",
        "toronado": "| 0 | 1 |   None   |",
        "action-packer-build": "| 0 | 3 |   Shell   |",
        "action-salt-lint": "| 0 | 1 |   Shell   |",
        "action-github-slug": "| 0 | 1 |   None   |",
        "action-github-commit": "| 0 | 3 |   TypeScript   |",
        "forked-action-lock-threads": "| 0 | 2 |   None   |",
        ".github-chadwhitacre": "| 0 | 1 |   Shell   |",
        "open.sentry.io": "| 0 | 1 |   None   |",
        "grouping-tests": "| 0 | 1 |   Python   |",
        "Jest-Coverage-Diff": "| 0 | 1 |   None   |",
        "envdir-plusplus": "| 0 | 1 |   None   |",
        "labels": "| 0 | 2 |   Io   |",
        "go-links": "| 0 | 1 |   None   |",
        "codeowners-example": "| 0 | 1 |   JavaScript   |",
        "docker-oauth2_proxy": "| 0 | 2 |   None   |",
        "twemproxy": "| 0 | 0 |   None   |",
        "https": "| 0 | 1 |   None   |",
        "size": "| 0 | 1 |   None   |",
        "pgtobq": "| 0 | 1 |   Go   |",
        "docker-pgbouncer": "| 0 | 1 |   None   |",
        "docker-pgbadger": "| 0 | 1 |   Dockerfile   |",
        "docker-geoipupdate": "| 0 | 1 |   None   |",
        "email-me": "| 0 | 1 |   None   |",
        "go-http-utils-logger": "| 0 | 1 |   None   |",
        "docker-cbtemulator": "| 0 | 1 |   Dockerfile   |",
        "gscp": "| 0 | 3 |   Go   |",
        "s3autoindex": "| 0 | 1 |   Go   |",
        "docker-citus": "| 0 | 0 |   None   |",
        "django-pg-zero-downtime-migrations": "| 0 | 1 |   None   |",
        "test-ttt-simple": "| 0 | 0 |   None   |",
        "devpi-docker": "| 0 | 1 |   Shell   |",
        "action-wait-for-check": "| 0 | 2 |   TypeScript   |",
        "aria-query": "| 0 | 1 |   JavaScript   |",
        "hackweek-rust-gui": "| 0 | 1 |   Rust   |",
        "sentry-browser-lite": "| 0 | 1 |   TypeScript   |",
        "sentry-sonar": "| 0 | 3 |   Java   |",
        "ga-jira-integration": "| 0 | 2 |   JavaScript   |",
        "actions": "| 0 | 2 |   JavaScript   |",
        "actix-web": "| 0 | 0 |   None   |",
        "duckduckgo-android": "| 0 | 2 |   Kotlin   |",
        "tivi-android": "| 0 | 1 |   Kotlin   |",
        "uap-rs": "| 0 | 1 |   None   |",
        "jmxtrans": "| 0 | 0 |   None   |",
        "gcp_auth": "| 0 | 3 |   Rust   |",
        "testing-craft-chadwhitacre": "| 0 | 1 |   Shell   |",
        "action-download-workflow-artifact": "| 0 | 2 |   None   |",
        "rust-minidump": "| 0 | 1 |   Rust   |",
        "lambda-extension-load-test": "| 0 | 1 |   Python   |",
        "action-build-aws-lambda-extension": "| 0 | 1 |   None   |",
        "action-enforce-license-compliance": "| 0 | 2 |   None   |",
        "pycon22": "| 0 | 1 |   Python   |",
        "github-actions-testing": "| 0 | 2 |   None   |",
        "nextjs-sentry-example": "| 0 | 0 |   None   |",
        "django-db-log-demo": "| 0 | 1 |   Python   |",
        "sentry-project-automation": "| 0 | 1 |   JavaScript   |",
        "chrome-extension-typescript-starter": "| 0 | 1 |   None   |",
        "replay-chrome-extension": "| 0 | 1 |   TypeScript   |",
        "django-picklefield": "| 0 | 1 |   Python   |",
        "git-auto-commit-action": "| 0 | 1 |   None   |",
        "action-wait-for-cirrus": "| 0 | 1 |   Python   |",
        "react-testing-library-slack-bot": "| 0 | 1 |   TypeScript   |",
        "cpp_demangle": "| 0 | 2 |   Rust   |",
        "reqwest": "| 0 | 0 |   Rust   |",
        "hackweek-waste-management": "| 0 | 1 |   None   |",
        "slack-bolt-app": "| 0 | 1 |   JavaScript   |",
        "event-reprocessing": "| 0 | 3 |   Python   |",
        "chadwhitacre-test": "| 0 | 0 |   None   |",
        "minimum_python_async": "| 0 | 1 |   Python   |",
        "action-setup-volta": "| 0 | 0 |   Python   |",
        "session-replay-debugger": "| 0 | 0 |   JavaScript   |",
        "team-webplatform-meta": "| 0 | 0 |   None   |",
        "security-awdl_wifi_scripts": "| 0 | 0 |   Shell   |",
        "quickjs": "| 0 | 0 |   None   |",
        "gocd-kubernetes-based-secrets-plugin": "| 0 | 0 |   Java   |",
        "sentry-sourcemap-debug-id-cli": "| 0 | 0 |   JavaScript   |",
        "gocd-google-iap-authorization-plugin": "| 0 | 0 |   Java   |",
        "action-setup-gocd-cli": "| 0 | 0 |   Python   |",
        "size-limit-release": "| 0 | 0 |   TypeScript   |",
        "public": "| 0 | 0 |   None   |",
        "jsonschema-gentypes": "| 0 | 0 |   None   |",
        "github-deployment-gate-demo": "| 0 | 2 |   JavaScript   |",
        "react-inspector": "| 0 | 0 |   TypeScript   |",
        "unplugin-fork": "| 0 | 0 |   None   |",
        "nowinandroid": "| 0 | 0 |   Kotlin   |",
        "gcloud-tools": "| 0 | 0 |   None   |",
        "sentry-redis-tools": "| 0 | 0 |   Python   |",
        "sudo-gcp": "| 0 | 0 |   None   |",
        "script-executor-task": "| 0 | 0 |   Java   |"
    }
}