{
    "company": "Git",
    "h-index": 0,
    "repo count": 7,
    "contributor count": 709,
    "size": "todo",
    "employee count": "todo",
    "country": null,
    "top language": "HTML",
    "repos": {
        "git": "| 46194 | 25055 |   C   |",
        "git-scm.com": "| 2049 | 1308 |   Ruby   |",
        "git-reference": "| 964 | 382 |   HTML   |",
        "git.github.io": "| 272 | 317 |   CSS   |",
        "gitscm-old": "| 168 | 89 |   HTML   |",
        "htmldocs": "| 97 | 89 |   HTML   |",
        "sha1collisiondetection": "| 33 | 36 |   C   |"
    }
}