{
    "company": "Godot Engine",
    "h-index": 33,
    "repo count": 50,
    "contributor count": 1544,
    "size": "todo",
    "employee count": "todo",
    "country": "Worldwide",
    "top language": "C++",
    "repos": {
        "godot": "| 61224 | 11271 |   C++   |",
        "awesome-godot": "| 4347 | 263 |   None   |",
        "godot-demo-projects": "| 3258 | 1230 |   GDScript   |",
        "godot-docs": "| 2283 | 2321 |   reStructuredText   |",
        "godot-blender-exporter": "| 932 | 116 |   Python   |",
        "godot-cpp": "| 904 | 333 |   C++   |",
        "godot-vscode-plugin": "| 880 | 107 |   TypeScript   |",
        "godot-proposals": "| 789 | 65 |   None   |",
        "tps-demo": "| 743 | 144 |   GDScript   |",
        "godot-git-plugin": "| 451 | 48 |   C++   |",
        "collada-exporter": "| 384 | 134 |   Python   |",
        "godot-headers": "| 338 | 87 |   C   |",
        "godot-syntax-themes": "| 244 | 45 |   None   |",
        "emacs-gdscript-mode": "| 231 | 31 |   Emacs Lisp   |",
        "godot-asset-library": "| 226 | 71 |   PHP   |",
        "gdnative-demos": "| 180 | 76 |   Python   |",
        "godot-website": "| 178 | 105 |   HTML   |",
        "godot-design": "| 168 | 59 |   None   |",
        "godot-roadmap": "| 163 | 33 |   None   |",
        "build-containers": "| 147 | 50 |   Shell   |",
        "FBX2glTF": "| 147 | 33 |   C++   |",
        "godot-csharp-visualstudio": "| 146 | 25 |   C#   |",
        "webrtc-native": "| 127 | 27 |   C++   |",
        "godot-csharp-vscode": "| 92 | 18 |   TypeScript   |",
        "godot-google-play-billing": "| 83 | 19 |   Java   |",
        "godot-benchmarks": "| 80 | 9 |   GDScript   |",
        "godot-ios-plugins": "| 69 | 29 |   Objective-C++   |",
        "godot-visual-script": "| 69 | 12 |   C++   |",
        "godot-build-scripts": "| 53 | 26 |   Shell   |",
        "godot-3d-dodge-the-creeps": "| 53 | 28 |   GDScript   |",
        "godot-mono-builds": "| 50 | 34 |   Python   |",
        "godot-3d-platformer-demo": "| 39 | 5 |   None   |",
        "godot-docs-l10n": "| 35 | 25 |   Shell   |",
        "godot-tests": "| 29 | 23 |   GDScript   |",
        "godot-monodevelop-addin": "| 29 | 4 |   C#   |",
        "doc-status": "| 20 | 8 |   CSS   |",
        "webrtc-actions": "| 17 | 10 |   None   |",
        "godot-docs-project-starters": "| 16 | 2 |   GDScript   |",
        "regression-test-project": "| 15 | 6 |   GDScript   |",
        "godot-platform-haiku": "| 14 | 3 |   C++   |",
        "buildroot": "| 13 | 2 |   Makefile   |",
        "gdscript-tests": "| 12 | 4 |   HTML   |",
        "godot-team-reports": "| 12 | 7 |   JavaScript   |",
        "godot-showreel-voting": "| 10 | 4 |   Python   |",
        "godot-editor-l10n": "| 10 | 3 |   Python   |",
        "godot-prs-by-file": "| 7 | 1 |   JavaScript   |",
        ".github": "| 6 | 14 |   None   |",
        "issue-bot": "| 6 | 3 |   Python   |",
        "godot-interactive-changelog": "| 6 | 0 |   JavaScript   |",
        "godot-commit-artifacts": "| 3 | 2 |   JavaScript   |"
    }
}