{
    "company": "Gogs",
    "h-index": 10,
    "repo count": 16,
    "contributor count": 583,
    "size": "todo",
    "employee count": "todo",
    "country": "Wildest Dream",
    "top language": "Go",
    "repos": {
        "gogs": "| 42154 | 4714 |   Go   |",
        "go-gogs-client": "| 225 | 155 |   Go   |",
        "git": "| 176 | 34 |   Go   |",
        "git-module": "| 156 | 131 |   Go   |",
        "docs-api": "| 121 | 29 |   None   |",
        "docs": "| 114 | 439 |   None   |",
        "chardet": "| 45 | 13 |   Go   |",
        "gogsweb": "| 43 | 26 |   CSS   |",
        "webdav": "| 18 | 13 |   Go   |",
        "gogsweb.peach": "| 11 | 11 |   HTML   |",
        "cron": "| 9 | 9 |   Go   |",
        "minwinsvc": "| 4 | 2 |   Go   |",
        "go-libravatar": "| 2 | 2 |   Go   |",
        "packaging": "| 0 | 3 |   None   |",
        "git-module-testrepo": "| 0 | 1 |   Java   |",
        "brand-kit": "| 0 | 1 |   None   |"
    }
}