{
    "company": "GoHugo.io",
    "h-index": 10,
    "repo count": 30,
    "contributor count": 783,
    "size": "todo",
    "employee count": "todo",
    "country": null,
    "top language": "Go",
    "repos": {
        "hugo": "| 67015 | 7173 |   Go   |",
        "hugoThemes": "| 1709 | 253 |   Shell   |",
        "hugoDocs": "| 938 | 1352 |   HTML   |",
        "hugoBasicExample": "| 265 | 297 |   None   |",
        "hugoThemesSiteBuilder": "| 159 | 128 |   Go   |",
        "gohugoioTheme": "| 93 | 62 |   CSS   |",
        "hugo-mod-jslibs": "| 41 | 8 |   HTML   |",
        "hugoThemesSite": "| 32 | 22 |   HTML   |",
        "hugo-mod-bootstrap-scss": "| 26 | 9 |   SCSS   |",
        "hugo-mod-heroicons": "| 15 | 5 |   None   |",
        "hugo-mod-bootstrap-scss-v4": "| 9 | 14 |   None   |",
        "hugoTestProjectJSModImports": "| 9 | 7 |   JavaScript   |",
        "gohugoioTheme2": "| 8 | 4 |   HTML   |",
        "hugoreleaser": "| 7 | 1 |   Go   |",
        "hugo-mod-jslibs-dist": "| 4 | 3 |   JavaScript   |",
        "hugo-mod-bootstrap-scss-v5": "| 3 | 1 |   None   |",
        "hugoTestModules1_darwin": "| 2 | 1 |   None   |",
        "localescompressed": "| 2 | 3 |   Go   |",
        "hugoTestModules1_windows": "| 1 | 1 |   None   |",
        "hugoTestModules1_linux": "| 1 | 1 |   None   |",
        "netlify-test-site": "| 1 | 6 |   JavaScript   |",
        "testmodBuilder": "| 0 | 2 |   Go   |",
        ".github": "| 0 | 1 |   None   |",
        "hugoTestModule2": "| 0 | 1 |   JavaScript   |",
        "hugoTestModulesJS": "| 0 | 2 |   JavaScript   |",
        "go-i18n": "| 0 | 2 |   Go   |",
        "locales": "| 0 | 3 |   Go   |",
        "hugoreleaser-plugins-api": "| 0 | 0 |   Go   |",
        "hugoreleaser-archive-plugins": "| 0 | 0 |   Go   |",
        "hugo-mod-bin-dartsass": "| 0 | 0 |   None   |"
    }
}