{
    "company": "Go",
    "h-index": 50,
    "repo count": 58,
    "contributor count": 2310,
    "size": "todo",
    "employee count": "todo",
    "country": null,
    "top language": "Go",
    "repos": {
        "go": "| 111235 | 16502 |   Go   |",
        "dep": "| 12976 | 1103 |   Go   |",
        "groupcache": "| 12093 | 1353 |   Go   |",
        "protobuf": "| 9046 | 1590 |   Go   |",
        "mock": "| 8857 | 610 |   Go   |",
        "tools": "| 6809 | 2188 |   Go   |",
        "mobile": "| 5337 | 706 |   Go   |",
        "oauth2": "| 4715 | 938 |   Go   |",
        "lint": "| 3976 | 530 |   Go   |",
        "vscode-go": "| 3370 | 673 |   TypeScript   |",
        "glog": "| 3366 | 895 |   Go   |",
        "proposal": "| 3132 | 407 |   Go   |",
        "net": "| 2692 | 1107 |   Go   |",
        "crypto": "| 2658 | 1472 |   Go   |",
        "example": "| 2273 | 798 |   Go   |",
        "vgo": "| 1526 | 63 |   Go   |",
        "geo": "| 1524 | 173 |   Go   |",
        "tour": "| 1482 | 514 |   Go   |",
        "snappy": "| 1393 | 166 |   Go   |",
        "sys": "| 1130 | 553 |   Go   |",
        "leveldb": "| 1112 | 151 |   Go   |",
        "gddo": "| 1106 | 292 |   Go   |",
        "pkgsite": "| 1025 | 152 |   Go   |",
        "exp": "| 785 | 195 |   Go   |",
        "gofrontend": "| 776 | 131 |   Go   |",
        "sync": "| 775 | 145 |   Go   |",
        "freetype": "| 723 | 175 |   Go   |",
        "text": "| 701 | 285 |   Go   |",
        "talks": "| 693 | 95 |   None   |",
        "playground": "| 667 | 197 |   Go   |",
        "appengine": "| 637 | 213 |   Go   |",
        "build": "| 572 | 145 |   Go   |",
        "image": "| 490 | 164 |   Go   |",
        "vulndb": "| 490 | 49 |   Go   |",
        "blog": "| 393 | 138 |   None   |",
        "time": "| 365 | 122 |   Go   |",
        "perf": "| 341 | 55 |   Go   |",
        "sublime-build": "| 337 | 49 |   Python   |",
        "website": "| 311 | 275 |   HTML   |",
        "vuln": "| 274 | 41 |   Go   |",
        "xerrors": "| 271 | 48 |   Go   |",
        "debug": "| 215 | 57 |   Go   |",
        "term": "| 212 | 50 |   Go   |",
        "mod": "| 175 | 74 |   Go   |",
        "dl": "| 162 | 37 |   Go   |",
        "benchmarks": "| 146 | 44 |   Go   |",
        "review": "| 138 | 40 |   Go   |",
        "arch": "| 135 | 52 |   Go   |",
        "cwg": "| 131 | 25 |   None   |",
        "sublime-config": "| 82 | 23 |   Python   |",
        "winstrap": "| 47 | 26 |   Go   |",
        "scratch": "| 25 | 28 |   Go   |",
        "pkgsite-metrics": "| 7 | 3 |   Go   |",
        "telemetry": "| 4 | 0 |   None   |",
        "go-get-issue-15410": "| 2 | 6 |   Go   |",
        ".github": "| 1 | 0 |   None   |",
        "govulncheck-action": "| 1 | 0 |   None   |",
        ".allstar": "| 0 | 0 |   None   |"
    }
}