{
    "company": null,
    "h-index": 33,
    "repo count": 39,
    "contributor count": 1624,
    "size": "todo",
    "employee count": "todo",
    "country": null,
    "top language": "JavaScript",
    "repos": {
        "lighthouse": "| 26507 | 9320 |   JavaScript   |",
        "chrome-extensions-samples": "| 12227 | 7225 |   JavaScript   |",
        "workbox": "| 11478 | 855 |   JavaScript   |",
        "web-vitals": "| 6088 | 335 |   JavaScript   |",
        "rendertron": "| 5901 | 716 |   TypeScript   |",
        "lighthouse-ci": "| 5819 | 629 |   JavaScript   |",
        "samples": "| 5631 | 2478 |   HTML   |",
        "web.dev": "| 3335 | 1678 |   Nunjucks   |",
        "dialog-polyfill": "| 2373 | 269 |   JavaScript   |",
        "accessibility-developer-tools": "| 2237 | 410 |   JavaScript   |",
        "web-vitals-extension": "| 2136 | 98 |   CSS   |",
        "custom-tabs-client": "| 1391 | 382 |   Java   |",
        "developer.chrome.com": "| 1352 | 1484 |   HTML   |",
        "proxy-polyfill": "| 1101 | 185 |   JavaScript   |",
        "chrome-launcher": "| 1058 | 190 |   TypeScript   |",
        "omnitone": "| 805 | 126 |   JavaScript   |",
        "devtools-docs": "| 680 | 189 |   HTML   |",
        "chromium-dashboard": "| 582 | 440 |   Python   |",
        "android-browser-helper": "| 575 | 284 |   Java   |",
        "OriginTrials": "| 502 | 156 |   Bikeshed   |",
        "audion": "| 325 | 60 |   TypeScript   |",
        "chrome-app-codelab": "| 208 | 158 |   JavaScript   |",
        "lighthouse-stack-packs": "| 200 | 75 |   JavaScript   |",
        "CrUX": "| 190 | 49 |   Jupyter Notebook   |",
        "inert-polyfill": "| 188 | 48 |   JavaScript   |",
        "devtools-samples": "| 145 | 112 |   HTML   |",
        "CertificateTransparency": "| 129 | 65 |   HTML   |",
        "browser-bug-search": "| 114 | 49 |   JavaScript   |",
        "multi-device": "| 101 | 99 |   HTML   |",
        "chrome-types": "| 95 | 29 |   JavaScript   |",
        "kino": "| 70 | 24 |   JavaScript   |",
        "webstore-docs": "| 65 | 69 |   HTML   |",
        "budget.json": "| 36 | 23 |   None   |",
        "webdev-infra": "| 30 | 38 |   JavaScript   |",
        "first-party-sets": "| 27 | 14 |   Python   |",
        "ip-protection": "| 24 | 3 |   None   |",
        ".github": "| 9 | 0 |   None   |",
        "CertificateTransparency-todelete": "| 7 | 11 |   HTML   |",
        ".allstar": "| 7 | 4 |   None   |"
    }
}