{
    "company": "Google Cloud Platform",
    "h-index": 155,
    "repo count": 1156,
    "contributor count": 8467,
    "size": "todo",
    "employee count": "todo",
    "country": null,
    "top language": "Python",
    "repos": {
        "microservices-demo": "| 14117 | 4969 |   Python   |",
        "terraformer": "| 10141 | 1430 |   Go   |",
        "training-data-analyst": "| 6760 | 5341 |   Jupyter Notebook   |",
        "python-docs-samples": "| 6281 | 6081 |   Jupyter Notebook   |",
        "golang-samples": "| 3827 | 1654 |   Go   |",
        "tensorflow-without-a-phd": "| 2631 | 904 |   Jupyter Notebook   |",
        "nodejs-docs-samples": "| 2586 | 1897 |   JavaScript   |",
        "professional-services": "| 2497 | 1230 |   Python   |",
        "spark-on-k8s-operator": "| 2341 | 1238 |   Go   |",
        "community": "| 1819 | 1704 |   Java   |",
        "PerfKitBenchmarker": "| 1804 | 475 |   Python   |",
        "gcsfuse": "| 1689 | 389 |   Go   |",
        "ml-design-patterns": "| 1611 | 459 |   Jupyter Notebook   |",
        "continuous-deployment-on-kubernetes": "| 1575 | 883 |   Shell   |",
        "java-docs-samples": "| 1570 | 2760 |   Java   |",
        "cloudml-samples": "| 1500 | 872 |   Python   |",
        "cloud-builders": "| 1275 | 571 |   Go   |",
        "data-science-on-gcp": "| 1220 | 683 |   Jupyter Notebook   |",
        "berglas": "| 1179 | 94 |   Go   |",
        "functions-framework-nodejs": "| 1172 | 156 |   TypeScript   |",
        "cloud-builders-community": "| 1149 | 828 |   Go   |",
        "cloud-vision": "| 1087 | 912 |   Python   |",
        "cloud-sql-proxy": "| 1084 | 341 |   Go   |",
        "kubernetes-engine-samples": "| 1048 | 1108 |   HCL   |",
        "DataflowTemplates": "| 974 | 790 |   Java   |",
        "cloud-foundation-fabric": "| 964 | 531 |   HCL   |",
        "deploymentmanager-samples": "| 918 | 713 |   Python   |",
        "php-docs-samples": "| 904 | 1029 |   PHP   |",
        "flask-talisman": "| 875 | 84 |   Python   |",
        "buildpacks": "| 875 | 136 |   Go   |",
        "DataflowJavaSDK": "| 856 | 348 |   None   |",
        "bigquery-utils": "| 856 | 238 |   Java   |",
        "cloud-foundation-toolkit": "| 823 | 398 |   Go   |",
        "gsutil": "| 812 | 333 |   Python   |",
        "keras-idiomatic-programmer": "| 797 | 286 |   Jupyter Notebook   |",
        "metacontroller": "| 790 | 109 |   Go   |",
        "nodejs-getting-started": "| 783 | 395 |   JavaScript   |",
        "getting-started-python": "| 737 | 565 |   Python   |",
        "bank-of-anthos": "| 732 | 455 |   Java   |",
        "gcr-cleaner": "| 728 | 105 |   Go   |",
        "vertex-ai-samples": "| 705 | 479 |   Jupyter Notebook   |",
        "cloud-sdk-docker": "| 688 | 238 |   Dockerfile   |",
        "dotnet-docs-samples": "| 686 | 1179 |   C#   |",
        "tf-estimator-tutorials": "| 682 | 236 |   Jupyter Notebook   |",
        "functions-framework-python": "| 679 | 115 |   Python   |",
        "awesome-google-cloud": "| 668 | 161 |   None   |",
        "click-to-deploy": "| 667 | 421 |   Ruby   |",
        "flink-on-k8s-operator": "| 661 | 273 |   Go   |",
        "magic-modules": "| 652 | 985 |   HTML   |",
        "k8s-config-connector": "| 638 | 126 |   Go   |",
        "mlops-on-gcp": "| 603 | 1631 |   Jupyter Notebook   |",
        "terraform-google-examples": "| 574 | 319 |   HCL   |",
        "iap-desktop": "| 560 | 245 |   C#   |",
        "cloud-run-button": "| 501 | 92 |   Go   |",
        "functions-framework-dart": "| 499 | 51 |   Dart   |",
        "govanityurls": "| 491 | 134 |   Go   |",
        "getting-started-java": "| 475 | 539 |   Java   |",
        "ipython-soccer-predictions": "| 470 | 154 |   Jupyter Notebook   |",
        "ml-on-gcp": "| 466 | 182 |   Python   |",
        "covid-19-open-data": "| 460 | 130 |   Python   |",
        "bigquery-oreilly-book": "| 451 | 238 |   Jupyter Notebook   |",
        "gradle-appengine-templates": "| 442 | 227 |   None   |",
        "terraform-validator": "| 442 | 96 |   Go   |",
        "distributed-load-testing-using-kubernetes": "| 435 | 260 |   Smarty   |",
        "ai-platform-samples": "| 431 | 225 |   Jupyter Notebook   |",
        "hackathon-toolkit": "| 429 | 145 |   HTML   |",
        "nodejs-docker": "| 408 | 121 |   TypeScript   |",
        "functions-framework-go": "| 375 | 52 |   Go   |",
        "k8s-stackdriver": "| 373 | 201 |   Go   |",
        "require-so-slow": "| 373 | 10 |   TypeScript   |",
        "k8s-multicluster-ingress": "| 372 | 71 |   Go   |",
        "cloud-ops-sandbox": "| 371 | 145 |   HTML   |",
        "compute-image-packages": "| 370 | 223 |   Python   |",
        "android-docs-samples": "| 365 | 608 |   Java   |",
        "monitoring-dashboard-samples": "| 354 | 243 |   Python   |",
        "cloud-code-vscode": "| 352 | 105 |   None   |",
        "cloud-code-samples": "| 348 | 194 |   Java   |",
        "practical-ml-vision-book": "| 346 | 158 |   Jupyter Notebook   |",
        "stackdriver-errors-js": "| 343 | 62 |   JavaScript   |",
        "healthcare": "| 342 | 165 |   Jupyter Notebook   |",
        "google-cloud-iot-arduino": "| 341 | 162 |   C++   |",
        "istio-samples": "| 326 | 142 |   Shell   |",
        "ios-docs-samples": "| 321 | 216 |   Swift   |",
        "spring-cloud-gcp": "| 307 | 245 |   Java   |",
        "cloud-code-intellij": "| 306 | 71 |   None   |",
        "gcping": "| 304 | 53 |   Go   |",
        "airflow-operator": "| 296 | 65 |   Go   |",
        "professional-services-data-validator": "| 295 | 88 |   Python   |",
        "datalab-samples": "| 281 | 255 |   Jupyter Notebook   |",
        "elixir-samples": "| 279 | 44 |   Elixir   |",
        "PerfKitExplorer": "| 268 | 64 |   JavaScript   |",
        "mlops-with-vertex-ai": "| 265 | 90 |   Jupyter Notebook   |",
        "compute-archlinux-image-builder": "| 264 | 60 |   Shell   |",
        "kube-jenkins-imager": "| 262 | 88 |   Shell   |",
        "Template": "| 260 | 130 |   None   |",
        "cloud-build-local": "| 256 | 40 |   Go   |",
        "go-endpoints": "| 255 | 56 |   Go   |",
        "docker-credential-gcr": "| 254 | 94 |   Go   |",
        "solutions-terraform-cloudbuild-gitops": "| 254 | 1541 |   HCL   |",
        "kubernetes-workshops": "| 249 | 121 |   Go   |",
        "kotlin-samples": "| 249 | 86 |   Kotlin   |",
        "freshpod": "| 248 | 16 |   Go   |",
        "iot-device-sdk-embedded-c": "| 248 | 84 |   C   |",
        "gradle-appengine-plugin": "| 239 | 67 |   Groovy   |",
        "spark-recommendation-engine": "| 238 | 109 |   Python   |",
        "gke-managed-certs": "| 238 | 32 |   Go   |",
        "security-analytics": "| 238 | 42 |   Python   |",
        "appengine-guestbook-python": "| 235 | 336 |   Python   |",
        "pubsub": "| 233 | 148 |   Java   |",
        "appengine-mapreduce": "| 226 | 116 |   Python   |",
        "ruby-docs-samples": "| 225 | 212 |   Ruby   |",
        "cloud-bigtable-examples": "| 223 | 234 |   Java   |",
        "cloud-spanner-emulator": "| 220 | 35 |   C++   |",
        "golang-docker": "| 219 | 87 |   Shell   |",
        "emblem": "| 219 | 54 |   Python   |",
        "gcpdiag": "| 219 | 55 |   Python   |",
        "python-runtime": "| 214 | 107 |   Python   |",
        "dialogflow-integrations": "| 214 | 483 |   JavaScript   |",
        "esp-v2": "| 212 | 162 |   Go   |",
        "elcarro-oracle-operator": "| 210 | 55 |   Go   |",
        "psq": "| 208 | 44 |   Python   |",
        "cloud-sql-jdbc-socket-factory": "| 207 | 122 |   Java   |",
        "policy-library": "| 206 | 123 |   TypeScript   |",
        "cloud-data-quality": "| 205 | 52 |   Python   |",
        "gke-networking-recipes": "| 201 | 60 |   Shell   |",
        "wordpress-plugins": "| 200 | 69 |   PHP   |",
        "functions-framework-php": "| 199 | 30 |   PHP   |",
        "protoc-gen-bq-schema": "| 197 | 75 |   Go   |",
        "security-response-automation": "| 197 | 45 |   Go   |",
        "php-docker": "| 190 | 92 |   PHP   |",
        "k8s-node-termination-handler": "| 190 | 61 |   Go   |",
        "nginx-ssl-proxy": "| 187 | 132 |   Shell   |",
        "compute-image-tools": "| 186 | 151 |   Go   |",
        "tensorflow-object-detection-example": "| 186 | 96 |   Python   |",
        "fluent-plugin-detect-exceptions": "| 183 | 71 |   Ruby   |",
        "container-engine-accelerators": "| 178 | 136 |   Go   |",
        "fluent-plugin-google-cloud": "| 177 | 101 |   Ruby   |",
        "elixir-runtime": "| 176 | 18 |   Elixir   |",
        "secrets-store-csi-driver-provider-gcp": "| 176 | 50 |   Go   |",
        "serverless-store-demo": "| 173 | 75 |   Python   |",
        "testgrid": "| 173 | 73 |   Go   |",
        "cloud-run-samples": "| 172 | 80 |   Shell   |",
        "spinnaker-for-gcp": "| 172 | 129 |   Shell   |",
        "appengine-java-standard": "| 172 | 35 |   Java   |",
        "cloud-sql-python-connector": "| 170 | 42 |   Python   |",
        "functions-framework-dotnet": "| 170 | 36 |   C#   |",
        "serverless-expeditions": "| 170 | 129 |   Python   |",
        "terraform-python-testing-helper": "| 169 | 31 |   Python   |",
        "DataflowPythonSDK": "| 165 | 37 |   None   |",
        "bigquery-ml-templates": "| 165 | 37 |   Python   |",
        "DataflowSDK-examples": "| 163 | 127 |   None   |",
        "terraform-google-nat-gateway": "| 161 | 143 |   HCL   |",
        "tensorflow-recommendation-wals": "| 158 | 103 |   Python   |",
        "endpoints-proto-datastore": "| 157 | 60 |   Python   |",
        "tensorflow-lifetime-value": "| 156 | 72 |   Jupyter Notebook   |",
        "endpoints-codelab-android": "| 153 | 58 |   Java   |",
        "analytics-componentized-patterns": "| 152 | 85 |   Jupyter Notebook   |",
        "app-gradle-plugin": "| 149 | 51 |   Java   |",
        "grpc-gcp-php": "| 147 | 20 |   PHP   |",
        "gke-rbac-demo": "| 146 | 79 |   HCL   |",
        "gke-private-cluster-demo": "| 146 | 71 |   HCL   |",
        "functions-framework-ruby": "| 146 | 36 |   Ruby   |",
        "reliable-task-scheduling-compute-engine-sample": "| 145 | 144 |   Python   |",
        "solution-acceleration-toolkit": "| 145 | 62 |   Go   |",
        "cloud-for-marketing": "| 144 | 75 |   JavaScript   |",
        "fluentd-catch-all-config": "| 143 | 51 |   Makefile   |",
        "df-ml-anomaly-detection": "| 143 | 43 |   Java   |",
        "healthcare-data-harmonization": "| 142 | 54 |   Go   |",
        "vertex-pipelines-end-to-end-samples": "| 142 | 54 |   Python   |",
        "gcp-service-broker": "| 141 | 68 |   Go   |",
        "anthos-workshop": "| 140 | 106 |   Shell   |",
        "webapp2": "| 139 | 67 |   Python   |",
        "cpp-samples": "| 139 | 114 |   C++   |",
        "gifinator": "| 139 | 36 |   Go   |",
        "prometheus-engine": "| 138 | 56 |   Go   |",
        "google-fluentd": "| 137 | 52 |   Shell   |",
        "appengine-django-skeleton": "| 136 | 66 |   Python   |",
        "cloud-opensource-java": "| 135 | 73 |   Java   |",
        "cloud-build-samples": "| 134 | 755 |   Java   |",
        "ruby-docker": "| 132 | 60 |   Ruby   |",
        "gke-networking-demos": "| 129 | 52 |   Shell   |",
        "appengine-gcs-client": "| 127 | 119 |   Java   |",
        "kubernetes-bigquery-python": "| 125 | 89 |   Python   |",
        "google-cloud-powershell": "| 124 | 65 |   C#   |",
        "realtime-embeddings-matching": "| 124 | 32 |   Python   |",
        "compute-video-demo-ansible": "| 123 | 75 |   None   |",
        "slack-samples": "| 123 | 26 |   Go   |",
        "pci-gke-blueprint": "| 123 | 59 |   HCL   |",
        "cloud-run-release-manager": "| 123 | 10 |   Go   |",
        "public-datasets-pipelines": "| 121 | 62 |   Python   |",
        "google-analytics-premium-bigquery-statistics": "| 119 | 48 |   R   |",
        "bigquery-data-lineage": "| 119 | 34 |   Java   |",
        "pi-delivery": "| 118 | 17 |   Go   |",
        "getting-started-php": "| 117 | 98 |   PHP   |",
        "appengine-custom-runtimes-samples": "| 117 | 68 |   Dockerfile   |",
        "inspec-gcp-cis-benchmark": "| 117 | 52 |   Ruby   |",
        "anthos-service-mesh-packages": "| 117 | 151 |   Shell   |",
        "google-cloud-node-todos": "| 116 | 65 |   JavaScript   |",
        "k8s-cluster-bundle": "| 115 | 44 |   Go   |",
        "iot-smart-home-cloud": "| 114 | 60 |   JavaScript   |",
        "gke-autoneg-controller": "| 114 | 37 |   Go   |",
        "transactional-microservice-examples": "| 114 | 11 |   TypeScript   |",
        "appengine-angular-gotodos": "| 112 | 28 |   Go   |",
        "fraudfinder": "| 112 | 48 |   Jupyter Notebook   |",
        "datastore-ndb-python": "| 111 | 47 |   Python   |",
        "cloud-build-notifiers": "| 110 | 123 |   Go   |",
        "ops-agent": "| 110 | 59 |   Go   |",
        "dataflow-sample-applications": "| 109 | 53 |   Java   |",
        "gke-monitoring-tutorial": "| 108 | 64 |   Shell   |",
        "functions-framework-java": "| 108 | 55 |   Java   |",
        "functions-framework": "| 108 | 12 |   None   |",
        "snapshot-debugger": "| 107 | 10 |   Python   |",
        "gke-migration-to-containers": "| 106 | 107 |   Shell   |",
        "wombat-dressing-room": "| 106 | 18 |   TypeScript   |",
        "healthcare-dicom-dicomweb-adapter": "| 105 | 41 |   Java   |",
        "gke-gitops-tutorial-cloudbuild": "| 103 | 95 |   Python   |",
        "getting-started-ruby": "| 101 | 65 |   Ruby   |",
        "cloud-shell-tutorials": "| 100 | 95 |   Python   |",
        "opentelemetry-operations-go": "| 99 | 82 |   Go   |",
        "cloud-run-proxy": "| 98 | 16 |   Go   |",
        "data-analytics-golden-demo": "| 98 | 29 |   Python   |",
        "dataflow-opinion-analysis": "| 97 | 29 |   Java   |",
        "hpc-toolkit": "| 97 | 58 |   HCL   |",
        "appengine-endpoints-tictactoe-java": "| 96 | 81 |   JavaScript   |",
        "compute-image-windows": "| 96 | 64 |   PowerShell   |",
        "app-maven-plugin": "| 95 | 49 |   Java   |",
        "storage-file-transfer-json-python": "| 94 | 49 |   Python   |",
        "runtimes-common": "| 94 | 61 |   Python   |",
        "document-ai-samples": "| 94 | 54 |   Jupyter Notebook   |",
        "gke-network-policy-demo": "| 93 | 88 |   Shell   |",
        "google-cloud-ops-agents-ansible": "| 91 | 55 |   None   |",
        "cloud-debug-python": "| 91 | 39 |   Python   |",
        "appengine-endpoints-tictactoe-android": "| 90 | 66 |   Java   |",
        "guest-agent": "| 90 | 57 |   Go   |",
        "workflows-demos": "| 90 | 32 |   Python   |",
        "cloud-debug-java": "| 89 | 43 |   C++   |",
        "node-red-contrib-google-cloud": "| 89 | 59 |   JavaScript   |",
        "jit-access": "| 89 | 16 |   Java   |",
        "appengine-endpoints-tictactoe-python": "| 88 | 57 |   JavaScript   |",
        "Data-Pipeline": "| 88 | 40 |   Python   |",
        "endpoints-samples": "| 88 | 64 |   Java   |",
        "google-cloud-visualstudio": "| 87 | 55 |   C#   |",
        "cos-gpu-installer": "| 87 | 50 |   Shell   |",
        "gke-security-scenarios-demo": "| 87 | 54 |   HCL   |",
        "terraform-google-cloud-run": "| 87 | 61 |   HCL   |",
        "appengine-pipelines": "| 85 | 61 |   Java   |",
        "getting-started-dotnet": "| 85 | 137 |   C#   |",
        "bigquery-geo-viz": "| 85 | 33 |   TypeScript   |",
        "django-demo-app-unicodex": "| 85 | 25 |   Python   |",
        "solutions-modern-cicd-anthos": "| 85 | 64 |   Go   |",
        "gke-poc-toolkit": "| 85 | 38 |   HCL   |",
        "google-cloud-eclipse": "| 84 | 61 |   Java   |",
        "dataflow-prediction-example": "| 83 | 23 |   Python   |",
        "cortex-data-foundation": "| 83 | 23 |   Python   |",
        "cloudml-dist-mnist-example": "| 82 | 51 |   Python   |",
        "dataproc-templates": "| 82 | 61 |   Java   |",
        "nodejs-serverless-microservices-demo": "| 81 | 25 |   JavaScript   |",
        "cloud-run-hello": "| 81 | 120 |   Go   |",
        "solutions-google-compute-engine-cluster-for-hadoop": "| 80 | 53 |   Python   |",
        "ai-platform-text-classifier-shap": "| 80 | 65 |   Jupyter Notebook   |",
        "gcp-getting-started-lab-jp": "| 80 | 52 |   Jupyter Notebook   |",
        "datashare-toolkit": "| 80 | 24 |   JavaScript   |",
        "guest-oslogin": "| 79 | 38 |   C++   |",
        "native-image-support-java": "| 79 | 21 |   Java   |",
        "oozie-to-airflow": "| 78 | 47 |   Python   |",
        "cloudbuild-integration-testing": "| 78 | 20 |   JavaScript   |",
        "appengine-try-java": "| 76 | 151 |   Shell   |",
        "serverless-photosharing-workshop": "| 75 | 41 |   HCL   |",
        "gke-cloud-sql-postgres-demo": "| 73 | 47 |   Shell   |",
        "csp-config-management": "| 73 | 333 |   None   |",
        "terraform-google-conversion": "| 73 | 31 |   Go   |",
        "dataflow-geobeam": "| 73 | 26 |   Python   |",
        "appengine-guestbook-java": "| 72 | 77 |   Java   |",
        "appengine-search-python-java": "| 71 | 85 |   Python   |",
        "cloud-pubsub-samples-python": "| 71 | 41 |   Python   |",
        "blueprints": "| 71 | 66 |   Shell   |",
        "documentai-notebooks": "| 71 | 33 |   Jupyter Notebook   |",
        "appengine-sidecars-docker": "| 70 | 52 |   Go   |",
        "endpoints-quickstart": "| 70 | 63 |   Shell   |",
        "buildpack-samples": "| 70 | 57 |   Java   |",
        "rad-lab": "| 70 | 70 |   HCL   |",
        "continuous-deployment-bitbucket": "| 69 | 58 |   Python   |",
        "keyrotator": "| 69 | 24 |   Python   |",
        "grpc-gke-nlb-tutorial": "| 69 | 22 |   Go   |",
        "anthos-samples": "| 69 | 102 |   HCL   |",
        "anthos-config-management-samples": "| 69 | 201 |   Shell   |",
        "appengine-java-vm-runtime": "| 68 | 38 |   Java   |",
        "gke-vault-demo": "| 68 | 24 |   Shell   |",
        "konlet": "| 67 | 24 |   Go   |",
        "marketplace-k8s-app-tools": "| 67 | 70 |   Python   |",
        "dlp-dataflow-deidentification": "| 67 | 44 |   Java   |",
        "osconfig": "| 67 | 89 |   Go   |",
        "google-cloud-python-expenses-demo": "| 66 | 44 |   Python   |",
        "datacatalog-connectors-rdbms": "| 66 | 52 |   Python   |",
        "scalable-resilient-web-app": "| 65 | 38 |   Ruby   |",
        "continuous-deployment-demo": "| 65 | 203 |   Python   |",
        "gke-enterprise-demo": "| 65 | 46 |   Shell   |",
        "gke-application-security-demo": "| 64 | 32 |   HCL   |",
        "cloud-sql-go-connector": "| 64 | 31 |   Go   |",
        "appengine-guestbook-go": "| 63 | 66 |   None   |",
        "pontem": "| 63 | 16 |   Java   |",
        "region-carbon-info": "| 63 | 19 |   None   |",
        "processing-logs-using-dataflow": "| 62 | 29 |   Java   |",
        "terraform-google-managed-instance-group": "| 62 | 145 |   HCL   |",
        "generative-ai": "| 62 | 13 |   Jupyter Notebook   |",
        "appengine-websocketchat-java": "| 61 | 31 |   Java   |",
        "appengine-modules-sample-java": "| 61 | 42 |   Java   |",
        "django-cloud-deploy": "| 61 | 20 |   Python   |",
        "kubeflow-distribution": "| 61 | 57 |   Shell   |",
        "cassandra-cloud-backup": "| 60 | 64 |   Shell   |",
        "openjdk-runtime": "| 60 | 49 |   Shell   |",
        "bigquery-etl-dataflow-sample": "| 60 | 48 |   Java   |",
        "podcast": "| 60 | 28 |   HTML   |",
        "gke-tracing-demo": "| 60 | 38 |   Python   |",
        "appengine-opencv-sudoku-python": "| 59 | 28 |   Python   |",
        "kafka-pubsub-emulator": "| 59 | 28 |   Java   |",
        "gke-istio-telemetry-demo": "| 59 | 28 |   Shell   |",
        "workflows-samples": "| 59 | 41 |   Shell   |",
        "prediction-try-java-python": "| 58 | 36 |   Java   |",
        "gke-jupyter-classroom": "| 58 | 25 |   Shell   |",
        "datacatalog-connectors": "| 58 | 13 |   Python   |",
        "autonetdeploy-multicloudvpn": "| 57 | 72 |   HCL   |",
        "software-delivery-workshop": "| 57 | 86 |   Shell   |",
        "gke-terraform-generator": "| 57 | 25 |   Go   |",
        "solutions-terraform-jenkins-gitops": "| 57 | 327 |   HCL   |",
        "storage-signedurls-python": "| 56 | 20 |   Python   |",
        "spinnaker-deploymentmanager": "| 56 | 34 |   HTML   |",
        "wsi-to-dicom-converter": "| 56 | 19 |   C++   |",
        "asl-ml-immersion": "| 56 | 247 |   Jupyter Notebook   |",
        "gke-anthos-holistic-demo": "| 55 | 45 |   Shell   |",
        "cloud-run-microservice-template-nodejs": "| 54 | 32 |   JavaScript   |",
        "appengine-ruby": "| 53 | 23 |   Ruby   |",
        "mllp": "| 53 | 22 |   Go   |",
        "gke-istio-gce-demo": "| 53 | 37 |   Shell   |",
        "dataflow-contact-center-speech-analysis": "| 53 | 37 |   Python   |",
        "eventarc-samples": "| 53 | 30 |   C#   |",
        "appengine-endpoints-helloendpoints-java-maven": "| 52 | 57 |   JavaScript   |",
        "cloud-functions-gmail-nodejs": "| 52 | 23 |   JavaScript   |",
        "gke-rolling-updates-demo": "| 52 | 32 |   Shell   |",
        "iot-core-micropython": "| 52 | 16 |   Python   |",
        "terraform-google-secured-data-warehouse": "| 52 | 27 |   HCL   |",
        "k8s-cloudkms-plugin": "| 51 | 9 |   Go   |",
        "gke-ip-address-management": "| 51 | 11 |   JavaScript   |",
        "anthos-service-mesh-workshop": "| 51 | 37 |   Shell   |",
        "ml-testing-accelerators": "| 51 | 56 |   Jsonnet   |",
        "jobs-demos": "| 51 | 16 |   Python   |",
        "cloud-sql-proxy-operator": "| 51 | 6 |   Go   |",
        "compute-virtual-ethernet-linux": "| 50 | 25 |   C   |",
        "Kbatch": "| 50 | 5 |   Shell   |",
        "cloud-trace-java": "| 49 | 43 |   Java   |",
        "fda-mystudies": "| 49 | 42 |   Java   |",
        "immersive-stream-for-xr-templates": "| 49 | 17 |   PowerShell   |",
        "appengine-tck": "| 48 | 29 |   Java   |",
        "gke-logging-sinks-demo": "| 48 | 59 |   Shell   |",
        "cloud-spanner-r2dbc": "| 48 | 28 |   Java   |",
        "appengine-php": "| 47 | 32 |   C   |",
        "nodejs-repo-tools": "| 47 | 35 |   JavaScript   |",
        "repository-gardener": "| 47 | 51 |   Shell   |",
        "postgresql-docker": "| 47 | 29 |   Shell   |",
        "qwiklabs-training-content": "| 47 | 54 |   Shell   |",
        "tulip": "| 47 | 19 |   TypeScript   |",
        "opentelemetry-operations-js": "| 47 | 56 |   TypeScript   |",
        "appengine-python-standard": "| 47 | 36 |   Python   |",
        "terraform-google-secure-cicd": "| 47 | 28 |   HCL   |",
        "bigquery-bokeh-dashboard": "| 46 | 27 |   Python   |",
        "kubernetes-engine-customize-fluentd": "| 46 | 65 |   Go   |",
        "gke-istio-vpn-demo": "| 46 | 43 |   Shell   |",
        "solutions-gcs-bq-streaming-functions-python": "| 46 | 48 |   Python   |",
        "cloudbowl-microservice-game": "| 46 | 101 |   Scala   |",
        "ml-pipeline-generator-python": "| 46 | 21 |   Python   |",
        "appengine-endpoints-tictactoe-ios": "| 45 | 20 |   Objective-C   |",
        "compute-ansible-gluster": "| 45 | 18 |   None   |",
        "config-validator": "| 45 | 40 |   Go   |",
        "selkies-vdi": "| 45 | 13 |   Python   |",
        "jetty-runtime": "| 44 | 39 |   Java   |",
        "healthcare-deid": "| 44 | 17 |   Python   |",
        "k8s-metadata-proxy": "| 44 | 15 |   Go   |",
        "netd": "| 44 | 36 |   Go   |",
        "cloud-opensource-python": "| 44 | 28 |   Python   |",
        "jupyter-extensions": "| 44 | 33 |   TypeScript   |",
        "knfsd-cache-utils": "| 44 | 12 |   Go   |",
        "serverless-spark-workshop": "| 44 | 20 |   Python   |",
        "compute-ssh-diagnostic-sh": "| 43 | 17 |   Shell   |",
        "bigquery-reverse-geolocation": "| 43 | 28 |   Python   |",
        "google-cloud-gemserver": "| 43 | 13 |   Ruby   |",
        "container-definitions": "| 43 | 31 |   Starlark   |",
        "ci-cd-for-data-processing-workflow": "| 43 | 57 |   Python   |",
        "cloud-pubsub-sendmail": "| 43 | 18 |   Python   |",
        "dfcx-scrapi": "| 43 | 36 |   Python   |",
        "appengine-goshorten": "| 42 | 14 |   Go   |",
        "web-docs-samples": "| 42 | 63 |   JavaScript   |",
        "stackdriver-reverse-proxy": "| 42 | 13 |   Go   |",
        "google-cloud-spanner-hibernate": "| 42 | 34 |   Java   |",
        "showcase-experiments": "| 42 | 19 |   TypeScript   |",
        "opentelemetry-operations-python": "| 42 | 36 |   Python   |",
        "anthos-security-blueprints": "| 42 | 25 |   Shell   |",
        "gcs-fuse-csi-driver": "| 42 | 7 |   Go   |",
        "compute-cassandra-python": "| 41 | 21 |   None   |",
        "container-vm-guestbook-redis-python": "| 41 | 23 |   Shell   |",
        "firebase-appengine-backend": "| 41 | 30 |   Java   |",
        "iap-connector": "| 41 | 21 |   HCL   |",
        "appengine-symfony-starter-project": "| 40 | 16 |   PHP   |",
        "oss-test-infra": "| 40 | 109 |   Jupyter Notebook   |",
        "docker-clamav-malware-scanner": "| 40 | 53 |   JavaScript   |",
        "iap-gcip-web-toolkit": "| 40 | 17 |   TypeScript   |",
        "redis-docker": "| 39 | 44 |   Shell   |",
        "nginx-docker": "| 39 | 38 |   Dockerfile   |",
        "rabbitmq-docker": "| 39 | 39 |   Shell   |",
        "gke-stateful-applications-demo": "| 39 | 27 |   Shell   |",
        "cos-customizer": "| 39 | 17 |   Go   |",
        "woolaroo-language-learning-app": "| 39 | 10 |   TypeScript   |",
        "region-picker": "| 39 | 6 |   HTML   |",
        "alloydb-go-connector": "| 38 | 8 |   Go   |",
        "cloud-run-anthos-reference-web-app": "| 37 | 22 |   TypeScript   |",
        "functions-framework-cpp": "| 37 | 23 |   C++   |",
        "alloydb-auth-proxy": "| 37 | 9 |   Go   |",
        "t5x-on-vertex-ai": "| 37 | 6 |   Jupyter Notebook   |",
        "lambda-dashboard": "| 36 | 10 |   None   |",
        "wordpress-docker": "| 36 | 51 |   Shell   |",
        "gatekeeper-securitycenter": "| 36 | 18 |   Go   |",
        "pgadapter": "| 36 | 17 |   Java   |",
        "gke-poc-toolkit-demos": "| 36 | 13 |   Shell   |",
        "bigquery-fluentd-docker-sample": "| 35 | 20 |   Dockerfile   |",
        "aspnet-docker": "| 35 | 34 |   Shell   |",
        "spark-on-k8s-gcp-examples": "| 35 | 27 |   Java   |",
        "dicomweb-wsi-viewer": "| 35 | 15 |   JavaScript   |",
        "opentelemetry-operations-java": "| 35 | 29 |   Java   |",
        "auto-data-tokenize": "| 35 | 18 |   Java   |",
        "terraform-splunk-log-export": "| 35 | 23 |   HCL   |",
        "batch-samples": "| 35 | 13 |   Shell   |",
        "appengine-cloudsql-native-mysql-hibernate-jpa-demo-java": "| 34 | 32 |   Java   |",
        "firebase-android-client": "| 34 | 36 |   Java   |",
        "edu-resources": "| 34 | 14 |   None   |",
        "cloud-run-microservice-template-python": "| 34 | 24 |   Python   |",
        "database-assessment": "| 34 | 25 |   TSQL   |",
        "migrate-to-containers": "| 34 | 31 |   Shell   |",
        "appengine-bottle-skeleton": "| 33 | 17 |   Python   |",
        "continuous-deployment-circle": "| 33 | 20 |   Python   |",
        "deepbreath": "| 33 | 16 |   JavaScript   |",
        "nfs-server-docker": "| 33 | 20 |   Shell   |",
        "stackdriver-metrics-export": "| 33 | 24 |   Python   |",
        "acm-policy-controller-library": "| 33 | 37 |   None   |",
        "gke-fqdnnetworkpolicies-golang": "| 33 | 11 |   Go   |",
        "datacatalog-tag-engine": "| 33 | 15 |   Python   |",
        "machine-learning-browser-extension": "| 32 | 23 |   JavaScript   |",
        "cos-toolbox": "| 32 | 19 |   Shell   |",
        "plspm-python": "| 32 | 12 |   Python   |",
        "opentelemetry-operations-collector": "| 32 | 28 |   Go   |",
        "cloud-run-microservice-template-go": "| 32 | 14 |   Go   |",
        "cloud-pubsub-mqtt-proxy": "| 31 | 11 |   Java   |",
        "healthcare-api-dicomweb-cli": "| 31 | 7 |   Python   |",
        "healthcare-data-harmonization-dataflow": "| 31 | 21 |   Java   |",
        "migrate-from-app-engine-to-cloud-run": "| 31 | 9 |   JavaScript   |",
        "dataflow-video-analytics": "| 31 | 24 |   Java   |",
        "sap-deployment-automation": "| 31 | 22 |   HCL   |",
        "apigee-anthos-service-mesh-demo": "| 31 | 12 |   Shell   |",
        "vertex-ai-alphafold-inference-pipeline": "| 31 | 9 |   Python   |",
        "solutions-template": "| 31 | 11 |   HCL   |",
        "gcve-iac-foundations": "| 31 | 15 |   HCL   |",
        "gcloud-maven-plugin": "| 30 | 24 |   Java   |",
        "cassandra-docker": "| 30 | 27 |   Shell   |",
        "gke-dedicated-game-server": "| 30 | 12 |   Shell   |",
        "cloudml-hypertune": "| 30 | 18 |   Python   |",
        "marketplace-vm-imagebuilder": "| 30 | 17 |   Shell   |",
        "k8s-node-tools": "| 30 | 25 |   Shell   |",
        "datacatalog-connectors-bi": "| 30 | 14 |   Python   |",
        "hpc-tools": "| 30 | 10 |   Shell   |",
        "notebooks-blueprint-security": "| 30 | 7 |   HCL   |",
        "appengine-sharded-counters-python": "| 29 | 22 |   Python   |",
        "appengine-php-sdk": "| 29 | 36 |   PHP   |",
        "dlp-cloud-functions-tutorials": "| 29 | 28 |   HCL   |",
        "cloud-profiler-java": "| 29 | 20 |   C++   |",
        "solutions-cloud-adventure-sample-backend-java": "| 28 | 13 |   Java   |",
        "nodejs-serverless-url-shortener": "| 28 | 12 |   JavaScript   |",
        "inspec-gke-cis-benchmark": "| 28 | 21 |   Ruby   |",
        "declarative-resource-client-library": "| 28 | 27 |   Go   |",
        "prometheus": "| 28 | 8 |   Go   |",
        "point-of-sale": "| 28 | 17 |   Java   |",
        "llm-pipeline-examples": "| 28 | 4 |   Python   |",
        "monitoring-javascript-dashboard": "| 27 | 15 |   JavaScript   |",
        "jenkins-gcp-leader": "| 27 | 21 |   Shell   |",
        "LabelCat": "| 27 | 18 |   JavaScript   |",
        "data-timeseries-java": "| 27 | 12 |   Java   |",
        "opentsdb-bigtable": "| 27 | 25 |   Shell   |",
        "knative-build-tutorials": "| 27 | 11 |   None   |",
        "gcp-token-broker": "| 27 | 29 |   Java   |",
        "jenkins-integration-samples": "| 27 | 64 |   Shell   |",
        "cloud-run-mesh": "| 27 | 8 |   Go   |",
        "composer-local-dev": "| 27 | 11 |   Python   |",
        "docker-registry-driver-gcs": "| 26 | 14 |   Python   |",
        "jenkernetes": "| 26 | 10 |   Java   |",
        "appengine-plugins-core": "| 26 | 31 |   Java   |",
        "jenkins-docker": "| 26 | 36 |   Shell   |",
        "dataproc-pubsub-spark-streaming": "| 26 | 26 |   Scala   |",
        "k8s-cloud-provider": "| 26 | 36 |   Go   |",
        "layer-definitions": "| 26 | 18 |   Starlark   |",
        "anthos-service-mesh-samples": "| 26 | 23 |   None   |",
        "cloud-code-custom-samples-example": "| 26 | 31 |   JavaScript   |",
        "cloud-sql-iam-db-authn-groups": "| 26 | 10 |   Python   |",
        "compute-gpu-installation": "| 26 | 22 |   Python   |",
        "nvidia-merlin-on-vertex-ai": "| 26 | 6 |   Jupyter Notebook   |",
        "dataplex-labs": "| 26 | 6 |   Python   |",
        "solutions-cloud-adventure-sample-android-client": "| 25 | 23 |   Java   |",
        "spark-examples": "| 25 | 23 |   Java   |",
        "dialogflow-chatbot": "| 25 | 23 |   Jupyter Notebook   |",
        "cloud-profiler-python": "| 25 | 24 |   Python   |",
        "healthcare-federated-access-services": "| 25 | 11 |   Go   |",
        "gke-enterprise-mt": "| 25 | 11 |   HCL   |",
        "redis-dataflow-realtime-analytics": "| 25 | 11 |   Java   |",
        "datacatalog-templates": "| 25 | 13 |   Python   |",
        "gke-pubsub-websocket-adapter": "| 25 | 12 |   Dockerfile   |",
        "anthos-developer-sandbox": "| 25 | 17 |   Python   |",
        "pbmm-on-gcp-onboarding": "| 25 | 31 |   HCL   |",
        "stet": "| 25 | 7 |   Go   |",
        "looker-hosting-reference-implementations": "| 25 | 22 |   HCL   |",
        "java-repo-tools": "| 24 | 46 |   Shell   |",
        "cloud-errors-nodejs": "| 24 | 19 |   JavaScript   |",
        "gke-gobang-app-example": "| 24 | 17 |   Python   |",
        "appengine-photoalbum-example": "| 24 | 23 |   Python   |",
        "ubbagent": "| 24 | 20 |   Go   |",
        "citrix-on-gcp": "| 24 | 11 |   PowerShell   |",
        "go-dicom-parser": "| 24 | 5 |   Go   |",
        "istio-multicluster-gke": "| 24 | 18 |   Shell   |",
        "gke-binary-auth-tools": "| 24 | 11 |   Shell   |",
        "gke-deployment-testing-strategies": "| 24 | 22 |   Java   |",
        "bq-pii-classifier": "| 24 | 9 |   Java   |",
        "appengine-endpoints-tictactoe-java-maven": "| 23 | 24 |   JavaScript   |",
        "appengine-scipy-zombie-apocalypse-python": "| 23 | 11 |   Python   |",
        "cloud-pubsub-logging-python": "| 23 | 13 |   Python   |",
        "ml-functions-helpdesk": "| 23 | 18 |   Jupyter Notebook   |",
        "stackdriver-debugger-php-extension": "| 23 | 17 |   C   |",
        "cloud-functions-intelligentcontent-nodejs": "| 23 | 20 |   JavaScript   |",
        "gke-managed-certificates-demo": "| 23 | 9 |   Shell   |",
        "bigquery-data-importer": "| 23 | 6 |   Java   |",
        "terraform-example-foundation-app": "| 23 | 35 |   HCL   |",
        "solutions-google-compute-engine-cluster-for-grid-engine": "| 22 | 8 |   Shell   |",
        "cloud-storage-docs-json-api-examples": "| 22 | 23 |   Java   |",
        "python-compat-runtime": "| 22 | 31 |   Python   |",
        "js-data-cloud-datastore": "| 22 | 12 |   JavaScript   |",
        "mysql-docker": "| 22 | 26 |   Shell   |",
        "marketplace-k8s-app-example": "| 22 | 18 |   Makefile   |",
        "express-oauth2-handlers": "| 22 | 16 |   JavaScript   |",
        "guest-configs": "| 22 | 30 |   Shell   |",
        "selkies": "| 22 | 12 |   Go   |",
        "datacatalog-connectors-hive": "| 22 | 15 |   Python   |",
        "vpc-network-tester": "| 22 | 10 |   Python   |",
        "contact-center-ai-samples": "| 22 | 13 |   Python   |",
        "ci-for-data-in-bigquery": "| 22 | 6 |   Python   |",
        "avocano": "| 22 | 6 |   JavaScript   |",
        "active-assist": "| 22 | 8 |   HCL   |",
        "solutions-automated-file-loader-for-bigquery": "| 21 | 18 |   Java   |",
        "httplib2shim": "| 21 | 18 |   Python   |",
        "php-tools": "| 21 | 22 |   PHP   |",
        "grpc-gcp-go": "| 21 | 15 |   Go   |",
        "gke-datadog-demo": "| 21 | 18 |   Shell   |",
        "ai-notebooks-extended": "| 21 | 13 |   Jupyter Notebook   |",
        "solutions-gke-init-daemonsets-tutorial": "| 21 | 13 |   Shell   |",
        "terraform-google-splunk-enterprise": "| 21 | 22 |   HCL   |",
        "DIY-Tools": "| 21 | 18 |   Go   |",
        "solutions-speech-productionized-transcription": "| 21 | 17 |   Go   |",
        "gcp-fedramp-quickstart": "| 21 | 10 |   HCL   |",
        "firebase-extensions": "| 21 | 6 |   TypeScript   |",
        "terraform-google-network-forensics": "| 21 | 8 |   HCL   |",
        "kms-integrations": "| 21 | 6 |   C++   |",
        "deploystack-serverless-e2e-photo-sharing-app": "| 21 | 6 |   HTML   |",
        "storage-metabucket-javascript": "| 20 | 15 |   JavaScript   |",
        "solutions-google-compute-engine-cluster-for-jmeter": "| 20 | 18 |   Python   |",
        "gcs-oauth2-boto-plugin": "| 20 | 40 |   Python   |",
        "laravel": "| 20 | 14 |   PHP   |",
        "collectd-netperf": "| 20 | 15 |   C   |",
        "appengine-maven-plugin": "| 20 | 21 |   Java   |",
        "mongodb-cloud-manager": "| 20 | 14 |   HTML   |",
        "policyscanner": "| 20 | 10 |   Java   |",
        "deploymentmanager-autogen": "| 20 | 17 |   Java   |",
        "google-cloud-dotnet-powerpack": "| 20 | 14 |   C#   |",
        "serverless-game-contest": "| 20 | 10 |   Python   |",
        "solutions-serverless-web-monitoring": "| 20 | 13 |   Python   |",
        "bank-of-anthos-scripts": "| 20 | 28 |   Shell   |",
        "explainable_ai_sdk": "| 20 | 11 |   Python   |",
        "functions-framework-conformance": "| 20 | 14 |   Go   |",
        "monolith-to-microservices-example": "| 20 | 11 |   Java   |",
        "dlp-pdf-redaction": "| 20 | 16 |   HCL   |",
        "cloud-deploy-tutorials": "| 20 | 17 |   HCL   |",
        "dialogflow-cx-bot-language-translation": "| 20 | 4 |   Jupyter Notebook   |",
        "EZ-WSI-DICOMweb": "| 20 | 1 |   Python   |",
        "solutions-cloud-orchestrate": "| 19 | 8 |   Python   |",
        "traffic-director-grpc-examples": "| 19 | 22 |   Java   |",
        "text-to-speech-epg-demo": "| 19 | 13 |   Go   |",
        "oracle-to-postgres": "| 19 | 9 |   Python   |",
        "deploystack-three-tier-app": "| 19 | 16 |   Go   |",
        "cortex-reporting": "| 19 | 12 |   Python   |",
        "recaptcha-enterprise-mobile-sdk": "| 19 | 0 |   Objective-C   |",
        "deviceconnect": "| 19 | 18 |   CSS   |",
        "gce-rescue": "| 19 | 2 |   Python   |",
        "compute-getting-started-javascript": "| 18 | 14 |   None   |",
        "compute-internal-loadbalancer": "| 18 | 15 |   HTML   |",
        "IoT-Icebreaker": "| 18 | 12 |   JavaScript   |",
        "endpoints-framework-gradle-plugin": "| 18 | 17 |   Java   |",
        "mongodb-docker": "| 18 | 10 |   Dockerfile   |",
        "gke-istio-shared": "| 18 | 26 |   Shell   |",
        "cloud-functions-reliability-nodejs": "| 18 | 5 |   JavaScript   |",
        "cloud-derby": "| 18 | 28 |   Shell   |",
        "gcf-automated-resource-cleanup": "| 18 | 23 |   Python   |",
        "cloud-tasks-pizza-map": "| 18 | 8 |   JavaScript   |",
        "composer-airflow": "| 18 | 6 |   None   |",
        "dialogflow-log-parser-dataflow-bigquery": "| 18 | 15 |   Python   |",
        "healthcare-nlp-visualizer-demo": "| 18 | 10 |   JavaScript   |",
        "eda-examples": "| 18 | 9 |   HCL   |",
        "deploystack": "| 18 | 9 |   Go   |",
        "market-data-transcoder": "| 18 | 8 |   Python   |",
        "dataflow-cookbook": "| 18 | 3 |   Java   |",
        "automlops": "| 18 | 0 |   Python   |",
        "education-data-platform": "| 18 | 8 |   HCL   |",
        "appengine-last-across-the-finish-line-python": "| 17 | 10 |   Python   |",
        "appengine-maven-archetypes-java": "| 17 | 20 |   Java   |",
        "appengine-php-guestbook": "| 17 | 82 |   None   |",
        "oldisim": "| 17 | 16 |   C++   |",
        "python-repo-tools": "| 17 | 17 |   Python   |",
        "MiniCat": "| 17 | 13 |   Python   |",
        "grpc-gcp-node": "| 17 | 22 |   JavaScript   |",
        "dlp-rdb-bq-import": "| 17 | 12 |   TSQL   |",
        "guest-test-infra": "| 17 | 39 |   Go   |",
        "air-draw-demo": "| 17 | 6 |   Kotlin   |",
        "anthos-appconfig": "| 17 | 7 |   Go   |",
        "solutions-build-multi-architecture-images-tutorial": "| 17 | 11 |   Shell   |",
        "traffic-director-grpc-bootstrap": "| 17 | 12 |   Go   |",
        "flaky-service": "| 17 | 9 |   TypeScript   |",
        "vault-plugin-secrets-gcppca": "| 17 | 10 |   Go   |",
        "gke-shift-left-cost": "| 17 | 7 |   Go   |",
        "terraform-google-three-tier-web-app": "| 17 | 22 |   HCL   |",
        "software-delivery-blueprint": "| 17 | 7 |   HCL   |",
        "appengine-sharded-counters-java": "| 16 | 17 |   Java   |",
        "appengine-endpoints-helloworld-java-maven": "| 16 | 25 |   Java   |",
        "appengine-php-extension": "| 16 | 16 |   C++   |",
        "solutions-vision-search": "| 16 | 20 |   Python   |",
        "earth-ml": "| 16 | 12 |   Python   |",
        "qupath-chcapi-extension": "| 16 | 11 |   Java   |",
        "kubectl-dispatcher": "| 16 | 5 |   Go   |",
        "inspec-gcp-pci-profile": "| 16 | 15 |   Ruby   |",
        "marketplace-tools": "| 16 | 12 |   Starlark   |",
        "zone-printer": "| 16 | 5 |   Go   |",
        "bigquery-notebooks": "| 16 | 10 |   Jupyter Notebook   |",
        "secure-image-pipeline": "| 16 | 8 |   HCL   |",
        "smart-expenses": "| 16 | 7 |   HTML   |",
        "hdfs-to-gcs": "| 16 | 6 |   HCL   |",
        "terraform-google-log-analysis": "| 16 | 6 |   HCL   |",
        "cloud-build-software-delivery": "| 16 | 4 |   Java   |",
        "cloud-sql-nodejs-connector": "| 16 | 2 |   TypeScript   |",
        "mqtt-cloud-pubsub-connector": "| 16 | 1 |   Java   |",
        "gce-oreilly": "| 15 | 16 |   CSS   |",
        "compute-video-demo-salt": "| 15 | 14 |   HTML   |",
        "jenkins-packer-agent": "| 15 | 19 |   Shell   |",
        "err-stackdriver": "| 15 | 10 |   Python   |",
        "firebase-ios-samples": "| 15 | 10 |   Swift   |",
        "memcached-docker": "| 15 | 19 |   Shell   |",
        "cloudml-edge-automation": "| 15 | 13 |   Python   |",
        "healthcare-api-dicom-fuse": "| 15 | 10 |   Java   |",
        "gke-secure-defaults-demo": "| 15 | 8 |   Shell   |",
        "devrel-services": "| 15 | 10 |   Go   |",
        "anthos-sample-deployment": "| 15 | 14 |   Shell   |",
        "compute-image-import": "| 15 | 12 |   Go   |",
        "terraform-google-secret-manager": "| 15 | 8 |   HCL   |",
        "reg-reporting-blueprint": "| 15 | 9 |   Python   |",
        "bigquery-dlp-remote-function": "| 15 | 2 |   Java   |",
        "terraform-google-cloud-armor": "| 15 | 10 |   Go   |",
        "startup-solution-templates": "| 15 | 1 |   None   |",
        "proto-gen-md-diagrams": "| 15 | 4 |   Go   |",
        "appengine-enable-remote-api-python": "| 14 | 13 |   Python   |",
        "compute-phabricator": "| 14 | 10 |   Shell   |",
        "grpc-gcp-csharp": "| 14 | 12 |   C#   |",
        "iot-core-load-test-python": "| 14 | 10 |   Python   |",
        "kubectl-extension-versions": "| 14 | 4 |   Go   |",
        "weasis-chcapi-extension": "| 14 | 17 |   Java   |",
        "artifact-registry-maven-tools": "| 14 | 20 |   Java   |",
        "dlp-filter-for-envoy": "| 14 | 5 |   C++   |",
        "artifact-registry-python-tools": "| 14 | 10 |   Python   |",
        "cloud-run-microservice-template-java": "| 14 | 15 |   Java   |",
        "pubsec-declarative-toolkit": "| 14 | 19 |   Go   |",
        "solutions-dataflow-python-multiple-files": "| 14 | 1 |   Python   |",
        "terraform-google-cloud-functions": "| 14 | 9 |   HCL   |",
        "bigquery-slot-analysis": "| 14 | 1 |   None   |",
        "appengine-cloudsql-native-mysql-datanucleus-jdo-demo-java": "| 13 | 9 |   Java   |",
        "appengine-java-vm-hello": "| 13 | 19 |   Java   |",
        "appengine-cakephp-starter-app": "| 13 | 14 |   PHP   |",
        "shell-samples": "| 13 | 9 |   Shell   |",
        "google-cloud-tfs": "| 13 | 21 |   TypeScript   |",
        "gke-photoalbum-example": "| 13 | 12 |   Python   |",
        "k8s-sqldb-operator": "| 13 | 6 |   Go   |",
        "artifact-registry-npm-tools": "| 13 | 16 |   JavaScript   |",
        "dataflow-pubsub-dedup": "| 13 | 11 |   Java   |",
        "salesforce-cloud-functions-crm-tutorial": "| 13 | 7 |   Apex   |",
        "terraform-provider-cdap": "| 13 | 11 |   Go   |",
        "bigquery-ingest-avro-dataflow-sample": "| 13 | 9 |   Java   |",
        "terraform-folding-at-home": "| 13 | 11 |   HCL   |",
        "serverless-log-trigger-demo": "| 13 | 5 |   Python   |",
        "healthcare-api-dicom-viewer": "| 13 | 9 |   JavaScript   |",
        "compute-daisy": "| 13 | 16 |   Go   |",
        "dataflow-vision-analytics": "| 13 | 10 |   Java   |",
        "cloud-composer-mssql-dataflow-bigquery": "| 13 | 11 |   Python   |",
        "datacatalog-tag-history": "| 13 | 5 |   Java   |",
        "cas-gclb-rotation": "| 13 | 8 |   Python   |",
        "cogbeam": "| 13 | 4 |   Python   |",
        "anthos-bare-metal-ref-arch": "| 13 | 6 |   Shell   |",
        "gke-cost-optimization-monitoring": "| 13 | 9 |   Go   |",
        "dialogflow-ccai-omnichannel": "| 13 | 4 |   JavaScript   |",
        "migrating-openshift-to-anthos": "| 13 | 12 |   Shell   |",
        "bq-utilization-alerts": "| 13 | 5 |   Go   |",
        "devrel-demos": "| 13 | 15 |   Jupyter Notebook   |",
        "terraform-mean-cloudrun-mongodb": "| 13 | 3 |   HCL   |",
        "app2run": "| 13 | 3 |   Python   |",
        "ramble": "| 13 | 6 |   Python   |",
        "click-to-deploy-solutions": "| 13 | 5 |   HCL   |",
        "bigquery-ml-utils": "| 13 | 5 |   C++   |",
        "cloud-logging-data-source-plugin": "| 13 | 6 |   Go   |",
        "cloud-hackathons": "| 13 | 6 |   CSS   |",
        "marketing-data-engine": "| 13 | 6 |   Python   |",
        "cloud-storage-docs-xml-api-examples": "| 12 | 29 |   Java   |",
        "gcloud-python-wheels": "| 12 | 9 |   Shell   |",
        "tomcat-runtime": "| 12 | 15 |   Java   |",
        "appstart": "| 12 | 14 |   Python   |",
        "stackdriver-trace-php-extension": "| 12 | 5 |   C   |",
        "nyc-taxirides-stream-feeder": "| 12 | 6 |   Go   |",
        "cloudspanner-ticketshop-demo": "| 12 | 10 |   HTML   |",
        "healthcare-api-token-generator": "| 12 | 6 |   JavaScript   |",
        "service-broker-samples": "| 12 | 6 |   Java   |",
        "storage-sdrs": "| 12 | 15 |   Java   |",
        "healthcare-imaging-performance-test": "| 12 | 6 |   Java   |",
        "elasticsearch-docker": "| 12 | 12 |   Dockerfile   |",
        "selkies-examples": "| 12 | 10 |   Shell   |",
        "pci-anthos-blueprint": "| 12 | 6 |   HCL   |",
        "bq-mirroring-cdc": "| 12 | 3 |   Java   |",
        "bigquery-workflows-load": "| 12 | 5 |   Python   |",
        "aws-discovery-export": "| 12 | 10 |   Python   |",
        "cloud-deploy-chatbot": "| 12 | 3 |   Go   |",
        "professional-services-bigquery-permission-mapper": "| 12 | 3 |   Python   |",
        "terraform-google-load-balanced-vms": "| 12 | 10 |   HCL   |",
        "software-delivery-shield-demo-java": "| 12 | 11 |   Java   |",
        "ezcx": "| 12 | 1 |   Go   |",
        "pubsub2inbox": "| 12 | 3 |   Python   |",
        "apigee-samples": "| 12 | 16 |   Shell   |",
        "matching-engine-tutorial-for-image-search": "| 12 | 0 |   Python   |",
        "hellodashboard": "| 11 | 9 |   Python   |",
        "httplb-autoscaling-go": "| 11 | 12 |   Go   |",
        "appengine-dart-todos": "| 11 | 10 |   Dart   |",
        "getting-started-django": "| 11 | 15 |   Python   |",
        "google-cloud-dotnet-debugger": "| 11 | 12 |   C++   |",
        "autonetdeploy-startup": "| 11 | 19 |   Shell   |",
        "tensorflow-sketch-rnn-example": "| 11 | 10 |   Python   |",
        "grpc-gcp-python": "| 11 | 11 |   Python   |",
        "next18-ai-in-motion": "| 11 | 13 |   Java   |",
        "service-broker-plugins": "| 11 | 5 |   Dockerfile   |",
        "stackdriver-slo-to-bigquery": "| 11 | 5 |   Go   |",
        "memstore-gaming-leaderboard": "| 11 | 11 |   C#   |",
        "grpc-gcp-tools": "| 11 | 13 |   C   |",
        "gcp-ca-service-ocsp": "| 11 | 11 |   Go   |",
        "gke-scheduled-autoscaler": "| 11 | 7 |   None   |",
        "networking-tools-python": "| 11 | 6 |   Python   |",
        "samples-style-guide": "| 11 | 16 |   HTML   |",
        "cortex-dag-generator": "| 11 | 9 |   Python   |",
        "payment-gateway": "| 11 | 8 |   None   |",
        "logging-analytics-samples": "| 11 | 5 |   None   |",
        "deploystack-nosql-client-server": "| 11 | 5 |   Go   |",
        "terraform-google-cloud-workflows": "| 11 | 5 |   Go   |",
        "earthengine-bigquery-automation-demo": "| 11 | 0 |   JavaScript   |",
        "google-cloud-ai-demos": "| 11 | 1 |   TypeScript   |",
        "ai-infra-cluster-provisioning": "| 11 | 1 |   HCL   |",
        "cloud-ids-demo": "| 11 | 1 |   HCL   |",
        "appengine-java-vm-sudoku-sample": "| 10 | 13 |   Java   |",
        "prediction-appengine-guestbook-python": "| 10 | 12 |   Python   |",
        "puppet-google": "| 10 | 9 |   None   |",
        "gke-serviceaccounts-initializer": "| 10 | 7 |   Go   |",
        "mariadb-docker": "| 10 | 16 |   Shell   |",
        "automl-translation-tools": "| 10 | 14 |   Python   |",
        "terraform-sqlserver-alwayson": "| 10 | 12 |   PowerShell   |",
        "flask-oauth-cors": "| 10 | 5 |   Python   |",
        "firestore-gorilla-sessions": "| 10 | 11 |   Go   |",
        "invoice-insights": "| 10 | 8 |   JavaScript   |",
        "recommender-iac-pipeline-nodejs-tutorial": "| 10 | 18 |   JavaScript   |",
        "docker-ci-helper": "| 10 | 5 |   Shell   |",
        "documentai-fraud-detection-demo": "| 10 | 2 |   Python   |",
        "hadoop-discovery-tool": "| 10 | 10 |   Shell   |",
        "acm-essentials": "| 10 | 20 |   None   |",
        "git-gerrit-subcommand": "| 10 | 3 |   Shell   |",
        "deploystack-cost-sentry": "| 10 | 6 |   Go   |",
        "bigquery-record-manager": "| 10 | 4 |   Python   |",
        "opentelemetry-collector-builder-sample": "| 10 | 9 |   Makefile   |",
        "clickhouse-in-gce": "| 10 | 3 |   HCL   |",
        "mfg-ml-examples": "| 10 | 1 |   Jupyter Notebook   |",
        "documentai-sheets-plugin": "| 10 | 2 |   JavaScript   |",
        "bigquery-geotools": "| 10 | 0 |   Java   |",
        "scoutsuite-gcp-scan": "| 10 | 1 |   HCL   |",
        "terraform-google-cloud-spanner": "| 10 | 1 |   HCL   |",
        "terraform-dynamic-python-webapp": "| 10 | 3 |   HCL   |",
        "application-integration-management-toolkit": "| 10 | 6 |   Go   |",
        "terraform-ecommerce-microservices-on-gke": "| 10 | 0 |   HCL   |",
        "marketing-data-engine-dataform": "| 10 | 2 |   JavaScript   |",
        "appengine-googleanalytics-java": "| 9 | 10 |   Java   |",
        "appengine-blobstoremigrator-python": "| 9 | 7 |   Python   |",
        "cloud-trace-java-instrumentation": "| 9 | 13 |   Java   |",
        "cloudbuild-test-runner-example": "| 9 | 9 |   PHP   |",
        "runtime-builder-java": "| 9 | 15 |   Java   |",
        "chef-google-compute": "| 9 | 12 |   Ruby   |",
        "chef-google": "| 9 | 15 |   Ruby   |",
        "issuetracker": "| 9 | 8 |   Go   |",
        "compute-autoscale-metric-nodejs": "| 9 | 8 |   JavaScript   |",
        "raspberrypi-docs-samples": "| 9 | 13 |   Python   |",
        "prometheus-docker": "| 9 | 7 |   Dockerfile   |",
        "compute-custom-boot-images": "| 9 | 11 |   Shell   |",
        "gcf-gce-usage-monitoring": "| 9 | 5 |   JavaScript   |",
        "tensorflow-gcp-tools": "| 9 | 8 |   Python   |",
        "buzzwordbingo": "| 9 | 4 |   Go   |",
        "client-side-encryption": "| 9 | 10 |   Python   |",
        "gcs-uploader": "| 9 | 8 |   Java   |",
        "dialogflow-flutter-grpc": "| 9 | 7 |   Dart   |",
        "cloud-spanner-samples": "| 9 | 18 |   Java   |",
        "compute-gpu-monitoring": "| 9 | 5 |   Python   |",
        "pacemaker-log-parser-for-sap-on-gcp": "| 9 | 3 |   Python   |",
        "eos-block-producer": "| 9 | 3 |   Smarty   |",
        "terraform-sample-tools": "| 9 | 9 |   Python   |",
        "solutions-floating-ip-patterns-terraform": "| 9 | 10 |   HCL   |",
        "container-developer-workshop": "| 9 | 11 |   Shell   |",
        "gke-prober": "| 9 | 1 |   Go   |",
        "google-chat-notification": "| 9 | 1 |   Java   |",
        "document-intake-accelerator": "| 9 | 9 |   Python   |",
        "data-mesh-demo": "| 9 | 3 |   Java   |",
        "application-integration-samples": "| 9 | 3 |   Shell   |",
        "terraform-google-alloy-db": "| 9 | 3 |   HCL   |",
        "cxlint": "| 9 | 1 |   Python   |",
        "appengine-guestbook-python-cloudsql": "| 8 | 33 |   Python   |",
        "appengine-endpoints-helloendpoints-ios": "| 8 | 11 |   Objective-C   |",
        "appengine-try-php": "| 8 | 23 |   PHP   |",
        "jenkins-deployment-manager-plugin": "| 8 | 17 |   Java   |",
        "rcloadenv": "| 8 | 9 |   Ruby   |",
        "grpc-gcp-java": "| 8 | 21 |   Java   |",
        "cloud-debug-proxy-chrome-devtools": "| 8 | 5 |   TypeScript   |",
        "hpc-monte-carlo": "| 8 | 9 |   Jupyter Notebook   |",
        "composer-infra-python": "| 8 | 8 |   Python   |",
        "compute-virtual-ethernet-windows": "| 8 | 8 |   C++   |",
        "opencensus-spanner-demo": "| 8 | 5 |   Go   |",
        "gce-automated-ad-join": "| 8 | 11 |   Python   |",
        "gce-public-connectivity-terraform": "| 8 | 9 |   HCL   |",
        "solutions-pubsub-websockets": "| 8 | 5 |   JavaScript   |",
        "crbt": "| 8 | 4 |   JavaScript   |",
        "gke-tensorflow-inference-system-tutorial": "| 8 | 4 |   Python   |",
        "cnrm-blueprints": "| 8 | 6 |   Python   |",
        "serverless-sample-tester": "| 8 | 5 |   Go   |",
        "spanner-debezium-change-capture": "| 8 | 7 |   Dockerfile   |",
        "beyondcorp-applink": "| 8 | 9 |   HCL   |",
        "artifact-registry-apt-transport": "| 8 | 12 |   Go   |",
        "cdn-auth-proxy": "| 8 | 6 |   HCL   |",
        "anthos-ai": "| 8 | 3 |   Python   |",
        "opentelemetry-operations-e2e-testing": "| 8 | 7 |   Go   |",
        "deploystack-load-balanced-vms": "| 8 | 5 |   HCL   |",
        "solutions-geospatial-analytics": "| 8 | 7 |   JavaScript   |",
        "gke-arm": "| 8 | 0 |   Dockerfile   |",
        "gce-license-tracker": "| 8 | 1 |   C#   |",
        "alertmanager": "| 8 | 5 |   Go   |",
        "terraform-google-media-cdn-vod": "| 8 | 3 |   HCL   |",
        "database-migration-wave-orchestrator": "| 8 | 6 |   Python   |",
        "datalake-modernization-workshops": "| 8 | 3 |   Jupyter Notebook   |",
        "solutions-terraform-scc-notifications-gchat": "| 8 | 0 |   HCL   |",
        "cortex-salesforce": "| 8 | 7 |   Python   |",
        "terraform-google-waap": "| 8 | 7 |   HCL   |",
        "guacamole-on-gcp": "| 8 | 0 |   Java   |",
        "typescript-recaptcha-password-check-helpers": "| 8 | 0 |   TypeScript   |",
        "sample-repo-template": "| 8 | 1 |   None   |",
        "lcov-coverage-badge": "| 8 | 0 |   TypeScript   |",
        "developer-journey-app": "| 8 | 2 |   TypeScript   |",
        "terraform-dynamic-javascript-webapp": "| 8 | 1 |   HCL   |",
        "appengine-taskqueue-counter": "| 7 | 9 |   Python   |",
        "gcloud-compute-ssh": "| 7 | 9 |   C   |",
        "compute-video-demo-puppet": "| 7 | 12 |   Puppet   |",
        "compute-video-demo-chef": "| 7 | 11 |   ApacheConf   |",
        "appengine-python-blobstore-cors-upload": "| 7 | 7 |   Python   |",
        "appengine-config-transformer": "| 7 | 16 |   Python   |",
        "jupyterhub-gcp-proxies-authenticator": "| 7 | 10 |   Python   |",
        "grafana-docker": "| 7 | 13 |   Shell   |",
        "sonarqube-docker": "| 7 | 12 |   Dockerfile   |",
        "marketplace-testrunner": "| 7 | 9 |   Go   |",
        "python-opencue-demo": "| 7 | 6 |   Shell   |",
        "solutions-istio-mesh-expansion-migration": "| 7 | 6 |   Shell   |",
        "guest-diskexpand": "| 7 | 13 |   Shell   |",
        "instruqt-content": "| 7 | 5 |   Shell   |",
        "repo-automation-playground": "| 7 | 15 |   Python   |",
        "gke-observability-tutorials": "| 7 | 4 |   Go   |",
        "solutions-asset-tracking-pycom-sigfox": "| 7 | 4 |   Python   |",
        "anthos-environ-samples": "| 7 | 11 |   None   |",
        "solutions-gke-pvm-preemption-handler": "| 7 | 5 |   Java   |",
        "dataflow-speech-redaction": "| 7 | 3 |   JavaScript   |",
        "simple-anthos-installer": "| 7 | 13 |   HCL   |",
        "notebooks-extended-uis": "| 7 | 5 |   Smarty   |",
        "dotnet-migration-sample": "| 7 | 3 |   C#   |",
        "solutions-multicluster-gke-migration": "| 7 | 7 |   Shell   |",
        "terraform-google-microfocus-es": "| 7 | 5 |   HCL   |",
        "appengine-cloud-demo-portal": "| 7 | 4 |   TypeScript   |",
        "compute-migration-scripts": "| 7 | 4 |   Python   |",
        "azure-discovery-export": "| 7 | 8 |   PowerShell   |",
        "cloud-alerting-notification-forwarding": "| 7 | 4 |   Python   |",
        "opentelemetry-operator-sample": "| 7 | 7 |   Kotlin   |",
        "cloud-deploy-samples": "| 7 | 0 |   None   |",
        "datastream-diagnostic-toolkit": "| 7 | 1 |   PLSQL   |",
        "terraform-google-cloud-deploy": "| 7 | 5 |   HCL   |",
        "eventarc-web-feed": "| 7 | 1 |   HCL   |",
        "sapagent": "| 7 | 1 |   Go   |",
        "appengine-cloudsql-native-mysql-jdbc-demo-java": "| 6 | 11 |   Java   |",
        "puppetlabs-gce_compute": "| 6 | 8 |   Ruby   |",
        "appengine-pullqueue-counter": "| 6 | 10 |   Python   |",
        "bigquery-udf-test-tool": "| 6 | 10 |   HTML   |",
        "dataflow-precipitation-pipeline": "| 6 | 11 |   Java   |",
        "mimus-game-simulator": "| 6 | 10 |   Python   |",
        "unstructured-text-demo": "| 6 | 11 |   JavaScript   |",
        "puppet-google-compute": "| 6 | 13 |   Ruby   |",
        "endpoints-developer-portal-sample-content": "| 6 | 30 |   PowerShell   |",
        "dynamodb-spanner-migration": "| 6 | 10 |   Java   |",
        "guest-logging-go": "| 6 | 13 |   Go   |",
        "solutions-spanner-sequences": "| 6 | 6 |   Java   |",
        "joomla-docker": "| 6 | 13 |   Shell   |",
        "python-token-broker": "| 6 | 4 |   Python   |",
        "haproxy-docker": "| 6 | 5 |   Dockerfile   |",
        "dialogflow-virtual-agents-financial-services": "| 6 | 3 |   JavaScript   |",
        "storage-client-side-encryption-proxy": "| 6 | 4 |   Go   |",
        "opentelemetry-operations-cpp": "| 6 | 6 |   C++   |",
        "appengine-python2-3-migration": "| 6 | 5 |   Python   |",
        "firestore-securing-with-identity-platform": "| 6 | 4 |   JavaScript   |",
        "pulltop": "| 6 | 3 |   JavaScript   |",
        "asm-user-auth": "| 6 | 10 |   None   |",
        "gcsfuser": "| 6 | 4 |   Rust   |",
        "serverless-exec-ruby": "| 6 | 6 |   Ruby   |",
        "partner-support-scripts": "| 6 | 2 |   Shell   |",
        "dataflow-twitter-realtime-leaderboard": "| 6 | 3 |   Python   |",
        "deploystack-storage-event-function-app": "| 6 | 6 |   Go   |",
        "gke-securing-third-party-apps-blueprint": "| 6 | 8 |   HCL   |",
        "cortex-ml-models": "| 6 | 7 |   Shell   |",
        "java-recaptcha-password-check-helpers": "| 6 | 7 |   Java   |",
        "composer-utilities": "| 6 | 4 |   Python   |",
        "artifact-registry-go-tools": "| 6 | 3 |   Go   |",
        "kubeflow-gke-docs": "| 6 | 5 |   Python   |",
        "notebook-kernels-mixer": "| 6 | 0 |   Go   |",
        "compute-virtual-ethernet-freebsd": "| 6 | 3 |   C   |",
        "terraform-example-deploy-java-multizone": "| 6 | 11 |   HCL   |",
        "jit-access-bastion-host-tf": "| 6 | 0 |   HCL   |",
        "golden-path": "| 6 | 0 |   None   |",
        "app-large-data-sharing-golang": "| 6 | 2 |   TypeScript   |",
        "appengine-sharded-counters-java-maven": "| 5 | 7 |   Java   |",
        "appengine-cloudsql-native-mysql-eclipselink-jpa-demo-java": "| 5 | 10 |   Java   |",
        "ipython": "| 5 | 7 |   None   |",
        "compute-windows-drivers": "| 5 | 14 |   C   |",
        "cloud-testenv-broker": "| 5 | 7 |   Go   |",
        "datanucleus-appengine": "| 5 | 11 |   Java   |",
        "compute-centos5-drivers": "| 5 | 12 |   Makefile   |",
        "puppet-google-auth": "| 5 | 11 |   Ruby   |",
        "google-cloud-ops-agents-puppet": "| 5 | 15 |   Shell   |",
        "grpc-gcp-cpp": "| 5 | 10 |   C++   |",
        "prometheus-alertmanager-docker": "| 5 | 5 |   Dockerfile   |",
        "serverless-cloud-maker-next-18": "| 5 | 5 |   JavaScript   |",
        "tensorflow-inference-tensorrt5-t4-gpu": "| 5 | 8 |   Shell   |",
        "prometheus-stackdriver-gke": "| 5 | 18 |   None   |",
        "consul-docker": "| 5 | 6 |   Dockerfile   |",
        "gcf-notification-forwarding": "| 5 | 8 |   JavaScript   |",
        "magento-docker": "| 5 | 8 |   Shell   |",
        "inspec-gcp-helpers": "| 5 | 7 |   Ruby   |",
        "artifact-registry-yum-plugin": "| 5 | 8 |   Python   |",
        "gce-cloud-sql-recommendation-tool": "| 5 | 4 |   PowerShell   |",
        "cloud-console-identity-platform-tutorials": "| 5 | 2 |   TypeScript   |",
        "dialogflow-email-agent-demo": "| 5 | 4 |   JavaScript   |",
        "media-architectures-on-gcp": "| 5 | 2 |   None   |",
        "deploystack-single-vm": "| 5 | 7 |   HCL   |",
        "org-wide-gcloud-revoke": "| 5 | 1 |   JavaScript   |",
        "gke-multicluster-upgrades": "| 5 | 1 |   None   |",
        "scientific-computing-examples": "| 5 | 7 |   HCL   |",
        "iam-windows-authenticator": "| 5 | 1 |   C#   |",
        "Filestore-Snapshot-Scheduler": "| 5 | 2 |   Python   |",
        "bgp-with-nva-on-gcp": "| 5 | 0 |   HCL   |",
        "deploystack-gcs-to-bq-with-least-privileges": "| 5 | 1 |   HCL   |",
        "deploystack-google-lb-and-armor": "| 5 | 1 |   HCL   |",
        "terraform-google-anthos-vm": "| 5 | 5 |   HCL   |",
        "deploystack-wordpress-on-cloudrun": "| 5 | 2 |   HCL   |",
        "colabfold-on-cloud-batch-workflows": "| 5 | 1 |   Jupyter Notebook   |",
        "terraform-google-itar-architectures": "| 5 | 3 |   HCL   |",
        "opentelemetry-operations-ruby": "| 5 | 0 |   Ruby   |",
        "csa-fw-microsegmentation": "| 5 | 1 |   HCL   |",
        "terraform-example-deploy-java-gke": "| 5 | 7 |   HCL   |",
        "terraform-google-cloud-ids": "| 5 | 1 |   HCL   |",
        "appengine-cloudsql-native-mysql-datanucleus-jpa-demo-java": "| 4 | 9 |   Java   |",
        "appengine-helloworld-php": "| 4 | 17 |   PHP   |",
        "solutions-cloud-history-tool": "| 4 | 9 |   None   |",
        "cloud-diagnostics-common-nodejs": "| 4 | 12 |   JavaScript   |",
        "docker-wait": "| 4 | 8 |   C   |",
        "golang-builder": "| 4 | 9 |   Shell   |",
        "endpoints-framework-maven-plugin": "| 4 | 13 |   Java   |",
        "chef-google-sql": "| 4 | 8 |   Ruby   |",
        "iot-hexspider-esp8266": "| 4 | 6 |   C++   |",
        "cloud-debug-proxy-common": "| 4 | 6 |   TypeScript   |",
        "solutions-compute-mysql-migration-haproxy": "| 4 | 5 |   Shell   |",
        "k8s-addon-builder": "| 4 | 12 |   Go   |",
        "ide-java-analytics-common": "| 4 | 4 |   Java   |",
        "solutions-db2wh": "| 4 | 5 |   Shell   |",
        "cloud-derby-training-images": "| 4 | 7 |   None   |",
        "inline-fixtures": "| 4 | 5 |   TypeScript   |",
        "cloudjourneysidecar": "| 4 | 4 |   Go   |",
        "solutions-pubsub-proxy-rest": "| 4 | 4 |   Java   |",
        "opencensus-jetty-demo": "| 4 | 5 |   Jupyter Notebook   |",
        "security-blueprints": "| 4 | 4 |   None   |",
        "ai-for-environmental-science": "| 4 | 3 |   None   |",
        "sap-analytics-ai": "| 4 | 3 |   None   |",
        "dataflow-video-analysis": "| 4 | 3 |   JavaScript   |",
        "dart-samples": "| 4 | 3 |   None   |",
        "cloud-logging-log-creator": "| 4 | 3 |   Go   |",
        "dataproc-metastore-toolkit": "| 4 | 3 |   None   |",
        "opentelemetry-trace-codelab-python": "| 4 | 5 |   Python   |",
        "beyondcorp-clientconnector": "| 4 | 4 |   HCL   |",
        "reporting-api-forwarder": "| 4 | 2 |   HCL   |",
        "bigtable-janusgraph-helm": "| 4 | 3 |   Smarty   |",
        "firestore-migration-tooling": "| 4 | 3 |   Python   |",
        "vertex-ai-spark-ml-serving": "| 4 | 5 |   Scala   |",
        "pacemaker-alerts-cloud-logging": "| 4 | 3 |   Shell   |",
        "stac-m3-2022": "| 4 | 1 |   Python   |",
        "opentelemetry-trace-codelab-go": "| 4 | 1 |   Go   |",
        "terraform-cloud-dynamic-credentials": "| 4 | 0 |   Python   |",
        "deploystack-etl-pipeline": "| 4 | 2 |   HCL   |",
        "managed-microsoft-activedirectory": "| 4 | 3 |   PowerShell   |",
        "deploystack-cloudsql-multiregion": "| 4 | 0 |   HCL   |",
        "dataproc-scala-examples": "| 4 | 0 |   Scala   |",
        "solutions-viai-edge-provisioning-configuration": "| 4 | 2 |   Shell   |",
        "agent-assist-integrations": "| 4 | 0 |   JavaScript   |",
        "platform-engineering": "| 4 | 0 |   None   |",
        "cymbal-eats": "| 4 | 0 |   HTML   |",
        "terraform-google-crmint": "| 4 | 1 |   HCL   |",
        "terraform-large-data-sharing-golang-webapp": "| 4 | 6 |   HCL   |",
        "appengine-java-vm-cdi-numberguess": "| 3 | 6 |   Java   |",
        "deactivate_tunnel": "| 3 | 9 |   Python   |",
        "CodeIgniter": "| 3 | 5 |   HTML   |",
        "pubsub-shout-csharp": "| 3 | 8 |   C#   |",
        "vision-how-happy-python": "| 3 | 9 |   Python   |",
        "appengine-tensorboard": "| 3 | 13 |   Dockerfile   |",
        "cloud-self-test-kit": "| 3 | 5 |   Python   |",
        "chef-google-dns": "| 3 | 7 |   Ruby   |",
        "automating-zync-renders": "| 3 | 10 |   Mathematica   |",
        "google-cloud-ops-agents-chef": "| 3 | 13 |   Ruby   |",
        "endpoints-grpcrest-python": "| 3 | 5 |   Python   |",
        "dialogflow-demofxagent-nodejs": "| 3 | 5 |   JavaScript   |",
        "influxdb-docker": "| 3 | 4 |   Shell   |",
        "chef-google-bigquery": "| 3 | 4 |   Ruby   |",
        "gcp-plugin-core-java": "| 3 | 7 |   Java   |",
        "etcd-docker": "| 3 | 6 |   Shell   |",
        "migrate-webapp-heroku-to-cloudrun-node": "| 3 | 5 |   JavaScript   |",
        "google-cloud-flashcards": "| 3 | 4 |   None   |",
        "openpls": "| 3 | 3 |   JavaScript   |",
        "jenkins-gcr-plugin": "| 3 | 7 |   Java   |",
        "terraform-gke-nat-connectivity": "| 3 | 5 |   HCL   |",
        "orientdb-docker": "| 3 | 8 |   Dockerfile   |",
        "cloudcdn-signed-cookie-nginx": "| 3 | 4 |   JavaScript   |",
        "solutions-gke-autoprovisioning": "| 3 | 5 |   Go   |",
        "storage-lemur": "| 3 | 4 |   Go   |",
        "dataflow-stt-auto-caption": "| 3 | 4 |   Java   |",
        "cloud-run-helloworld-python": "| 3 | 12 |   Python   |",
        "bert-embedding-python": "| 3 | 5 |   Python   |",
        "sheets2gce": "| 3 | 2 |   JavaScript   |",
        "iap-active-directory-api": "| 3 | 2 |   Python   |",
        "salesforce-serverless-cicd-cloudbuild": "| 3 | 2 |   Apex   |",
        "anthos-on-aws-lab": "| 3 | 3 |   Shell   |",
        "crashlytics-logs-to-datadog": "| 3 | 2 |   Java   |",
        "activeassist-serverless-pipeline": "| 3 | 2 |   JavaScript   |",
        "gcp-fedramp-dw-quickstart": "| 3 | 2 |   HCL   |",
        "gke-network-conversion": "| 3 | 3 |   Go   |",
        "spinnaker-pipelines": "| 3 | 2 |   None   |",
        "kubernetes-engine-windows-tools": "| 3 | 12 |   Go   |",
        "dataflow-zoomify-image": "| 3 | 4 |   Python   |",
        "terraform-iap-connector": "| 3 | 4 |   HCL   |",
        "retail-common-services": "| 3 | 6 |   Java   |",
        "iam_visibility_audit": "| 3 | 4 |   Go   |",
        "cloud-iot-stream-processing-dynamic-schema": "| 3 | 3 |   Java   |",
        "deploystack-static-hosting-with-domain": "| 3 | 6 |   HCL   |",
        "bqml-xgboost-predictor": "| 3 | 3 |   Python   |",
        "k8s-transient-role-binding": "| 3 | 2 |   Open Policy Agent   |",
        "opentelemetry-span-metrics": "| 3 | 4 |   Makefile   |",
        "storage-regionalized-performance": "| 3 | 4 |   JavaScript   |",
        "deploystack-ops-agent": "| 3 | 3 |   HCL   |",
        "pso-infra-cicd": "| 3 | 2 |   None   |",
        "deploystack-auditlogs-to-bq": "| 3 | 0 |   HCL   |",
        "csa-certificate-authority-service": "| 3 | 0 |   HCL   |",
        "opentelemetry-cloud-run": "| 3 | 1 |   Go   |",
        "terraform-ml-image-annotation-gcf": "| 3 | 1 |   TypeScript   |",
        "compute-logstash-packaging-shell": "| 2 | 9 |   Shell   |",
        "jclouds-labs-google": "| 2 | 6 |   Java   |",
        "compute-sabayon-image-builder": "| 2 | 8 |   Shell   |",
        "prediction-appengine-guestbook-java": "| 2 | 9 |   Java   |",
        "stackdriver-debugger-idea-sample": "| 2 | 14 |   Java   |",
        "ide-login": "| 2 | 9 |   Java   |",
        "phpworkshop": "| 2 | 16 |   PHP   |",
        "fluent-plugin-iis": "| 2 | 7 |   Ruby   |",
        "puppet-google-sql": "| 2 | 9 |   Ruby   |",
        "cloud-ingest-worker": "| 2 | 0 |   None   |",
        "chef-google-auth": "| 2 | 10 |   Ruby   |",
        "logging-with-stackdriver": "| 2 | 5 |   Python   |",
        "dgs-stackdriver": "| 2 | 4 |   Python   |",
        "lb-app-capacity-tutorial-python": "| 2 | 2 |   Python   |",
        "appengine-blobstoremgmt-python": "| 2 | 5 |   Python   |",
        "kube-state-metrics-docker": "| 2 | 8 |   Dockerfile   |",
        "kibana-docker": "| 2 | 6 |   Shell   |",
        "fluentd-docker": "| 2 | 6 |   Dockerfile   |",
        "cloudml-apigee-serving": "| 2 | 6 |   JavaScript   |",
        "solutions-compute-cloudsql-pega7": "| 2 | 6 |   Shell   |",
        "multiregion-app-location-demo": "| 2 | 5 |   Kotlin   |",
        "storage-requests-visualizer": "| 2 | 0 |   None   |",
        "drupal-docker": "| 2 | 5 |   None   |",
        "gcs-postgresql-recovery-tutorial": "| 2 | 3 |   Shell   |",
        "cloudsql-tabs-spaces-app": "| 2 | 3 |   PHP   |",
        "spanner-commit-timestamps-java": "| 2 | 3 |   Java   |",
        "dataproc-connect-visualization": "| 2 | 5 |   Shell   |",
        "terraform-gce-packetmirror": "| 2 | 3 |   HCL   |",
        "terraform-vpc-pupi": "| 2 | 4 |   HCL   |",
        "iap-onprem-packages": "| 2 | 3 |   None   |",
        "compute-engine-service-proxy-agent": "| 2 | 0 |   None   |",
        "gke-aspnet-gmsa": "| 2 | 4 |   HTML   |",
        "metastore-disaster-recovery": "| 2 | 2 |   Python   |",
        "gke-rbac-best-practices": "| 2 | 4 |   None   |",
        "youtube-classroom-mooc": "| 2 | 1 |   JavaScript   |",
        ".allstar": "| 2 | 0 |   None   |",
        ".github": "| 2 | 0 |   None   |",
        "terraform-google-analytics-lakehouse": "| 2 | 2 |   HCL   |",
        "cloud-sql-active-directory-diagnosis-tool": "| 2 | 0 |   PowerShell   |",
        "app-large-data-sharing-java": "| 2 | 3 |   TypeScript   |",
        "terraform-large-data-sharing-java-webapp": "| 2 | 8 |   HCL   |",
        "mqtt-broker-gcp-setup": "| 2 | 1 |   HCL   |",
        "codelabs": "| 2 | 1 |   Python   |",
        "terraform-example-java-dynamic-point-of-sale": "| 2 | 0 |   HCL   |",
        "compute-logstash-install-shell": "| 1 | 9 |   Shell   |",
        "jclouds-examples": "| 1 | 5 |   Java   |",
        "SourceXCloud": "| 1 | 7 |   Python   |",
        "gcloud-java-examples": "| 1 | 9 |   Java   |",
        "jenkins-stacksmith-plugin": "| 1 | 7 |   Java   |",
        "cloudsdk-test-driver": "| 1 | 9 |   Python   |",
        "stackdriver-python": "| 1 | 0 |   None   |",
        "puppet-google-dns": "| 1 | 9 |   Ruby   |",
        "puppet-google-storage": "| 1 | 12 |   Ruby   |",
        "puppet-google-container": "| 1 | 10 |   Ruby   |",
        "chef-google-storage": "| 1 | 9 |   Ruby   |",
        "chef-google-container": "| 1 | 10 |   Ruby   |",
        "puppet-google-pubsub": "| 1 | 7 |   Ruby   |",
        "puppet-google-spanner": "| 1 | 8 |   Ruby   |",
        "puppet-google-bigquery": "| 1 | 4 |   Ruby   |",
        "chef-google-spanner": "| 1 | 4 |   Ruby   |",
        "chef-google-iam": "| 1 | 6 |   Ruby   |",
        "puppet-google-iam": "| 1 | 5 |   Ruby   |",
        "puppet-google-resourcemanager": "| 1 | 5 |   Ruby   |",
        "prometheus-nodeexporter-docker": "| 1 | 5 |   Dockerfile   |",
        "prometheus-pushgateway-docker": "| 1 | 5 |   Dockerfile   |",
        "cloudspanner-next18-showcase": "| 1 | 3 |   None   |",
        "container-image-transfer": "| 1 | 2 |   Shell   |",
        "activeassist-anthos-toolchain": "| 1 | 2 |   TypeScript   |",
        "mde-looker-project-template": "| 1 | 0 |   None   |",
        "terraform-google-billing-dashboard": "| 1 | 1 |   HCL   |",
        "bigquery-antipattern-recognition": "| 1 | 3 |   Java   |",
        "terraform-google-out-of-band-security": "| 1 | 0 |   HCL   |",
        "recaptcha-enterprise-flutter": "| 1 | 0 |   None   |"
    }
}