{
    "company": "Gorilla Web Toolkit",
    "h-index": 18,
    "repo count": 19,
    "contributor count": 349,
    "size": "todo",
    "employee count": "todo",
    "country": "The World",
    "top language": "Go",
    "repos": {
        "websocket": "| 19110 | 3325 |   Go   |",
        "mux": "| 18180 | 1744 |   Go   |",
        "sessions": "| 2506 | 365 |   Go   |",
        "handlers": "| 1526 | 274 |   Go   |",
        "schema": "| 1174 | 217 |   Go   |",
        "csrf": "| 881 | 149 |   Go   |",
        "feeds": "| 655 | 132 |   Go   |",
        "securecookie": "| 612 | 151 |   Go   |",
        "rpc": "| 538 | 179 |   Go   |",
        "context": "| 417 | 138 |   Go   |",
        "http": "| 253 | 57 |   Go   |",
        "pat": "| 121 | 18 |   Go   |",
        "css": "| 75 | 37 |   Go   |",
        "muxy": "| 73 | 10 |   Go   |",
        "site": "| 54 | 19 |   Go   |",
        "i18n": "| 47 | 7 |   Go   |",
        "template": "| 44 | 5 |   Go   |",
        "reverse": "| 41 | 11 |   Go   |",
        ".github": "| 1 | 7 |   Go   |"
    }
}