{
    "company": "Grafana Labs",
    "h-index": 67,
    "repo count": 503,
    "contributor count": 10365,
    "size": "todo",
    "employee count": "todo",
    "country": "Sweden",
    "top language": "Go",
    "repos": {
        "grafana": "| 55304 | 10813 |   TypeScript   |",
        "k6": "| 20337 | 1069 |   Go   |",
        "loki": "| 19056 | 2735 |   Go   |",
        "pyroscope": "| 7828 | 437 |   Go   |",
        "mimir": "| 3104 | 334 |   Go   |",
        "tempo": "| 2967 | 375 |   Go   |",
        "oncall": "| 2673 | 165 |   Python   |",
        "phlare": "| 2044 | 72 |   Go   |",
        "tanka": "| 1996 | 150 |   Go   |",
        "helm-charts": "| 1243 | 1878 |   Smarty   |",
        "agent": "| 1086 | 322 |   Go   |",
        "grafonnet-lib": "| 1069 | 219 |   Jsonnet   |",
        "grafana-docker": "| 633 | 375 |   Shell   |",
        "metrictank": "| 626 | 117 |   Go   |",
        "jsonnet-libs": "| 510 | 142 |   Jsonnet   |",
        "simple-json-datasource": "| 498 | 235 |   JavaScript   |",
        "faro-web-sdk": "| 467 | 25 |   TypeScript   |",
        "carbon-relay-ng": "| 453 | 152 |   Go   |",
        "kubernetes-app": "| 397 | 150 |   TypeScript   |",
        "awesome-k6": "| 388 | 43 |   None   |",
        "k6-operator": "| 364 | 93 |   Go   |",
        "grizzly": "| 330 | 44 |   Go   |",
        "terraform-provider-grafana": "| 328 | 194 |   Go   |",
        "dskit": "| 314 | 45 |   Go   |",
        "grafana-image-renderer": "| 304 | 141 |   TypeScript   |",
        "worldmap-panel": "| 298 | 205 |   JavaScript   |",
        "postman-to-k6": "| 270 | 51 |   JavaScript   |",
        "grafana-kiosk": "| 270 | 49 |   Go   |",
        "xk6-browser": "| 234 | 34 |   Go   |",
        "grafana-json-datasource": "| 209 | 57 |   TypeScript   |",
        "k6-template-typescript": "| 192 | 48 |   TypeScript   |",
        "dashboard-linter": "| 175 | 20 |   Go   |",
        "tns": "| 174 | 42 |   Jsonnet   |",
        "thema": "| 166 | 9 |   Go   |",
        "github-datasource": "| 165 | 44 |   Go   |",
        "grafana-plugin-sdk-go": "| 162 | 50 |   Go   |",
        "piechart-panel": "| 149 | 105 |   JavaScript   |",
        "grafana-plugin-repository": "| 145 | 272 |   JavaScript   |",
        "mqtt-datasource": "| 142 | 40 |   Go   |",
        "k6-learn": "| 139 | 30 |   None   |",
        "cortex-tools": "| 135 | 55 |   Go   |",
        "strava-datasource": "| 132 | 24 |   TypeScript   |",
        "xk6": "| 120 | 10 |   Go   |",
        "scribe": "| 118 | 3 |   Go   |",
        "synthetic-monitoring-agent": "| 115 | 18 |   Go   |",
        "faro": "| 114 | 0 |   None   |",
        "kubernetes-diff-logger": "| 110 | 17 |   Go   |",
        "jsonnet-language-server": "| 110 | 10 |   Go   |",
        "tutorials": "| 108 | 29 |   Makefile   |",
        "grafana-plugin-examples": "| 103 | 30 |   None   |",
        "django-saml2-auth": "| 101 | 29 |   Python   |",
        "xk6-output-prometheus-remote": "| 98 | 55 |   Go   |",
        "pyroscope-rs": "| 96 | 10 |   Rust   |",
        "azure-monitor-datasource": "| 92 | 29 |   TypeScript   |",
        "dashboard-spec": "| 92 | 18 |   Go   |",
        "google-sheets-datasource": "| 90 | 21 |   Go   |",
        "clock-panel": "| 87 | 60 |   TypeScript   |",
        "synthetic-monitoring-app": "| 87 | 13 |   TypeScript   |",
        "cuetsy": "| 83 | 8 |   Go   |",
        "har-to-k6": "| 82 | 23 |   JavaScript   |",
        "grafana-api-golang-client": "| 81 | 80 |   Go   |",
        "rollout-operator": "| 81 | 10 |   Go   |",
        "grafana-polystat-panel": "| 78 | 28 |   TypeScript   |",
        "cortex-jsonnet": "| 73 | 54 |   Jsonnet   |",
        "tutorial-environment": "| 70 | 99 |   Go   |",
        "k6-docs": "| 70 | 155 |   JavaScript   |",
        "doom-datasource": "| 70 | 7 |   C   |",
        "k6-action": "| 66 | 15 |   JavaScript   |",
        "clickhouse-datasource": "| 65 | 27 |   TypeScript   |",
        "grafana-starter-panel": "| 64 | 37 |   TypeScript   |",
        "memo": "| 61 | 6 |   Go   |",
        "JPProf": "| 61 | 4 |   Java   |",
        "mimir-proxies": "| 60 | 2 |   Go   |",
        "k6-template-es6": "| 59 | 17 |   JavaScript   |",
        "xk6-distributed-tracing": "| 59 | 8 |   Go   |",
        "jmeter-to-k6": "| 58 | 21 |   JavaScript   |",
        "database-migrator": "| 56 | 10 |   Shell   |",
        "grafana-csv-datasource": "| 55 | 22 |   TypeScript   |",
        "github-to-es": "| 53 | 17 |   JavaScript   |",
        "grafana-plugin-sdk-rust": "| 53 | 4 |   Rust   |",
        "influxdb-flux-datasource": "| 51 | 21 |   Go   |",
        "vscode-jsonnet": "| 51 | 3 |   JavaScript   |",
        "intro-to-mlt": "| 50 | 24 |   JavaScript   |",
        "opcua-datasource": "| 47 | 10 |   CSS   |",
        "xk6-sql": "| 47 | 41 |   Go   |",
        "grafana-docker-dev-env": "| 46 | 22 |   Python   |",
        "regexp": "| 43 | 2 |   Go   |",
        "grafana-starter-datasource-backend": "| 40 | 8 |   Go   |",
        "xk6-kubernetes": "| 40 | 13 |   Go   |",
        "pyroscope-java": "| 40 | 21 |   Java   |",
        "otel-profiling-go": "| 38 | 0 |   Go   |",
        "xk6-disruptor": "| 38 | 6 |   Go   |",
        "azure-data-explorer-datasource": "| 37 | 29 |   JavaScript   |",
        "loki-client-go": "| 37 | 12 |   Go   |",
        "github-traffic": "| 37 | 7 |   Python   |",
        "k6-example-data-generation": "| 36 | 12 |   JavaScript   |",
        "jslib.k6.io": "| 34 | 20 |   HTML   |",
        "loadgentest": "| 33 | 10 |   Shell   |",
        "xk6-output-influxdb": "| 32 | 22 |   Go   |",
        "prometheus-arduino": "| 31 | 5 |   C++   |",
        "kairosdb-datasource": "| 30 | 62 |   TypeScript   |",
        "k6-timescaledb-stack": "| 30 | 3 |   None   |",
        "grafana-treemap-panel": "| 30 | 9 |   TypeScript   |",
        "grafonnet": "| 30 | 1 |   Jsonnet   |",
        "k6-example-github-actions": "| 29 | 15 |   JavaScript   |",
        "grafana-starter-app": "| 29 | 9 |   TypeScript   |",
        "loki_workshop_breakout": "| 28 | 13 |   None   |",
        "jfr-parser": "| 28 | 10 |   Go   |",
        "unused": "| 28 | 0 |   Go   |",
        "x-ray-datasource": "| 27 | 7 |   TypeScript   |",
        "plugin-tools": "| 27 | 6 |   TypeScript   |",
        "ebpf-autoinstrument": "| 27 | 3 |   C   |",
        "k6-benchmarks": "| 26 | 7 |   JavaScript   |",
        "k6-example-woocommerce": "| 26 | 7 |   JavaScript   |",
        "cortex": "| 25 | 10 |   Go   |",
        "diy-iot": "| 25 | 1 |   None   |",
        "athena-datasource": "| 23 | 9 |   TypeScript   |",
        "xk6-client-tracing": "| 23 | 2 |   Go   |",
        "levitate": "| 23 | 3 |   TypeScript   |",
        "xk6-chaos": "| 22 | 7 |   Go   |",
        "pyroscope-golang": "| 22 | 9 |   Go   |",
        "flagger-k6-webhook": "| 22 | 8 |   Go   |",
        "incident-community": "| 22 | 2 |   None   |",
        "timestream-datasource": "| 21 | 19 |   TypeScript   |",
        "grafana-ansible-collection": "| 21 | 11 |   Python   |",
        "plugin-validator": "| 20 | 7 |   Go   |",
        "xk6-loki": "| 20 | 17 |   Go   |",
        "mimir-prometheus": "| 19 | 5 |   Go   |",
        "snap-plugin-collector-kubestate": "| 18 | 7 |   Go   |",
        "simple-json-backend-datasource": "| 18 | 14 |   TypeScript   |",
        "grafana-starter-datasource": "| 18 | 11 |   TypeScript   |",
        "cortex-rules-action": "| 18 | 7 |   Shell   |",
        "influx2cortex": "| 18 | 4 |   Go   |",
        "google-bigquery-datasource": "| 18 | 5 |   TypeScript   |",
        "grafana-iot-twinmaker-app": "| 18 | 12 |   TypeScript   |",
        "alerting": "| 18 | 15 |   Go   |",
        "bugbounty": "| 18 | 2 |   None   |",
        "scenes": "| 18 | 4 |   TypeScript   |",
        "grafana-opentelemetry-starter": "| 18 | 1 |   Java   |",
        "xk6-output-kafka": "| 17 | 8 |   Go   |",
        "xk6-output-timescaledb": "| 17 | 9 |   Go   |",
        "crossplane-provider-grafana": "| 17 | 7 |   Go   |",
        "cloud-graphite-scripts": "| 16 | 8 |   Python   |",
        "puppet-promtail": "| 16 | 12 |   Ruby   |",
        "sqlds": "| 16 | 10 |   Go   |",
        "grok": "| 16 | 0 |   Go   |",
        "tempo-operator": "| 16 | 9 |   Go   |",
        "k6-example-azure-pipelines": "| 15 | 13 |   JavaScript   |",
        "grafana-github-actions": "| 15 | 11 |   TypeScript   |",
        "synthetic-monitoring-api-go-client": "| 15 | 7 |   Go   |",
        "croconf": "| 15 | 1 |   Go   |",
        "xk6-amqp": "| 15 | 13 |   Go   |",
        "grafana-kafka-example": "| 15 | 4 |   Python   |",
        "fake-data-gen": "| 14 | 8 |   JavaScript   |",
        "example-kubernetes-autoscaling-nodejs-api": "| 14 | 10 |   JavaScript   |",
        "grafana-plugin-sdk-python": "| 14 | 2 |   Python   |",
        "smtprelay": "| 14 | 1 |   Go   |",
        "grafana-iframe-oauth-sample": "| 14 | 3 |   TypeScript   |",
        "kubectl-nodepools": "| 14 | 2 |   Go   |",
        "chaostoolkit-k6": "| 13 | 11 |   Python   |",
        "xk6-redis": "| 13 | 8 |   Go   |",
        "plugin-workflows": "| 13 | 7 |   None   |",
        "opensearch-datasource": "| 13 | 10 |   TypeScript   |",
        "k6-jslib-k6chaijs": "| 13 | 2 |   JavaScript   |",
        "k6-jslib-aws": "| 13 | 13 |   TypeScript   |",
        "pyroscope-nodejs": "| 13 | 1 |   TypeScript   |",
        "xk6-websockets": "| 13 | 5 |   Go   |",
        "pentagon": "| 12 | 0 |   Go   |",
        "opentelemetry-collector": "| 12 | 3 |   None   |",
        "xk6-exec": "| 12 | 4 |   Go   |",
        "xk6-docker": "| 12 | 2 |   Go   |",
        "sentry-datasource": "| 12 | 6 |   TypeScript   |",
        "tracing-workshop-breakout": "| 12 | 10 |   None   |",
        "pySigma-backend-loki": "| 12 | 1 |   Python   |",
        "tail": "| 11 | 14 |   Go   |",
        "go-generic-object-store": "| 11 | 3 |   Go   |",
        "k6-vscode-extension": "| 11 | 2 |   TypeScript   |",
        "iot-sitewise-datasource": "| 11 | 3 |   Go   |",
        "k6-jslib-httpx": "| 11 | 5 |   JavaScript   |",
        "k6-chaos": "| 11 | 4 |   JavaScript   |",
        "extreme-dashboard-makeover-breakouts": "| 11 | 9 |   None   |",
        "prometheus": "| 10 | 10 |   Go   |",
        "xk6-client-prometheus-remote": "| 10 | 11 |   Go   |",
        "opentelemetry-demo": "| 10 | 5 |   TypeScript   |",
        "homebrew-grafana": "| 9 | 7 |   Ruby   |",
        "devtools": "| 9 | 3 |   Go   |",
        "go-rsmq": "| 9 | 3 |   Go   |",
        "k6-cloud-feature-requests": "| 9 | 1 |   None   |",
        "k6-jslib-utils": "| 9 | 4 |   JavaScript   |",
        "intro-to-prometheus-breakouts": "| 9 | 17 |   None   |",
        "writers-toolkit": "| 9 | 6 |   Shell   |",
        "otel-profiling-java": "| 9 | 3 |   Java   |",
        "kindsys": "| 9 | 0 |   Go   |",
        "ansible-grafana": "| 8 | 2 |   None   |",
        "openvas-docker": "| 8 | 3 |   Shell   |",
        "perspective-panel": "| 8 | 3 |   TypeScript   |",
        "certmagic-gcs": "| 8 | 5 |   Go   |",
        "grafana-plugin-model": "| 7 | 8 |   Go   |",
        "grafana-sensu-app": "| 7 | 9 |   TypeScript   |",
        "simple-angular-panel": "| 7 | 17 |   TypeScript   |",
        "k6-cloud-grafana-datasource": "| 7 | 4 |   TypeScript   |",
        "k6-example-cloudwatch-dashboards": "| 7 | 6 |   None   |",
        "xk6-ssh": "| 7 | 5 |   Go   |",
        "k6-jslib-k6chaijs-contracts": "| 7 | 1 |   JavaScript   |",
        "kubernetes-mixin": "| 7 | 1 |   Jsonnet   |",
        "opentelemetry-collector-components": "| 7 | 7 |   Go   |",
        "dataplane": "| 7 | 2 |   Go   |",
        "influxdb-08-datasource": "| 6 | 11 |   JavaScript   |",
        "snap_k8s": "| 6 | 5 |   Shell   |",
        "graphite-mt": "| 6 | 8 |   Python   |",
        "grafana-sdk-mocks": "| 6 | 18 |   JavaScript   |",
        "grafana-build-container": "| 6 | 7 |   Dockerfile   |",
        "plugin-ui": "| 6 | 3 |   TypeScript   |",
        "open-distro-for-elasticsearch-grafana-datasource": "| 6 | 4 |   TypeScript   |",
        "loki-arduino": "| 6 | 1 |   C++   |",
        "k6-jslib-summary": "| 6 | 2 |   JavaScript   |",
        "xyz-chart": "| 6 | 0 |   TypeScript   |",
        "alertmanager-webhook-proxy": "| 6 | 1 |   Go   |",
        "puppet-grafana": "| 5 | 5 |   Puppet   |",
        "react-grid-layout": "| 5 | 2 |   JavaScript   |",
        "k6-example-postman-collection": "| 5 | 4 |   JavaScript   |",
        "prometheus-pulsar-remote-write": "| 5 | 4 |   Go   |",
        "k6-example-jenkins": "| 5 | 20 |   Shell   |",
        "k6-jslib-expect": "| 5 | 2 |   JavaScript   |",
        "mixin-metrics": "| 5 | 2 |   Go   |",
        "redshift-datasource": "| 5 | 9 |   Go   |",
        "opentelemetry-trace-sampling-blogpost": "| 5 | 0 |   JavaScript   |",
        "connect-go-mux": "| 5 | 2 |   Go   |",
        "otel-profiling-ruby": "| 5 | 0 |   Ruby   |",
        "pdc-agent": "| 5 | 0 |   Go   |",
        "godeltaprof": "| 5 | 0 |   Go   |",
        "docs-base": "| 4 | 11 |   CSS   |",
        "azure-template": "| 4 | 2 |   Shell   |",
        "packer-do-marketplace": "| 4 | 1 |   Shell   |",
        "eslint-config-grafana": "| 4 | 5 |   JavaScript   |",
        "k6-azure-pipelines-extension": "| 4 | 2 |   TypeScript   |",
        "k6-intellij-plugin": "| 4 | 1 |   Kotlin   |",
        "k6-example-api-contract-validation": "| 4 | 1 |   JavaScript   |",
        "grafana-guidedtour-panel": "| 4 | 2 |   TypeScript   |",
        "observability-workshop": "| 4 | 2 |   None   |",
        "grafana-experimental": "| 4 | 2 |   TypeScript   |",
        "xk6-timers": "| 4 | 0 |   Go   |",
        "pyroscope-lambda-extension": "| 4 | 1 |   Go   |",
        "docker-slack-message": "| 4 | 1 |   Go   |",
        "k8s-diff": "| 4 | 1 |   Go   |",
        "grafana-by-example-remote-write": "| 4 | 0 |   Python   |",
        "pyroscope-dotnet": "| 4 | 1 |   C#   |",
        "slo-workshop-breakouts": "| 4 | 0 |   None   |",
        "xk6-disruptor-demo": "| 4 | 3 |   JavaScript   |",
        "gerror": "| 4 | 0 |   Go   |",
        "xk6-grpc": "| 4 | 1 |   Go   |",
        "dockerana": "| 3 | 4 |   Shell   |",
        "synthesize": "| 3 | 4 |   None   |",
        "kentik-app": "| 3 | 11 |   TypeScript   |",
        "discourse-datasource": "| 3 | 2 |   TypeScript   |",
        "grafana-aws-sdk": "| 3 | 10 |   Go   |",
        "k6-circleci-orb": "| 3 | 3 |   JavaScript   |",
        "celery-exporter": "| 3 | 1 |   Python   |",
        "xk6-output-template": "| 3 | 1 |   Go   |",
        "arduino-snappy-proto": "| 3 | 3 |   C   |",
        "grafana-azure-sdk-go": "| 3 | 4 |   Go   |",
        "orbit-datasource": "| 3 | 1 |   TypeScript   |",
        "e2e": "| 3 | 3 |   Go   |",
        "amixr-api-go-client": "| 3 | 5 |   Go   |",
        "community": "| 3 | 1 |   None   |",
        "grafana-community-support-squad": "| 3 | 1 |   Shell   |",
        "k6-jslib-form-urlencoded": "| 3 | 0 |   JavaScript   |",
        "xk6-webcrypto": "| 3 | 0 |   JavaScript   |",
        "snowflake-prometheus-exporter": "| 3 | 5 |   Jsonnet   |",
        "grafana-build": "| 3 | 2 |   Go   |",
        "globalconf": "| 2 | 2 |   Go   |",
        "gemini-scrollbar": "| 2 | 1 |   JavaScript   |",
        "gel-app": "| 2 | 1 |   Go   |",
        "gsoc": "| 2 | 1 |   None   |",
        "node_exporter": "| 2 | 1 |   Go   |",
        "k6-integrations-extras": "| 2 | 0 |   Python   |",
        "graphite-web": "| 2 | 1 |   JavaScript   |",
        "k6-DefinitelyTyped": "| 2 | 0 |   TypeScript   |",
        "k6-example-circleci": "| 2 | 2 |   Shell   |",
        "github-actions-testrepo": "| 2 | 6 |   TypeScript   |",
        "rbspy": "| 2 | 1 |   Rust   |",
        "windows_exporter": "| 2 | 3 |   Go   |",
        "ruby-sinatra-app": "| 2 | 3 |   Ruby   |",
        "alerting-api": "| 2 | 1 |   Go   |",
        "singlestat-panel": "| 2 | 1 |   TypeScript   |",
        "phpspy": "| 2 | 3 |   C   |",
        "gem-gel-workshop": "| 2 | 2 |   None   |",
        "blackbox_exporter": "| 2 | 1 |   Go   |",
        "yet-another-cloudwatch-exporter": "| 2 | 3 |   Go   |",
        "k6-example-aws-codebuild": "| 2 | 11 |   JavaScript   |",
        "httpbin": "| 2 | 0 |   Python   |",
        "grafana-aws-sdk-react": "| 2 | 1 |   TypeScript   |",
        "console": "| 2 | 1 |   Rust   |",
        "lezer-logql": "| 2 | 3 |   JavaScript   |",
        "monaco-logql": "| 2 | 2 |   TypeScript   |",
        "termui": "| 2 | 1 |   Go   |",
        "intro-to-observability-breakout": "| 2 | 5 |   None   |",
        "grafana-by-example-clickhouse": "| 2 | 0 |   Shell   |",
        "xk6-browser-github-action": "| 2 | 0 |   JavaScript   |",
        "hackathon-2022-08-paperboard": "| 2 | 0 |   JavaScript   |",
        "grafana-github-actions-go": "| 2 | 0 |   Go   |",
        "k6-jslib-formdata": "| 2 | 1 |   JavaScript   |",
        "wait-for-github": "| 2 | 2 |   Go   |",
        "play-thema": "| 2 | 1 |   TypeScript   |",
        "dbt_leaner_query": "| 2 | 0 |   None   |",
        "usage-stats-handler": "| 1 | 3 |   JavaScript   |",
        "snap-plugin-collector-gitstats": "| 1 | 4 |   Go   |",
        "grafana-oss-msi-generator": "| 1 | 1 |   Python   |",
        "docsearch-configs": "| 1 | 0 |   None   |",
        "bigtable-backup": "| 1 | 2 |   Go   |",
        "k6-jslib-JSONPath": "| 1 | 3 |   JavaScript   |",
        "attic": "| 1 | 13 |   JavaScript   |",
        "gocql": "| 1 | 4 |   Go   |",
        "drone-docker": "| 1 | 2 |   None   |",
        "drone-grafana-docker": "| 1 | 3 |   Go   |",
        "graphql-datasource": "| 1 | 1 |   Go   |",
        "triage-party": "| 1 | 0 |   None   |",
        "k6-docker-pgbouncer": "| 1 | 0 |   Shell   |",
        "statsd_exporter": "| 1 | 0 |   Go   |",
        "spring-boot-demo": "| 1 | 3 |   Java   |",
        "k6-github-runner": "| 1 | 1 |   Shell   |",
        "drone-runner-docker": "| 1 | 3 |   Go   |",
        "grafana-ci-config": "| 1 | 1 |   None   |",
        "grafana-live-sdk": "| 1 | 1 |   Go   |",
        "jsonnet-updater": "| 1 | 1 |   Shell   |",
        "k6-example-aspnetcore": "| 1 | 1 |   None   |",
        "arduino-prom-loki-transport": "| 1 | 1 |   C   |",
        "plugin-test-environment": "| 1 | 2 |   None   |",
        "configparser": "| 1 | 1 |   Go   |",
        "xk6-execution": "| 1 | 1 |   Go   |",
        "slack-event-logger": "| 1 | 1 |   Go   |",
        "example-k6-to-grafana-cloud": "| 1 | 1 |   None   |",
        "official-images": "| 1 | 0 |   Shell   |",
        "xk6-azure-monitor": "| 1 | 0 |   None   |",
        "bors-ng": "| 1 | 0 |   Elixir   |",
        "k6-example-google-cloud-cicd": "| 1 | 3 |   JavaScript   |",
        "etcd": "| 1 | 0 |   Go   |",
        "k6-example-bamboo": "| 1 | 2 |   JavaScript   |",
        "go-gelf": "| 1 | 1 |   None   |",
        "orbit-github-integration": "| 1 | 1 |   Python   |",
        "aioredis-py": "| 1 | 1 |   None   |",
        "grafana-google-sdk-react": "| 1 | 1 |   TypeScript   |",
        "pystan2": "| 1 | 1 |   None   |",
        "prophet": "| 1 | 0 |   None   |",
        "vmware_exporter": "| 1 | 0 |   Go   |",
        "k6-example-circleci-orb": "| 1 | 3 |   Shell   |",
        "alpine-docker-image": "| 1 | 1 |   Makefile   |",
        "social-image": "| 1 | 1 |   None   |",
        "slack-notify": "| 1 | 1 |   Go   |",
        "async-profiler": "| 1 | 1 |   C++   |",
        "security-github-actions": "| 1 | 0 |   None   |",
        "xorm": "| 1 | 0 |   Go   |",
        "prometheus-alertmanager": "| 1 | 2 |   Go   |",
        "gomemcache": "| 1 | 2 |   Go   |",
        "loki-hackathon-2022-08-et-tu-parquet": "| 1 | 0 |   None   |",
        "grafana-by-example-configuration": "| 1 | 0 |   Shell   |",
        "plugin-actions": "| 1 | 1 |   None   |",
        "k6-jslib-url": "| 1 | 0 |   JavaScript   |",
        "k6-jslib-functional": "| 1 | 0 |   JavaScript   |",
        "codejen": "| 1 | 0 |   Go   |",
        "sigma-cli": "| 1 | 0 |   Python   |",
        "fcm-django": "| 1 | 0 |   None   |",
        "crossplane-provider-aws": "| 1 | 1 |   None   |",
        "grafana-fake-users-generator": "| 1 | 0 |   JavaScript   |",
        "cloud_documentation_plugin_docs": "| 1 | 0 |   None   |",
        "incident-api": "| 1 | 0 |   Go   |",
        "play-as-code": "| 1 | 0 |   HCL   |",
        "quickpizza": "| 1 | 1 |   JavaScript   |",
        "cue": "| 1 | 0 |   None   |",
        "ux-redirector": "| 1 | 0 |   Python   |",
        "go-offsets-tracker": "| 1 | 1 |   Go   |",
        "agent-modules": "| 1 | 2 |   Shell   |",
        "M5StickCPlus": "| 1 | 0 |   C++   |",
        "homebrew-core": "| 0 | 0 |   Ruby   |",
        "snap-plugin-collector-cadvisor": "| 0 | 3 |   Go   |",
        "worldping-gw": "| 0 | 3 |   Go   |",
        "build-container-cross": "| 0 | 0 |   None   |",
        "mtail": "| 0 | 0 |   Go   |",
        "monaco-kusto": "| 0 | 0 |   TypeScript   |",
        "ksonnet": "| 0 | 1 |   Jsonnet   |",
        "loki-canary": "| 0 | 1 |   Go   |",
        "netlify-cms-oauth-provider-go": "| 0 | 3 |   Go   |",
        "golang": "| 0 | 0 |   None   |",
        "saml": "| 0 | 4 |   Go   |",
        "tsconfig-grafana": "| 0 | 4 |   None   |",
        "rushstack": "| 0 | 0 |   TypeScript   |",
        "k6-gatsby-plugin-s3": "| 0 | 1 |   None   |",
        "django-statsd": "| 0 | 0 |   Python   |",
        "systemjs-css-extra": "| 0 | 1 |   JavaScript   |",
        "avalanche": "| 0 | 1 |   None   |",
        "gocql_fork": "| 0 | 0 |   None   |",
        "signal-generator-datasource": "| 0 | 1 |   Go   |",
        "synthetic-monitoring": "| 0 | 1 |   None   |",
        "influxdb-client-go": "| 0 | 0 |   Go   |",
        "process-exporter": "| 0 | 0 |   Go   |",
        "drone-downstream": "| 0 | 3 |   Go   |",
        "drone-go": "| 0 | 0 |   Go   |",
        "redis_exporter": "| 0 | 1 |   Go   |",
        "cloudsql-proxy": "| 0 | 0 |   None   |",
        "mysqld_exporter": "| 0 | 0 |   Go   |",
        "drone-git": "| 0 | 0 |   Go   |",
        "dnsmasq_exporter": "| 0 | 0 |   None   |",
        "memcached_exporter": "| 0 | 0 |   None   |",
        "postgres_exporter": "| 0 | 0 |   Go   |",
        "macaron": "| 0 | 1 |   Go   |",
        "drone-cli": "| 0 | 0 |   Go   |",
        "drone-convert-pathschanged": "| 0 | 1 |   None   |",
        "slate": "| 0 | 0 |   None   |",
        "consul_exporter": "| 0 | 0 |   None   |",
        "nodejs-demo": "| 0 | 2 |   JavaScript   |",
        "json-iterator-go": "| 0 | 1 |   None   |",
        "k6-new-relic-webinar": "| 0 | 1 |   JavaScript   |",
        "zenhub-exporter": "| 0 | 1 |   Go   |",
        "grafana-plugin-sdk-typescript": "| 0 | 2 |   JavaScript   |",
        "go-mssqldb": "| 0 | 4 |   Go   |",
        "react-inlinesvg": "| 0 | 1 |   None   |",
        "icons": "| 0 | 6 |   Go   |",
        "smithy": "| 0 | 1 |   Java   |",
        "singer-python": "| 0 | 0 |   Python   |",
        "prom-rule-stats-exporter": "| 0 | 1 |   Go   |",
        "smithy-go": "| 0 | 1 |   Java   |",
        "conprof": "| 0 | 1 |   None   |",
        "drone-autoscaler": "| 0 | 0 |   None   |",
        "honeyaws": "| 0 | 2 |   Go   |",
        "read-process-memory": "| 0 | 0 |   Rust   |",
        "agent-buildpack": "| 0 | 4 |   Shell   |",
        "github-escalations-issues-exporter": "| 0 | 1 |   None   |",
        "go-plugin": "| 0 | 0 |   None   |",
        "alertmanager-webhook-logger": "| 0 | 2 |   Go   |",
        "grafana-azure-sdk-react": "| 0 | 1 |   TypeScript   |",
        "fluxcloud": "| 0 | 1 |   None   |",
        "mtr": "| 0 | 2 |   Go   |",
        "boilr": "| 0 | 2 |   None   |",
        "thanos": "| 0 | 0 |   Go   |",
        "mysql": "| 0 | 0 |   Go   |",
        "go-oidc": "| 0 | 1 |   Go   |",
        "target-bigquery": "| 0 | 1 |   None   |",
        "orbit_integrations_k6": "| 0 | 1 |   None   |",
        "grafana-google-sdk-go": "| 0 | 1 |   Go   |",
        "mongodb_exporter": "| 0 | 1 |   None   |",
        "apollo-prometheus-exporter": "| 0 | 1 |   TypeScript   |",
        "coredns-mixin": "| 0 | 1 |   Jsonnet   |",
        "drone-test-public-repo": "| 0 | 1 |   Makefile   |",
        "perflib_exporter": "| 0 | 1 |   Go   |",
        "haproxy-mixin": "| 0 | 1 |   None   |",
        "github-exporter": "| 0 | 1 |   Go   |",
        "github-sync": "| 0 | 3 |   Shell   |",
        "docker-puppeteer": "| 0 | 0 |   Dockerfile   |",
        "memberlist": "| 0 | 0 |   Go   |",
        "openapi-generator": "| 0 | 0 |   Java   |",
        "grafana-cloud-log-forwarder-operator": "| 0 | 2 |   Go   |",
        "grafana-k6-app-plugin-feedback": "| 0 | 1 |   None   |",
        "levitate-bq": "| 0 | 1 |   TypeScript   |",
        "machine-learning-go-client": "| 0 | 1 |   Go   |",
        "redislite": "| 0 | 1 |   None   |",
        "python-snappy": "| 0 | 1 |   None   |",
        "ko": "| 0 | 0 |   Go   |",
        "clearbit-python": "| 0 | 1 |   Python   |",
        "certified-operators": "| 0 | 1 |   None   |",
        "k6-nats-example": "| 0 | 2 |   None   |",
        "hackathon-2022-03-git-dash-A": "| 0 | 1 |   None   |",
        "hackathon-2022-03-git-dash-B": "| 0 | 1 |   None   |",
        "gcsproxy": "| 0 | 1 |   Go   |",
        "snmp_exporter": "| 0 | 0 |   Go   |",
        "smimesign": "| 0 | 0 |   Go   |",
        "code-coverage": "| 0 | 1 |   None   |",
        "loki-query-tee": "| 0 | 1 |   None   |",
        ".github": "| 0 | 3 |   None   |",
        "grpctunnel": "| 0 | 0 |   None   |",
        "carbonapi": "| 0 | 0 |   Go   |",
        "mixin-utils": "| 0 | 0 |   Shell   |",
        "snyk_exporter": "| 0 | 0 |   Go   |",
        "groupcache_exporter": "| 0 | 0 |   Go   |",
        "security": "| 0 | 5 |   None   |",
        "astradb-datasource": "| 0 | 0 |   Go   |",
        "changelog-checker": "| 0 | 0 |   None   |",
        "node_exporter_aix": "| 0 | 0 |   C++   |",
        "falconlogscale-datasource": "| 0 | 0 |   TypeScript   |",
        "grafana-async-query-data-js": "| 0 | 0 |   TypeScript   |",
        "prometheus-common": "| 0 | 0 |   Go   |",
        "debrief-reminder": "| 0 | 0 |   TypeScript   |",
        "docs": "| 0 | 0 |   None   |",
        "hackathon-2022-12-oncall-angler": "| 0 | 0 |   None   |",
        "crossplane-provider-azure": "| 0 | 0 |   Go   |",
        "django-push-notifications": "| 0 | 0 |   Python   |",
        "cloudflare-go": "| 0 | 0 |   None   |",
        "milksnakex": "| 0 | 0 |   Python   |",
        "plugin-monorepo-poc": "| 0 | 0 |   Go   |",
        "crossplane-provider-gcp": "| 0 | 0 |   Go   |",
        "action-setup-mage": "| 0 | 0 |   JavaScript   |",
        "tempo-doc-work": "| 0 | 0 |   None   |",
        "loki-hackathon-2023-03-project-lili": "| 0 | 0 |   Go   |",
        "github-rate-limits-prometheus-exporter": "| 0 | 1 |   Go   |",
        "opentelemetry-python-contrib": "| 0 | 1 |   Python   |",
        "k6-django-saml2-auth": "| 0 | 0 |   None   |",
        "segmentio-kafka-go": "| 0 | 1 |   Go   |",
        "apiextensions-apiserver": "| 0 | 0 |   None   |",
        "go-syslog": "| 0 | 0 |   Go   |",
        "kind-registry": "| 0 | 0 |   CUE   |",
        "drone-vault": "| 0 | 0 |   Go   |",
        "github-api-commit-action": "| 0 | 0 |   TypeScript   |",
        "botbuilder-python": "| 0 | 0 |   Python   |",
        "opentracing-contrib-go-stdlib": "| 0 | 0 |   Go   |"
    }
}