{
    "company": "GraphQL",
    "h-index": 21,
    "repo count": 27,
    "contributor count": 1243,
    "size": "todo",
    "employee count": "todo",
    "country": "Menlo Park, CA",
    "top language": "TypeScript",
    "repos": {
        "graphql-js": "| 19511 | 2114 |   TypeScript   |",
        "graphiql": "| 14903 | 1684 |   TypeScript   |",
        "graphql-spec": "| 14042 | 1179 |   Shell   |",
        "dataloader": "| 12176 | 534 |   JavaScript   |",
        "graphql-playground": "| 8469 | 740 |   TypeScript   |",
        "express-graphql": "| 6383 | 596 |   TypeScript   |",
        "graphql-relay-js": "| 1508 | 189 |   TypeScript   |",
        "libgraphqlparser": "| 1029 | 165 |   C++   |",
        "swapi-graphql": "| 1009 | 279 |   JavaScript   |",
        "graphql.github.io": "| 791 | 1511 |   TypeScript   |",
        "vscode-graphql": "| 557 | 78 |   TypeScript   |",
        "graphql-wg": "| 457 | 220 |   None   |",
        "graphql-language-service": "| 423 | 70 |   None   |",
        "graphql-over-http": "| 304 | 60 |   Shell   |",
        "graphql-landscape": "| 279 | 109 |   None   |",
        "graphql-http": "| 159 | 8 |   TypeScript   |",
        "codemirror-graphql": "| 149 | 48 |   None   |",
        "foundation": "| 81 | 23 |   None   |",
        "composite-schemas-wg": "| 39 | 37 |   None   |",
        "faq": "| 37 | 9 |   None   |",
        "graphql-scalars": "| 37 | 6 |   Shell   |",
        "graphql-js-wg": "| 20 | 20 |   None   |",
        "EasyCLA": "| 5 | 44 |   None   |",
        "graphql-directory": "| 4 | 2 |   Python   |",
        "marketing": "| 1 | 6 |   None   |",
        "wg-template": "| 1 | 0 |   None   |",
        ".github": "| 0 | 3 |   None   |"
    }
}