{
    "company": "Guzzle",
    "h-index": 15,
    "repo count": 18,
    "contributor count": 506,
    "size": "todo",
    "employee count": "todo",
    "country": null,
    "top language": "PHP",
    "repos": {
        "guzzle": "| 22517 | 2387 |   PHP   |",
        "psr7": "| 7695 | 282 |   PHP   |",
        "promises": "| 7396 | 117 |   PHP   |",
        "RingPHP": "| 847 | 64 |   PHP   |",
        "streams": "| 642 | 32 |   PHP   |",
        "guzzle-services": "| 245 | 79 |   PHP   |",
        "oauth-subscriber": "| 230 | 93 |   PHP   |",
        "guzzle_sphinx_theme": "| 169 | 59 |   HTML   |",
        "guzzle3": "| 148 | 96 |   PHP   |",
        "command": "| 104 | 20 |   PHP   |",
        "cache-subscriber": "| 62 | 28 |   PHP   |",
        "retry-subscriber": "| 60 | 18 |   PHP   |",
        "uri-template": "| 47 | 2 |   PHP   |",
        "log-subscriber": "| 42 | 10 |   PHP   |",
        "progress-subscriber": "| 18 | 2 |   PHP   |",
        "message-integrity-subscriber": "| 11 | 4 |   PHP   |",
        "test-server": "| 6 | 1 |   JavaScript   |",
        ".github": "| 0 | 2 |   None   |"
    }
}