{
    "company": "H5BP",
    "h-index": 27,
    "repo count": 28,
    "contributor count": 857,
    "size": "todo",
    "employee count": "todo",
    "country": null,
    "top language": "JavaScript",
    "repos": {
        "Front-end-Developer-Interview-Questions": "| 57067 | 10879 |   Nunjucks   |",
        "html5-boilerplate": "| 54438 | 12208 |   JavaScript   |",
        "Effeckt.css": "| 10968 | 1434 |   CSS   |",
        "server-configs-nginx": "| 10381 | 1481 |   None   |",
        "mobile-boilerplate": "| 3887 | 675 |   ApacheConf   |",
        "server-configs-apache": "| 3091 | 660 |   Shell   |",
        "server-configs": "| 3081 | 435 |   None   |",
        "lazyweb-requests": "| 1689 | 99 |   None   |",
        "ant-build-script": "| 991 | 213 |   Shell   |",
        "html5please": "| 832 | 272 |   JavaScript   |",
        "html5boilerplate.com": "| 479 | 191 |   HTML   |",
        "mothereffinganimatedgif": "| 380 | 113 |   JavaScript   |",
        "server-configs-node": "| 341 | 78 |   JavaScript   |",
        "server-configs-iis": "| 340 | 94 |   None   |",
        "movethewebforward": "| 279 | 70 |   JavaScript   |",
        "create-html5-boilerplate": "| 250 | 36 |   JavaScript   |",
        "generator-h5bp": "| 240 | 50 |   JavaScript   |",
        "main.css": "| 180 | 41 |   CSS   |",
        "generator-server-configs": "| 137 | 27 |   JavaScript   |",
        "html5please-api": "| 134 | 26 |   CSS   |",
        "h5bp.github.io": "| 83 | 44 |   JavaScript   |",
        "generator-mobile-boilerplate": "| 76 | 28 |   JavaScript   |",
        "server-configs-gae": "| 62 | 28 |   None   |",
        "server-configs-lighttpd": "| 53 | 33 |   None   |",
        "html5boilerplate.com-mobile": "| 40 | 15 |   JavaScript   |",
        "html5-boilerplate-template": "| 39 | 19 |   CSS   |",
        "server-configs-test": "| 36 | 12 |   JavaScript   |",
        ".github": "| 4 | 2 |   None   |"
    }
}