{
    "company": null,
    "h-index": 18,
    "repo count": 60,
    "contributor count": 1077,
    "size": "todo",
    "employee count": "todo",
    "country": "Beijing, China",
    "top language": "Python",
    "repos": {
        "seafile": "| 10655 | 1493 |   C   |",
        "seafile-rpi": "| 542 | 95 |   Shell   |",
        "seafile-docker": "| 489 | 171 |   Python   |",
        "seahub": "| 484 | 352 |   Python   |",
        "seadroid": "| 470 | 273 |   Java   |",
        "seafile-client": "| 433 | 281 |   C++   |",
        "seafile-server": "| 422 | 204 |   C   |",
        "seafile-server-installer-cn": "| 360 | 175 |   Shell   |",
        "seafile-docs-cn": "| 292 | 132 |   Shell   |",
        "seafile-iOS": "| 207 | 147 |   Objective-C   |",
        "seafile-server-installer": "| 132 | 77 |   Shell   |",
        "seafdav": "| 77 | 66 |   Python   |",
        "seafile-user-manual": "| 56 | 48 |   CSS   |",
        "libsearpc": "| 55 | 74 |   C   |",
        "seadrive-gui": "| 53 | 42 |   C++   |",
        "python-seafile": "| 29 | 39 |   Python   |",
        "seafile-admin-docs": "| 26 | 34 |   Shell   |",
        "webapi-examples": "| 20 | 12 |   C#   |",
        "seafile-js": "| 18 | 20 |   JavaScript   |",
        "ccnet-server": "| 17 | 33 |   C   |",
        "seadrive-fuse": "| 17 | 6 |   C   |",
        "seafobj": "| 16 | 22 |   Python   |",
        "libzdb": "| 15 | 14 |   C   |",
        "seafile-shell-ext": "| 11 | 8 |   C++   |",
        "seafile-vagrant": "| 9 | 9 |   Shell   |",
        "NewQuickAction": "| 8 | 13 |   Java   |",
        "libevhtp": "| 7 | 16 |   C   |",
        "pyes": "| 5 | 5 |   Python   |",
        "python-libevent": "| 5 | 5 |   C   |",
        "maven-repo": "| 5 | 6 |   None   |",
        "django-constance": "| 5 | 5 |   Python   |",
        "seafile-outlook": "| 5 | 3 |   C#   |",
        "QBImagePickerController": "| 3 | 7 |   Objective-C   |",
        "REComposeViewController": "| 3 | 3 |   Objective-C   |",
        "EGOTextView": "| 3 | 4 |   Objective-C   |",
        "seafile-docs-ko": "| 3 | 5 |   None   |",
        "seafile-zimlet": "| 3 | 8 |   JavaScript   |",
        "editor.md": "| 3 | 1 |   JavaScript   |",
        "EGOTableViewPullRefresh": "| 2 | 3 |   Objective-C   |",
        "JSQMessagesViewController": "| 2 | 2 |   Objective-C   |",
        "seafile-test-deploy": "| 2 | 7 |   Shell   |",
        "android-support-v4-preferencefragment": "| 2 | 1 |   Java   |",
        "MWPhotoBrowser": "| 2 | 5 |   Objective-C   |",
        "bpwrapper": "| 2 | 1 |   C++   |",
        "seafile-python-api-examples": "| 2 | 1 |   Shell   |",
        "seafile-release-tools": "| 2 | 7 |   Python   |",
        "MPMessagePack": "| 2 | 0 |   Objective-C   |",
        "django-post_office": "| 2 | 2 |   Python   |",
        "django-cas-ng": "| 2 | 0 |   Python   |",
        "python-cas": "| 2 | 1 |   Python   |",
        "djangosaml2": "| 2 | 0 |   Python   |",
        "react-data-grid": "| 2 | 2 |   JavaScript   |",
        "SWTableViewCell": "| 1 | 2 |   Objective-C   |",
        "docker-example-ali": "| 1 | 1 |   Python   |",
        "seafile-ansible": "| 1 | 2 |   None   |",
        "seafile-server-manual": "| 1 | 1 |   None   |",
        "social-app-django": "| 1 | 0 |   Python   |",
        "resumable.js": "| 1 | 1 |   JavaScript   |",
        "seafile-debian-packging": "| 0 | 3 |   Python   |",
        "wsgidav": "| 0 | 1 |   Python   |"
    }
}