{
    "company": "Hewlett Packard Enterprise",
    "h-index": 31,
    "repo count": 322,
    "contributor count": 3701,
    "size": "todo",
    "employee count": "todo",
    "country": null,
    "top language": "Python",
    "repos": {
        "netperf": "| 716 | 174 |   C   |",
        "cacti": "| 286 | 109 |   C++   |",
        "swarm-learning": "| 249 | 89 |   Python   |",
        "LinuxKI": "| 224 | 48 |   C   |",
        "squest": "| 205 | 38 |   Python   |",
        "python-ilorest-library": "| 162 | 82 |   Python   |",
        "quartz": "| 148 | 66 |   C   |",
        "dlcookbook-dlbs": "| 128 | 48 |   Python   |",
        "POSH-HPEOneView": "| 122 | 52 |   PowerShell   |",
        "mcpat": "| 113 | 50 |   C++   |",
        "oneview-ansible": "| 103 | 71 |   Python   |",
        "yoda": "| 90 | 23 |   JavaScript   |",
        "python-hpOneView": "| 88 | 60 |   Python   |",
        "wireless-tools": "| 85 | 51 |   C   |",
        "python-ilorest-library-old": "| 84 | 68 |   Python   |",
        "kraal": "| 83 | 2 |   Kotlin   |",
        "PowerShell-ProLiant-SDK": "| 80 | 42 |   PowerShell   |",
        "Atlas": "| 72 | 21 |   C++   |",
        "monkeyble": "| 69 | 5 |   Python   |",
        "foedus": "| 65 | 8 |   None   |",
        "foedus_code": "| 62 | 28 |   C++   |",
        "python-redfish-utility": "| 60 | 33 |   Python   |",
        "structex": "| 54 | 9 |   Go   |",
        "ansible-ilorest-role": "| 51 | 28 |   Python   |",
        "reconbf": "| 47 | 7 |   Python   |",
        "terraform-provider-oneview": "| 46 | 29 |   Go   |",
        "sandpiper": "| 42 | 15 |   Scala   |",
        "sparkle": "| 37 | 14 |   C++   |",
        "ilo-rest-api-docs": "| 36 | 32 |   HTML   |",
        "jupyterhub-samlauthenticator": "| 34 | 24 |   Python   |",
        "cloudformation-plus": "| 31 | 1 |   Python   |",
        "nagios-plugins-hpilo": "| 27 | 10 |   Shell   |",
        "nvthreads": "| 27 | 7 |   C   |",
        "lustre_exporter": "| 27 | 41 |   Go   |",
        "mds": "| 26 | 5 |   Java   |",
        "dockerfile-parser-rs": "| 26 | 8 |   Rust   |",
        "oneview-python": "| 25 | 27 |   Python   |",
        "mdc-toolkit": "| 24 | 7 |   None   |",
        "oneview-golang": "| 23 | 19 |   Go   |",
        "docker-machine-oneview": "| 22 | 18 |   Go   |",
        "Docker-SimpliVity": "| 22 | 13 |   Shell   |",
        "hpe-solutions-openshift": "| 22 | 29 |   Python   |",
        "dpp": "| 22 | 16 |   C   |",
        "woodchipper": "| 22 | 4 |   Rust   |",
        "chef-provisioning-oneview": "| 20 | 16 |   Ruby   |",
        "ilo-ansible-collection": "| 20 | 8 |   Python   |",
        "supersim": "| 19 | 12 |   C++   |",
        "oneview-ansible-collection": "| 19 | 19 |   Python   |",
        "hpe3par_ansible_module": "| 18 | 36 |   Python   |",
        "csa-ce": "| 17 | 10 |   Shell   |",
        "ilo-chef": "| 17 | 8 |   Ruby   |",
        "oneview-sdk-java": "| 16 | 7 |   Java   |",
        "oneview-chef": "| 16 | 16 |   Ruby   |",
        "cmf": "| 16 | 7 |   Python   |",
        "ilo-sdk-ruby": "| 15 | 7 |   Ruby   |",
        "mpgc": "| 15 | 3 |   C++   |",
        "criu-pmem": "| 15 | 3 |   C   |",
        "oneview-redfish-toolkit": "| 15 | 21 |   Python   |",
        "oneview-osdeployment": "| 15 | 6 |   Python   |",
        "javascript-ilorest-library": "| 14 | 7 |   JavaScript   |",
        "pcp_exporter": "| 14 | 3 |   Go   |",
        "Aruba-FlaskwithNetworking": "| 14 | 3 |   Python   |",
        "oneview-sdk-ruby": "| 13 | 15 |   Ruby   |",
        "zabbix-plugins-hpeilo": "| 13 | 5 |   Shell   |",
        "hpe-oneview-hubot": "| 13 | 3 |   JavaScript   |",
        "logger": "| 13 | 6 |   Java   |",
        "osfci": "| 13 | 7 |   Go   |",
        "nagios-hpeilo-restful-extension": "| 12 | 3 |   Shell   |",
        "galadriel": "| 12 | 15 |   Go   |",
        "LSGI": "| 11 | 1 |   HTML   |",
        "zing-stats": "| 11 | 8 |   Python   |",
        "Jenkins-stats": "| 11 | 13 |   Python   |",
        "oneview-powershell-samples": "| 11 | 11 |   PowerShell   |",
        "image-streamer-tools": "| 10 | 4 |   PowerShell   |",
        "shoveller": "| 10 | 3 |   Rust   |",
        "lsrrb": "| 10 | 6 |   Python   |",
        "Docker-Synergy": "| 10 | 13 |   Shell   |",
        "hpe3par_pstoolkit": "| 10 | 13 |   PowerShell   |",
        "OpenShift-on-SimpliVity": "| 10 | 5 |   None   |",
        "RiscVEdk2": "| 9 | 1 |   C   |",
        "oneview-puppet": "| 9 | 16 |   Ruby   |",
        "chef-ilorest-cookbook": "| 9 | 5 |   Python   |",
        "image-streamer-esxi": "| 9 | 4 |   None   |",
        "hpe3par_python_sdk": "| 9 | 14 |   Python   |",
        "GlobalDashboardPS": "| 9 | 5 |   PowerShell   |",
        "hpecli": "| 9 | 6 |   Go   |",
        "prometheus-parser-rs": "| 9 | 4 |   Rust   |",
        "c-spiffe": "| 9 | 9 |   C   |",
        "ezdemo": "| 9 | 13 |   Shell   |",
        "lustre-csi-driver": "| 9 | 0 |   Go   |",
        "ironic-driver-oneview": "| 8 | 8 |   None   |",
        "hpe-nvm": "| 8 | 0 |   None   |",
        "iLOAmpPack-Redfish-API-Docs": "| 8 | 6 |   JavaScript   |",
        "hpe-notebooks": "| 8 | 11 |   Jupyter Notebook   |",
        "gull": "| 7 | 8 |   C++   |",
        "oneview-ansible-samples": "| 7 | 5 |   None   |",
        "python-opsramp": "| 7 | 13 |   Python   |",
        "simplivity-ansible": "| 7 | 2 |   Python   |",
        "py-spiffe": "| 7 | 9 |   Python   |",
        "dummy_nvmfs": "| 6 | 4 |   C   |",
        "puppet-ilorest-module": "| 6 | 3 |   Python   |",
        "image-streamer-rhel": "| 6 | 4 |   None   |",
        "infrakit-instance-oneview": "| 6 | 2 |   C   |",
        "networking-oneview": "| 6 | 2 |   Python   |",
        "hpe-simplivity-powershell": "| 6 | 2 |   PowerShell   |",
        "hpe-openservicebroker-clientapp": "| 6 | 1 |   JavaScript   |",
        "python-storage-clients": "| 6 | 8 |   Python   |",
        "simplivity-python": "| 6 | 15 |   Python   |",
        "KrakenMare": "| 6 | 4 |   Python   |",
        "hpe-solutions-hpecp": "| 6 | 8 |   Python   |",
        "openbmc": "| 6 | 5 |   Python   |",
        "HPEDSCC-PowerShell-Toolkit": "| 6 | 4 |   PowerShell   |",
        "codar-ce": "| 5 | 2 |   HTML   |",
        "meadowlark": "| 5 | 5 |   C   |",
        "image-streamer-reference-architectures": "| 5 | 3 |   None   |",
        "SimilaritySearch": "| 5 | 2 |   Java   |",
        "oneview-samples": "| 5 | 3 |   None   |",
        "catena": "| 5 | 3 |   Python   |",
        "hpe-onesphere-js": "| 5 | 2 |   JavaScript   |",
        "ironic-oneviewd": "| 5 | 0 |   Python   |",
        "ironic-oneview-cli": "| 5 | 0 |   Python   |",
        "zhpe-libfabric": "| 5 | 6 |   C   |",
        "oneview-prometheus-grafana-connector": "| 5 | 4 |   Python   |",
        "simplivity-prometheus-connector": "| 5 | 10 |   Python   |",
        "gxp-linux": "| 5 | 5 |   C   |",
        "foedus_oa_papers": "| 4 | 1 |   HTML   |",
        "docker": "| 4 | 0 |   Go   |",
        "chef-hprest-cookbook": "| 4 | 3 |   Ruby   |",
        "loom": "| 4 | 3 |   Java   |",
        "dcos-hpe-oneview": "| 4 | 4 |   Shell   |",
        "genz_tools_network_monitoring": "| 4 | 1 |   C++   |",
        "oneview-python-samples": "| 4 | 3 |   Python   |",
        "windlass": "| 4 | 2 |   Python   |",
        "hpe-sd-cloud": "| 4 | 4 |   Mustache   |",
        "hpe-wac-extensions": "| 4 | 3 |   None   |",
        "simplivity-go": "| 4 | 4 |   Go   |",
        "serviceguard": "| 4 | 2 |   Python   |",
        "devid-provisioning-tool": "| 4 | 5 |   Go   |",
        "Mithril": "| 4 | 3 |   Shell   |",
        "WebRTC": "| 3 | 2 |   CSS   |",
        "kv-assessment-tool": "| 3 | 1 |   C   |",
        "image-streamer-ansible": "| 3 | 0 |   None   |",
        "ICsp-Docker-OSBP": "| 3 | 3 |   Shell   |",
        "K8s-Portworx-Synergy": "| 3 | 5 |   Python   |",
        "hpe-onesphere-go": "| 3 | 1 |   Go   |",
        "hpe-onesphere-alexa": "| 3 | 0 |   Python   |",
        "hpe3par_ruby_sdk": "| 3 | 7 |   Ruby   |",
        "hpe3par_chef_cookbook": "| 3 | 4 |   Ruby   |",
        "zhpe-support": "| 3 | 8 |   C   |",
        "hpe-onesphere-js-alexa": "| 3 | 0 |   JavaScript   |",
        "simplivity-vrops-plugin": "| 3 | 3 |   None   |",
        "hpe-azurestack": "| 3 | 4 |   PowerShell   |",
        "HPEVM": "| 3 | 4 |   Roff   |",
        "oneview-nagios": "| 3 | 5 |   Python   |",
        "containerize": "| 3 | 5 |   Shell   |",
        "gxp-bootblock": "| 3 | 1 |   None   |",
        "hpegl-containers-go-sdk": "| 3 | 0 |   Go   |",
        "hpegl-metal-client": "| 3 | 2 |   HTML   |",
        "dws": "| 3 | 3 |   Go   |",
        "POSH-HPEGreenLake": "| 3 | 0 |   PowerShell   |",
        "POSH-HPICsp": "| 2 | 3 |   PowerShell   |",
        "HewlettPackard.github.io": "| 2 | 0 |   None   |",
        "puppet-hprest-module": "| 2 | 3 |   Puppet   |",
        "oneview-monasca": "| 2 | 2 |   Python   |",
        "threatgraphs": "| 2 | 2 |   JavaScript   |",
        "Jery": "| 2 | 1 |   Python   |",
        "Catena-UI": "| 2 | 2 |   Python   |",
        "hpe-onesphere-http": "| 2 | 0 |   None   |",
        "zhpe-ompi": "| 2 | 3 |   C   |",
        "oneview-ansible-debian": "| 2 | 4 |   Dockerfile   |",
        "Docker-SimpliVity-Volume-Plugin": "| 2 | 3 |   None   |",
        "hpe-simplivity-swagger": "| 2 | 3 |   None   |",
        "hpe-hack-shack-attack": "| 2 | 2 |   JavaScript   |",
        "hpe-js-project-scripts": "| 2 | 5 |   JavaScript   |",
        "POSH-HPEOneView-docs": "| 2 | 3 |   PowerShell   |",
        "terraform-provider-simplivity": "| 2 | 1 |   Go   |",
        "hpe-solutions-rancher": "| 2 | 0 |   None   |",
        "Rancher-on-SimpliVity": "| 2 | 9 |   None   |",
        "simplivity-vsphere-csi-driver": "| 2 | 1 |   None   |",
        "sdflex-ironic-driver": "| 2 | 1 |   Python   |",
        "sdflexutils": "| 2 | 1 |   Python   |",
        "gxp-uboot": "| 2 | 3 |   C   |",
        "dws-simulator": "| 2 | 3 |   None   |",
        "openbmc-chif-svc": "| 2 | 1 |   C++   |",
        "hpegl-vmaas-terraform-resources": "| 2 | 4 |   Go   |",
        "hpegl-vmaas-cmp-go-sdk": "| 2 | 3 |   Go   |",
        "k8s-sigstore-attestor": "| 2 | 9 |   Go   |",
        "HPE-AI-Observability": "| 2 | 0 |   None   |",
        "Uyuni_API_Integration": "| 2 | 1 |   Python   |",
        "python-hpICsp": "| 1 | 7 |   Python   |",
        "foedus_results": "| 1 | 1 |   None   |",
        "docker-nexus": "| 1 | 2 |   None   |",
        "docker-tools-container": "| 1 | 0 |   None   |",
        "hpe-nv-js": "| 1 | 0 |   JavaScript   |",
        "hpe-nv-java": "| 1 | 0 |   Java   |",
        "foedus_polytree": "| 1 | 1 |   C++   |",
        "openjdkquartz": "| 1 | 0 |   C++   |",
        "Redhead": "| 1 | 1 |   C   |",
        "libnvwal": "| 1 | 2 |   C   |",
        "mesosphere-universe-oneview": "| 1 | 0 |   None   |",
        "genz_tools_zmsg": "| 1 | 0 |   C++   |",
        "oneview": "| 1 | 0 |   None   |",
        "hpe-onesphere-python": "| 1 | 6 |   Python   |",
        "sccm-scvmm-osdeployment": "| 1 | 2 |   PowerShell   |",
        "hpe-onesphere-servicenow": "| 1 | 1 |   None   |",
        "hpe3par_puppet_module": "| 1 | 2 |   Ruby   |",
        "hpe-onesphere-chef": "| 1 | 0 |   Python   |",
        "hpe-onesphere-fitbit": "| 1 | 2 |   JavaScript   |",
        "zhpe-driver": "| 1 | 4 |   C   |",
        "SimpliVity-Microfocus-HCM-Plugin": "| 1 | 1 |   None   |",
        "hpe-dev-vs-code-theme": "| 1 | 1 |   None   |",
        "storeonce-rest": "| 1 | 2 |   HTML   |",
        "batfish": "| 1 | 0 |   Java   |",
        "terraform-provider-onesphere": "| 1 | 1 |   Go   |",
        "pyhpecfm": "| 1 | 7 |   Python   |",
        "stackstorm-hpe-cfm": "| 1 | 4 |   Python   |",
        "system-test-harness": "| 1 | 1 |   Shell   |",
        "phased-table-translation": "| 1 | 2 |   Groovy   |",
        "image-streamer-community-samples": "| 1 | 6 |   TypeScript   |",
        "ZFM": "| 1 | 1 |   Python   |",
        "Anthos-on-SimpliVity": "| 1 | 4 |   Shell   |",
        "hpe-container-platform-ansible": "| 1 | 3 |   Jinja   |",
        "fwget": "| 1 | 1 |   Python   |",
        "ODIM": "| 1 | 2 |   Go   |",
        "openbmc-acm": "| 1 | 5 |   C   |",
        "openbmc-gxp-fru-device": "| 1 | 2 |   C++   |",
        "openbmc-gxp-dbus-sensors": "| 1 | 2 |   C++   |",
        "openbmc-chksig": "| 1 | 1 |   C   |",
        "NonStop": "| 1 | 1 |   C++   |",
        "FAMfs": "| 1 | 1 |   C   |",
        "hpegl-metal-terraform-resources": "| 1 | 0 |   Go   |",
        "greenlake-data-services-python": "| 1 | 0 |   Python   |",
        "roven": "| 1 | 6 |   Go   |",
        "X-TIME": "| 1 | 4 |   Python   |",
        "ratekeeper-kmod": "| 0 | 2 |   C   |",
        "ratekeeper-neutron-ml2-plugin": "| 0 | 0 |   Python   |",
        "sprout-samples": "| 0 | 0 |   None   |",
        "splunk-fwd-dg": "| 0 | 0 |   Shell   |",
        "hpe-provisioning-aws-demo": "| 0 | 1 |   Ruby   |",
        "perfmon": "| 0 | 0 |   Python   |",
        "terraform": "| 0 | 0 |   Go   |",
        "image-streamer-sles": "| 0 | 1 |   None   |",
        "python-moonshot": "| 0 | 0 |   None   |",
        "python-rhusb": "| 0 | 2 |   Python   |",
        "git-split": "| 0 | 1 |   Python   |",
        "loom-tm": "| 0 | 0 |   Makefile   |",
        "loom-tm-adapter": "| 0 | 0 |   Java   |",
        "loom-tm-ed": "| 0 | 0 |   JavaScript   |",
        "kelog": "| 0 | 0 |   None   |",
        "loom-docker": "| 0 | 0 |   Shell   |",
        "loom-docker-adapter": "| 0 | 1 |   Java   |",
        "mocha-grommet-reporter": "| 0 | 0 |   JavaScript   |",
        "helm-cli-wrapper": "| 0 | 0 |   None   |",
        "hpe-onesphere-powershell": "| 0 | 0 |   PowerShell   |",
        "yoda-demo": "| 0 | 1 |   Mermaid   |",
        "yoda-demo2": "| 0 | 0 |   None   |",
        "oneview-chef-automate": "| 0 | 0 |   Ruby   |",
        "hpe-onesphere-js-app": "| 0 | 0 |   JavaScript   |",
        "hpe-onesphere-js-cra": "| 0 | 0 |   HTML   |",
        "ansible": "| 0 | 3 |   Python   |",
        "Aruba-DjangowithNetworking": "| 0 | 0 |   None   |",
        "simplivity-vra-plugin": "| 0 | 2 |   None   |",
        "HPE-PowerShell-for-Log-Analytics-Module": "| 0 | 4 |   PowerShell   |",
        "image-streamer-windows": "| 0 | 3 |   PowerShell   |",
        "SimpliVity-Citrix-HyperV-Plugin": "| 0 | 0 |   Java   |",
        "SimpliVity-Citrix-VCenter-Plugin": "| 0 | 1 |   Java   |",
        "hpe-onesphere-cpp": "| 0 | 0 |   C++   |",
        "angular-toolkit": "| 0 | 1 |   TypeScript   |",
        "image-streamer-other-artifacts": "| 0 | 0 |   None   |",
        "hpe-onesphere-ruby": "| 0 | 0 |   Ruby   |",
        "hpe-globaldashboard-swagger": "| 0 | 1 |   None   |",
        "oneview-python-debian": "| 0 | 2 |   Dockerfile   |",
        "hpe_mse": "| 0 | 3 |   HTML   |",
        "oneview-golang-debian": "| 0 | 0 |   None   |",
        "hpe-design": "| 0 | 0 |   None   |",
        "hack-shack-madrid": "| 0 | 1 |   Python   |",
        "hpe-onesphere-vmmover": "| 0 | 0 |   PowerShell   |",
        "hpe-sd-models": "| 0 | 0 |   None   |",
        "hpe-composable-fabric-sidekick": "| 0 | 2 |   Python   |",
        "hpe-solutions-openstack": "| 0 | 3 |   Shell   |",
        "hpe-hack-shack-lv-19": "| 0 | 2 |   JavaScript   |",
        "PerformanceMeasureScripts": "| 0 | 2 |   Python   |",
        "HPEAzureStackOnHPENimbleStorage": "| 0 | 2 |   PowerShell   |",
        "hpe-grommet-openservicebroker": "| 0 | 0 |   Python   |",
        "hpe-simplivity-enhancement-scripts": "| 0 | 0 |   None   |",
        "oneview-terraform-samples": "| 0 | 0 |   None   |",
        "simplivity-technical-integrations": "| 0 | 0 |   None   |",
        "HackShack-Session-Landing-Page": "| 0 | 5 |   JavaScript   |",
        "hpe-hack-shack-lv-20": "| 0 | 2 |   Jupyter Notebook   |",
        "hpe-dev-storage-snippets": "| 0 | 1 |   None   |",
        "Nagios4Nonstop": "| 0 | 2 |   Perl   |",
        "Aruba-CPPM-change-password": "| 0 | 1 |   Python   |",
        "SysToolsLib": "| 0 | 2 |   PowerShell   |",
        "spire-plugins": "| 0 | 2 |   None   |",
        "Nek5000-Nekbone": "| 0 | 2 |   Fortran   |",
        "LLNL-AMG": "| 0 | 3 |   C   |",
        "ANL-CESAR-XSBench": "| 0 | 2 |   C   |",
        "stackstorm-hpe-oneview": "| 0 | 2 |   Python   |",
        "panix": "| 0 | 1 |   Python   |",
        "aruba-fabric-composer-companion": "| 0 | 1 |   Python   |",
        "stackstorm-hpe-nimble": "| 0 | 1 |   Python   |",
        "stackstorm-aruba-fc": "| 0 | 1 |   Python   |",
        "n-view": "| 0 | 1 |   CSS   |",
        "PCVT": "| 0 | 4 |   Java   |",
        "hpegl-provider-lib": "| 0 | 4 |   Go   |",
        "greenlake-ecr-auth-tools": "| 0 | 2 |   Dockerfile   |",
        "hpe-solutions-googleanthos": "| 0 | 1 |   Python   |",
        "openbmc-proliant-support": "| 0 | 1 |   C++   |",
        "istio": "| 0 | 1 |   Go   |",
        "istio.io": "| 0 | 2 |   HTML   |",
        "hpegl-containers-terraform-resources": "| 0 | 1 |   Go   |",
        "create-react-app": "| 0 | 2 |   JavaScript   |",
        "caas-trial-content": "| 0 | 0 |   None   |",
        "greenlake-data-services-go": "| 0 | 0 |   None   |",
        "icg-iac-code-generator": "| 0 | 0 |   Python   |",
        "hpegl-metal-os-rhel-iso": "| 0 | 0 |   Shell   |",
        "hpegl-metal-os-sles-iso": "| 0 | 0 |   Shell   |",
        "CrayXD_PFUT": "| 0 | 1 |   Python   |",
        "cmflib": "| 0 | 0 |   None   |",
        "ApiDiscovery": "| 0 | 1 |   None   |",
        "greenlake-data-services-ansible": "| 0 | 0 |   Python   |",
        "cray-ssi-tools": "| 0 | 0 |   Python   |"
    }
}