{
    "company": "Hexo",
    "h-index": 29,
    "repo count": 74,
    "contributor count": 743,
    "size": "todo",
    "employee count": "todo",
    "country": null,
    "top language": "JavaScript",
    "repos": {
        "hexo": "| 36730 | 4473 |   JavaScript   |",
        "site": "| 632 | 1265 |   Stylus   |",
        "awesome-hexo": "| 567 | 49 |   None   |",
        "hexo-deployer-git": "| 519 | 119 |   JavaScript   |",
        "hexo-generator-feed": "| 510 | 107 |   JavaScript   |",
        "hexo-theme-light": "| 313 | 172 |   Stylus   |",
        "hexo-theme-landscape": "| 298 | 370 |   Stylus   |",
        "hexo-math": "| 296 | 27 |   JavaScript   |",
        "hexo-renderer-markdown-it": "| 296 | 54 |   JavaScript   |",
        "hexo-generator-sitemap": "| 251 | 57 |   JavaScript   |",
        "warehouse": "| 194 | 25 |   TypeScript   |",
        "hexo-cli": "| 170 | 76 |   TypeScript   |",
        "hexo-renderer-marked": "| 158 | 96 |   JavaScript   |",
        "hexo-browsersync": "| 138 | 17 |   JavaScript   |",
        "hexo-starter": "| 131 | 194 |   None   |",
        "hexo-renderer-pandoc": "| 99 | 29 |   JavaScript   |",
        "hexo-theme-phase": "| 93 | 29 |   Stylus   |",
        "hexo-theme-unit-test": "| 93 | 44 |   None   |",
        "hexo-util": "| 81 | 63 |   JavaScript   |",
        "hexo-server": "| 75 | 50 |   JavaScript   |",
        "hexojs.github.io": "| 59 | 36 |   HTML   |",
        "hexo-migrator-wordpress": "| 46 | 29 |   JavaScript   |",
        "hexo-renderer-ejs": "| 46 | 14 |   JavaScript   |",
        "hexo-generator-index": "| 46 | 48 |   JavaScript   |",
        "hexo-generator-alias": "| 44 | 13 |   JavaScript   |",
        "hexo-deployer-rsync": "| 43 | 28 |   JavaScript   |",
        "hexo-fs": "| 39 | 20 |   JavaScript   |",
        "hexo-generator-archive": "| 35 | 23 |   JavaScript   |",
        "hexo-filter-nofollow": "| 32 | 6 |   JavaScript   |",
        "hexo-generator-tag": "| 29 | 15 |   JavaScript   |",
        "hexo-asset-pipeline": "| 29 | 16 |   JavaScript   |",
        "hexo-renderer-jade": "| 28 | 10 |   JavaScript   |",
        "hexo-livereload": "| 28 | 6 |   JavaScript   |",
        "hexo-generator-category": "| 27 | 12 |   JavaScript   |",
        "hexo-deployer-heroku": "| 25 | 25 |   JavaScript   |",
        "hexo-html-minifier": "| 25 | 16 |   JavaScript   |",
        "hexo-deployer-ftpsync": "| 22 | 17 |   JavaScript   |",
        "hexo-filter-auto-spacing": "| 22 | 5 |   JavaScript   |",
        "hexo-front-matter": "| 19 | 9 |   JavaScript   |",
        "hexo-pagination": "| 19 | 13 |   JavaScript   |",
        "hexo-renderer-stylus": "| 17 | 19 |   JavaScript   |",
        "hexo-clean-css": "| 17 | 8 |   JavaScript   |",
        "hexo-filter-responsive-images": "| 17 | 11 |   JavaScript   |",
        "hexo-autoprefixer": "| 16 | 11 |   JavaScript   |",
        "hexo-filter-lqip": "| 16 | 5 |   JavaScript   |",
        "hexo-renderer-less": "| 14 | 11 |   JavaScript   |",
        "hexo-uglify": "| 14 | 10 |   JavaScript   |",
        "hexo-i18n": "| 13 | 11 |   JavaScript   |",
        "hexo-fontawesome": "| 13 | 5 |   JavaScript   |",
        "hexo-renderer-inferno": "| 11 | 3 |   JavaScript   |",
        "hexo-inject": "| 10 | 5 |   JavaScript   |",
        "hexo-renderer-pug": "| 10 | 6 |   JavaScript   |",
        "hexo-webui": "| 9 | 7 |   Stylus   |",
        "hexo-migrator-rss": "| 9 | 14 |   JavaScript   |",
        "hexo-log": "| 8 | 9 |   JavaScript   |",
        "hexo-notify": "| 7 | 4 |   JavaScript   |",
        "hexo-deployer-openshift": "| 7 | 7 |   JavaScript   |",
        "hexo-renderer-jsx": "| 7 | 0 |   JavaScript   |",
        "eslint-config-hexo": "| 6 | 7 |   JavaScript   |",
        "hexo-renderer-swig": "| 6 | 7 |   JavaScript   |",
        "hexo-renderer-haml": "| 5 | 8 |   JavaScript   |",
        "hexo-renderer-coffeescript": "| 4 | 6 |   JavaScript   |",
        "hexo-tag-imgurl": "| 4 | 4 |   JavaScript   |",
        "hexo-slides": "| 3 | 1 |   JavaScript   |",
        "hexo-bunyan": "| 3 | 5 |   JavaScript   |",
        "hexo-renderer-nunjucks": "| 3 | 4 |   JavaScript   |",
        "hexo-tag-embed": "| 3 | 1 |   TypeScript   |",
        "hexo-yuidoc": "| 2 | 4 |   JavaScript   |",
        "hexo-renderer-dot": "| 2 | 6 |   JavaScript   |",
        "logo": "| 2 | 1 |   None   |",
        "hexo-migrator-blogger": "| 1 | 6 |   JavaScript   |",
        ".github": "| 1 | 0 |   None   |",
        "jscs-preset-hexo": "| 0 | 1 |   None   |",
        "hexo-many-posts": "| 0 | 2 |   None   |"
    }
}