{
    "company": "Home Assistant",
    "h-index": 38,
    "repo count": 98,
    "contributor count": 2931,
    "size": "todo",
    "employee count": "todo",
    "country": "Your home",
    "top language": "Python",
    "repos": {
        "core": "| 60395 | 23121 |   Python   |",
        "home-assistant.io": "| 3645 | 6457 |   HTML   |",
        "operating-system": "| 3283 | 781 |   Shell   |",
        "frontend": "| 3054 | 2038 |   TypeScript   |",
        "android": "| 1624 | 486 |   Kotlin   |",
        "Iconic": "| 1577 | 91 |   Swift   |",
        "supervisor": "| 1387 | 466 |   Python   |",
        "supervised-installer": "| 1319 | 526 |   Shell   |",
        "addons": "| 1201 | 1240 |   Shell   |",
        "iOS": "| 1183 | 228 |   Swift   |",
        "homebridge-homeassistant": "| 676 | 151 |   JavaScript   |",
        "intents": "| 324 | 381 |   Python   |",
        "architecture": "| 267 | 105 |   None   |",
        "pi-gen": "| 251 | 72 |   Shell   |",
        "hassio-build": "| 227 | 100 |   Python   |",
        "home-assistant-js-websocket": "| 205 | 61 |   TypeScript   |",
        "hadashboard": "| 200 | 54 |   JavaScript   |",
        "developers.home-assistant": "| 200 | 698 |   JavaScript   |",
        "os-agent": "| 166 | 69 |   Go   |",
        "brands": "| 160 | 1125 |   Shell   |",
        "example-custom-config": "| 153 | 195 |   Python   |",
        "cli": "| 152 | 84 |   Go   |",
        "docker": "| 123 | 54 |   Dockerfile   |",
        "hassbian-scripts": "| 121 | 96 |   Shell   |",
        "ada": "| 102 | 18 |   Python   |",
        "fabric-home-assistant": "| 96 | 50 |   Shell   |",
        "addons-example": "| 66 | 175 |   Dockerfile   |",
        "companion.home-assistant": "| 63 | 188 |   JavaScript   |",
        "addons-development": "| 61 | 35 |   Dockerfile   |",
        "scenegen": "| 60 | 24 |   Python   |",
        "home-assistant-js": "| 56 | 39 |   JavaScript   |",
        "home-assistant-notebooks": "| 56 | 29 |   Jupyter Notebook   |",
        "docker-base": "| 54 | 35 |   Dockerfile   |",
        "micropython-home-assistant": "| 50 | 10 |   Python   |",
        "hassil": "| 48 | 5 |   Python   |",
        "data.home-assistant": "| 47 | 42 |   JavaScript   |",
        "builder": "| 46 | 44 |   Shell   |",
        "assets": "| 40 | 45 |   HTML   |",
        "ui-schema": "| 38 | 6 |   None   |",
        "version": "| 35 | 21 |   Shell   |",
        "alerts.home-assistant.io": "| 35 | 68 |   HTML   |",
        "custom-panel-starter-kit-react": "| 33 | 14 |   JavaScript   |",
        "hubot-home-assistant": "| 24 | 7 |   CoffeeScript   |",
        "wheels-custom-integrations": "| 24 | 280 |   Dockerfile   |",
        "services.home-assistant.io": "| 23 | 8 |   TypeScript   |",
        "my.home-assistant.io": "| 21 | 16 |   TypeScript   |",
        "bthome.io": "| 21 | 7 |   HTML   |",
        "wheels": "| 20 | 27 |   Python   |",
        "HAKit": "| 20 | 8 |   Swift   |",
        "actions": "| 19 | 14 |   Python   |",
        "mobile-apps-fcm-push": "| 19 | 22 |   JavaScript   |",
        "plugin-observer": "| 18 | 13 |   Go   |",
        "open-zwave": "| 17 | 34 |   C++   |",
        "analytics.home-assistant.io": "| 17 | 17 |   TypeScript   |",
        "plugin-multicast": "| 16 | 12 |   Dockerfile   |",
        "hass-release": "| 14 | 13 |   Python   |",
        "plugin-dns": "| 14 | 11 |   Go   |",
        "plugin-audio": "| 14 | 10 |   Shell   |",
        "buildroot": "| 14 | 20 |   Makefile   |",
        "skyconnect.home-assistant.io": "| 14 | 8 |   HTML   |",
        "tempio": "| 13 | 5 |   Go   |",
        "yellow.home-assistant.io": "| 13 | 10 |   HTML   |",
        "probot-home-assistant": "| 11 | 16 |   TypeScript   |",
        "plugin-cli": "| 10 | 10 |   Dockerfile   |",
        "python-openzwave": "| 9 | 22 |   Python   |",
        "service-hub": "| 9 | 10 |   TypeScript   |",
        "lambda-home-assistant-github": "| 8 | 5 |   Python   |",
        "hassbot": "| 8 | 9 |   CoffeeScript   |",
        "devcontainer": "| 8 | 18 |   Shell   |",
        ".github": "| 7 | 23 |   None   |",
        "wheels-opencv": "| 7 | 4 |   None   |",
        "wheels-tensorflow": "| 7 | 5 |   Dockerfile   |",
        "landingpage": "| 7 | 7 |   JavaScript   |",
        "libcoap": "| 6 | 5 |   C   |",
        "hbmqtt-auth-home-assistant": "| 6 | 6 |   Python   |",
        "LabelBot": "| 5 | 2 |   JavaScript   |",
        "github-issue-maker": "| 5 | 3 |   Python   |",
        "bot": "| 5 | 3 |   TypeScript   |",
        "1password-teams-open-source": "| 4 | 2 |   None   |",
        "my-upnp": "| 4 | 0 |   Go   |",
        "partner.home-assistant": "| 4 | 2 |   HTML   |",
        "warrant": "| 3 | 3 |   Python   |",
        "pyharmony": "| 3 | 7 |   Python   |",
        "feedparser": "| 3 | 4 |   Python   |",
        "people": "| 3 | 43 |   None   |",
        "gu-who": "| 3 | 0 |   Scala   |",
        "ci-azure": "| 3 | 3 |   Roff   |",
        "deployments": "| 3 | 5 |   HCL   |",
        "private-demo": "| 3 | 1 |   Shell   |",
        "organization": "| 2 | 0 |   None   |",
        "issue-bot": "| 2 | 3 |   Ruby   |",
        "codeowners-mention": "| 2 | 1 |   JavaScript   |",
        "operating-system-blobs": "| 2 | 3 |   Shell   |",
        "wheels-scipy": "| 2 | 2 |   None   |",
        "newsletter-ghost-theme": "| 2 | 1 |   CSS   |",
        "voice.home-assistant": "| 2 | 0 |   JavaScript   |",
        "cosign": "| 1 | 0 |   None   |",
        "intents-package": "| 1 | 0 |   None   |"
    }
}