{
    "company": "Homebrew",
    "h-index": 26,
    "repo count": 34,
    "contributor count": 2298,
    "size": "todo",
    "employee count": "todo",
    "country": "GitHub",
    "top language": "Ruby",
    "repos": {
        "brew": "| 35961 | 8806 |   Ruby   |",
        "legacy-homebrew": "| 27129 | 11644 |   None   |",
        "homebrew-cask": "| 19943 | 10241 |   Ruby   |",
        "homebrew-core": "| 12427 | 11450 |   Ruby   |",
        "homebrew-bundle": "| 4484 | 288 |   Ruby   |",
        "homebrew-cask-fonts": "| 2607 | 463 |   Ruby   |",
        "homebrew-services": "| 1837 | 208 |   Ruby   |",
        "install": "| 1780 | 1009 |   Shell   |",
        "linuxbrew-core": "| 1163 | 526 |   Ruby   |",
        "formulae.brew.sh": "| 1133 | 493 |   HTML   |",
        "homebrew-cask-versions": "| 1095 | 1069 |   Ruby   |",
        "homebrew-autoupdate": "| 735 | 49 |   Ruby   |",
        "homebrew-cask-drivers": "| 460 | 491 |   None   |",
        "discussions": "| 374 | 56 |   None   |",
        "homebrew-command-not-found": "| 344 | 46 |   Ruby   |",
        "ruby-macho": "| 214 | 36 |   Ruby   |",
        "homebrew-aliases": "| 136 | 31 |   Ruby   |",
        "brew.sh": "| 128 | 142 |   HTML   |",
        "homebrew-portable-ruby": "| 107 | 41 |   Ruby   |",
        "homebrew-livecheck": "| 99 | 48 |   None   |",
        "actions": "| 85 | 35 |   JavaScript   |",
        "homebrew-test-bot": "| 69 | 73 |   Ruby   |",
        "formula-patches": "| 63 | 156 |   C   |",
        "gsoc": "| 54 | 19 |   None   |",
        "homebrew-linux-fonts": "| 32 | 5 |   Ruby   |",
        ".github": "| 32 | 57 |   None   |",
        "rubydoc.brew.sh": "| 18 | 21 |   Ruby   |",
        "homebrew-linux-dev": "| 17 | 27 |   Ruby   |",
        "homebrew-formula-analytics": "| 12 | 21 |   Ruby   |",
        "homebrew-governance": "| 11 | 12 |   None   |",
        "ci-orchestrator": "| 6 | 5 |   Ruby   |",
        "brew-pip-audit": "| 6 | 3 |   Ruby   |",
        "orka_api_client": "| 3 | 5 |   Ruby   |",
        "glibc-bootstrap": "| 3 | 6 |   Shell   |"
    }
}