{
    "company": "Hugging Face",
    "h-index": 63,
    "repo count": 136,
    "contributor count": 3149,
    "size": "todo",
    "employee count": "todo",
    "country": "NYC + Paris",
    "top language": "Python",
    "repos": {
        "transformers": "| 99233 | 20397 |   Python   |",
        "pytorch-image-models": "| 25201 | 4122 |   Python   |",
        "datasets": "| 16147 | 2163 |   Python   |",
        "diffusers": "| 14562 | 2930 |   Python   |",
        "tokenizers": "| 6937 | 592 |   Rust   |",
        "peft": "| 5610 | 389 |   Python   |",
        "accelerate": "| 4478 | 448 |   Python   |",
        "deep-rl-class": "| 2934 | 410 |   Jupyter Notebook   |",
        "neuralcoref": "| 2685 | 471 |   C   |",
        "knockknock": "| 2603 | 225 |   Python   |",
        "diffusion-models-class": "| 2202 | 213 |   Jupyter Notebook   |",
        "notebooks": "| 2188 | 1065 |   Jupyter Notebook   |",
        "awesome-papers": "| 1967 | 119 |   None   |",
        "transfer-learning-conv-ai": "| 1628 | 417 |   Python   |",
        "swift-coreml-diffusers": "| 1591 | 102 |   Swift   |",
        "pytorch-openai-transformer-lm": "| 1453 | 280 |   Python   |",
        "swift-coreml-transformers": "| 1409 | 163 |   Swift   |",
        "setfit": "| 1374 | 151 |   Jupyter Notebook   |",
        "evaluate": "| 1328 | 145 |   Python   |",
        "Mongoku": "| 1191 | 81 |   TypeScript   |",
        "hmtl": "| 1172 | 146 |   Python   |",
        "text-generation-inference": "| 1159 | 101 |   Python   |",
        "optimum": "| 1126 | 181 |   Python   |",
        "course": "| 1055 | 364 |   Python   |",
        "pytorch-pretrained-BigGAN": "| 979 | 172 |   Python   |",
        "blog": "| 943 | 362 |   Jupyter Notebook   |",
        "safetensors": "| 931 | 48 |   Python   |",
        "chat-ui": "| 901 | 50 |   Svelte   |",
        "torchMoji": "| 876 | 180 |   Python   |",
        "huggingface_hub": "| 873 | 212 |   Python   |",
        "huggingface.js": "| 845 | 38 |   TypeScript   |",
        "autotrain-advanced": "| 736 | 58 |   Python   |",
        "naacl_transfer_learning_tutorial": "| 708 | 123 |   Python   |",
        "awesome-huggingface": "| 566 | 44 |   None   |",
        "pytorch_block_sparse": "| 508 | 34 |   C++   |",
        "datasets-server": "| 462 | 26 |   Python   |",
        "node-question-answering": "| 443 | 47 |   TypeScript   |",
        "transformers-bloom-inference": "| 355 | 78 |   Python   |",
        "large_language_model_training_playbook": "| 331 | 11 |   Python   |",
        "100-times-faster-nlp": "| 327 | 74 |   HTML   |",
        "nn_pruning": "| 325 | 47 |   Jupyter Notebook   |",
        "tflite-android-transformers": "| 316 | 64 |   Java   |",
        "community-events": "| 299 | 80 |   Jupyter Notebook   |",
        "exporters": "| 274 | 10 |   Python   |",
        "education-toolkit": "| 258 | 55 |   Jupyter Notebook   |",
        "speechbox": "| 225 | 12 |   Python   |",
        "llm_training_handbook": "| 189 | 10 |   Python   |",
        "huggingface-vscode": "| 177 | 27 |   TypeScript   |",
        "simulate": "| 174 | 10 |   Python   |",
        "optimum-intel": "| 146 | 29 |   Python   |",
        "unity-api": "| 145 | 6 |   C#   |",
        "olm-datasets": "| 139 | 16 |   Python   |",
        "hub-docs": "| 120 | 124 |   Svelte   |",
        "open-muse": "| 115 | 8 |   Python   |",
        "hfcc.nvim": "| 109 | 2 |   Lua   |",
        "workshops": "| 106 | 54 |   Jupyter Notebook   |",
        "tune": "| 81 | 22 |   Python   |",
        "fuego": "| 79 | 6 |   Python   |",
        "datasets-viewer": "| 76 | 11 |   Python   |",
        "paper-style-guide": "| 68 | 7 |   None   |",
        "api-inference-community": "| 65 | 34 |   Python   |",
        "olm-training": "| 64 | 5 |   Python   |",
        "optimum-graphcore": "| 63 | 34 |   Jupyter Notebook   |",
        "block_movement_pruning": "| 60 | 11 |   Python   |",
        "data-measurements-tool": "| 58 | 10 |   Python   |",
        "personas": "| 55 | 16 |   None   |",
        "hffs": "| 55 | 5 |   Python   |",
        "disaggregators": "| 54 | 2 |   Python   |",
        "optimum-neuron": "| 54 | 5 |   Python   |",
        "bloom-jax-inference": "| 52 | 7 |   Python   |",
        "hfapi": "| 49 | 6 |   Python   |",
        "doc-builder": "| 47 | 16 |   Python   |",
        "huggingface_sb3": "| 47 | 16 |   Jupyter Notebook   |",
        "optimum-habana": "| 39 | 10 |   Python   |",
        "zapier": "| 39 | 0 |   JavaScript   |",
        "bert-syntax": "| 38 | 6 |   Python   |",
        "adversarialnlp": "| 37 | 5 |   Python   |",
        "ml-agents": "| 34 | 9 |   C#   |",
        "transformers_bloom_parallel": "| 33 | 2 |   Python   |",
        "neuralcoref-viz": "| 31 | 14 |   TypeScript   |",
        "rasa_hmtl": "| 27 | 6 |   Python   |",
        "model_card": "| 27 | 56 |   None   |",
        "xlnet": "| 25 | 12 |   Python   |",
        "hf_transfer": "| 23 | 2 |   Rust   |",
        "datasets-tagging": "| 20 | 15 |   Python   |",
        "rlhf-interface": "| 18 | 1 |   Python   |",
        "spm_precompiled": "| 13 | 9 |   Rust   |",
        "distill-bloom-deepspeed": "| 13 | 1 |   Python   |",
        "semver-release-action": "| 13 | 2 |   JavaScript   |",
        "ethics-scripts": "| 12 | 7 |   Python   |",
        "snapchat-lens-api": "| 11 | 6 |   None   |",
        "hf_benchmarks": "| 11 | 1 |   Python   |",
        "doc-build": "| 11 | 9 |   HTML   |",
        "hf-endpoints-emulator": "| 11 | 2 |   Python   |",
        "efficient_scripts": "| 9 | 2 |   Python   |",
        "roots-search-tool": "| 9 | 3 |   Jupyter Notebook   |",
        "m4-logbook": "| 9 | 0 |   None   |",
        "awd-lstm-lm": "| 8 | 6 |   Python   |",
        "widgets-server": "| 8 | 12 |   TypeScript   |",
        "datablations": "| 8 | 6 |   Jupyter Notebook   |",
        "diffusers-ft": "| 8 | 3 |   None   |",
        "khipu_workshop": "| 8 | 4 |   Jupyter Notebook   |",
        "neuralcoref-models": "| 6 | 5 |   None   |",
        "Unity-WebGL-template-for-Hugging-Face-Spaces": "| 6 | 1 |   None   |",
        "model-evaluator": "| 6 | 5 |   Python   |",
        "Megatron-LM": "| 5 | 4 |   Python   |",
        "helm-publish-action": "| 5 | 1 |   None   |",
        "helm-common": "| 5 | 0 |   Mustache   |",
        "ethics-education": "| 5 | 0 |   None   |",
        "lm-evaluation-harness": "| 4 | 3 |   Python   |",
        "collaborative-training-auth": "| 4 | 2 |   Python   |",
        "diff2html": "| 3 | 1 |   TypeScript   |",
        "s3prl": "| 3 | 1 |   None   |",
        "allennlp": "| 3 | 2 |   None   |",
        "gaia": "| 3 | 2 |   Jupyter Notebook   |",
        "ionic": "| 2 | 4 |   TypeScript   |",
        "tensorboard": "| 2 | 1 |   None   |",
        "diffusers_all": "| 2 | 1 |   None   |",
        "doc-build-dev": "| 1 | 5 |   None   |",
        "neural-compressor": "| 1 | 1 |   None   |",
        "RL-model-card-template": "| 1 | 1 |   None   |",
        "ViZDoom": "| 1 | 2 |   C++   |",
        "ML-Agents-Training-Executables": "| 1 | 3 |   None   |",
        "hf-endpoints-documentation": "| 1 | 3 |   None   |",
        "flappy-bird-gym": "| 1 | 0 |   Python   |",
        "python-readability": "| 1 | 0 |   None   |",
        "yaml-ast-parser": "| 0 | 2 |   TypeScript   |",
        "flax_bert": "| 0 | 1 |   Python   |",
        "stable-baselines3": "| 0 | 1 |   Python   |",
        "rl-baselines3-zoo": "| 0 | 2 |   Python   |",
        "huggingface-sagemaker-snowflake-example": "| 0 | 2 |   Python   |",
        "amazon-eks-ami": "| 0 | 2 |   Shell   |",
        "huggingface_tianshou": "| 0 | 1 |   None   |",
        "test_gh_secret": "| 0 | 2 |   None   |",
        "data-measurements": "| 0 | 0 |   Python   |",
        "gym-games": "| 0 | 0 |   None   |"
    }
}