{
    "company": "Huginn",
    "h-index": 3,
    "repo count": 6,
    "contributor count": 258,
    "size": "todo",
    "employee count": "todo",
    "country": null,
    "top language": "Ruby",
    "repos": {
        "huginn": "| 38311 | 3438 |   Ruby   |",
        "huginn_agent": "| 94 | 35 |   Ruby   |",
        "huginn_docker_specs": "| 3 | 8 |   Ruby   |",
        "omniauth-dropbox-oauth2": "| 3 | 2 |   None   |",
        "tumblr_client": "| 2 | 2 |   Ruby   |",
        "delayed_job_active_record": "| 0 | 0 |   None   |"
    }
}