{
    "company": "Hujiang",
    "h-index": 8,
    "repo count": 18,
    "contributor count": 180,
    "size": "todo",
    "employee count": "todo",
    "country": "shanghai",
    "top language": "Java",
    "repos": {
        "gradle_plugin_android_aspectjx": "| 3845 | 540 |   Groovy   |",
        "AspectJX-Demo": "| 293 | 69 |   Java   |",
        "RestVolley": "| 227 | 22 |   Java   |",
        "Tardis": "| 129 | 21 |   None   |",
        "Juice": "| 105 | 35 |   Java   |",
        "HJMURLDownloader": "| 52 | 13 |   Objective-C   |",
        "DevArt": "| 46 | 4 |   Kotlin   |",
        "android_library_permissiondispatcher": "| 9 | 8 |   Java   |",
        "HJBC": "| 8 | 1 |   Java   |",
        "AndroidImageSlider": "| 7 | 1 |   Java   |",
        "HujiangTechnology.github.io": "| 3 | 1 |   CSS   |",
        "DevArtTools": "| 1 | 0 |   None   |",
        "AztecEditor-iOS": "| 1 | 0 |   Swift   |",
        "DTCoreText": "| 0 | 0 |   Objective-C   |",
        "LDNetDiagnoService_IOS": "| 0 | 0 |   Objective-C   |",
        "PhotoView": "| 0 | 0 |   Java   |",
        "VasSonic": "| 0 | 1 |   Java   |",
        "GTR": "| 0 | 0 |   None   |"
    }
}