{
    "company": "Hyperledger",
    "h-index": 49,
    "repo count": 146,
    "contributor count": 1739,
    "size": "todo",
    "employee count": "todo",
    "country": "United States of America",
    "top language": "Go",
    "repos": {
        "fabric": "| 14580 | 8539 |   Go   |",
        "hyperledger": "| 3710 | 727 |   None   |",
        "fabric-samples": "| 2489 | 3152 |   Go   |",
        "sawtooth-core": "| 1417 | 780 |   Python   |",
        "besu": "| 1154 | 587 |   Java   |",
        "fabric-sdk-java": "| 1097 | 722 |   Java   |",
        "solang": "| 1003 | 158 |   Rust   |",
        "fabric-sdk-go": "| 870 | 511 |   Go   |",
        "cello": "| 846 | 426 |   Python   |",
        "fabric-sdk-node": "| 773 | 526 |   JavaScript   |",
        "indy-sdk": "| 660 | 742 |   Rust   |",
        "indy-node": "| 642 | 626 |   Python   |",
        "caliper": "| 585 | 369 |   JavaScript   |",
        "fabric-ca": "| 412 | 708 |   Go   |",
        "fabric-sdk-py": "| 384 | 211 |   Python   |",
        "iroha": "| 372 | 252 |   C++   |",
        "firefly": "| 367 | 147 |   Go   |",
        "aries-cloudagent-python": "| 347 | 433 |   Python   |",
        "ursa": "| 319 | 149 |   Rust   |",
        "bevel": "| 303 | 599 |   Smarty   |",
        "aries-rfcs": "| 298 | 212 |   Python   |",
        "fabric-chaincode-java": "| 281 | 203 |   Java   |",
        "cacti": "| 260 | 216 |   TypeScript   |",
        "aries": "| 245 | 48 |   None   |",
        "aries-framework-go": "| 223 | 156 |   Go   |",
        "fabric-chaincode-node": "| 219 | 140 |   JavaScript   |",
        "indy-plenum": "| 211 | 357 |   Python   |",
        "bevel-operator-fabric": "| 196 | 66 |   Go   |",
        "fabric-gateway-java": "| 190 | 116 |   Java   |",
        "aries-framework-javascript": "| 184 | 140 |   TypeScript   |",
        "fabric-contract-api-go": "| 176 | 96 |   Go   |",
        "fabric-test": "| 150 | 128 |   Go   |",
        "fabric-private-chaincode": "| 136 | 89 |   Go   |",
        "fabric-chaincode-go": "| 120 | 114 |   Go   |",
        "fabric-gateway": "| 101 | 73 |   Java   |",
        "iroha-python": "| 100 | 76 |   Python   |",
        "aries-mobile-agent-react-native": "| 97 | 98 |   TypeScript   |",
        "iroha-javascript": "| 91 | 61 |   JavaScript   |",
        "iroha-ios": "| 90 | 61 |   Objective-C   |",
        "caliper-benchmarks": "| 85 | 107 |   JavaScript   |",
        "aries-framework-dotnet": "| 79 | 73 |   C#   |",
        "fabric-docs-i18n": "| 73 | 157 |   Makefile   |",
        "firefly-ethconnect": "| 71 | 29 |   Go   |",
        "indy-hipe": "| 70 | 74 |   TeX   |",
        "sawtooth-pbft": "| 70 | 36 |   Rust   |",
        "transact": "| 67 | 37 |   Rust   |",
        "aries-vcx": "| 52 | 41 |   Rust   |",
        "aries-agent-test-harness": "| 50 | 59 |   Python   |",
        "sawtooth-sabre": "| 49 | 43 |   Rust   |",
        "besu-docs": "| 45 | 88 |   HTML   |",
        "firefly-cli": "| 42 | 42 |   Go   |",
        "aries-askar": "| 41 | 24 |   Rust   |",
        "fabric-protos-go": "| 40 | 77 |   Go   |",
        "indy-vdr": "| 40 | 46 |   Rust   |",
        "aries-acapy-controllers": "| 37 | 37 |   TypeScript   |",
        "aries-mobile-agent-xamarin": "| 37 | 30 |   C#   |",
        "anoncreds-rs": "| 37 | 25 |   Rust   |",
        "fabric-protos": "| 36 | 63 |   Makefile   |",
        "aries-toolbox": "| 36 | 44 |   Vue   |",
        "anoncreds-spec": "| 36 | 24 |   CSS   |",
        "sawtooth-sdk-javascript": "| 30 | 42 |   JavaScript   |",
        "fabric-rfcs": "| 29 | 46 |   None   |",
        "iroha-ed25519": "| 28 | 13 |   Assembly   |",
        "composer": "| 28 | 29 |   JavaScript   |",
        "sawtooth-sdk-rust": "| 27 | 39 |   Rust   |",
        "iroha-java": "| 27 | 33 |   Java   |",
        "aries-protocol-test-suite": "| 27 | 21 |   Python   |",
        "firefly-ui": "| 27 | 24 |   TypeScript   |",
        "sawtooth-sdk-go": "| 25 | 40 |   Go   |",
        "toc": "| 25 | 36 |   None   |",
        "indy-sdk-react-native": "| 23 | 16 |   Java   |",
        "sawtooth-rfcs": "| 22 | 31 |   None   |",
        "fabric-config": "| 22 | 40 |   Go   |",
        "aries-mediator-service": "| 22 | 28 |   HTML   |",
        "aries-acapy-plugin-toolbox": "| 21 | 38 |   Python   |",
        "aries-framework-javascript-ext": "| 21 | 26 |   TypeScript   |",
        "firefly-tokens-erc1155": "| 20 | 12 |   TypeScript   |",
        "sawtooth-sdk-python": "| 19 | 43 |   Python   |",
        "firefly-fabconnect": "| 19 | 24 |   Go   |",
        "sawtooth-sdk-java": "| 18 | 37 |   Java   |",
        "fabric-cli": "| 18 | 25 |   Go   |",
        "aries-staticagent-python": "| 18 | 18 |   Python   |",
        "indy-did-method": "| 18 | 12 |   CSS   |",
        "indy-node-container": "| 18 | 17 |   Shell   |",
        "fabric-admin-sdk": "| 17 | 11 |   Go   |",
        "indy-shared-rs": "| 14 | 14 |   Rust   |",
        "indy-node-monitor": "| 14 | 24 |   Python   |",
        "aries-framework-go-ext": "| 14 | 24 |   Go   |",
        "firefly-tokens-erc20-erc721": "| 14 | 18 |   TypeScript   |",
        "firefly-transaction-manager": "| 14 | 12 |   Go   |",
        "firefly-samples": "| 13 | 22 |   TypeScript   |",
        "aries-cloudagent-loadgenerator": "| 13 | 11 |   Kotlin   |",
        "aries-javascript-docs": "| 13 | 22 |   TypeScript   |",
        "firefly-helm-charts": "| 12 | 13 |   Smarty   |",
        "firefly-evmconnect": "| 11 | 11 |   Go   |",
        "sawtooth-poet": "| 9 | 38 |   Python   |",
        "firefly-dataexchange-https": "| 9 | 12 |   TypeScript   |",
        "indy-test-automation": "| 8 | 24 |   Python   |",
        "aries-mobile-test-harness": "| 8 | 10 |   Python   |",
        "aries-framework-swift": "| 8 | 5 |   Swift   |",
        "hyperledger.github.io": "| 7 | 7 |   HTML   |",
        "sawtooth-sdk-swift": "| 7 | 11 |   Swift   |",
        "besu-native": "| 7 | 21 |   Java   |",
        "sawtooth-lib": "| 6 | 16 |   Rust   |",
        "firefly-cordaconnect": "| 6 | 4 |   Java   |",
        "firefly-sdk-nodejs": "| 6 | 7 |   TypeScript   |",
        "firefly-sandbox": "| 6 | 10 |   TypeScript   |",
        "sawtooth-docs": "| 5 | 33 |   HTML   |",
        "fabric-lib-go": "| 5 | 14 |   Go   |",
        "sawtooth-devmode": "| 5 | 19 |   Python   |",
        "transact-contrib": "| 5 | 4 |   None   |",
        "hyperledger-hip": "| 5 | 14 |   None   |",
        "firefly-signer": "| 5 | 8 |   Go   |",
        "indy-did-networks": "| 5 | 2 |   None   |",
        "governance": "| 5 | 3 |   None   |",
        "anoncreds-methods-registry": "| 5 | 5 |   CSS   |",
        "fabric-amcl": "| 4 | 19 |   Go   |",
        "homebrew-besu": "| 4 | 13 |   Shell   |",
        "aries-acapy-tools": "| 4 | 5 |   Python   |",
        "firefly-fir": "| 4 | 5 |   None   |",
        "iroha-2-docs": "| 4 | 12 |   TypeScript   |",
        "sawtooth-sdk-cxx": "| 3 | 19 |   C++   |",
        "indy-docs": "| 3 | 7 |   Python   |",
        "iroha-deploy": "| 3 | 18 |   Python   |",
        "transact-rfcs": "| 3 | 8 |   None   |",
        "indy-bls-wrapper-python": "| 3 | 2 |   Python   |",
        "transact-sdk-go": "| 2 | 11 |   Go   |",
        "iroha-tui-client": "| 2 | 4 |   Python   |",
        "transact-sdk-javascript": "| 2 | 12 |   TypeScript   |",
        "firefly-perf-cli": "| 2 | 10 |   Go   |",
        "aries-endorser-service": "| 2 | 8 |   Python   |",
        "firefly-common": "| 2 | 8 |   Go   |",
        "fabric-protos-go-apiv2": "| 2 | 3 |   Go   |",
        "anoncreds-spec-v2": "| 2 | 1 |   CSS   |",
        "sawtooth-contrib": "| 1 | 8 |   Python   |",
        "aries-acapy-docs": "| 1 | 3 |   Shell   |",
        "bevel-samples": "| 1 | 9 |   Kotlin   |",
        "aries-bbssignatures-rs": "| 1 | 3 |   Rust   |",
        "indy-shared-gha": "| 0 | 2 |   None   |",
        ".github": "| 0 | 1 |   None   |",
        "homebrew-solang": "| 0 | 3 |   Ruby   |",
        "indy-cli-rs": "| 0 | 3 |   Rust   |",
        "solang-llvm": "| 0 | 1 |   None   |",
        "toc-docs": "| 0 | 0 |   None   |",
        "anoncreds-clsignatures-rs": "| 0 | 2 |   Rust   |",
        "indy-blssignatures-rs": "| 0 | 2 |   Rust   |"
    }
}