{
    "company": "InfluxData",
    "h-index": 43,
    "repo count": 198,
    "contributor count": 3433,
    "size": "todo",
    "employee count": "todo",
    "country": "San Francisco, CA",
    "top language": "Go",
    "repos": {
        "influxdb": "| 25424 | 3367 |   Go   |",
        "telegraf": "| 12882 | 5331 |   Go   |",
        "kapacitor": "| 2212 | 500 |   Go   |",
        "influxdb-python": "| 1641 | 511 |   Python   |",
        "influxdb_iox": "| 1636 | 169 |   Rust   |",
        "chronograf": "| 1427 | 263 |   TypeScript   |",
        "influxdb-java": "| 1122 | 476 |   Java   |",
        "influxdb-relay": "| 826 | 345 |   Python   |",
        "flux": "| 713 | 142 |   FLUX   |",
        "influxdb-client-python": "| 561 | 162 |   Python   |",
        "influxdb-client-go": "| 493 | 106 |   Go   |",
        "sandbox": "| 475 | 221 |   Shell   |",
        "go-syslog": "| 446 | 66 |   Go   |",
        "influxdb-php": "| 428 | 126 |   PHP   |",
        "influxdb-client-java": "| 346 | 114 |   Java   |",
        "influxdb-comparisons": "| 295 | 105 |   Go   |",
        "influxdata-docker": "| 291 | 246 |   Shell   |",
        "influxdb-client-csharp": "| 290 | 79 |   C#   |",
        "community-templates": "| 280 | 160 |   Python   |",
        "influxdb-client-js": "| 276 | 67 |   TypeScript   |",
        "docs.influxdata.com-ARCHIVE": "| 249 | 302 |   Less   |",
        "rskafka": "| 212 | 23 |   Rust   |",
        "influxdb-csharp": "| 197 | 60 |   C#   |",
        "influxdb-rails": "| 193 | 63 |   Ruby   |",
        "influxdb1-client": "| 186 | 102 |   Go   |",
        "helm-charts": "| 181 | 313 |   Mustache   |",
        "giraffe": "| 167 | 32 |   TypeScript   |",
        "influxql": "| 157 | 53 |   Go   |",
        "influx-stress": "| 118 | 45 |   Go   |",
        "influxdb-client-php": "| 115 | 42 |   PHP   |",
        "tdigest": "| 114 | 22 |   Go   |",
        "tick-charts": "| 91 | 75 |   Smarty   |",
        "inch": "| 78 | 23 |   Go   |",
        "influxdata-operator": "| 76 | 34 |   Go   |",
        "telegraf-operator": "| 73 | 36 |   Go   |",
        "ui": "| 69 | 36 |   TypeScript   |",
        "influxdb-go": "| 61 | 16 |   None   |",
        "docs-v2": "| 59 | 228 |   SCSS   |",
        "wirey": "| 57 | 6 |   Go   |",
        "pbjson": "| 57 | 24 |   Rust   |",
        "terraform-aws-influx": "| 49 | 42 |   HCL   |",
        "influx-cli": "| 46 | 16 |   Go   |",
        "influxdb-r": "| 43 | 22 |   R   |",
        "grade": "| 42 | 3 |   Go   |",
        "clockface": "| 41 | 18 |   TypeScript   |",
        "nginx-influxdb-module": "| 39 | 10 |   C   |",
        "influxdb-client-ruby": "| 36 | 19 |   Ruby   |",
        "tensorflow-influxdb": "| 34 | 7 |   Jupyter Notebook   |",
        "whisper-migrator": "| 33 | 12 |   Go   |",
        "k8s-kapacitor-autoscale": "| 30 | 2 |   Go   |",
        "nifi-influxdb-bundle": "| 30 | 9 |   Java   |",
        "terraform-aws-influxdb": "| 29 | 19 |   HCL   |",
        "line-protocol": "| 29 | 9 |   Go   |",
        "kube-influxdb": "| 29 | 11 |   Shell   |",
        "influxdb2-sample-data": "| 29 | 68 |   JavaScript   |",
        "catslack": "| 28 | 4 |   Go   |",
        "influxdb-operator": "| 27 | 6 |   Go   |",
        "influxdb-c": "| 25 | 26 |   C   |",
        "influxdb-observability": "| 25 | 15 |   Go   |",
        "ansible-chrony": "| 24 | 30 |   Ruby   |",
        "influxdb-scala": "| 22 | 16 |   Scala   |",
        "kapacitor-course": "| 22 | 6 |   None   |",
        "flux-lsp": "| 22 | 4 |   Rust   |",
        "vsflux": "| 22 | 10 |   TypeScript   |",
        "influxdb-client-swift": "| 22 | 5 |   Swift   |",
        "cron": "| 21 | 5 |   Go   |",
        "influxdb-plugin-fluent": "| 20 | 1 |   Ruby   |",
        "influxdb-client-dart": "| 19 | 7 |   Dart   |",
        "terraform-google-influx": "| 18 | 19 |   Shell   |",
        "iot-center-flutter": "| 16 | 6 |   Dart   |",
        "cd-gitops-reference-architecture": "| 14 | 3 |   Shell   |",
        "openapi": "| 14 | 10 |   Shell   |",
        "windows-packager": "| 12 | 5 |   Shell   |",
        "influxdb-client-r": "| 12 | 2 |   R   |",
        "influxdb-university": "| 12 | 1 |   Python   |",
        "yarpc": "| 11 | 2 |   Go   |",
        "kafka-connect-influxdb": "| 11 | 3 |   Scala   |",
        "grafana-flightsql-datasource": "| 11 | 0 |   TypeScript   |",
        "toml": "| 10 | 7 |   Go   |",
        "ansible-influxdb-enterprise": "| 10 | 7 |   None   |",
        "influxdb-gds-connector": "| 10 | 4 |   JavaScript   |",
        "awesome": "| 10 | 9 |   SCSS   |",
        "object_store_rs": "| 10 | 3 |   Rust   |",
        "influxdb-sample-data": "| 9 | 7 |   None   |",
        "oats": "| 9 | 6 |   TypeScript   |",
        "ingen": "| 8 | 4 |   Go   |",
        "promql": "| 8 | 5 |   Go   |",
        "official-images": "| 7 | 9 |   Shell   |",
        "wlog": "| 7 | 3 |   Go   |",
        "influxdb-iox-client-go": "| 7 | 3 |   Go   |",
        "influxdb-fsharp": "| 6 | 3 |   F#   |",
        "ansible-kapacitor": "| 6 | 15 |   Jinja   |",
        "qprof": "| 6 | 1 |   Go   |",
        "google-deployment-manager-influxdb-enterprise": "| 6 | 1 |   HTML   |",
        "k8s-jsonnet-libs": "| 6 | 1 |   Jsonnet   |",
        "iot-api-python": "| 6 | 4 |   Python   |",
        "flightsql-dbapi": "| 6 | 1 |   Python   |",
        "tail": "| 5 | 17 |   Go   |",
        "influxdb-nodejs": "| 5 | 3 |   None   |",
        "influxdb-templates": "| 5 | 7 |   JavaScript   |",
        "gopsutil": "| 4 | 2 |   Go   |",
        "resin-influx": "| 4 | 6 |   Shell   |",
        "ansible-chronograf": "| 4 | 7 |   Ruby   |",
        "inch-java": "| 4 | 3 |   Java   |",
        "iot-api-ui": "| 4 | 1 |   TypeScript   |",
        "influxdb-scripts": "| 3 | 2 |   Ruby   |",
        "pidfile": "| 3 | 2 |   Go   |",
        "community": "| 3 | 1 |   None   |",
        "pkg-config": "| 3 | 8 |   Go   |",
        "influxdb-jsonnet": "| 3 | 3 |   Jsonnet   |",
        "influxdb-stack-manager": "| 3 | 1 |   Go   |",
        "influxdb-action": "| 3 | 11 |   Shell   |",
        "OctoPrint-InfluxDB": "| 3 | 1 |   None   |",
        "go-prompt": "| 3 | 0 |   Go   |",
        "docker-docs": "| 2 | 1 |   Shell   |",
        "prometheus_metric_normalizer": "| 2 | 1 |   Python   |",
        "yamux": "| 2 | 0 |   Go   |",
        "changelog": "| 2 | 2 |   Go   |",
        "digitalocean-marketplace": "| 2 | 3 |   Shell   |",
        "katacoda-scenarios": "| 2 | 2 |   Shell   |",
        "build-scripts": "| 2 | 1 |   Shell   |",
        "routerify": "| 2 | 0 |   Rust   |",
        "envoy-preflight": "| 2 | 0 |   Go   |",
        "iot-api-js": "| 2 | 1 |   JavaScript   |",
        "nodejs-samples": "| 2 | 1 |   JavaScript   |",
        "config": "| 1 | 4 |   Go   |",
        "la-meetup": "| 1 | 3 |   None   |",
        "schema-shape": "| 1 | 3 |   Go   |",
        "log": "| 1 | 2 |   Go   |",
        "influx-spec": "| 1 | 1 |   Go   |",
        "hackathon-2017-sf": "| 1 | 2 |   None   |",
        "reverb": "| 1 | 1 |   Go   |",
        "Speaking-Templates": "| 1 | 1 |   None   |",
        "amazon-cloud-formation-influxdb-enterprise": "| 1 | 4 |   Shell   |",
        "azure-resource-manager-influxdb-enterprise": "| 1 | 3 |   Shell   |",
        "iothub_influx_demo": "| 1 | 2 |   Shell   |",
        "circleci-insight-influx": "| 1 | 1 |   Go   |",
        "go-sdk": "| 1 | 0 |   None   |",
        "nats-streaming-server": "| 1 | 0 |   None   |",
        "influxdb-v1-to-v2": "| 1 | 0 |   TypeScript   |",
        "line-protocol-corpus": "| 1 | 1 |   CUE   |",
        "influx_tsm": "| 1 | 1 |   Go   |",
        "sedg": "| 1 | 0 |   Python   |",
        "communitysearch": "| 1 | 1 |   HTML   |",
        "intellij-flux": "| 1 | 2 |   Kotlin   |",
        "usage-client": "| 0 | 7 |   Go   |",
        "benchy": "| 0 | 1 |   Go   |",
        "branding": "| 0 | 3 |   CSS   |",
        "zap": "| 0 | 0 |   Go   |",
        "semaphore": "| 0 | 1 |   Go   |",
        "influxdb-firehose-nozzle": "| 0 | 1 |   Go   |",
        "hll-check": "| 0 | 1 |   Go   |",
        "intel-influxdata": "| 0 | 10 |   Shell   |",
        "lock": "| 0 | 1 |   JavaScript   |",
        "dygraphs": "| 0 | 1 |   JavaScript   |",
        "pubnub": "| 0 | 1 |   JavaScript   |",
        "docker-client": "| 0 | 1 |   Go   |",
        "chronograf-style-guide": "| 0 | 1 |   None   |",
        "changelog-test": "| 0 | 1 |   None   |",
        "Litmus": "| 0 | 0 |   Python   |",
        "gobreaker": "| 0 | 1 |   Go   |",
        "roaring": "| 0 | 2 |   Go   |",
        "goreleaser": "| 0 | 2 |   Go   |",
        "flux-fuzz": "| 0 | 1 |   Shell   |",
        "semantic-pull-requests": "| 0 | 1 |   JavaScript   |",
        "react-custom-scrollbars": "| 0 | 2 |   JavaScript   |",
        "go-ping": "| 0 | 1 |   Go   |",
        "clasee": "| 0 | 0 |   Go   |",
        "bleve": "| 0 | 0 |   Go   |",
        "httprouter": "| 0 | 2 |   Go   |",
        "flux-lsp-cli": "| 0 | 2 |   JavaScript   |",
        "telemetry_influxdb": "| 0 | 4 |   Elixir   |",
        "influxdb-clients-apigen": "| 0 | 0 |   Mustache   |",
        "testdata": "| 0 | 0 |   None   |",
        "libvault": "| 0 | 2 |   Go   |",
        "pears": "| 0 | 0 |   Elixir   |",
        "influx-vis": "| 0 | 0 |   TypeScript   |",
        "raft-boltdb": "| 0 | 0 |   Go   |",
        "oss-ui-metrics-proxy": "| 0 | 0 |   JavaScript   |",
        "apcupsd": "| 0 | 1 |   Go   |",
        "presto-gateway": "| 0 | 0 |   JavaScript   |",
        "circleci-helper": "| 0 | 1 |   Go   |",
        "pkg-backup": "| 0 | 1 |   None   |",
        "oapi-codegen": "| 0 | 2 |   None   |",
        "gosnowflake": "| 0 | 0 |   Go   |",
        "lspower": "| 0 | 1 |   None   |",
        "cargo-bump": "| 0 | 1 |   None   |",
        "gotestskip": "| 0 | 1 |   Go   |",
        "nifikop": "| 0 | 2 |   Go   |",
        "go-samples": "| 0 | 0 |   Go   |",
        "validate-semantic-github-messages": "| 0 | 2 |   Shell   |",
        "nifi": "| 0 | 0 |   Java   |",
        "rustup.install": "| 0 | 0 |   None   |",
        "InfluxDB-Roadshow-Training": "| 0 | 0 |   None   |",
        "tomldoc": "| 0 | 0 |   Go   |",
        "awx-ee": "| 0 | 0 |   Dockerfile   |",
        "sinker": "| 0 | 0 |   Rust   |",
        "google-cloud-rust": "| 0 | 0 |   None   |"
    }
}