{
    "company": "Intel Corporation",
    "h-index": 109,
    "repo count": 1040,
    "contributor count": 13518,
    "size": "todo",
    "employee count": "todo",
    "country": null,
    "top language": "C",
    "repos": {
        "hyperscan": "| 4215 | 650 |   C++   |",
        "acat": "| 3190 | 631 |   C#   |",
        "haxm": "| 3036 | 843 |   C   |",
        "appframework": "| 2441 | 907 |   CSS   |",
        "pcm": "| 2089 | 401 |   C++   |",
        "linux-sgx": "| 1136 | 507 |   C++   |",
        "neural-compressor": "| 1077 | 167 |   Python   |",
        "scikit-learn-intelex": "| 957 | 159 |   Python   |",
        "llvm": "| 919 | 545 |   None   |",
        "nemu": "| 915 | 111 |   C   |",
        "compute-runtime": "| 913 | 220 |   C++   |",
        "caffe": "| 842 | 500 |   C++   |",
        "media-driver": "| 787 | 313 |   C   |",
        "isa-l": "| 774 | 273 |   C   |",
        "intel-extension-for-pytorch": "| 767 | 110 |   Python   |",
        "cve-bin-tool": "| 731 | 328 |   Python   |",
        "optimization-manual": "| 605 | 66 |   Assembly   |",
        "fastuidraw": "| 601 | 58 |   C++   |",
        "intel-cmt-cat": "| 599 | 179 |   C   |",
        "libipt": "| 582 | 151 |   C   |",
        "clDNN": "| 573 | 117 |   C++   |",
        "libxcam": "| 538 | 223 |   C++   |",
        "libva": "| 520 | 287 |   C   |",
        "intel-graphics-compiler": "| 503 | 144 |   C++   |",
        "x86-simd-sort": "| 492 | 25 |   C++   |",
        "wds": "| 490 | 102 |   C++   |",
        "Intel-Linux-Processor-Microcode-Data-Files": "| 470 | 70 |   None   |",
        "thermal_daemon": "| 466 | 114 |   C++   |",
        "gvt-linux": "| 464 | 96 |   C   |",
        "kernel-fuzzer-for-xen-project": "| 444 | 77 |   C   |",
        "cc-oci-runtime": "| 417 | 59 |   C   |",
        "tinycbor": "| 409 | 180 |   C   |",
        "ARM_NEON_2_x86_SSE": "| 370 | 138 |   C   |",
        "yarpgen": "| 362 | 43 |   C++   |",
        "intel-device-plugins-for-kubernetes": "| 358 | 186 |   Go   |",
        "tinycrypt": "| 348 | 144 |   C   |",
        "safestringlib": "| 328 | 82 |   C   |",
        "QAT_Engine": "| 327 | 115 |   C   |",
        "linux-sgx-driver": "| 324 | 169 |   C   |",
        "xess": "| 314 | 23 |   C   |",
        "idlf": "| 311 | 88 |   C++   |",
        "ad-rss-lib": "| 300 | 125 |   C++   |",
        "ipp-crypto": "| 273 | 68 |   C   |",
        "intel-vaapi-driver": "| 267 | 124 |   C   |",
        "compile-time-init-build": "| 259 | 25 |   C++   |",
        "opencl-intercept-layer": "| 256 | 71 |   C++   |",
        "rohd": "| 256 | 55 |   Dart   |",
        "intel-ipsec-mb": "| 241 | 81 |   C   |",
        "FSP": "| 234 | 110 |   C   |",
        "confidential-computing-zoo": "| 229 | 41 |   CMake   |",
        "intel-extension-for-tensorflow": "| 228 | 31 |   C++   |",
        "isa-l_crypto": "| 224 | 79 |   Assembly   |",
        "intel-extension-for-transformers": "| 218 | 21 |   Python   |",
        "lkp-tests": "| 212 | 127 |   Shell   |",
        "userspace-cni-network-plugin": "| 211 | 66 |   Go   |",
        "ozone-wayland": "| 210 | 81 |   C++   |",
        "dffml": "| 210 | 146 |   Python   |",
        "SGXDataCenterAttestationPrimitives": "| 206 | 137 |   C++   |",
        "intel-sgx-ssl": "| 199 | 70 |   C   |",
        "IntelSEAPI": "| 197 | 54 |   Python   |",
        "bmap-tools": "| 194 | 51 |   Python   |",
        "depth-camera-web-demo": "| 194 | 58 |   JavaScript   |",
        "CPU-Manager-for-Kubernetes": "| 190 | 87 |   Python   |",
        "rmd": "| 189 | 36 |   Go   |",
        "asynch_mode_nginx": "| 186 | 59 |   C   |",
        "msr-tools": "| 185 | 72 |   C   |",
        "hexl": "| 181 | 41 |   C++   |",
        "ros_object_analytics": "| 177 | 60 |   C++   |",
        "zephyr.js": "| 176 | 72 |   C   |",
        "generic-sensor-demos": "| 175 | 95 |   HTML   |",
        "lmbench": "| 174 | 77 |   C   |",
        "ipmctl": "| 173 | 62 |   C   |",
        "sgx-ra-sample": "| 171 | 66 |   C++   |",
        "PerfSpect": "| 170 | 19 |   Python   |",
        "intel-qs": "| 168 | 65 |   C++   |",
        "virtual-storage-manager": "| 164 | 106 |   Python   |",
        "systemc-compiler": "| 158 | 30 |   C++   |",
        "webml-polyfill": "| 153 | 46 |   Python   |",
        "pmem-csi": "| 153 | 57 |   Go   |",
        "rib": "| 147 | 80 |   JavaScript   |",
        "libyami": "| 147 | 107 |   C++   |",
        "ros_openvino_toolkit": "| 147 | 78 |   C++   |",
        "libva-utils": "| 145 | 155 |   C   |",
        "ideep": "| 145 | 84 |   C++   |",
        "gmmlib": "| 141 | 80 |   C++   |",
        "ros2_grasp_library": "| 140 | 40 |   C++   |",
        "cri-resource-manager": "| 139 | 57 |   Go   |",
        "ros2_openvino_toolkit": "| 137 | 82 |   C++   |",
        "XBB": "| 133 | 12 |   C++   |",
        "linux-intel-lts": "| 132 | 83 |   C   |",
        "numatop": "| 130 | 42 |   C   |",
        "CeTune": "| 130 | 79 |   Python   |",
        "cm-compiler": "| 130 | 53 |   C++   |",
        "ros2_intel_realsense": "| 130 | 99 |   C++   |",
        "pti-gpu": "| 129 | 31 |   C++   |",
        "fMBT": "| 127 | 73 |   Python   |",
        "ros_intel_movidius_ncs": "| 126 | 60 |   C++   |",
        "mpi-benchmarks": "| 125 | 63 |   C   |",
        "sgx-software-enable": "| 123 | 45 |   C   |",
        "mOS": "| 122 | 29 |   C   |",
        "zlib": "| 118 | 32 |   C   |",
        "fiovisualizer": "| 117 | 37 |   Python   |",
        "platform-aware-scheduling": "| 117 | 38 |   Go   |",
        "tdx-tools": "| 116 | 39 |   C   |",
        "ehsm": "| 115 | 38 |   C++   |",
        "pm-graph": "| 114 | 53 |   Python   |",
        "Intel-Pattern-Matching-Technology": "| 110 | 35 |   C++   |",
        "SDN-NFV-Hands-on-Samples": "| 110 | 69 |   Shell   |",
        "clear-sans": "| 109 | 14 |   None   |",
        "MLSL": "| 107 | 43 |   C++   |",
        "ModernFW": "| 107 | 18 |   C   |",
        "iotg_tsn_ref_sw": "| 106 | 62 |   C   |",
        "he-toolkit": "| 106 | 20 |   TeX   |",
        "FPGA-Devcloud": "| 104 | 58 |   C++   |",
        "handwritten-chinese-ocr-samples": "| 104 | 18 |   Python   |",
        "opencl-clang": "| 103 | 53 |   C++   |",
        "ioprof": "| 100 | 33 |   Perl   |",
        "FlexRAN": "| 100 | 33 |   C   |",
        "intelRSD": "| 99 | 59 |   C++   |",
        "ros2_object_analytics": "| 97 | 45 |   C++   |",
        "graphbuilder": "| 95 | 33 |   Java   |",
        "thunderbolt-software-user-space": "| 95 | 23 |   C++   |",
        "luv-yocto": "| 93 | 77 |   Python   |",
        "QATzip": "| 93 | 43 |   C   |",
        "yask": "| 91 | 35 |   C++   |",
        "beignet": "| 90 | 37 |   C++   |",
        "gazebo-realsense": "| 89 | 65 |   C++   |",
        "iodlr": "| 88 | 29 |   C   |",
        "gstreamer-media-SDK": "| 85 | 54 |   C   |",
        "rapid-design-methods-for-developing-hardware-accelerators": "| 85 | 16 |   C++   |",
        "oneapi-containers": "| 84 | 41 |   Singularity   |",
        "compute-samples": "| 83 | 18 |   C++   |",
        "chainer": "| 82 | 21 |   Python   |",
        "perfmon": "| 82 | 19 |   Python   |",
        "collision-avoidance-library": "| 81 | 40 |   C++   |",
        "fpga-partial-reconfig": "| 81 | 42 |   SystemVerilog   |",
        "robot_devkit": "| 81 | 34 |   Shell   |",
        "intel-iot-services-orchestration-layer": "| 80 | 61 |   CSS   |",
        "vbh": "| 80 | 24 |   C   |",
        "neuro-vectorizer": "| 79 | 30 |   C   |",
        "kvm-sgx": "| 76 | 27 |   C   |",
        "Resilient-ML-Research-Platform": "| 76 | 26 |   Python   |",
        "metrics-discovery": "| 74 | 37 |   C++   |",
        "dptfxtract": "| 73 | 9 |   None   |",
        "satt": "| 72 | 16 |   C++   |",
        "ipu6-drivers": "| 71 | 30 |   C   |",
        "dptf": "| 70 | 35 |   C++   |",
        "container-experience-kits": "| 70 | 43 |   Jinja   |",
        "Converter-for-OPCUA": "| 70 | 21 |   Python   |",
        "light-model-transformer": "| 70 | 18 |   Python   |",
        "cppnnml": "| 70 | 26 |   C++   |",
        "processwatch": "| 70 | 4 |   C   |",
        "qemu-lite": "| 68 | 27 |   C   |",
        "sawr": "| 68 | 31 |   OpenSCAD   |",
        "qemu-sgx": "| 68 | 27 |   C   |",
        "istio-tcpip-bypass": "| 68 | 22 |   C   |",
        "hexl-fpga": "| 66 | 22 |   C++   |",
        "clGPU": "| 65 | 19 |   C++   |",
        "BCT": "| 63 | 16 |   None   |",
        "CommsPowerManagement": "| 63 | 30 |   Python   |",
        "workload-collocation-agent": "| 63 | 36 |   Python   |",
        "dps-for-iot": "| 62 | 23 |   C   |",
        "parameter-framework": "| 60 | 53 |   C++   |",
        "kernelflinger": "| 60 | 63 |   C   |",
        "Theano": "| 60 | 16 |   Python   |",
        "INTEL-SA-00075-Linux-Detection-And-Mitigation-Tools": "| 60 | 14 |   C   |",
        "device-modeling-language": "| 60 | 32 |   Python   |",
        "aib-phy-hardware": "| 59 | 17 |   Verilog   |",
        "Igvtg-qemu": "| 58 | 38 |   C   |",
        "tdx": "| 58 | 18 |   None   |",
        "qpl": "| 58 | 13 |   C   |",
        "xom-switch": "| 56 | 14 |   Python   |",
        "intel-one-mono": "| 56 | 2 |   None   |",
        "ledmon": "| 55 | 43 |   C   |",
        "BaseKit-code-samples": "| 55 | 26 |   None   |",
        "pyMIC": "| 54 | 16 |   C++   |",
        "tfortools": "| 54 | 13 |   Go   |",
        "torch-ccl": "| 54 | 15 |   C++   |",
        "depthcamera-3d-model-web-demo": "| 53 | 14 |   JavaScript   |",
        "Immintrin-debug": "| 53 | 9 |   C   |",
        "media-delivery": "| 53 | 27 |   Shell   |",
        "mlir-extensions": "| 53 | 20 |   MLIR   |",
        "openvino-ai-plugins-gimp": "| 52 | 5 |   Python   |",
        "web-simulator": "| 51 | 48 |   JavaScript   |",
        "de10-nano-hardware": "| 51 | 21 |   Tcl   |",
        "pailliercryptolib": "| 51 | 7 |   C++   |",
        "BDTK": "| 51 | 25 |   C++   |",
        "soft-crc": "| 50 | 18 |   C   |",
        "ikgt-core": "| 49 | 39 |   C   |",
        "ittapi": "| 49 | 33 |   Rust   |",
        "gna": "| 49 | 17 |   C++   |",
        "libdmclient": "| 48 | 47 |   C   |",
        "qatlib": "| 48 | 19 |   C   |",
        "DML": "| 47 | 14 |   C++   |",
        "kubernetes-power-manager": "| 47 | 17 |   Go   |",
        "edison-linux": "| 46 | 51 |   C   |",
        "high-density-scalable-load-balancer": "| 46 | 9 |   C   |",
        "Igvtg-kernel": "| 45 | 33 |   C   |",
        "zephyr": "| 45 | 38 |   C   |",
        "cartwheel-ffmpeg": "| 45 | 25 |   None   |",
        "ffmpeg_libyami": "| 44 | 25 |   C   |",
        "cNVMe": "| 43 | 15 |   C++   |",
        "S0ixSelftestTool": "| 43 | 9 |   Shell   |",
        "liblwm2m": "| 42 | 27 |   C   |",
        "iotivity-node": "| 42 | 43 |   JavaScript   |",
        "ikgt-manifest": "| 42 | 16 |   None   |",
        "memory-bandwidth-benchmarks": "| 42 | 6 |   C   |",
        "ccc-linux-guest-hardening": "| 41 | 11 |   Python   |",
        "KVMGT-kernel": "| 40 | 19 |   C   |",
        "openlldp": "| 40 | 39 |   C   |",
        "nn-hal": "| 40 | 50 |   C++   |",
        "meta-de10-nano": "| 39 | 27 |   C   |",
        "torch": "| 38 | 15 |   CMake   |",
        "onnxruntime": "| 38 | 13 |   C++   |",
        "Display-Virtualization-for-Windows-OS": "| 38 | 10 |   C++   |",
        "intel-sdsi": "| 38 | 6 |   None   |",
        "libnica": "| 37 | 16 |   C   |",
        "vc-intrinsics": "| 37 | 42 |   C++   |",
        "openvino-rs": "| 37 | 12 |   Rust   |",
        "iotg-yocto-bsp-public": "| 36 | 26 |   None   |",
        "intel-hybrid-driver": "| 35 | 31 |   C++   |",
        "android-iio-sensors-hal": "| 35 | 42 |   C   |",
        "IA-Hardware-Composer": "| 35 | 85 |   C++   |",
        "hdcp": "| 35 | 25 |   C++   |",
        "backport-iwlwifi": "| 35 | 25 |   C   |",
        "Edge-Software-Provisioner": "| 35 | 27 |   Shell   |",
        "conversational-ai-chatbot": "| 35 | 15 |   Python   |",
        "ocr": "| 34 | 9 |   None   |",
        "edison-u-boot": "| 34 | 23 |   C   |",
        "DAFT": "| 34 | 18 |   Python   |",
        "ecfw-zephyr": "| 34 | 19 |   C   |",
        "intel-iot-refkit": "| 33 | 61 |   Python   |",
        "inference-engine-node": "| 33 | 8 |   JavaScript   |",
        "goresctrl": "| 33 | 11 |   Go   |",
        "pse-fw": "| 33 | 2 |   C   |",
        "XenGT-Preview-kernel": "| 32 | 14 |   C   |",
        "intel-arduino-tools": "| 32 | 26 |   Go   |",
        "Galileo-Runtime": "| 32 | 27 |   C   |",
        "meta-intel-iot-security": "| 32 | 47 |   Python   |",
        "ccloudvm": "| 32 | 19 |   Go   |",
        "idxd-config": "| 32 | 24 |   C   |",
        "riggingtools": "| 32 | 9 |   C++   |",
        "vmtaint": "| 32 | 5 |   C++   |",
        "pailliercryptolib_python": "| 32 | 8 |   Python   |",
        "modsecurity-wasm-filter": "| 32 | 11 |   C++   |",
        "dynamic-application-loader-host-interface": "| 31 | 20 |   C++   |",
        "stacks": "| 31 | 18 |   Shell   |",
        "fpga-training": "| 31 | 7 |   Jupyter Notebook   |",
        "xpumanager": "| 31 | 10 |   C++   |",
        "intent-driven-orchestration": "| 31 | 6 |   Go   |",
        "zephyrjs-ide": "| 30 | 31 |   JavaScript   |",
        "prd": "| 29 | 17 |   C   |",
        "intel-pmwatch": "| 29 | 7 |   C   |",
        "HPCKit-code-samples": "| 29 | 15 |   None   |",
        "host-int": "| 29 | 4 |   C   |",
        "sgx-pytorch": "| 29 | 4 |   C++   |",
        "fpga-npu": "| 29 | 10 |   SystemVerilog   |",
        "dleyna-server": "| 28 | 28 |   C   |",
        "ixpdimm_sw": "| 28 | 13 |   C   |",
        "jit-spray-poc-for-ksp": "| 28 | 17 |   C   |",
        "optimized-models": "| 28 | 28 |   Python   |",
        "crypto-api-toolkit": "| 28 | 23 |   C++   |",
        "Deep-learning-math-kernel-research": "| 28 | 25 |   C++   |",
        "qemu-tdx": "| 28 | 3 |   None   |",
        "webapps-scientific-calculator": "| 27 | 33 |   JavaScript   |",
        "memory-optimizer": "| 27 | 18 |   C++   |",
        "afxdp-plugins-for-kubernetes": "| 27 | 10 |   Go   |",
        "thunderbolt-software-kernel-tree": "| 26 | 10 |   C   |",
        "ros2_intel_movidius_ncs": "| 26 | 16 |   C++   |",
        "AiKit-code-samples": "| 26 | 9 |   None   |",
        "drivers.gpu.control-library": "| 26 | 12 |   C   |",
        "KVMGT-qemu": "| 25 | 9 |   C   |",
        "pinball2elf": "| 25 | 6 |   C++   |",
        "GPGMM": "| 25 | 7 |   C++   |",
        "trusted-certificate-issuer": "| 25 | 16 |   Go   |",
        "hetero-streams": "| 24 | 10 |   C++   |",
        "efiwrapper": "| 24 | 14 |   C   |",
        "node-realsense": "| 24 | 21 |   C++   |",
        "linux-sgx-pcl": "| 24 | 7 |   C++   |",
        "kubernetes-qat-envoy": "| 24 | 24 |   C++   |",
        "QAT-ZSTD-Plugin": "| 24 | 5 |   C   |",
        "webapps-todo-list": "| 23 | 16 |   CSS   |",
        "libyami-utils": "| 23 | 45 |   C++   |",
        "intel-camera-drivers": "| 23 | 17 |   C   |",
        "depthcamera-pointcloud-web-demo": "| 23 | 13 |   JavaScript   |",
        "uintr-ipc-bench": "| 23 | 4 |   C   |",
        "gits": "| 23 | 2 |   C++   |",
        "webapps-annex": "| 22 | 25 |   JavaScript   |",
        "cmrt": "| 22 | 26 |   C++   |",
        "qmsi": "| 22 | 10 |   None   |",
        "ipu6-camera-hal": "| 22 | 22 |   C   |",
        "fpga-runtime-for-opencl": "| 22 | 21 |   C++   |",
        "uintr-linux-kernel": "| 22 | 6 |   C   |",
        "workload-services-framework": "| 22 | 16 |   Shell   |",
        "umf": "| 21 | 20 |   C++   |",
        "linux-intel-4.9": "| 21 | 19 |   C   |",
        "ros_opencl_caffe": "| 21 | 12 |   C++   |",
        "tcf": "| 21 | 29 |   Python   |",
        "vaapi-fits": "| 21 | 33 |   Python   |",
        "lms": "| 21 | 7 |   C++   |",
        "fffc": "| 21 | 3 |   Python   |",
        "workflow-profiler": "| 20 | 12 |   Python   |",
        "wayland-tracker": "| 20 | 9 |   Haskell   |",
        "ciao-webui": "| 20 | 13 |   JavaScript   |",
        "ros2_message_filters": "| 20 | 19 |   C++   |",
        "code-base-investigator": "| 20 | 9 |   Python   |",
        "XenGT-Preview-xen": "| 19 | 7 |   None   |",
        "cordova-google-play-games-services": "| 19 | 17 |   Java   |",
        "base64": "| 19 | 10 |   C   |",
        "HPC-containers-from-Intel": "| 19 | 10 |   None   |",
        "iotg-fbu": "| 19 | 11 |   Python   |",
        "igsc": "| 19 | 6 |   C   |",
        "ParseAndC": "| 19 | 3 |   Python   |",
        "OpenVINO-optimization-for-PointPillars": "| 19 | 4 |   C++   |",
        "intel-application-migration-tool-for-openacc-to-openmp": "| 19 | 3 |   Python   |",
        "e2eAIOK": "| 19 | 10 |   Python   |",
        "MTMC-Temporal-Profiler": "| 19 | 4 |   C++   |",
        "safe-arithmetic": "| 19 | 1 |   C++   |",
        "murphy": "| 18 | 15 |   C   |",
        "isaac": "| 18 | 12 |   C++   |",
        "ref-os-iot": "| 18 | 20 |   BitBake   |",
        "openshift-container-architecture": "| 18 | 8 |   Jinja   |",
        "Board-Instrumentation-Framework": "| 18 | 19 |   Java   |",
        "iasimage": "| 18 | 16 |   Python   |",
        "ias": "| 18 | 29 |   C   |",
        "GrapheneSGX-Golang-Support-and-Enhancement": "| 18 | 10 |   C   |",
        "llvm-test-suite": "| 18 | 134 |   Logos   |",
        "Intel-PMT": "| 18 | 6 |   Python   |",
        "rohd-vf": "| 18 | 8 |   Dart   |",
        "appframeworkPlugins": "| 17 | 23 |   JavaScript   |",
        "KVMGT-seabios": "| 17 | 10 |   C   |",
        "IntelRackScaleArchitecture": "| 17 | 20 |   C++   |",
        "lineuse": "| 17 | 7 |   Perl6   |",
        "iot-js-api": "| 17 | 19 |   JavaScript   |",
        "php_pgo_training_scripts": "| 17 | 15 |   PHP   |",
        "mainline-tracking": "| 17 | 19 |   C   |",
        "meta-acrn": "| 17 | 43 |   Shell   |",
        "idxd-driver": "| 17 | 7 |   C   |",
        "pfr-wilson-city": "| 17 | 4 |   SystemVerilog   |",
        "kubevirt-gfx-sriov": "| 17 | 7 |   Shell   |",
        "intel-extension-for-deepspeed": "| 17 | 11 |   C++   |",
        "AI-Hackathon": "| 17 | 9 |   Jupyter Notebook   |",
        "cloudeebus": "| 16 | 16 |   JavaScript   |",
        "dleyna-renderer": "| 16 | 19 |   C   |",
        "bat": "| 16 | 12 |   C   |",
        "CODK-A-X86": "| 16 | 12 |   C   |",
        "psst": "| 16 | 6 |   C   |",
        "Edge-optimized-models": "| 16 | 7 |   None   |",
        "Intel-AI-Skills": "| 16 | 6 |   C#   |",
        "libaji_client": "| 16 | 4 |   C++   |",
        "intel-ethernet-operator": "| 16 | 8 |   Go   |",
        "CODK-A": "| 15 | 13 |   Makefile   |",
        "external-mesa": "| 15 | 56 |   C   |",
        "AVBStreamHandler": "| 15 | 22 |   C++   |",
        "oim": "| 15 | 9 |   Go   |",
        "metee": "| 15 | 10 |   C   |",
        "supra-on-oneapi": "| 15 | 6 |   Jupyter Notebook   |",
        "compute-benchmarks": "| 15 | 13 |   C++   |",
        "terraform-intel-azure-mysql-flexible-server": "| 15 | 1 |   HCL   |",
        "terraform-intel-aws-mysql": "| 15 | 2 |   HCL   |",
        "cpu-control-plane-plugin-for-kubernetes": "| 15 | 6 |   Go   |",
        "webapps-flashcards": "| 14 | 18 |   JavaScript   |",
        "psm": "| 14 | 19 |   C   |",
        "hpc-speedometer": "| 14 | 4 |   C++   |",
        "Igvtg-xen": "| 14 | 14 |   C   |",
        "open-network-insight": "| 14 | 8 |   None   |",
        "HFAV": "| 14 | 4 |   Python   |",
        "container-experience-kits-demo-area": "| 14 | 11 |   Shell   |",
        "event-converter-for-linux-perf": "| 14 | 6 |   Python   |",
        "ipu6-camera-bins": "| 14 | 13 |   C   |",
        "intel-inb-manageability": "| 14 | 13 |   Python   |",
        "sgx-emm": "| 14 | 6 |   C   |",
        "terraform-intel-aws-postgresql": "| 14 | 1 |   HCL   |",
        "terraform-intel-azure-postgresql-flexible-server": "| 14 | 1 |   HCL   |",
        "policy-library-intel-aws": "| 14 | 1 |   HCL   |",
        "webapps-go": "| 13 | 15 |   JavaScript   |",
        "wayland-fits": "| 13 | 14 |   C++   |",
        "icamerasrc": "| 13 | 27 |   None   |",
        "llvm-patches": "| 13 | 12 |   CMake   |",
        "ros2_object_map": "| 13 | 8 |   Python   |",
        "multi_power_sequencer": "| 13 | 4 |   SystemVerilog   |",
        "powergov": "| 13 | 8 |   C   |",
        "stacks-usecase": "| 13 | 21 |   Python   |",
        "metrics-library": "| 13 | 3 |   C++   |",
        "pepc": "| 13 | 7 |   Python   |",
        "oneAPI-Ultrasound-Beamforming-Library": "| 13 | 4 |   C   |",
        "terraform-intel-aws-example-app": "| 13 | 1 |   HCL   |",
        "terraform-intel-azure-example-app": "| 13 | 0 |   HCL   |",
        "policy-library-intel-azure": "| 13 | 0 |   HCL   |",
        "svr-info": "| 13 | 7 |   Go   |",
        "nlpljs": "| 12 | 9 |   HTML   |",
        "webnfc-shoppingcart-demo": "| 12 | 18 |   JavaScript   |",
        "minigbm": "| 12 | 40 |   C   |",
        "ros_moving_object": "| 12 | 9 |   C++   |",
        "linux-intel-quilt": "| 12 | 7 |   Roff   |",
        "media-lab": "| 12 | 10 |   C++   |",
        "ui-widget-toolkit": "| 12 | 7 |   TypeScript   |",
        "retail-node-installer": "| 12 | 6 |   Shell   |",
        "wult": "| 12 | 6 |   Python   |",
        "pf-bb-config": "| 12 | 9 |   C   |",
        "pinplay-tools": "| 12 | 8 |   Python   |",
        "Intel-Vector-Data-Streaming-Library": "| 12 | 3 |   C   |",
        "adq-k8s-plugins": "| 12 | 2 |   Go   |",
        "Training-and-Learning-Suite": "| 12 | 10 |   JavaScript   |",
        "terraform-intel-aws-vm": "| 12 | 2 |   HCL   |",
        "vpu-nn-cost-model": "| 12 | 1 |   C++   |",
        "yoko-tool": "| 11 | 15 |   Python   |",
        "Reference-PE-and-Measurements-DB-for-WiFi-Time-based-Scalable-Location": "| 11 | 13 |   MATLAB   |",
        "Middleware-Metering": "| 11 | 5 |   Go   |",
        "xenomai": "| 11 | 5 |   Go   |",
        "vscode-oneapi-analysis-configurator": "| 11 | 5 |   TypeScript   |",
        "CacheLib": "| 11 | 4 |   C++   |",
        "gvk": "| 11 | 1 |   C++   |",
        "terraform-intel-azure-mssql": "| 11 | 1 |   HCL   |",
        "open-domain-question-and-answer": "| 11 | 5 |   Python   |",
        "terraform-intel-azure-linux-vm": "| 11 | 2 |   HCL   |",
        "gbs": "| 10 | 14 |   Python   |",
        "edkiibuilddataviewer": "| 10 | 9 |   C++   |",
        "dleyna-core": "| 10 | 21 |   C   |",
        "hpc-overhead": "| 10 | 3 |   C++   |",
        "ffvademo": "| 10 | 9 |   C   |",
        "meta-security-isafw": "| 10 | 25 |   Python   |",
        "gazebo-sitl": "| 10 | 14 |   C++   |",
        "spark-mpi-adapter": "| 10 | 6 |   C++   |",
        "mklnn": "| 10 | 5 |   C   |",
        "INTEL-SA-00086-Linux-Recovery-Tools": "| 10 | 13 |   Shell   |",
        "ros_object_map": "| 10 | 5 |   Python   |",
        "sgx-autotools-templates": "| 10 | 5 |   M4   |",
        "WiFi-Location-Core-PE-and-Measurement-Database": "| 10 | 9 |   MATLAB   |",
        "test-framework-and-suites-for-android": "| 10 | 10 |   Python   |",
        "sgx-gmp-demo": "| 10 | 6 |   Makefile   |",
        "idxd": "| 10 | 3 |   HTML   |",
        "integrated-media-inference-framework": "| 10 | 3 |   C++   |",
        "aji_openocd": "| 10 | 4 |   C   |",
        "crypto-reference-stack": "| 10 | 8 |   Shell   |",
        "gdb": "| 10 | 1 |   C   |",
        "video-streamer": "| 10 | 2 |   Python   |",
        "terraform-intel-azure-app-service-plan": "| 10 | 0 |   HCL   |",
        "terraform-intel-azure-app-service-linux": "| 10 | 0 |   HCL   |",
        "webapps-mancala": "| 9 | 11 |   JavaScript   |",
        "mic": "| 9 | 15 |   Python   |",
        "mayloon-portingtool": "| 9 | 9 |   JavaScript   |",
        "parameter-framework-samples": "| 9 | 6 |   Shell   |",
        "corelibs-galileo": "| 9 | 27 |   C++   |",
        "edison-bcm43340": "| 9 | 13 |   C   |",
        "AppSecurityApi": "| 9 | 18 |   JavaScript   |",
        "ikgt-uefi-loader": "| 9 | 6 |   C   |",
        "opa-firmware": "| 9 | 5 |   C   |",
        "nacl-multicast-streaming": "| 9 | 8 |   C++   |",
        "ProductionKernelQuilts": "| 9 | 9 |   None   |",
        "osadsp-qemu": "| 9 | 7 |   C   |",
        "invm-frameworks": "| 9 | 6 |   C++   |",
        "net-test-suites": "| 9 | 14 |   C++   |",
        "AVB-AudioModules": "| 9 | 9 |   C++   |",
        "sgx-gmp": "| 9 | 9 |   C   |",
        "sgx-cpu-feature-detection": "| 9 | 3 |   M4   |",
        "image-quality-and-characterization-utilities": "| 9 | 6 |   C++   |",
        "mpi": "| 9 | 6 |   Shell   |",
        "RetailWorkloadOrchestrator": "| 9 | 9 |   Go   |",
        "oneapi-cli": "| 9 | 2 |   Go   |",
        "ocm": "| 9 | 6 |   C++   |",
        "linux-kernel-overlay": "| 9 | 1 |   C++   |",
        "shim-tdx": "| 9 | 3 |   C   |",
        "cloud-client-ai-service-framework": "| 9 | 8 |   C++   |",
        "helm-charts": "| 9 | 11 |   Mustache   |",
        "ai-workflows": "| 9 | 6 |   Makefile   |",
        "terraform-intel-aws-mssql": "| 9 | 1 |   HCL   |",
        "srs": "| 9 | 2 |   Shell   |",
        "webapps-shopping-list": "| 8 | 12 |   JavaScript   |",
        "dleyna-control": "| 8 | 12 |   Python   |",
        "af-carousel": "| 8 | 10 |   JavaScript   |",
        "XenGT-Preview-qemu": "| 8 | 6 |   None   |",
        "DualScreen.Net": "| 8 | 10 |   C#   |",
        "webbluetooth-edison-demo": "| 8 | 14 |   HTML   |",
        "small-gpu-rendering-examples": "| 8 | 5 |   C++   |",
        "meta-intel-camera": "| 8 | 7 |   BitBake   |",
        "keras": "| 8 | 5 |   Python   |",
        "hwc": "| 8 | 8 |   C++   |",
        "android-audio-hal": "| 8 | 9 |   C++   |",
        "driving-data-collection-reference-kit": "| 8 | 8 |   JavaScript   |",
        "threatminer-for-sdl": "| 8 | 5 |   JavaScript   |",
        "aca": "| 8 | 3 |   C   |",
        "linux-stable-xenomai": "| 8 | 9 |   C   |",
        "iotg-yocto-ese-manifest": "| 8 | 6 |   None   |",
        "lpp-network-trace": "| 8 | 6 |   JavaScript   |",
        "ipmctl-exporter": "| 8 | 2 |   Go   |",
        "MediaSDK-VPU": "| 8 | 2 |   C++   |",
        "observability-telegraf": "| 8 | 3 |   Shell   |",
        "PTP-optimization": "| 8 | 3 |   Python   |",
        "edge-video-analytics-microservice": "| 8 | 7 |   Python   |",
        "RAAD": "| 8 | 2 |   Python   |",
        "gardener-extension-cri-resmgr": "| 8 | 5 |   Go   |",
        "istio": "| 8 | 13 |   Go   |",
        "linux-vpu-driver": "| 8 | 0 |   C++   |",
        "rohd-cosim": "| 8 | 2 |   Dart   |",
        "openvino-plugins-for-obs-studio": "| 8 | 0 |   C++   |",
        "webapps-bubblewrap": "| 7 | 16 |   HTML   |",
        "webapps-hangonman": "| 7 | 21 |   JavaScript   |",
        "cloud-neard": "| 7 | 7 |   JavaScript   |",
        "omx_comp": "| 7 | 12 |   C++   |",
        "parameter-framework-plugins-alsa": "| 7 | 13 |   C++   |",
        "corelibs-edison": "| 7 | 22 |   C++   |",
        "ezIOmeter": "| 7 | 5 |   C#   |",
        "initsearchtool": "| 7 | 7 |   Python   |",
        "pin_based_cec": "| 7 | 6 |   C++   |",
        "esp-profile-ubuntu": "| 7 | 19 |   Shell   |",
        "vscode-sample-browser": "| 7 | 2 |   TypeScript   |",
        "media-analytics": "| 7 | 5 |   C++   |",
        "telemetry-connectors-for-openbmc-distribution": "| 7 | 4 |   Python   |",
        "platform-firmware-resiliency": "| 7 | 1 |   None   |",
        "fineibt_llvm": "| 7 | 4 |   C++   |",
        "ivsc-driver": "| 7 | 7 |   C   |",
        "flexmalloc": "| 7 | 3 |   Roff   |",
        "lkvs": "| 7 | 12 |   C   |",
        "rohd-hcl": "| 7 | 5 |   Dart   |",
        "webapps-sweetspot": "| 6 | 13 |   JavaScript   |",
        "webapps-slider-puzzle": "| 6 | 13 |   JavaScript   |",
        "webapps-memory-match": "| 6 | 14 |   JavaScript   |",
        "dleyna-linux": "| 6 | 6 |   M4   |",
        "buxton": "| 6 | 12 |   C   |",
        "gst-omx": "| 6 | 8 |   C   |",
        "CODK-Z": "| 6 | 11 |   Makefile   |",
        "libstructure": "| 6 | 5 |   C++   |",
        "CODK-M": "| 6 | 14 |   Makefile   |",
        "mavlink-vehicles": "| 6 | 9 |   C++   |",
        "meta-intel-sgx": "| 6 | 10 |   BitBake   |",
        "libmebo": "| 6 | 1 |   C   |",
        "Intel-Distribution-of-Weston": "| 6 | 6 |   C   |",
        "fl-tutorial": "| 6 | 10 |   Jupyter Notebook   |",
        "power-optimization-library": "| 6 | 3 |   Go   |",
        "compute-aggregation-layer": "| 6 | 2 |   C++   |",
        "AMX-TMUL-Code-Samples": "| 6 | 2 |   C   |",
        "webapps-memory-game-older-kids": "| 5 | 12 |   JavaScript   |",
        "cloud-dleyna": "| 5 | 9 |   JavaScript   |",
        "dleyna-connector-dbus": "| 5 | 12 |   C   |",
        "mayloon-runtime": "| 5 | 9 |   Java   |",
        "winthorpe": "| 5 | 6 |   C   |",
        "parameter-framework-plugins-filesystem": "| 5 | 6 |   C++   |",
        "player-ffmpeg-yami": "| 5 | 11 |   C   |",
        "TestReportCenter": "| 5 | 7 |   PHP   |",
        "baytrailaudio": "| 5 | 6 |   C   |",
        "APKexpansion": "| 5 | 12 |   Java   |",
        "isafw": "| 5 | 7 |   Python   |",
        "tsdv": "| 5 | 4 |   C   |",
        "libmei": "| 5 | 4 |   Perl   |",
        "OpenOCD": "| 5 | 11 |   C   |",
        "CODK-Z-Flashpack": "| 5 | 11 |   C   |",
        "widl-nan": "| 5 | 14 |   C++   |",
        "websensor-compass": "| 5 | 8 |   JavaScript   |",
        "scipy": "| 5 | 3 |   Python   |",
        "Intel-OpenStack-CI-jobs": "| 5 | 6 |   None   |",
        "clear-linux-dissector": "| 5 | 5 |   Go   |",
        "robot_devkit_src": "| 5 | 6 |   C++   |",
        "rt-perf-profiling-tool": "| 5 | 10 |   HTML   |",
        "DLFDKit-code-samples": "| 5 | 3 |   None   |",
        "rsp-sw-toolkit-im-suite-go-odata": "| 5 | 8 |   Go   |",
        "lvi-llvm-optimization-plugin": "| 5 | 2 |   C++   |",
        "cm-cpu-emulation": "| 5 | 2 |   C++   |",
        "IoTPortal": "| 5 | 3 |   PHP   |",
        "UFT": "| 5 | 4 |   Python   |",
        "grub-tdx": "| 5 | 1 |   C   |",
        "cartwheel-gstreamer": "| 5 | 9 |   None   |",
        "k8s-rdt-controller": "| 5 | 3 |   Go   |",
        "native-libs-monitor": "| 5 | 2 |   C   |",
        "nlp-training-and-inference-openvino": "| 5 | 0 |   Python   |",
        "terraform-intel-aws-elasticache-redis": "| 5 | 1 |   HCL   |",
        "smart-image-correction": "| 5 | 0 |   Python   |",
        "double-batched-fft-library": "| 5 | 6 |   C++   |",
        "workloadbreakdown": "| 5 | 2 |   C   |",
        "webapps-countingbeads": "| 4 | 9 |   JavaScript   |",
        "qib": "| 4 | 6 |   C   |",
        "webapps-tenframe": "| 4 | 11 |   JavaScript   |",
        "webapps-make-a-monster": "| 4 | 8 |   JavaScript   |",
        "obs-service-git-buildpackage": "| 4 | 5 |   Python   |",
        "android-bluez-device-intel-haswell": "| 4 | 3 |   Shell   |",
        "tmix-security": "| 4 | 7 |   JavaScript   |",
        "vsm-dependencies": "| 4 | 13 |   None   |",
        "edison-firmware": "| 4 | 8 |   C   |",
        "AudioLatencyTools": "| 4 | 3 |   C++   |",
        "arduino101-ble-demo": "| 4 | 9 |   C++   |",
        "iotg-lin-gfx-libdrm": "| 4 | 6 |   C   |",
        "iotg-lin-gfx-gstreamer-vaapi": "| 4 | 6 |   C   |",
        "branch_hinting_tool": "| 4 | 6 |   Python   |",
        "tinyTILE-Extended-Support-Library": "| 4 | 7 |   C++   |",
        "numpy": "| 4 | 4 |   C   |",
        "libva-h264": "| 4 | 8 |   C++   |",
        "vpx-image-transport": "| 4 | 9 |   C++   |",
        "nvt": "| 4 | 9 |   C   |",
        "VNB-main": "| 4 | 6 |   Shell   |",
        "object_msgs": "| 4 | 16 |   CMake   |",
        "intel-device-resource-mgt-lib": "| 4 | 13 |   C   |",
        "ros2_moving_object": "| 4 | 8 |   C++   |",
        "ros2_object_msgs": "| 4 | 12 |   CMake   |",
        "net-test-tools": "| 4 | 6 |   C   |",
        "earlyapp": "| 4 | 19 |   C++   |",
        "SmartXbar": "| 4 | 6 |   C++   |",
        "sails-mssql": "| 4 | 10 |   JavaScript   |",
        "dlafs": "| 4 | 5 |   C   |",
        "rni-profile-base-rancheros": "| 4 | 4 |   Shell   |",
        "sst-bf-openstack-setup-automation": "| 4 | 5 |   Python   |",
        "linux-intel-lts-xenomai": "| 4 | 4 |   C   |",
        "rmd-operator": "| 4 | 4 |   Go   |",
        "vaapi-bypass": "| 4 | 2 |   C   |",
        "gst-remote-offload": "| 4 | 2 |   C   |",
        "eth-psm3-fi": "| 4 | 3 |   C   |",
        "oneContainer-Templates": "| 4 | 1 |   M4   |",
        "pmem-perf-sweep": "| 4 | 3 |   Shell   |",
        "fpga-soft-processor-unit-test": "| 4 | 1 |   Makefile   |",
        "VML": "| 4 | 1 |   C   |",
        "authservice-configurator": "| 4 | 5 |   Go   |",
        "workshop-on-av-safety": "| 4 | 3 |   None   |",
        "vscode-oneapi-environment-configurator": "| 4 | 3 |   TypeScript   |",
        "iaevents": "| 4 | 2 |   Go   |",
        "libvirt-tdx": "| 4 | 4 |   C   |",
        "vscode-oneapi-gdb-debug": "| 4 | 4 |   TypeScript   |",
        "diagnostics-utility": "| 4 | 2 |   Python   |",
        "intel-open-cloud-deployment-framework": "| 4 | 7 |   Shell   |",
        "ccc-linux-guest-hardening-docs": "| 4 | 9 |   HTML   |",
        "iaa-plugin-rocksdb": "| 4 | 2 |   C++   |",
        "amber-client": "| 4 | 5 |   Go   |",
        "document-level-sentiment-analysis": "| 4 | 3 |   Python   |",
        "Intel-NLP-workflow-for-Azure-ML": "| 4 | 0 |   Jupyter Notebook   |",
        "kubevirt-tdx": "| 4 | 1 |   None   |",
        "synce4l": "| 4 | 3 |   C   |",
        "intel-optimization-for-horovod": "| 4 | 6 |   Python   |",
        "p3-analysis-library": "| 4 | 6 |   Python   |",
        "webapps-rabbit": "| 3 | 10 |   JavaScript   |",
        "NMPRK": "| 3 | 13 |   C#   |",
        "webapps-wordswarm": "| 3 | 14 |   JavaScript   |",
        "dleyna-collabora-android": "| 3 | 3 |   C   |",
        "omxil_core": "| 3 | 10 |   C   |",
        "psb_video": "| 3 | 10 |   C   |",
        "iris-panel": "| 3 | 10 |   Python   |",
        "android-bluez-glib": "| 3 | 3 |   C   |",
        "contruct2plugins": "| 3 | 5 |   JavaScript   |",
        "clloader": "| 3 | 5 |   C   |",
        "edison-oobe": "| 3 | 21 |   Python   |",
        "cordova-plugin-intel-xdk-cache": "| 3 | 8 |   JavaScript   |",
        "opa-libhfi1verbs": "| 3 | 5 |   C   |",
        "iotg-lin-gfx-libva": "| 3 | 6 |   C   |",
        "supplemental-reset-components-for-qsys": "| 3 | 2 |   Tcl   |",
        "smart-modem-manager": "| 3 | 8 |   C++   |",
        "deep-learning-technologies": "| 3 | 5 |   None   |",
        "mce-test": "| 3 | 5 |   C   |",
        "ros_object_detect_launch": "| 3 | 6 |   CMake   |",
        "ctf-infrastructure": "| 3 | 6 |   Shell   |",
        "Halide": "| 3 | 5 |   C++   |",
        "ThenWhatTree": "| 3 | 5 |   Python   |",
        "crd-reconciler-for-kubernetes": "| 3 | 4 |   Go   |",
        "ovmf-virt": "| 3 | 3 |   C   |",
        "redteam-infra": "| 3 | 5 |   Puppet   |",
        "pt-visualizer": "| 3 | 3 |   JavaScript   |",
        "PerTaskMemBWMonitoring": "| 3 | 6 |   Python   |",
        "IoTKit-code-samples": "| 3 | 5 |   None   |",
        "stacks-templates-openfaas": "| 3 | 2 |   Dockerfile   |",
        "rsp-sw-toolkit-im-suite-tempo-device-service": "| 3 | 2 |   Go   |",
        "esp-profile-clearlinux": "| 3 | 4 |   Shell   |",
        "project-example-for-python": "| 3 | 5 |   Python   |",
        "intel-ipu3-pipecfg": "| 3 | 2 |   Python   |",
        "llvm-docs": "| 3 | 2 |   HTML   |",
        "Dependency-Reduction-Unit-Framework": "| 3 | 5 |   C++   |",
        "ddp-tool": "| 3 | 4 |   C   |",
        "eth-mpi-apps": "| 3 | 1 |   C   |",
        "eth-fast-fabric": "| 3 | 8 |   C   |",
        "oneContainer-API": "| 3 | 1 |   Python   |",
        "Financial-Services-Workload-Samples": "| 3 | 8 |   C++   |",
        "oneContainer-Cloud-Tool": "| 3 | 5 |   Python   |",
        "dimgen": "| 3 | 2 |   Rust   |",
        "xml-cli": "| 3 | 2 |   Python   |",
        "dsa-perf-micros": "| 3 | 7 |   C   |",
        "cartwheel-libjpeg-turbo": "| 3 | 3 |   None   |",
        "envoy": "| 3 | 15 |   C++   |",
        "workloads-auto-deployment-test-tools": "| 3 | 5 |   Shell   |",
        "vision-based-transfer-learning-and-inference": "| 3 | 0 |   Python   |",
        "terraform-intel-aws-databricks-workspace": "| 3 | 1 |   HCL   |",
        "Multi-channel-Video-Fusion-Reference-Implementation": "| 3 | 3 |   C++   |",
        "qpl-java": "| 3 | 1 |   Java   |",
        "intel-technology-enabling-for-openshift": "| 3 | 7 |   Go   |",
        "open-ecosystem-ref-code": "| 3 | 2 |   Jupyter Notebook   |",
        "disease-prediction": "| 3 | 0 |   Python   |",
        "MultiArchUefiPkg": "| 3 | 0 |   C   |",
        "rohd-website": "| 3 | 3 |   None   |",
        "webapps-numeroo": "| 2 | 7 |   JavaScript   |",
        "libipathverbs": "| 2 | 3 |   C   |",
        "pa-blink": "| 2 | 7 |   C++   |",
        "obs-service-gbs": "| 2 | 7 |   Python   |",
        "libwsbm": "| 2 | 6 |   C   |",
        "psb_headers": "| 2 | 3 |   C   |",
        "android-bluez-device-intel-mixins": "| 2 | 6 |   C   |",
        "intel-arduino-updater": "| 2 | 6 |   Java   |",
        "cordova-plugin-intel-xdk-base": "| 2 | 7 |   JavaScript   |",
        "cordova-plugin-intel-xdk-device": "| 2 | 13 |   JavaScript   |",
        "ikgt-api": "| 2 | 4 |   C   |",
        "ikgt-plugin": "| 2 | 4 |   C   |",
        "ikgt-usage": "| 2 | 8 |   C   |",
        "iio_testing_framework": "| 2 | 3 |   C   |",
        "CODK-A-Bootloader": "| 2 | 7 |   C   |",
        "CODK-A-ARC": "| 2 | 11 |   Makefile   |",
        "mpxcheck": "| 2 | 5 |   Python   |",
        "fdk-debug-agent": "| 2 | 5 |   C++   |",
        "websensor-sensor-info": "| 2 | 9 |   None   |",
        "sedi": "| 2 | 5 |   C++   |",
        "unfified-ril": "| 2 | 4 |   C++   |",
        "system-designer": "| 2 | 9 |   Java   |",
        "de10-nano-webcontent": "| 2 | 5 |   HTML   |",
        "cylon-ros-gpio": "| 2 | 5 |   JavaScript   |",
        "VNB-SECMON-broker": "| 2 | 4 |   C   |",
        "Container-SW-BM-RA-Telemetry": "| 2 | 8 |   Shell   |",
        "sound-open-firmware-binaries": "| 2 | 4 |   None   |",
        "libcamhal": "| 2 | 4 |   None   |",
        "intel-graph-generator": "| 2 | 5 |   C#   |",
        "sound-open-firmware-test-cases": "| 2 | 5 |   Shell   |",
        "u-nit": "| 2 | 5 |   C   |",
        "external-wayland": "| 2 | 5 |   C   |",
        "rtos-drv-intel-s1000": "| 2 | 7 |   C   |",
        "Junction2018": "| 2 | 4 |   C   |",
        "vtune-perf-v4.3.1": "| 2 | 3 |   None   |",
        "Detectron": "| 2 | 4 |   Python   |",
        "clear-linux-dissector-web": "| 2 | 7 |   Python   |",
        "rsp-sw-toolkit-im-suite-product-data-service": "| 2 | 3 |   Go   |",
        "rsp-sw-toolkit-im-suite-mqtt-device-service": "| 2 | 2 |   Go   |",
        "robot_devkit_doc": "| 2 | 7 |   Python   |",
        "sratool": "| 2 | 4 |   HTML   |",
        "ansible-rsd-provisioning": "| 2 | 4 |   Python   |",
        "csi-intel-rsd": "| 2 | 7 |   Go   |",
        "meta-xenomai-intel": "| 2 | 2 |   None   |",
        "iotg-yocto-ese-main": "| 2 | 4 |   BitBake   |",
        "FPGA-Academic-Program": "| 2 | 3 |   None   |",
        "common-integration-repository": "| 2 | 4 |   Shell   |",
        "vmm-fast-restart-linux": "| 2 | 5 |   C   |",
        "vmm-fast-restart-qemu": "| 2 | 4 |   C   |",
        "acrn-workload-consolidation": "| 2 | 2 |   Python   |",
        "vmm-fast-restart-kexec": "| 2 | 3 |   C   |",
        "cassian": "| 2 | 2 |   C++   |",
        "hal-intel": "| 2 | 7 |   C   |",
        "intel-sdptool-ansible-modules": "| 2 | 1 |   Python   |",
        "onnxruntime-inference-examples": "| 2 | 4 |   Python   |",
        "sgx-pytorch-ideep": "| 2 | 2 |   C++   |",
        "intel-horovod": "| 2 | 3 |   Python   |",
        "vscode-oneapi-devcloud-connector": "| 2 | 2 |   TypeScript   |",
        "openvino-drl-training-demo": "| 2 | 1 |   Python   |",
        "iotg-mgbe-undi-driver": "| 2 | 1 |   C   |",
        "vscode-software-development-tools": "| 2 | 2 |   TypeScript   |",
        "endurance_profiler": "| 2 | 1 |   Shell   |",
        "intel-devcloud-samples": "| 2 | 4 |   Python   |",
        "wireless-network-ready-intelligent-traffic-management": "| 2 | 5 |   Python   |",
        "forGoParallel": "| 2 | 1 |   Go   |",
        "trusted-attestation-controller": "| 2 | 7 |   Go   |",
        "applications-iot-rfid-sensor-controller": "| 2 | 4 |   Vue   |",
        "istio-proxy": "| 2 | 11 |   C++   |",
        "envoy-go-control-plane": "| 2 | 6 |   Go   |",
        "simplified-classifier-and-labelling-tool-for-pytorch": "| 2 | 0 |   Python   |",
        "uintr-liburing": "| 2 | 1 |   C   |",
        "intel-ssd-firmware-update-tool": "| 2 | 0 |   Python   |",
        "universal-automation-api": "| 2 | 1 |   C++   |",
        "cv-training-and-inference-openvino": "| 2 | 1 |   Python   |",
        "intel-ai-inference-samples": "| 2 | 2 |   Python   |",
        "terraform-intel-aws-eks": "| 2 | 1 |   HCL   |",
        "terraform-intel-aws-ecs": "| 2 | 1 |   None   |",
        "terraform-intel-gcp-gke": "| 2 | 1 |   None   |",
        "terraform-intel-aws-mariadb": "| 2 | 1 |   HCL   |",
        "pfr-eagle-stream": "| 2 | 1 |   None   |",
        "Intel-Video-Transcode-Acceleration-Library-ffmpeg": "| 2 | 0 |   None   |",
        "xvec": "| 2 | 0 |   None   |",
        "policy-library-intel-gcp": "| 2 | 0 |   HCL   |",
        "terraform-intel-azure-app-service-windows": "| 2 | 1 |   HCL   |",
        "linux-libusbi3c": "| 2 | 0 |   C   |",
        "k8s-device-scalability-tester": "| 2 | 1 |   Go   |",
        "level-zero-vpu-extensions": "| 2 | 2 |   C   |",
        "intel-data-center-gpu-driver-for-openshift": "| 2 | 5 |   Dockerfile   |",
        "credit-card-fraud-detection": "| 2 | 0 |   Shell   |",
        "vscode-quantum-sdk": "| 2 | 3 |   TypeScript   |",
        "visual-quality-inspection": "| 2 | 1 |   Python   |",
        "BigDL-Time-Series-Toolkit": "| 2 | 1 |   None   |",
        "toucheffect": "| 1 | 6 |   C++   |",
        "grunt-zipup": "| 1 | 5 |   JavaScript   |",
        "dleyna-diagnostics": "| 1 | 3 |   C   |",
        "android-bluez-manifest": "| 1 | 3 |   None   |",
        "tmix-caching": "| 1 | 3 |   JavaScript   |",
        "VPx-Hybrid": "| 1 | 3 |   C++   |",
        "ipvr-vaapi-driver": "| 1 | 4 |   C   |",
        "Arduino": "| 1 | 3 |   C   |",
        "jndn-utils": "| 1 | 10 |   Java   |",
        "meta-arduino": "| 1 | 4 |   None   |",
        "pem": "| 1 | 5 |   C++   |",
        "cordova-plugin-intel-xdk-camera": "| 1 | 3 |   JavaScript   |",
        "cordova-plugin-intel-xdk-file": "| 1 | 4 |   Objective-C   |",
        "cordova-plugin-intel-xdk-geolocation": "| 1 | 3 |   JavaScript   |",
        "ikgt-loader": "| 1 | 3 |   C   |",
        "iotg-lin-gfx-ddx": "| 1 | 3 |   C   |",
        "iotg-lin-gfx-va-driver": "| 1 | 5 |   C   |",
        "brillo-edison-binaries": "| 1 | 3 |   Python   |",
        "CODK-M-X86-Samples": "| 1 | 8 |   C   |",
        "cellular-resource-manager": "| 1 | 4 |   C   |",
        "libtcs": "| 1 | 3 |   C   |",
        "modem_client": "| 1 | 4 |   Java   |",
        "osadsp-crosstool-ng": "| 1 | 4 |   Shell   |",
        "external-vulkan_hal": "| 1 | 7 |   C++   |",
        "websensor-ambient-map": "| 1 | 6 |   None   |",
        "websensor-vr-button": "| 1 | 6 |   None   |",
        "tbtfwupd": "| 1 | 3 |   C   |",
        "de10-nano-drivers": "| 1 | 8 |   HTML   |",
        "iot-web-layers": "| 1 | 7 |   BitBake   |",
        "virtual-network-broker": "| 1 | 5 |   Python   |",
        "VNB-common-utils": "| 1 | 4 |   Python   |",
        "VNB-IPSec-config": "| 1 | 4 |   Python   |",
        "VNB-SECMON-config": "| 1 | 4 |   Python   |",
        "irstessi": "| 1 | 4 |   C++   |",
        "external-weston": "| 1 | 6 |   C   |",
        "external-wayland-protocols": "| 1 | 3 |   M4   |",
        "Micro-Segmentation": "| 1 | 5 |   Python   |",
        "cloudwpa-rwpa_dp": "| 1 | 3 |   C   |",
        "Service-Catalog-for-VCF": "| 1 | 3 |   Shell   |",
        "ioc-cbc-tools": "| 1 | 9 |   C   |",
        "AALSDK": "| 1 | 5 |   C++   |",
        "redteam-ssh": "| 1 | 3 |   Python   |",
        "celadon-applications": "| 1 | 21 |   Java   |",
        "camera_driver": "| 1 | 3 |   C++   |",
        "imu_driver": "| 1 | 3 |   C++   |",
        "Developer-Tools-Runtimes-Blogs": "| 1 | 6 |   C++   |",
        "vtune-perf-glibc-v2.7": "| 1 | 3 |   None   |",
        "vtune-perf-numactl": "| 1 | 3 |   C   |",
        "machinepack-mssql": "| 1 | 9 |   JavaScript   |",
        "softhsm-tokens": "| 1 | 4 |   C++   |",
        "gpasdk-doc": "| 1 | 3 |   HTML   |",
        "meta-xenomai": "| 1 | 3 |   None   |",
        "icpp_louvain": "| 1 | 2 |   C++   |",
        "edge-ai-resource-oriented-scheduler": "| 1 | 1 |   Go   |",
        "edge-ai-collectd": "| 1 | 2 |   Python   |",
        "iefs-kernel-updates": "| 1 | 1 |   C   |",
        "fineibt_glibc": "| 1 | 2 |   C   |",
        "fineibt_testing": "| 1 | 2 |   Shell   |",
        "Updates-for-OSS-Performance": "| 1 | 3 |   PHP   |",
        "ceph-perfbench-cyborg": "| 1 | 2 |   Python   |",
        "istio-ca-rotation-configurator": "| 1 | 3 |   Go   |",
        "iqs-application-template": "| 1 | 0 |   CMake   |",
        "iotg-dpdk-ref-app": "| 1 | 3 |   C   |",
        "observability-collectd": "| 1 | 1 |   Shell   |",
        "uintr-compiler-guide": "| 1 | 1 |   None   |",
        "amx-linux": "| 1 | 1 |   C   |",
        "intel-linux-firmware": "| 1 | 1 |   None   |",
        "forGraphBLASGo": "| 1 | 0 |   Go   |",
        "kvm-unit-tests-tdx": "| 1 | 2 |   C   |",
        "dml-lang": "| 1 | 1 |   None   |",
        "config-builder": "| 1 | 2 |   JavaScript   |",
        ".github": "| 1 | 5 |   None   |",
        "user-container-selinux": "| 1 | 8 |   Dockerfile   |",
        "aubstream": "| 1 | 1 |   C++   |",
        "irqbalance": "| 1 | 0 |   C   |",
        "multimodal-data-visualization": "| 1 | 3 |   JavaScript   |",
        "istio-api": "| 1 | 5 |   Shell   |",
        "zephyr-ia": "| 1 | 1 |   C   |",
        "media-driver-helper": "| 1 | 0 |   HTML   |",
        "ncsdk": "| 1 | 0 |   C   |",
        "simics-fpga-visualizer": "| 1 | 0 |   None   |",
        "simics-fpga-examples": "| 1 | 0 |   None   |",
        "state-components-validation-utilities": "| 1 | 1 |   C   |",
        "amber-cli": "| 1 | 2 |   Go   |",
        "mlops": "| 1 | 0 |   None   |",
        "intel_hfi": "| 1 | 0 |   C   |",
        "Intel-Video-Transcode-Acceleration-Library-x264": "| 1 | 0 |   None   |",
        "NLP-Workflow-with-AWS": "| 1 | 0 |   Jupyter Notebook   |",
        "intel-cpu-frequency-library": "| 1 | 1 |   C   |",
        "confidential-containers": "| 1 | 0 |   None   |",
        "quickassist": "| 1 | 1 |   None   |",
        "td-partitioning": "| 1 | 1 |   None   |",
        "qemu-td-partitioning": "| 1 | 0 |   None   |",
        "ovmf-td-partitioning": "| 1 | 0 |   None   |",
        "qt-patched": "| 1 | 2 |   None   |",
        "multi-camera-object-detection": "| 1 | 0 |   Python   |",
        "kubernetes-intel-aws-high-availability-training": "| 1 | 1 |   Python   |",
        "recommender-system-with-distributed-classical-ml": "| 1 | 0 |   Python   |",
        "cluster-management-toolkit": "| 1 | 2 |   Python   |",
        "intel-xpu-backend-for-triton": "| 1 | 1 |   None   |",
        "esp-profile-redhat": "| 1 | 0 |   None   |",
        "BigDL-Recommender-System-Toolkit": "| 1 | 1 |   None   |",
        "BigDL-Distributed-Training-and-Inference-Workflow": "| 1 | 1 |   None   |",
        "af-range": "| 0 | 4 |   JavaScript   |",
        "grunt-mochaccino": "| 0 | 5 |   JavaScript   |",
        "libtlm-nfc": "| 0 | 3 |   C   |",
        "libva_staging_doxygen": "| 0 | 4 |   JavaScript   |",
        "libyami_doxygen": "| 0 | 5 |   HTML   |",
        "android-bluez-bionic": "| 0 | 5 |   C   |",
        "jndn-management": "| 0 | 11 |   Java   |",
        "jndn-mock": "| 0 | 6 |   Java   |",
        "cordova-plugin-intel-xdk-accelerometer": "| 0 | 3 |   JavaScript   |",
        "cordova-plugin-intel-xdk-audio": "| 0 | 4 |   JavaScript   |",
        "cordova-plugin-intel-xdk-contacts": "| 0 | 3 |   C#   |",
        "cordova-plugin-intel-xdk-display": "| 0 | 4 |   Java   |",
        "cordova-plugin-intel-xdk-facebook": "| 0 | 3 |   Java   |",
        "cordova-plugin-intel-xdk-multitouch": "| 0 | 3 |   JavaScript   |",
        "cordova-plugin-intel-xdk-notification": "| 0 | 3 |   JavaScript   |",
        "cordova-plugin-intel-xdk-player": "| 0 | 3 |   Java   |",
        "jndn-forwarder": "| 0 | 4 |   Java   |",
        "opendaylight": "| 0 | 4 |   Shell   |",
        "iotg-lin-gfx-mesa": "| 0 | 8 |   C   |",
        "minnowboard-bootloader": "| 0 | 2 |   None   |",
        "brillo-minnowboard-binaries": "| 0 | 3 |   None   |",
        "arduino101_manifest": "| 0 | 3 |   None   |",
        "arduino101_kconfig": "| 0 | 5 |   C   |",
        "arduino101_flashpack": "| 0 | 5 |   Shell   |",
        "arduino101_openocd": "| 0 | 5 |   C   |",
        "ansible-openstack": "| 0 | 2 |   Python   |",
        "irk_host_linux": "| 0 | 3 |   C++   |",
        "intel-iot-services-orchestration-layer-dev": "| 0 | 5 |   JavaScript   |",
        "incubator-mynewt-core": "| 0 | 1 |   C   |",
        "CODK-A-Manifest": "| 0 | 7 |   None   |",
        "CODK-M-X86": "| 0 | 7 |   C   |",
        "CODK-A-Flashpack": "| 0 | 10 |   C   |",
        "cordova-plugin-ocf": "| 0 | 4 |   Java   |",
        "GVa": "| 0 | 4 |   Vala   |",
        "android-things-examples": "| 0 | 5 |   None   |",
        "llama": "| 0 | 3 |   Java   |",
        "node-realsense-test-data": "| 0 | 3 |   None   |",
        "CODK-Tools": "| 0 | 8 |   Python   |",
        "lkp-qemu": "| 0 | 3 |   None   |",
        "CODK-M-ARC": "| 0 | 5 |   Makefile   |",
        "torch7": "| 0 | 3 |   C   |",
        "mkltorch": "| 0 | 3 |   C   |",
        "meta-intel-aero": "| 0 | 3 |   BitBake   |",
        "collectd": "| 0 | 3 |   C   |",
        "aws-iotivity": "| 0 | 4 |   Java   |",
        "dpdm_lib": "| 0 | 5 |   C   |",
        "media-driver-docker": "| 0 | 7 |   Dockerfile   |",
        "upm-cordova-binding": "| 0 | 3 |   JavaScript   |",
        "cloudwpa-hostapd": "| 0 | 4 |   None   |",
        "cloudwpa-pf_init": "| 0 | 2 |   C   |",
        "cloudwpa-scripts": "| 0 | 2 |   Shell   |",
        "cloudwpa-sim": "| 0 | 2 |   C   |",
        "cloudwpa-ap": "| 0 | 4 |   None   |",
        "cloudwpa-manifest": "| 0 | 3 |   None   |",
        "ardupilot": "| 0 | 2 |   C++   |",
        "stress-weston": "| 0 | 4 |   C++   |",
        "rsp-sw-toolkit-nfc": "| 0 | 4 |   Java   |",
        "alert-handler-for-custom-metrics": "| 0 | 3 |   Go   |",
        "stacks_pipeline": "| 0 | 3 |   None   |",
        "android-apps": "| 0 | 5 |   Java   |",
        "owca": "| 0 | 3 |   None   |",
        "rsp-sw-toolkit-im-suite-inventory-service": "| 0 | 4 |   Go   |",
        "rsp-sw-toolkit-im-suite-alert-service": "| 0 | 3 |   Go   |",
        "rsp-sw-toolkit-im-suite-cloud-connector-service": "| 0 | 2 |   Go   |",
        "rsp-sw-toolkit-im-suite-data-provider-service": "| 0 | 2 |   Go   |",
        "rsp-sw-toolkit-im-suite-expect": "| 0 | 3 |   Go   |",
        "rsp-sw-toolkit-im-suite-gojsonschema": "| 0 | 3 |   Go   |",
        "ansible": "| 0 | 3 |   Python   |",
        "node-isal-crypto": "| 0 | 3 |   None   |",
        "rsp-sw-toolkit-im-suite-tagcode": "| 0 | 3 |   Go   |",
        "rsp-sw-toolkit-im-suite-food-safety-service": "| 0 | 3 |   Go   |",
        "rsp-sw-toolkit-im-suite-loss-prevention-service": "| 0 | 3 |   Go   |",
        "rsp-sw-toolkit-im-suite-goplumber": "| 0 | 2 |   Go   |",
        "rsp-sw-toolkit-im-suite-utilities": "| 0 | 2 |   Go   |",
        "rsp-sw-toolkit-im-suite-demo-ui": "| 0 | 3 |   None   |",
        "rsp-sw-toolkit-im-suite-inventory-suite": "| 0 | 2 |   Shell   |",
        "automated_enablement_for_intel_ethernet_adapters": "| 0 | 2 |   None   |",
        "intel.github.io": "| 0 | 3 |   HTML   |",
        "meta-fieldbus-intel": "| 0 | 0 |   None   |",
        "iotg-yocto-ese": "| 0 | 1 |   NASL   |",
        "iotg-yocto-ese-bsp": "| 0 | 1 |   BitBake   |",
        "iotg-yocto-ese-build": "| 0 | 1 |   HTML   |",
        "kubernetes-docs": "| 0 | 6 |   Python   |",
        "gstreamer-vaapi-xBay": "| 0 | 1 |   None   |",
        "libdrm-xBay": "| 0 | 1 |   None   |",
        "libva-xBay": "| 0 | 1 |   None   |",
        "GraphBLAS": "| 0 | 1 |   C   |",
        "stacks-workshop": "| 0 | 1 |   None   |",
        "edge-ai-device-plugin": "| 0 | 1 |   Go   |",
        "edge-ai-resource-monitoring-deployment": "| 0 | 1 |   None   |",
        "meta-edge-ai": "| 0 | 1 |   None   |",
        "ResourceMonitor": "| 0 | 1 |   None   |",
        "tif": "| 0 | 2 |   C   |",
        "xenomai-mirror": "| 0 | 0 |   None   |",
        "git-refinery": "| 0 | 0 |   None   |",
        "fml": "| 0 | 0 |   None   |",
        "sae-csmeunpacker": "| 0 | 1 |   Python   |",
        "meta-intel-rt-bkc": "| 0 | 1 |   NASL   |",
        "proof-of-concept-cdi": "| 0 | 1 |   Go   |",
        "esp-profile-windows": "| 0 | 4 |   Shell   |",
        "IntelSSDFirmwareUpdateTool": "| 0 | 0 |   None   |",
        "SSD-Meter": "| 0 | 0 |   None   |",
        "ehl-pse-fw": "| 0 | 4 |   None   |",
        "Display-Virtualization-for-Android-OS": "| 0 | 1 |   None   |",
        "vscode-oneapi-extension-pack": "| 0 | 3 |   None   |",
        "DevCloudContent": "| 0 | 1 |   None   |",
        "DevCloudContent-git": "| 0 | 4 |   Jupyter Notebook   |",
        "DevCloudContent-helm": "| 0 | 9 |   None   |",
        "DevCloudContent-docker-compose": "| 0 | 7 |   None   |",
        "DevCloudContent-git-external": "| 0 | 0 |   None   |",
        "linux-upstream-staging": "| 0 | 0 |   None   |",
        "DevCloudContent-dockerfile": "| 0 | 2 |   Python   |",
        "scale-testing-for-vastdata-": "| 0 | 0 |   None   |",
        "scale-testing-for-vastdata": "| 0 | 1 |   Shell   |",
        "ivsc-firmware": "| 0 | 1 |   None   |",
        "fpga_ip_lvds_video": "| 0 | 1 |   Tcl   |",
        "dmr": "| 0 | 3 |   CMake   |",
        "forLAGraphGo": "| 0 | 1 |   Go   |",
        "sedi-drivers": "| 0 | 1 |   None   |",
        "rtos-if-drivers": "| 0 | 1 |   C   |",
        "edge-to-azure-bridge": "| 0 | 1 |   Python   |",
        "10-bit-per-color-demo": "| 0 | 0 |   C++   |",
        "intelligent-traffic-management": "| 0 | 2 |   Python   |",
        "ipu4-cam-hal": "| 0 | 3 |   C   |",
        "ipu4-icamerasrc": "| 0 | 2 |   C++   |",
        "ncappzoo": "| 0 | 0 |   Python   |",
        "secured-cloud-management-stack": "| 0 | 3 |   Dockerfile   |",
        "fakedev-exporter": "| 0 | 2 |   Go   |",
        "intelligent-collaboration-web": "| 0 | 0 |   None   |",
        "MigTD": "| 0 | 1 |   None   |",
        "Intel-Edge-AI-Performance-Evaluation-Toolkit": "| 0 | 1 |   Shell   |",
        "amber-docs": "| 0 | 0 |   None   |",
        "terraform-intel-azure-databricks-workspace": "| 0 | 1 |   HCL   |",
        "terraform-intel-azure-aks": "| 0 | 0 |   None   |",
        "flexRAN-docker-image-dependencies": "| 0 | 3 |   C   |",
        "terraform-intel-gcp-vm": "| 0 | 0 |   HCL   |",
        "stats-collect": "| 0 | 2 |   Python   |",
        "firmware-update-abstraction-layer": "| 0 | 2 |   Python   |",
        "recommender-system-with-classical-ml": "| 0 | 1 |   Python   |",
        "wafer-insights-with-classical-ml": "| 0 | 1 |   Python   |",
        "dml-language-server": "| 0 | 0 |   None   |",
        "3rd-party-codes-for-qat-crypto-base-external-release": "| 0 | 1 |   None   |",
        "intel-resource-drivers-for-kubernetes": "| 0 | 2 |   Go   |",
        "learning-kit-sample-apps": "| 0 | 2 |   None   |",
        "tpmi_power_management": "| 0 | 0 |   None   |",
        "vpux-plugin-llvm": "| 0 | 2 |   None   |",
        "graph-neural-networks-and-analytics": "| 0 | 1 |   Python   |",
        "digital-datasheet-creator": "| 0 | 0 |   None   |",
        "intel-server-prot-spdm": "| 0 | 0 |   None   |",
        "sagemaker-intel-aws-xgboost": "| 0 | 1 |   Python   |",
        "unicorn-for-efi": "| 0 | 3 |   C   |",
        "mongodb-iaa": "| 0 | 1 |   None   |",
        "xetla": "| 0 | 1 |   None   |",
        "Velocity-Bench": "| 0 | 1 |   None   |",
        "kubernetes-intel-azure-high-availability-training": "| 0 | 1 |   Python   |",
        "esp-profile-centos": "| 0 | 0 |   Shell   |",
        "AiCSD": "| 0 | 0 |   None   |",
        "ippcp-plugin-rocksdb": "| 0 | 1 |   C++   |",
        "BigDL-Privacy-Preserving-Machine-Learning-Toolkit": "| 0 | 2 |   Dockerfile   |",
        "Predictive-Assets-Maintenance": "| 0 | 0 |   None   |",
        "wmi-native-module": "| 0 | 0 |   None   |",
        "level-zero-raytracing-support": "| 0 | 0 |   None   |",
        "digital-datasheet-vocabularies": "| 0 | 0 |   None   |"
    }
}