{
    "company": "Ionic",
    "h-index": 71,
    "repo count": 320,
    "contributor count": 2985,
    "size": "todo",
    "employee count": "todo",
    "country": "Cyberspace",
    "top language": "TypeScript",
    "repos": {
        "ionic-framework": "| 48997 | 13641 |   TypeScript   |",
        "ionicons": "| 16859 | 2073 |   TypeScript   |",
        "stencil": "| 11605 | 743 |   TypeScript   |",
        "capacitor": "| 9292 | 868 |   TypeScript   |",
        "ionic-conference-app": "| 3525 | 1801 |   TypeScript   |",
        "ng-cordova": "| 3508 | 1083 |   JavaScript   |",
        "ionic-cli": "| 1989 | 611 |   TypeScript   |",
        "ionic-preview-app": "| 849 | 1574 |   HTML   |",
        "ionic-angular-cordova-seed": "| 728 | 306 |   JavaScript   |",
        "ionic-pwa-toolkit": "| 635 | 74 |   TypeScript   |",
        "ionic-plugin-keyboard": "| 615 | 288 |   C++   |",
        "ionic-app-scripts": "| 611 | 295 |   TypeScript   |",
        "ionic-docs": "| 519 | 2617 |   HTML   |",
        "cordova-plugin-ionic-webview": "| 471 | 360 |   Objective-C   |",
        "ionic-react-conference-app": "| 456 | 195 |   TypeScript   |",
        "ionic-site": "| 449 | 3278 |   JavaScript   |",
        "starters": "| 438 | 299 |   JavaScript   |",
        "ionic-app-base": "| 425 | 305 |   JavaScript   |",
        "capacitor-assets": "| 392 | 84 |   TypeScript   |",
        "ionic-ion-tinder-cards": "| 390 | 149 |   JavaScript   |",
        "ionic-starter-super": "| 378 | 151 |   TypeScript   |",
        "ionic-unit-testing-example": "| 378 | 152 |   TypeScript   |",
        "ionic-ion-swipe-cards": "| 356 | 135 |   JavaScript   |",
        "capacitor-plugins": "| 354 | 377 |   Java   |",
        "ionic-storage": "| 351 | 95 |   TypeScript   |",
        "ionic-plugin-deeplinks": "| 333 | 203 |   Objective-C   |",
        "stencil-site": "| 324 | 427 |   TypeScript   |",
        "graphite": "| 303 | 103 |   JavaScript   |",
        "cordova-plugin-wkwebview-engine": "| 294 | 69 |   Objective-C   |",
        "stencil-component-starter": "| 266 | 120 |   TypeScript   |",
        "ionic2-starter-aws": "| 237 | 50 |   JavaScript   |",
        "stencil-ds-output-targets": "| 236 | 100 |   TypeScript   |",
        "collide": "| 234 | 26 |   JavaScript   |",
        "trapeze": "| 229 | 31 |   TypeScript   |",
        "ionic2-app-base": "| 224 | 153 |   CSS   |",
        "ionic-native-google-maps": "| 223 | 122 |   TypeScript   |",
        "front-page": "| 199 | 66 |   JavaScript   |",
        "ionic-v1": "| 190 | 190 |   JavaScript   |",
        "cordova-plugin-ionic-keyboard": "| 190 | 173 |   Objective-C   |",
        "ionic-ion-header-shrink": "| 162 | 68 |   JavaScript   |",
        "ionic-starter-tabs": "| 162 | 128 |   HTML   |",
        "creator-weekly-workshops": "| 155 | 69 |   JavaScript   |",
        "stencil-store": "| 154 | 10 |   TypeScript   |",
        "ionic-example-cordova-camera": "| 150 | 112 |   JavaScript   |",
        "ionic-starter-maps": "| 144 | 60 |   JavaScript   |",
        "pwa-elements": "| 139 | 43 |   TypeScript   |",
        "ionifits": "| 137 | 44 |   TypeScript   |",
        "ionic-v3": "| 128 | 84 |   TypeScript   |",
        "ionic-starter-sidemenu": "| 127 | 114 |   JavaScript   |",
        "ionic-contrib-frosted-glass": "| 123 | 40 |   JavaScript   |",
        "ionic-heroku-button": "| 123 | 89 |   JavaScript   |",
        "tutorial-photo-gallery-angular": "| 122 | 156 |   TypeScript   |",
        "ionic-starter-cardboard": "| 113 | 25 |   JavaScript   |",
        "rollup-plugin-node-polyfills": "| 112 | 54 |   JavaScript   |",
        "ionic-vue-conference-app": "| 111 | 32 |   Vue   |",
        "ionic-pwa-demos": "| 110 | 46 |   JavaScript   |",
        "v4-migration-tslint": "| 103 | 15 |   TypeScript   |",
        "capacitor-solidjs-templates": "| 103 | 6 |   Swift   |",
        "ionic-stencil-hn-app": "| 102 | 15 |   TypeScript   |",
        "native-run": "| 101 | 16 |   TypeScript   |",
        "stencil-redux": "| 99 | 20 |   TypeScript   |",
        "ionic-module-template": "| 96 | 33 |   TypeScript   |",
        "stencil-state-tunnel": "| 96 | 12 |   TypeScript   |",
        "ionic-bower": "| 93 | 112 |   JavaScript   |",
        "ionic-present": "| 90 | 127 |   JavaScript   |",
        "capacitor-remix-templates": "| 90 | 2 |   Swift   |",
        "ionic-stencil-conference-app": "| 89 | 31 |   TypeScript   |",
        "ionic2-starter-tutorial": "| 88 | 46 |   TypeScript   |",
        "ionic-starter-salesforce": "| 86 | 35 |   JavaScript   |",
        "cordova-plugin-ionic": "| 77 | 66 |   TypeScript   |",
        "ionic-proxy-example": "| 75 | 34 |   JavaScript   |",
        "stencil-sass": "| 71 | 23 |   TypeScript   |",
        "tutorial-photo-gallery-react": "| 70 | 76 |   TypeScript   |",
        "ionic-contrib-firebase-login": "| 69 | 48 |   JavaScript   |",
        "ionic-package-hooks": "| 69 | 38 |   JavaScript   |",
        "docs-demo": "| 69 | 50 |   TypeScript   |",
        "ionic2-starter": "| 68 | 10 |   None   |",
        "legacy-ionic-cloud": "| 65 | 26 |   TypeScript   |",
        "cordova-plugin-ios-keychain": "| 64 | 44 |   Objective-C   |",
        "angular-toolkit": "| 64 | 27 |   TypeScript   |",
        "photo-gallery-tutorial-ionic4": "| 64 | 60 |   TypeScript   |",
        "ionic-ion-frost": "| 63 | 12 |   JavaScript   |",
        "ionic-learn": "| 62 | 44 |   CSS   |",
        "create-capacitor-plugin": "| 54 | 6 |   Mustache   |",
        "ionic2-starter-tabs": "| 53 | 52 |   TypeScript   |",
        "ionic-ion-drawer": "| 52 | 85 |   JavaScript   |",
        "tslint-ionic-rules": "| 51 | 15 |   TypeScript   |",
        "ionic-portals": "| 49 | 7 |   JavaScript   |",
        "tutorial-photo-gallery-vue": "| 48 | 35 |   CSS   |",
        "ionic-app-lib": "| 45 | 82 |   JavaScript   |",
        "stencil-router-v2": "| 45 | 13 |   TypeScript   |",
        "capacitor-starters": "| 45 | 4 |   JavaScript   |",
        "ionic2-starter-sidemenu": "| 44 | 36 |   TypeScript   |",
        "stencil-ds-plugins-demo": "| 44 | 19 |   TypeScript   |",
        "create-stencil": "| 43 | 26 |   TypeScript   |",
        "ionic-gulp-tasks": "| 41 | 33 |   JavaScript   |",
        "ionic-code": "| 39 | 21 |   JavaScript   |",
        "appflow-build": "| 37 | 17 |   TypeScript   |",
        "stencil-inspector": "| 36 | 5 |   TypeScript   |",
        "stencil-ds-react-template": "| 36 | 26 |   TypeScript   |",
        "ionic2-deeplinks-demo": "| 35 | 24 |   JavaScript   |",
        "ionic-ion-ios-buttons": "| 34 | 9 |   None   |",
        "ionic-e2e-example": "| 32 | 15 |   TypeScript   |",
        "portals-ecommerce-demo": "| 31 | 23 |   Java   |",
        "ionic-cloud-angular": "| 29 | 23 |   TypeScript   |",
        "ionitron-issues": "| 28 | 7 |   JavaScript   |",
        "creator-code-todo-demo": "| 27 | 8 |   JavaScript   |",
        "eas-2021": "| 27 | 8 |   TypeScript   |",
        "demo-authconnect-auth0": "| 25 | 13 |   TypeScript   |",
        "capacitor-testapp": "| 25 | 18 |   TypeScript   |",
        "ionic2-starter-blank": "| 24 | 28 |   TypeScript   |",
        "jetstrap-docs": "| 23 | 22 |   None   |",
        "ionic-firebase-buses": "| 23 | 11 |   JavaScript   |",
        "ionic-starter-blank": "| 23 | 40 |   HTML   |",
        "component-preview": "| 23 | 7 |   TypeScript   |",
        "demo-ionic-nest-tutorial": "| 23 | 7 |   TypeScript   |",
        "stencil-helmet": "| 22 | 13 |   TypeScript   |",
        "ionic-training-decks": "| 21 | 4 |   TypeScript   |",
        "ionic-tutorial-status-fade": "| 20 | 21 |   JavaScript   |",
        "capacitor-plugin-demo": "| 20 | 12 |   TypeScript   |",
        "ionic-service-analytics": "| 19 | 8 |   JavaScript   |",
        "custom-auth-examples": "| 19 | 17 |   Go   |",
        "ionic-react-nextjs-starter": "| 19 | 5 |   CSS   |",
        "ionic-intro": "| 18 | 13 |   JavaScript   |",
        "chatroom-cordova-ionic-angularjs-firebase": "| 18 | 10 |   JavaScript   |",
        "ionic-service-core": "| 18 | 38 |   JavaScript   |",
        "ionic-issue-submit": "| 18 | 4 |   JavaScript   |",
        "stencil-present": "| 18 | 15 |   JavaScript   |",
        "stencil-fiber-demo": "| 17 | 8 |   HTML   |",
        "ionic-todo": "| 16 | 23 |   JavaScript   |",
        "ionic-bootstrap-theme-generator": "| 16 | 5 |   CSS   |",
        "stencil-redux-demo": "| 16 | 6 |   TypeScript   |",
        "demo-offlinestorage-search": "| 16 | 5 |   TypeScript   |",
        "vscode-extension": "| 16 | 0 |   None   |",
        "ionic-service-deploy": "| 15 | 40 |   JavaScript   |",
        "ioniconf-app": "| 15 | 1 |   TypeScript   |",
        "stencil-webpack": "| 14 | 9 |   TypeScript   |",
        "react-hooks-demo-app": "| 14 | 4 |   TypeScript   |",
        "stencil-ssg": "| 14 | 0 |   JavaScript   |",
        "ionic-app-generators": "| 13 | 9 |   TypeScript   |",
        "stencil-utils": "| 13 | 2 |   TypeScript   |",
        "stencil-ds-angular-template": "| 13 | 9 |   JavaScript   |",
        "capacitor-docs": "| 13 | 86 |   TypeScript   |",
        "ionic-service-push-client": "| 12 | 19 |   JavaScript   |",
        "stencil-news": "| 12 | 4 |   TypeScript   |",
        "capacitor-angular-toolkit": "| 12 | 9 |   TypeScript   |",
        "ionic-io-docs": "| 11 | 12 |   CSS   |",
        "ionic-push-tutorial-app": "| 11 | 14 |   JavaScript   |",
        "stencil-dev-server": "| 11 | 9 |   TypeScript   |",
        "ionicons-site": "| 11 | 7 |   HTML   |",
        "cordova-splash-generator": "| 10 | 5 |   None   |",
        "eslint-config": "| 10 | 5 |   JavaScript   |",
        "ionic-paging-animation-app": "| 10 | 4 |   TypeScript   |",
        "ionic-weather-starter": "| 10 | 6 |   TypeScript   |",
        "prettier-config": "| 10 | 8 |   JavaScript   |",
        "capacitor-docgen": "| 10 | 7 |   TypeScript   |",
        "cordova-plugin-localstorage-backup": "| 9 | 9 |   Java   |",
        "ionic1-deeplinks-demo": "| 9 | 10 |   JavaScript   |",
        "capacitor-plugin-http": "| 9 | 4 |   None   |",
        "cs-portals-ecommerce-react-native": "| 9 | 4 |   TypeScript   |",
        "cordova-plugin-discovery": "| 8 | 7 |   Objective-C   |",
        "gulp-angular-seed": "| 8 | 6 |   JavaScript   |",
        "ionic-default-resources": "| 8 | 4 |   None   |",
        "ionic-third-party-lib-example": "| 8 | 5 |   TypeScript   |",
        "webinar-capflow": "| 8 | 3 |   TypeScript   |",
        "present-ionic-react": "| 8 | 6 |   HTML   |",
        "discourse": "| 7 | 1 |   Ruby   |",
        "ionic-theme-server": "| 7 | 3 |   JavaScript   |",
        "ionic-discover": "| 7 | 1 |   TypeScript   |",
        "photo-gallery-tutorial-ionic3": "| 7 | 12 |   TypeScript   |",
        "ionic-react-test-utils": "| 7 | 13 |   TypeScript   |",
        "demo-capacitor-mapbox": "| 7 | 1 |   TypeScript   |",
        "ionic-portals-ios": "| 7 | 2 |   Swift   |",
        "react-native-ionic-portals": "| 7 | 2 |   TypeScript   |",
        "jqm-neue": "| 6 | 2 |   JavaScript   |",
        "ionic-starter-tests": "| 6 | 5 |   JavaScript   |",
        "deploy-tutorial": "| 6 | 1 |   JavaScript   |",
        "ionic-cloud-issues": "| 6 | 5 |   None   |",
        "stencil-less": "| 6 | 5 |   TypeScript   |",
        "stencil-stylus": "| 6 | 0 |   TypeScript   |",
        "demo-authconnect-azureb2c": "| 6 | 8 |   TypeScript   |",
        "react-native-portals-webinar-demo": "| 6 | 2 |   Java   |",
        "ionitron-lingo": "| 5 | 1 |   JavaScript   |",
        "ionic-migration-demo-v2": "| 5 | 4 |   TypeScript   |",
        "ionic-native-push-notifications": "| 5 | 3 |   Java   |",
        "vue-cli-plugin-ionic": "| 5 | 1 |   CSS   |",
        "ionic-legacy-docs": "| 5 | 257 |   JavaScript   |",
        "demo-couchbaselite-hotels": "| 5 | 2 |   TypeScript   |",
        "capacitor-portals-ecommerce": "| 5 | 4 |   TypeScript   |",
        "ionic-enterprise-starter": "| 5 | 8 |   TypeScript   |",
        "SvelteCapacitorDemo": "| 5 | 0 |   Swift   |",
        "InstagramPlugin": "| 4 | 1 |   Objective-C   |",
        "ionic-lab-issues": "| 4 | 2 |   None   |",
        "api-tester": "| 4 | 3 |   JavaScript   |",
        "platform-client-node": "| 4 | 2 |   JavaScript   |",
        "ionic-migration-demo-v1": "| 4 | 2 |   JavaScript   |",
        "ionic-error-tracking": "| 4 | 4 |   TypeScript   |",
        "ionic-hiring-chat-client": "| 4 | 2 |   TypeScript   |",
        "ionic-site-components": "| 4 | 1 |   CSS   |",
        "ionic-weather-react-starter": "| 4 | 0 |   TypeScript   |",
        "appflow-site": "| 4 | 2 |   TypeScript   |",
        "cap-plugin-mock-jasmine": "| 4 | 2 |   TypeScript   |",
        "demo-intune-react": "| 4 | 1 |   TypeScript   |",
        "ionic-perf-rn": "| 4 | 2 |   JavaScript   |",
        "jquerymobile-tabbar": "| 3 | 0 |   JavaScript   |",
        "docker-consul": "| 3 | 4 |   Shell   |",
        "gulp-electron": "| 3 | 0 |   JavaScript   |",
        "ionic-workshop": "| 3 | 4 |   JavaScript   |",
        "ionic-scripts": "| 3 | 1 |   TypeScript   |",
        "bonjour": "| 3 | 6 |   JavaScript   |",
        "cordova-plugin-migrate-localstorage": "| 3 | 2 |   Objective-C   |",
        "create-capacitor-app": "| 3 | 3 |   TypeScript   |",
        "cap-plugin-mock-jest": "| 3 | 0 |   CSS   |",
        "migrate-capacitor-plugin": "| 3 | 3 |   TypeScript   |",
        "jqm-plain": "| 2 | 3 |   JavaScript   |",
        "ionic-starter-complex-list": "| 2 | 6 |   None   |",
        "node-xcode": "| 2 | 3 |   JavaScript   |",
        "ionicons-wp": "| 2 | 0 |   PHP   |",
        "ionic-camera-component-demo": "| 2 | 0 |   JavaScript   |",
        "ionic-precommit-hooks": "| 2 | 1 |   JavaScript   |",
        "jpml": "| 2 | 1 |   TypeScript   |",
        "pro-api-javascript-client": "| 2 | 4 |   TypeScript   |",
        "iv-training-starter": "| 2 | 1 |   TypeScript   |",
        "bottom-drawer-demo": "| 2 | 0 |   TypeScript   |",
        "ac-training-starter": "| 2 | 1 |   TypeScript   |",
        "node-pty-prebuilt": "| 2 | 2 |   TypeScript   |",
        "cross-platform-coding-interview": "| 2 | 0 |   TypeScript   |",
        "slides-migration-samples": "| 2 | 1 |   TypeScript   |",
        "ionic-perf-react": "| 2 | 0 |   TypeScript   |",
        "ionic-portals-android": "| 2 | 2 |   Kotlin   |",
        "stencil-app-starter": "| 2 | 1 |   TypeScript   |",
        "portals-starter-vue": "| 2 | 2 |   Vue   |",
        "capacitor-plugin-cordova-compat": "| 2 | 0 |   Java   |",
        "django-template": "| 1 | 5 |   Python   |",
        "ionic-cordova-wrapper": "| 1 | 1 |   None   |",
        "go-utils": "| 1 | 1 |   Go   |",
        "gosass": "| 1 | 1 |   Go   |",
        "opbeat-node": "| 1 | 1 |   JavaScript   |",
        "tiny-lr": "| 1 | 1 |   JavaScript   |",
        "electron-builder": "| 1 | 1 |   JavaScript   |",
        "heroku-buildpack-nodejs-gulp": "| 1 | 3 |   Shell   |",
        "heroku-buildpack-python": "| 1 | 2 |   Shell   |",
        "ionic-workshop-london": "| 1 | 3 |   JavaScript   |",
        "ionic-cz-conventional-changelog": "| 1 | 0 |   JavaScript   |",
        "ionic-native-bower": "| 1 | 7 |   JavaScript   |",
        "localForage-cordovaSQLiteDriver": "| 1 | 1 |   JavaScript   |",
        "cordova-plugin-inapppurchase": "| 1 | 2 |   Java   |",
        "repool": "| 1 | 2 |   Python   |",
        "IonCamera": "| 1 | 1 |   TypeScript   |",
        "starter-example": "| 1 | 6 |   TypeScript   |",
        "ionic-zen": "| 1 | 0 |   CSS   |",
        "stencil-screenshot": "| 1 | 1 |   TypeScript   |",
        "demo-encrypted-image-storage": "| 1 | 0 |   TypeScript   |",
        "react-demo-ac-iv": "| 1 | 0 |   TypeScript   |",
        "app-wizard-issues": "| 1 | 0 |   None   |",
        "native-hire-project": "| 1 | 1 |   TypeScript   |",
        "appflow-cicd-demo": "| 1 | 3 |   TypeScript   |",
        "apple-pay-cap-plugin-demo": "| 1 | 0 |   TypeScript   |",
        "getting-started-iv-angular": "| 1 | 2 |   TypeScript   |",
        "getting-started-ac-vue": "| 1 | 0 |   TypeScript   |",
        "capacitor-swift-pm": "| 1 | 4 |   Shell   |",
        "portals-starter-react": "| 1 | 0 |   TypeScript   |",
        "ionic-performance-demo": "| 1 | 0 |   TypeScript   |",
        "ngMad": "| 0 | 2 |   None   |",
        "standard": "| 0 | 1 |   JavaScript   |",
        "ionic-push-issues": "| 0 | 2 |   None   |",
        "ionic-io-testers": "| 0 | 0 |   None   |",
        "nginx-buildpack": "| 0 | 1 |   Shell   |",
        "node-js-getting-started": "| 0 | 1 |   CSS   |",
        "usemin-lib": "| 0 | 0 |   JavaScript   |",
        "heroku-buildpack-multi": "| 0 | 0 |   Shell   |",
        "heroku-buildpack-sphinx": "| 0 | 1 |   Shell   |",
        "storm": "| 0 | 1 |   Java   |",
        "ionic-web-analytics": "| 0 | 0 |   JavaScript   |",
        "cordova-plugin-ionic-discover": "| 0 | 4 |   Objective-C   |",
        "TraceKit": "| 0 | 1 |   JavaScript   |",
        "training-lab-itunes": "| 0 | 1 |   CSS   |",
        "create-ionic": "| 0 | 1 |   JavaScript   |",
        "eslint-plugin": "| 0 | 1 |   JavaScript   |",
        "rollup-plugin-inject": "| 0 | 0 |   JavaScript   |",
        "stackblitz-ionic-ng-tabs": "| 0 | 0 |   TypeScript   |",
        "stackblitz-ionic-react-tabs": "| 0 | 0 |   TypeScript   |",
        "demo-cordova-capacitor-migration": "| 0 | 0 |   TypeScript   |",
        "capacitor-site": "| 0 | 117 |   TypeScript   |",
        "bot": "| 0 | 0 |   TypeScript   |",
        "swiftlint": "| 0 | 0 |   JavaScript   |",
        "swiftlint-config": "| 0 | 0 |   JavaScript   |",
        "tutorial-appflow": "| 0 | 0 |   None   |",
        "demo-integrate-appflow-with-your-cicd-pipeline": "| 0 | 0 |   TypeScript   |",
        "docusaurus-plugin-tag-manager": "| 0 | 0 |   JavaScript   |",
        "docusaurus-test": "| 0 | 0 |   JavaScript   |",
        "apple-pay-relay-example": "| 0 | 0 |   TypeScript   |",
        "getting-started-iv-vue": "| 0 | 1 |   CSS   |",
        "getting-started-iv-react": "| 0 | 1 |   TypeScript   |",
        "ionic-native-audit": "| 0 | 0 |   JavaScript   |",
        "demo-intune-angular": "| 0 | 1 |   TypeScript   |",
        "homebrew-tools": "| 0 | 0 |   Ruby   |",
        "email-composer-testapp": "| 0 | 1 |   TypeScript   |",
        "datetime-migration-samples": "| 0 | 2 |   TypeScript   |",
        "live-updates-ecommerce-demo": "| 0 | 2 |   Java   |",
        "cloud_chat_app_frontend_focused": "| 0 | 0 |   Python   |",
        "cloud_chat_app_backend_focused": "| 0 | 4 |   TypeScript   |",
        "ionic-live-updates-releases": "| 0 | 2 |   Ruby   |",
        "docusaurus-theme-classic-wrapper": "| 0 | 0 |   JavaScript   |",
        "cap-demo-plugin-with-test-apps": "| 0 | 1 |   Java   |",
        "cs-portals-ecommerce-featured-products": "| 0 | 1 |   TypeScript   |",
        ".github": "| 0 | 3 |   None   |",
        "Demo-Appflow-Live-Update-API": "| 0 | 0 |   TypeScript   |",
        "demo-appflow-auto-increment": "| 0 | 1 |   TypeScript   |",
        "cs-portals-capacitor-ng": "| 0 | 3 |   TypeScript   |",
        "cs-portals-ecommerce-native": "| 0 | 0 |   TypeScript   |",
        "portals-starter-angular": "| 0 | 0 |   TypeScript   |",
        "stencil-examples": "| 0 | 0 |   None   |",
        "remote-log": "| 0 | 1 |   TypeScript   |",
        "getting-started-ac-react": "| 0 | 0 |   TypeScript   |",
        "getting-started-ac-angular": "| 0 | 0 |   TypeScript   |",
        "portals-collapsing-toolbar-example": "| 0 | 0 |   Kotlin   |",
        "portals-starter-vue-vite": "| 0 | 0 |   None   |",
        "capacitor-plugin-video-demo": "| 0 | 0 |   JavaScript   |",
        "capacitor-plugin-video-demo-test-project": "| 0 | 0 |   SCSS   |"
    }
}