{
    "company": "IonQ, Inc.",
    "h-index": 4,
    "repo count": 10,
    "contributor count": 266,
    "size": "todo",
    "employee count": "todo",
    "country": null,
    "top language": "Python",
    "repos": {
        "blqs": "| 33 | 5 |   Python   |",
        "QC-App-Oriented-Benchmarks": "| 7 | 4 |   Python   |",
        "skku": "| 5 | 2 |   Jupyter Notebook   |",
        "ProjectQ": "| 5 | 1 |   Python   |",
        "serde": "| 1 | 0 |   None   |",
        "forte_benchmarking": "| 1 | 0 |   HTML   |",
        "json": "| 0 | 1 |   None   |",
        "vm2": "| 0 | 0 |   None   |",
        "neon-serde": "| 0 | 0 |   Rust   |",
        "forte-benchmarking": "| 0 | 0 |   HTML   |"
    }
}