{
    "company": "ironSource",
    "h-index": 14,
    "repo count": 80,
    "contributor count": 1417,
    "size": "todo",
    "employee count": "todo",
    "country": "Israel",
    "top language": "JavaScript",
    "repos": {
        "OneAdapter": "| 463 | 42 |   Kotlin   |",
        "parquetjs": "| 317 | 157 |   JavaScript   |",
        "node-regedit": "| 245 | 41 |   JavaScript   |",
        "license-report": "| 173 | 39 |   JavaScript   |",
        "dslint": "| 66 | 6 |   Kotlin   |",
        "aircon": "| 60 | 7 |   Java   |",
        "node-generator-chrome-ninja": "| 59 | 6 |   JavaScript   |",
        "node-dynamodb-stream": "| 44 | 22 |   JavaScript   |",
        "pickpick": "| 34 | 6 |   JavaScript   |",
        "aws-api-read-stream": "| 24 | 1 |   JavaScript   |",
        "node-if-async": "| 23 | 1 |   JavaScript   |",
        "stubborn": "| 22 | 3 |   JavaScript   |",
        "alleviate": "| 19 | 1 |   Kotlin   |",
        "node-generator-bare-react": "| 14 | 2 |   JavaScript   |",
        "node-generator-nom": "| 13 | 1 |   JavaScript   |",
        "ec2-info": "| 10 | 4 |   JavaScript   |",
        "fusion-ui": "| 7 | 2 |   TypeScript   |",
        "json-proxy": "| 5 | 0 |   JavaScript   |",
        "portable-executable": "| 5 | 6 |   HTML   |",
        "proxy": "| 4 | 0 |   JavaScript   |",
        "node-pg-metadata": "| 4 | 3 |   JavaScript   |",
        "node-config-prompt": "| 4 | 0 |   JavaScript   |",
        "vault-redshift-plugin": "| 4 | 3 |   Go   |",
        "pickpick-targeting-compiler": "| 4 | 1 |   JavaScript   |",
        "karma-mongodb-reporter": "| 3 | 1 |   JavaScript   |",
        "node-pg-validate": "| 3 | 4 |   JavaScript   |",
        "node-dynamodb-value": "| 3 | 0 |   JavaScript   |",
        "resumable-http-download": "| 3 | 1 |   JavaScript   |",
        "exec-it": "| 2 | 1 |   JavaScript   |",
        "iSmusic": "| 2 | 1 |   HTML   |",
        "aws-sqs-workflow": "| 2 | 0 |   JavaScript   |",
        "log4js-elasticsearch-aws": "| 2 | 0 |   JavaScript   |",
        "parse-content-range-header": "| 2 | 1 |   JavaScript   |",
        "node-regedit-code-generator": "| 1 | 2 |   VBScript   |",
        "teleport": "| 1 | 0 |   Python   |",
        "gelf2kafka": "| 1 | 1 |   Ruby   |",
        "node-multi-tap": "| 1 | 2 |   JavaScript   |",
        "node-ella": "| 1 | 0 |   JavaScript   |",
        "bi-tools": "| 1 | 1 |   Python   |",
        "win-lnk": "| 1 | 1 |   JavaScript   |",
        "redash": "| 1 | 0 |   Python   |",
        "docker-vault": "| 1 | 0 |   Shell   |",
        "is-ec2-machine": "| 1 | 3 |   JavaScript   |",
        "action-trigger-workflow": "| 1 | 1 |   Shell   |",
        "action-slack-notification": "| 1 | 0 |   Shell   |",
        "mobile-api-lib-python": "| 1 | 1 |   Python   |",
        "zero-s3": "| 0 | 0 |   JavaScript   |",
        "rijik": "| 0 | 0 |   JavaScript   |",
        "nw-workshop-2014": "| 0 | 0 |   JavaScript   |",
        "my-platform": "| 0 | 0 |   JavaScript   |",
        "cookbook_policyrcd": "| 0 | 0 |   Ruby   |",
        "amazon-kinesis-client-python": "| 0 | 0 |   Python   |",
        "node-ec2-userdata": "| 0 | 0 |   JavaScript   |",
        "tailf2kafka": "| 0 | 1 |   Ruby   |",
        "node-dynamodb-path": "| 0 | 0 |   JavaScript   |",
        "memcached": "| 0 | 0 |   Ruby   |",
        "vault": "| 0 | 0 |   Go   |",
        "newrelic-pm2-plugin": "| 0 | 0 |   JavaScript   |",
        "node-chrome-unmirror": "| 0 | 0 |   JavaScript   |",
        "node-vinyl-fs-merge": "| 0 | 0 |   JavaScript   |",
        "node-family-store": "| 0 | 0 |   JavaScript   |",
        "node-config-root": "| 0 | 0 |   JavaScript   |",
        "sqlpad": "| 0 | 0 |   JavaScript   |",
        "reaction-ios": "| 0 | 0 |   Objective-C   |",
        "slackhook": "| 0 | 0 |   Go   |",
        "users": "| 0 | 0 |   Ruby   |",
        "vault-java-driver": "| 0 | 0 |   Java   |",
        "pgjdbc": "| 0 | 1 |   Java   |",
        "browser-pack": "| 0 | 1 |   JavaScript   |",
        "browserify": "| 0 | 1 |   JavaScript   |",
        "karnaf": "| 0 | 0 |   PHP   |",
        "ephemeral_lvm": "| 0 | 1 |   Ruby   |",
        "techblog-making-your-data-analysis-efficient": "| 0 | 0 |   None   |",
        "opensource-contributor-license-agreement": "| 0 | 0 |   None   |",
        "cert-manager-csi": "| 0 | 1 |   Go   |",
        "nodeJS-testing": "| 0 | 1 |   None   |",
        "prebid.github.io": "| 0 | 0 |   HTML   |",
        "Prebid.js": "| 0 | 1 |   JavaScript   |",
        "stf": "| 0 | 1 |   None   |",
        "mobile-api-lib-js": "| 0 | 1 |   TypeScript   |"
    }
}