{
    "company": "\u7528\u53cb\u7f51\u7edc\u5927\u524d\u7aef\u6280\u672f\u56e2\u961f",
    "h-index": 15,
    "repo count": 125,
    "contributor count": 777,
    "size": "todo",
    "employee count": "todo",
    "country": "Beijing,China",
    "top language": "JavaScript",
    "repos": {
        "blog": "| 928 | 123 |   None   |",
        "tinper-bee": "| 542 | 71 |   JavaScript   |",
        "kero": "| 278 | 13 |   JavaScript   |",
        "designer": "| 75 | 33 |   JavaScript   |",
        "front-end-daily": "| 63 | 2 |   None   |",
        "tinper-neoui": "| 60 | 22 |   JavaScript   |",
        "tinper-uba": "| 59 | 17 |   JavaScript   |",
        "ucf-web": "| 59 | 10 |   JavaScript   |",
        "iuap-design.github.io": "| 21 | 7 |   JavaScript   |",
        "YY-Code-Guide": "| 21 | 19 |   None   |",
        "tinper-sparrow": "| 20 | 9 |   JavaScript   |",
        "design.yyuap.com": "| 18 | 0 |   JavaScript   |",
        "tinper-neoui-grid": "| 17 | 5 |   JavaScript   |",
        "tinper.org": "| 17 | 2 |   JavaScript   |",
        "mtl": "| 15 | 3 |   JavaScript   |",
        "tinper-moy": "| 12 | 5 |   JavaScript   |",
        "ynpm-tool": "| 11 | 5 |   JavaScript   |",
        "scaffold": "| 10 | 4 |   JavaScript   |",
        "bee.tinper.org": "| 8 | 4 |   JavaScript   |",
        "xiguaui": "| 8 | 5 |   CSS   |",
        "tinper-neoui-tree": "| 7 | 2 |   JavaScript   |",
        "neoui-kero": "| 7 | 2 |   JavaScript   |",
        "tinper-webide": "| 7 | 0 |   HTML   |",
        "iuap-design-language": "| 7 | 0 |   None   |",
        "generate-uui": "| 6 | 0 |   JavaScript   |",
        "tdoc": "| 6 | 4 |   HTML   |",
        "ref-mdd": "| 6 | 1 |   JavaScript   |",
        "mdf.tinper.org": "| 6 | 2 |   HTML   |",
        "utip": "| 5 | 1 |   JavaScript   |",
        "cloud-starter-kit": "| 4 | 3 |   JavaScript   |",
        "neoui-knockout": "| 4 | 1 |   JavaScript   |",
        "tinper-docs": "| 4 | 1 |   JavaScript   |",
        "YYIMSDK": "| 4 | 4 |   JavaScript   |",
        "ucf-webapp": "| 4 | 0 |   JavaScript   |",
        "neoui-datetimepicker": "| 3 | 0 |   JavaScript   |",
        "user-group": "| 3 | 0 |   None   |",
        "webpack-dev-boilerplate": "| 3 | 0 |   JavaScript   |",
        "gitbook-plugin-iuap-design": "| 3 | 1 |   JavaScript   |",
        "templates": "| 3 | 3 |   JavaScript   |",
        "iweb-tool": "| 3 | 0 |   JavaScript   |",
        "uap-studio-html-snippets": "| 3 | 1 |   JavaScript   |",
        "helix": "| 3 | 1 |   JavaScript   |",
        "tinper-neoui-polyfill": "| 3 | 1 |   JavaScript   |",
        "ride-sharing": "| 3 | 1 |   None   |",
        "compox": "| 3 | 1 |   JavaScript   |",
        "awesome-moy": "| 3 | 0 |   None   |",
        "portal-fe-devServer": "| 3 | 1 |   JavaScript   |",
        "tinper-mox": "| 3 | 1 |   JavaScript   |",
        "mock-dev": "| 3 | 1 |   None   |",
        "tinper-storage": "| 3 | 0 |   JavaScript   |",
        "ucf-node": "| 3 | 3 |   JavaScript   |",
        "react-starter-kit": "| 2 | 0 |   None   |",
        "iuap-design-maven-project": "| 2 | 0 |   JavaScript   |",
        "iweb-tool-demo": "| 2 | 0 |   JavaScript   |",
        "neoui-mobile": "| 2 | 0 |   None   |",
        "mobx-react": "| 2 | 0 |   JavaScript   |",
        "neoui-kero-mixin": "| 2 | 0 |   JavaScript   |",
        "compox-util": "| 2 | 0 |   JavaScript   |",
        "mirror": "| 2 | 0 |   JavaScript   |",
        "tinper-honeycomb-app": "| 2 | 0 |   None   |",
        "tinper-datastore": "| 2 | 3 |   HTML   |",
        "xiaoyouweb": "| 2 | 2 |   None   |",
        "iuap_pap_react_quickstart": "| 2 | 0 |   CSS   |",
        "a-response-to-a-response": "| 2 | 0 |   None   |",
        "CloudIDE-Frontend": "| 2 | 0 |   JavaScript   |",
        "design.yonyoucloud": "| 2 | 3 |   JavaScript   |",
        "ignore-map-loader": "| 2 | 0 |   JavaScript   |",
        "java-starter-kit": "| 1 | 0 |   Java   |",
        "iuap-content": "| 1 | 0 |   HTML   |",
        "eslint-config-iuap": "| 1 | 0 |   JavaScript   |",
        "kero-server-adapter": "| 1 | 0 |   JavaScript   |",
        "solution-for-international": "| 1 | 0 |   None   |",
        "awesome-kero": "| 1 | 0 |   None   |",
        "neoui-plugins": "| 1 | 0 |   None   |",
        "kero-fetch": "| 1 | 0 |   JavaScript   |",
        "bee-kero": "| 1 | 0 |   None   |",
        "cloud-console": "| 1 | 0 |   JavaScript   |",
        "create-mox-app": "| 1 | 0 |   None   |",
        "moy-components": "| 1 | 1 |   None   |",
        "create-mox-app-boilerplate": "| 1 | 0 |   JavaScript   |",
        "moy.js": "| 1 | 0 |   JavaScript   |",
        "yonyou-fe-code-guide-extension-for-vscode": "| 1 | 1 |   JavaScript   |",
        "get-tinper-repos": "| 1 | 0 |   JavaScript   |",
        "tinper-pwa": "| 1 | 0 |   JavaScript   |",
        "mock-show": "| 1 | 1 |   JavaScript   |",
        "NodeSpider": "| 1 | 1 |   JavaScript   |",
        "tinper-moy-docs": "| 1 | 0 |   HTML   |",
        "MoyJS": "| 1 | 1 |   None   |",
        "iuap_pap_react": "| 1 | 1 |   JavaScript   |",
        "library": "| 1 | 0 |   JavaScript   |",
        "tinper-bee-theme-cli": "| 1 | 0 |   JavaScript   |",
        "ucf-web-migrate": "| 1 | 0 |   JavaScript   |",
        "tinper-bee-components": "| 1 | 0 |   JavaScript   |",
        "acs.tinper.org": "| 1 | 1 |   JavaScript   |",
        "babel-plugin-import-less-css": "| 1 | 0 |   JavaScript   |",
        "customize-table": "| 1 | 0 |   JavaScript   |",
        "usketch": "| 0 | 0 |   HTML   |",
        "mobx-tutorial-cn": "| 0 | 0 |   None   |",
        "mobx": "| 0 | 0 |   JavaScript   |",
        "mobx-react-devtools": "| 0 | 0 |   JavaScript   |",
        "lerna": "| 0 | 0 |   JavaScript   |",
        "create-moy-app": "| 0 | 0 |   JavaScript   |",
        "create-bee-app": "| 0 | 0 |   JavaScript   |",
        "components-center": "| 0 | 1 |   JavaScript   |",
        "tinper-react": "| 0 | 0 |   None   |",
        "yapi-plugin-yysso": "| 0 | 2 |   JavaScript   |",
        "tinper-brick": "| 0 | 0 |   JavaScript   |",
        "mtl-web-example": "| 0 | 0 |   HTML   |",
        "tinper-bee-theme": "| 0 | 1 |   JavaScript   |",
        "charts": "| 0 | 0 |   Smarty   |",
        "ucf-fe": "| 0 | 0 |   HTML   |",
        "tinper-bee-theme-server": "| 0 | 0 |   JavaScript   |",
        "test": "| 0 | 0 |   JavaScript   |",
        "ucf.tinper.org": "| 0 | 0 |   CSS   |",
        "iuap5-fe": "| 0 | 0 |   JavaScript   |",
        "eslint-config": "| 0 | 0 |   JavaScript   |",
        "lang-cli": "| 0 | 0 |   None   |",
        "mdf-container-description": "| 0 | 0 |   JavaScript   |",
        "mobile.tinper.org": "| 0 | 0 |   JavaScript   |",
        "mobile-demo": "| 0 | 0 |   JavaScript   |",
        "libraui-template": "| 0 | 0 |   JavaScript   |",
        "tinper-libraui-extension-packager": "| 0 | 0 |   TypeScript   |",
        "actions-ynpm-sync": "| 0 | 0 |   Dockerfile   |",
        "yb-design-home": "| 0 | 0 |   JavaScript   |",
        "iuap-insight-hubble": "| 0 | 0 |   JavaScript   |"
    }
}