{
    "company": "iView",
    "h-index": 11,
    "repo count": 17,
    "contributor count": 191,
    "size": "todo",
    "employee count": "todo",
    "country": "BeiJing",
    "top language": "JavaScript",
    "repos": {
        "iview": "| 24008 | 4215 |   Vue   |",
        "iview-admin": "| 16330 | 4902 |   Vue   |",
        "iview-project": "| 843 | 403 |   JavaScript   |",
        "iview-cli": "| 730 | 150 |   JavaScript   |",
        "iview-area": "| 314 | 96 |   Vue   |",
        "iview-editor": "| 222 | 23 |   Vue   |",
        "iview-mpvue": "| 72 | 13 |   CSS   |",
        "vue-cli-plugin-iview": "| 61 | 9 |   JavaScript   |",
        "iview-theme": "| 58 | 22 |   JavaScript   |",
        "iview-loader": "| 31 | 20 |   JavaScript   |",
        "weapp-doc": "| 14 | 8 |   CSS   |",
        "iview-bot": "| 5 | 1 |   JavaScript   |",
        "iview.github.io": "| 4 | 5 |   HTML   |",
        "webpack": "| 4 | 3 |   JavaScript   |",
        "iview-mock": "| 3 | 0 |   None   |",
        "iview-pro": "| 2 | 0 |   None   |",
        "resource": "| 0 | 0 |   None   |"
    }
}