{
    "company": "JetBrains",
    "h-index": 105,
    "repo count": 630,
    "contributor count": 10513,
    "size": "todo",
    "employee count": "todo",
    "country": "Czech Republic",
    "top language": "Java",
    "repos": {
        "kotlin": "| 44657 | 5522 |   Kotlin   |",
        "intellij-community": "| 15329 | 4872 |   None   |",
        "compose-multiplatform": "| 11659 | 871 |   Kotlin   |",
        "JetBrainsMono": "| 8926 | 272 |   Shell   |",
        "ideavim": "| 7593 | 697 |   Kotlin   |",
        "Exposed": "| 7106 | 601 |   Kotlin   |",
        "kotlin-native": "| 7068 | 615 |   Kotlin   |",
        "ring-ui": "| 3444 | 210 |   TypeScript   |",
        "kotlinconf-app": "| 2751 | 303 |   Kotlin   |",
        "skija": "| 2564 | 122 |   Java   |",
        "create-react-kotlin-app": "| 2476 | 151 |   JavaScript   |",
        "intellij-platform-plugin-template": "| 2220 | 447 |   Kotlin   |",
        "projector-docker": "| 2167 | 210 |   Shell   |",
        "intellij-plugins": "| 1966 | 999 |   Java   |",
        "svg-sprite-loader": "| 1957 | 286 |   JavaScript   |",
        "swot": "| 1461 | 14776 |   Kotlin   |",
        "MPS": "| 1433 | 276 |   JetBrains MPS   |",
        "skiko": "| 1401 | 81 |   Kotlin   |",
        "gradle-intellij-plugin": "| 1315 | 274 |   Kotlin   |",
        "kotlin-web-site": "| 1281 | 3490 |   JavaScript   |",
        "phpstorm-stubs": "| 1252 | 763 |   PHP   |",
        "idea-gitignore": "| 1244 | 183 |   Kotlin   |",
        "kotlin-wrappers": "| 1190 | 168 |   Kotlin   |",
        "projector-server": "| 1189 | 108 |   Kotlin   |",
        "resharper-unity": "| 1133 | 135 |   C#   |",
        "intellij-scala": "| 1113 | 393 |   Scala   |",
        "intellij-sdk-docs": "| 1107 | 832 |   Java   |",
        "xodus": "| 1085 | 113 |   Java   |",
        "kotless": "| 1080 | 58 |   Kotlin   |",
        "lets-plot": "| 872 | 45 |   Kotlin   |",
        "JetBrainsRuntime": "| 856 | 153 |   Java   |",
        "android": "| 847 | 217 |   Kotlin   |",
        "js-graphql-intellij-plugin": "| 836 | 94 |   Java   |",
        "compose-multiplatform-ios-android-template": "| 827 | 50 |   Kotlin   |",
        "projector-installer": "| 810 | 66 |   Python   |",
        "intellij-sdk-code-samples": "| 805 | 281 |   Java   |",
        "projector-client": "| 805 | 88 |   Kotlin   |",
        "Grammar-Kit": "| 640 | 122 |   Java   |",
        "Arend": "| 640 | 33 |   Java   |",
        "jediterm": "| 593 | 166 |   Java   |",
        "Nitra": "| 550 | 42 |   Nemerle   |",
        "markdown": "| 469 | 63 |   Kotlin   |",
        "intellij-micropython": "| 437 | 96 |   Python   |",
        "lincheck": "| 424 | 27 |   Kotlin   |",
        "kotlin-playground": "| 393 | 76 |   JavaScript   |",
        "colorSchemeTool": "| 385 | 78 |   Python   |",
        "Qodana": "| 371 | 30 |   None   |",
        "rd": "| 353 | 48 |   C#   |",
        "Unity3dRider": "| 350 | 39 |   None   |",
        "java-annotations": "| 330 | 47 |   Java   |",
        "phpstorm-attributes": "| 321 | 10 |   PHP   |",
        "pty4j": "| 313 | 107 |   Java   |",
        "lets-plot-kotlin": "| 312 | 33 |   Kotlin   |",
        "resharper-fsharp": "| 297 | 54 |   F#   |",
        "phpstorm-workshop": "| 286 | 66 |   PHP   |",
        "jewel": "| 283 | 11 |   Kotlin   |",
        "meta-runner-power-pack": "| 254 | 124 |   PowerShell   |",
        "inspection-plugin": "| 254 | 26 |   Kotlin   |",
        "awesome-pycharm": "| 252 | 44 |   None   |",
        "web-types": "| 244 | 21 |   TypeScript   |",
        "ideolog": "| 233 | 48 |   Kotlin   |",
        "youtrack-mobile": "| 230 | 66 |   TypeScript   |",
        "la-clojure": "| 218 | 49 |   Java   |",
        "php-timeline": "| 215 | 14 |   None   |",
        "gradle-changelog-plugin": "| 211 | 35 |   Kotlin   |",
        "resharper-rider-samples": "| 210 | 185 |   C#   |",
        "gradle-idea-ext-plugin": "| 205 | 41 |   Groovy   |",
        "jdk8u_jdk": "| 203 | 161 |   Java   |",
        "compose-multiplatform-template": "| 201 | 21 |   Kotlin   |",
        "youtrack-workflows": "| 192 | 58 |   JavaScript   |",
        "godot-support": "| 190 | 13 |   C#   |",
        "qodana-action": "| 187 | 22 |   JavaScript   |",
        "compose-multiplatform-core": "| 177 | 37 |   Kotlin   |",
        "compose-for-web-demos": "| 173 | 6 |   None   |",
        "kotlin-web-demo": "| 169 | 75 |   Kotlin   |",
        "jetbrains_guide": "| 169 | 49 |   CSS   |",
        "svg-mixer": "| 167 | 38 |   JavaScript   |",
        "intellij-samples": "| 162 | 107 |   Java   |",
        "jdk8u_hotspot": "| 157 | 115 |   C++   |",
        "phpstorm-docker-images": "| 157 | 50 |   Dockerfile   |",
        "psiviewer": "| 151 | 33 |   Java   |",
        "intellij-plugin-verifier": "| 147 | 44 |   Kotlin   |",
        "kotlin-compiler-server": "| 145 | 60 |   Kotlin   |",
        "teamcity-messages": "| 138 | 82 |   Python   |",
        "jcef": "| 138 | 23 |   Java   |",
        "resharper-angularjs": "| 136 | 24 |   JavaScript   |",
        "ruby-type-inference": "| 134 | 8 |   Kotlin   |",
        "python-skeletons": "| 132 | 56 |   Python   |",
        "golandtipsandtricks": "| 132 | 31 |   Go   |",
        "phpstorm-phpstan-plugin": "| 131 | 12 |   Java   |",
        "resharper-rider-plugin": "| 130 | 32 |   PowerShell   |",
        "clion-wsl": "| 129 | 91 |   Shell   |",
        "teamcity-docker-samples": "| 128 | 74 |   Shell   |",
        "phpstorm-psalm-plugin": "| 127 | 12 |   Java   |",
        "jdk8u": "| 123 | 44 |   Shell   |",
        "clion-remote": "| 123 | 77 |   None   |",
        "YouTrackSharp": "| 122 | 106 |   C#   |",
        "educational-plugin": "| 122 | 47 |   Kotlin   |",
        "youtrack-rest-python-library": "| 121 | 120 |   Python   |",
        "origami": "| 119 | 16 |   Elm   |",
        "jb-rpd-splash": "| 118 | 18 |   JavaScript   |",
        "intellij-haxe": "| 115 | 2 |   Java   |",
        "resharper-cyclomatic-complexity": "| 115 | 17 |   C#   |",
        "qodana-cli": "| 113 | 10 |   Go   |",
        "bazel-bsp": "| 111 | 30 |   Kotlin   |",
        "UnrealLink": "| 101 | 25 |   C++   |",
        "toolbox-browser-extension": "| 100 | 50 |   JavaScript   |",
        "RiderSourceCodeAccess": "| 100 | 23 |   C++   |",
        "intellij-scala-bundle": "| 95 | 20 |   Scala   |",
        "resharper-nuget": "| 94 | 11 |   C#   |",
        "kotlin-netbeans": "| 90 | 26 |   Kotlin   |",
        "http-request-in-editor-spec": "| 90 | 15 |   None   |",
        "teamcity-dotnet-plugin": "| 88 | 23 |   Kotlin   |",
        "xodus-dnq": "| 86 | 31 |   Kotlin   |",
        "appcode-workshop": "| 84 | 7 |   None   |",
        "gradle-grammar-kit-plugin": "| 82 | 19 |   Kotlin   |",
        "intellij-kotlin": "| 82 | 31 |   Kotlin   |",
        "intellij-sbt": "| 81 | 9 |   Scala   |",
        "ExternalAnnotations": "| 81 | 47 |   Kotlin   |",
        "sbt-idea-plugin": "| 81 | 27 |   Scala   |",
        "intellij-arend": "| 80 | 15 |   Kotlin   |",
        "open-radiant": "| 80 | 11 |   Elm   |",
        "teamcity-docker-images": "| 79 | 60 |   C#   |",
        "kara": "| 78 | 16 |   Kotlin   |",
        "intellij-ui-test-robot": "| 78 | 19 |   Kotlin   |",
        "jetCheck": "| 77 | 5 |   Java   |",
        "jetpad-projectional-open-source": "| 74 | 13 |   Java   |",
        "teamcity-rest-client": "| 74 | 51 |   Kotlin   |",
        "compose-multiplatform-desktop-template": "| 74 | 6 |   Kotlin   |",
        "commit-status-publisher": "| 73 | 95 |   Java   |",
        "teamcity-docker-agent": "| 73 | 71 |   Dockerfile   |",
        "MPS-extensions": "| 73 | 44 |   JetBrains MPS   |",
        "sbt-structure": "| 71 | 26 |   Scala   |",
        "teamcity-docker-server": "| 70 | 54 |   Dockerfile   |",
        "mnemonics": "| 69 | 24 |   F#   |",
        "arend-lib": "| 69 | 22 |   Java   |",
        "skia-build": "| 69 | 35 |   Python   |",
        "adt-tools-base": "| 67 | 31 |   Java   |",
        "resharper-devguide": "| 65 | 39 |   None   |",
        "teamcity-unity-plugin": "| 65 | 38 |   Kotlin   |",
        "runAs": "| 64 | 25 |   C++   |",
        "intellij-coverage": "| 62 | 30 |   Java   |",
        "Refasmer": "| 62 | 10 |   C#   |",
        "youtrack-idea-plugin": "| 61 | 24 |   Kotlin   |",
        "KotlinMultiplatformPlayground": "| 61 | 13 |   Kotlin   |",
        "xodus-entity-browser": "| 59 | 26 |   Kotlin   |",
        "Rplugin": "| 57 | 12 |   Kotlin   |",
        "kotlin-mobile-docs": "| 57 | 68 |   None   |",
        "sbt-ide-settings": "| 56 | 8 |   Scala   |",
        "teamcity-kubernetes-plugin": "| 54 | 18 |   Java   |",
        "spotbugs-intellij-plugin": "| 53 | 25 |   Java   |",
        "jsitter": "| 52 | 9 |   Kotlin   |",
        "mapper": "| 51 | 24 |   Java   |",
        "TeamCity.SonarQubePlugin": "| 51 | 30 |   Java   |",
        "resharper-presentation-assistant": "| 51 | 14 |   C#   |",
        "profiler-self-api": "| 51 | 7 |   C#   |",
        "intellij-deps-trove4j": "| 50 | 17 |   Java   |",
        "dekaf": "| 48 | 11 |   Java   |",
        "ide-features-trainer": "| 48 | 17 |   Ruby   |",
        "gradle-python-envs": "| 48 | 32 |   Groovy   |",
        "ForTea": "| 48 | 9 |   C#   |",
        "emacs4ij": "| 45 | 9 |   Java   |",
        "icons": "| 45 | 19 |   JavaScript   |",
        "clion-custom-defined-compiler-examples": "| 45 | 15 |   C   |",
        "TeamCity.ServiceMessages": "| 44 | 11 |   C#   |",
        "teamcity-azure-agent": "| 44 | 22 |   Kotlin   |",
        "space-kotlin-sdk": "| 43 | 2 |   Kotlin   |",
        "teamcity-nuget-support": "| 40 | 11 |   Java   |",
        "andel": "| 40 | 13 |   Java   |",
        "jdk8u_nashorn": "| 39 | 46 |   Java   |",
        "teamcity-s3-artifact-storage-plugin": "| 39 | 22 |   Java   |",
        "ttorrent-lib": "| 38 | 8 |   Java   |",
        "teamcity-deployer-plugin": "| 38 | 30 |   Java   |",
        "websandbox": "| 38 | 7 |   TypeScript   |",
        "azure-tools-for-intellij": "| 38 | 10 |   Java   |",
        "teamcity-pipelines-dsl": "| 36 | 19 |   Kotlin   |",
        "reading-club": "| 36 | 2 |   None   |",
        "capture-points": "| 35 | 14 |   None   |",
        "kannotator": "| 34 | 16 |   Kotlin   |",
        "ui": "| 34 | 15 |   CSS   |",
        "KotlinFinder": "| 33 | 7 |   Kotlin   |",
        "projector-demo": "| 33 | 7 |   Kotlin   |",
        "TeamCity.VSTest.TestAdapter": "| 32 | 14 |   C#   |",
        "exposed-intellij-plugin": "| 32 | 10 |   Kotlin   |",
        "tinygo-plugin": "| 32 | 6 |   Go   |",
        "rsynk": "| 31 | 8 |   Kotlin   |",
        "teamcity-rust-plugin": "| 30 | 6 |   Kotlin   |",
        "mps-coderules": "| 30 | 8 |   JetBrains MPS   |",
        "sample_rails_app": "| 30 | 94 |   Ruby   |",
        "youtrack-python-scripts": "| 29 | 21 |   Python   |",
        "teamcity-cpp": "| 28 | 20 |   C++   |",
        "teamcity-vscode-extension": "| 27 | 11 |   TypeScript   |",
        "teamcity-amazon-ecs-plugin": "| 27 | 14 |   Kotlin   |",
        "JavaScript-timeline": "| 27 | 4 |   None   |",
        "gradle-qodana-plugin": "| 27 | 5 |   Kotlin   |",
        "whatsnewingoland": "| 27 | 8 |   Go   |",
        "package-search-gradle-plugins": "| 27 | 9 |   Kotlin   |",
        "EnhancedUnrealEngineDocumentation": "| 27 | 3 |   Kotlin   |",
        "teamcity-azure-active-directory": "| 26 | 18 |   Kotlin   |",
        "sbt-idea-example": "| 26 | 15 |   Scala   |",
        "email-parser": "| 26 | 7 |   Kotlin   |",
        "teamcity-commit-hooks": "| 26 | 20 |   Kotlin   |",
        "hunspell-dictionaries": "| 26 | 18 |   Python   |",
        "teamcity-csharp-interactive": "| 26 | 12 |   C#   |",
        "JPS": "| 25 | 8 |   Java   |",
        "teamcity-docker-minimal-agent": "| 25 | 33 |   Dockerfile   |",
        "attachme": "| 25 | 8 |   Java   |",
        "teamcity-hashicorp-vault-plugin": "| 24 | 15 |   Java   |",
        "teamcity-vmware-plugin": "| 23 | 12 |   Java   |",
        "debugger-memory-agent": "| 23 | 11 |   C++   |",
        "profiler-api": "| 23 | 6 |   C#   |",
        "dotpeek-nupeek": "| 22 | 7 |   C#   |",
        "logos": "| 21 | 11 |   JavaScript   |",
        "teamcity-documentation": "| 21 | 110 |   None   |",
        "rider-theme-pack": "| 21 | 8 |   Python   |",
        "datalore-configs": "| 21 | 14 |   Shell   |",
        "teamcity-runas-plugin": "| 20 | 14 |   Java   |",
        "sample-resharper-plugin": "| 20 | 5 |   C#   |",
        "intellij-deps-asm": "| 20 | 22 |   Java   |",
        "bunches": "| 20 | 19 |   Kotlin   |",
        "teamcity-rest": "| 20 | 8 |   Java   |",
        "JetBrains.Annotations": "| 20 | 12 |   C#   |",
        "IntelliJ-Log-Analyzer": "| 20 | 3 |   JavaScript   |",
        "teamcity-sdk-maven-plugin": "| 19 | 8 |   Kotlin   |",
        "clrstack": "| 19 | 10 |   C#   |",
        "jdk-sa-jdwp": "| 19 | 10 |   Java   |",
        "space-app-tutorials": "| 19 | 13 |   Kotlin   |",
        "skia-pack": "| 19 | 17 |   Python   |",
        "JetBox": "| 18 | 10 |   C#   |",
        "teamcity-achievements": "| 18 | 7 |   Java   |",
        "resharper-xunit-templates": "| 18 | 5 |   None   |",
        "teamcity-symbol-server": "| 18 | 18 |   Java   |",
        "eslint-config": "| 18 | 7 |   JavaScript   |",
        "teamcity-google-template": "| 18 | 32 |   Jinja   |",
        "space-dotnet-sdk": "| 18 | 10 |   C#   |",
        "teamcity-torrent-plugin": "| 17 | 8 |   Java   |",
        "dotpeek-peekfx": "| 17 | 3 |   C#   |",
        "dotpeek-console": "| 17 | 7 |   C#   |",
        "ReSharperPowerToys": "| 17 | 4 |   C#   |",
        "dotmemory-demos": "| 17 | 5 |   C#   |",
        "upsource-with-tools-docker": "| 17 | 13 |   Dockerfile   |",
        "teamcity-msbuild-logger": "| 17 | 8 |   C#   |",
        "intellij-structural-search-for-kotlin": "| 17 | 2 |   Kotlin   |",
        "ztools": "| 17 | 5 |   Scala   |",
        "fleet-gradle-plugin": "| 17 | 0 |   None   |",
        "Chocolatey": "| 16 | 7 |   PowerShell   |",
        "plugin-repository-rest-client": "| 16 | 13 |   Kotlin   |",
        "team-explorer-everywhere": "| 16 | 5 |   Java   |",
        "teamcity-webhooks": "| 16 | 9 |   Java   |",
        "space-issues-import": "| 16 | 13 |   Kotlin   |",
        "ReSharperGallery": "| 15 | 4 |   C#   |",
        "intellij-feature-suggester": "| 15 | 7 |   Kotlin   |",
        "mps-maven-plugin": "| 15 | 8 |   Java   |",
        "emoji": "| 15 | 6 |   JavaScript   |",
        "phpstorm-library-plugin": "| 15 | 6 |   PHP   |",
        "Android-Tuts-Samples": "| 14 | 19 |   Java   |",
        "tc-sbt-runner": "| 14 | 8 |   Java   |",
        "noria-kt": "| 14 | 6 |   Kotlin   |",
        "kotlin-grammar-generator": "| 13 | 8 |   None   |",
        "resharper-ultimate-whatsnew": "| 13 | 7 |   C#   |",
        "teamcity-azure-storage": "| 13 | 7 |   Kotlin   |",
        "msbuild": "| 13 | 7 |   C#   |",
        "teamcity-google-storage": "| 13 | 7 |   Kotlin   |",
        "teamcity-google-agent": "| 13 | 10 |   Kotlin   |",
        "teamcity-bazel-plugin": "| 13 | 8 |   Kotlin   |",
        "intellij-obsolete-plugins": "| 13 | 19 |   Java   |",
        "marketplace-makemecoffee-plugin": "| 13 | 11 |   Java   |",
        "phpstorm-http-client-tutorial": "| 13 | 7 |   PHP   |",
        "marketplace-zip-signer": "| 13 | 14 |   Kotlin   |",
        "fbme": "| 13 | 12 |   JetBrains MPS   |",
        "go-code-samples": "| 13 | 2 |   Go   |",
        "resharper-plugins": "| 12 | 4 |   C#   |",
        "resharper-vsix": "| 12 | 8 |   C#   |",
        "intellij-ipnb": "| 12 | 4 |   Java   |",
        "teamcity-caches-cleanup-plugin": "| 12 | 3 |   Kotlin   |",
        "format-ripper": "| 12 | 3 |   C#   |",
        "codereview4intellij": "| 11 | 4 |   Java   |",
        "teamcity-dottrace": "| 11 | 5 |   Java   |",
        "teamcity-aws-codedeploy-plugin": "| 11 | 6 |   Java   |",
        "youtrack-scripting": "| 11 | 9 |   JavaScript   |",
        "intellij-deps-jflex": "| 11 | 5 |   Java   |",
        "teamcity-cloudformation-template": "| 11 | 26 |   None   |",
        "kotlin-js-demo-1.3.50": "| 11 | 3 |   Kotlin   |",
        "JetBrains.EnvDTE": "| 11 | 1 |   C#   |",
        "Rkernel": "| 11 | 4 |   R   |",
        "teamcity-local-cloud": "| 10 | 8 |   Java   |",
        "sbt-tc-logger": "| 10 | 12 |   Scala   |",
        "teamcity-investigations-auto-assigner": "| 10 | 12 |   Java   |",
        "gitextensions": "| 10 | 1 |   C#   |",
        "intellij-deps-ini4j": "| 10 | 14 |   Java   |",
        "kotlin-native-shared": "| 10 | 11 |   Kotlin   |",
        "writerside-github-action": "| 10 | 0 |   Dockerfile   |",
        "teamcity-maven-archetypes": "| 9 | 5 |   Java   |",
        "mocha-intellij": "| 9 | 8 |   JavaScript   |",
        "ot-coq": "| 9 | 4 |   Coq   |",
        "pycharm-demos": "| 9 | 7 |   TSQL   |",
        "p2p-games": "| 9 | 4 |   Kotlin   |",
        "jdk8u_tests": "| 9 | 7 |   Java   |",
        "teamcity-react-demo": "| 9 | 9 |   JavaScript   |",
        "ij-perf-report-aggregator": "| 9 | 5 |   Vue   |",
        "aws-toolkit-jetbrains": "| 9 | 4 |   Kotlin   |",
        "teamcity-dotnet-samples": "| 9 | 21 |   C#   |",
        "EzArgs": "| 9 | 4 |   Kotlin   |",
        "intellij-ide-starter": "| 9 | 2 |   Kotlin   |",
        "apple-notary-api-kotlin-client": "| 9 | 4 |   Kotlin   |",
        "youtrack-rest-ruby-library": "| 8 | 8 |   Ruby   |",
        "TeamCity.StaticUIExtensions": "| 8 | 8 |   Java   |",
        "intellij-stats-collector": "| 8 | 2 |   Kotlin   |",
        "phpstorm-base-project": "| 8 | 6 |   PHP   |",
        "tfsIntegration": "| 8 | 16 |   Java   |",
        "typeshed": "| 8 | 3 |   Python   |",
        "teamcity-test-metadata-demo": "| 8 | 11 |   Kotlin   |",
        "java-mission-control": "| 8 | 5 |   Java   |",
        "qodana-clone-finder-action": "| 8 | 1 |   Python   |",
        "qodana-license-audit-action": "| 8 | 2 |   None   |",
        "intellij-starteam-plugin": "| 7 | 6 |   Java   |",
        "dottrace-demos": "| 7 | 6 |   JavaScript   |",
        "teamcity-aws-codepipeline-plugin": "| 7 | 10 |   Java   |",
        "cpp-russia-2017-clion": "| 7 | 3 |   C++   |",
        "stylelint-config": "| 7 | 4 |   JavaScript   |",
        "teamcity-powershell": "| 7 | 7 |   Java   |",
        "hub-pub": "| 7 | 3 |   Kotlin   |",
        "youtrack-issues-list-widget": "| 7 | 11 |   JavaScript   |",
        "teamcity-sdk-docs": "| 7 | 7 |   None   |",
        "lets-plot-docs": "| 7 | 5 |   Jupyter Notebook   |",
        "rules_idea": "| 7 | 0 |   Starlark   |",
        "intellij-deps-log4j": "| 7 | 5 |   Java   |",
        "hackathon-unchain": "| 6 | 6 |   Java   |",
        "teamcity-build-agents-diff": "| 6 | 7 |   Java   |",
        "jetbrains-books-demos": "| 6 | 5 |   None   |",
        "mps-maven-deployer": "| 6 | 4 |   None   |",
        "jdk8u_langtools": "| 6 | 20 |   Java   |",
        "monodevelop": "| 6 | 3 |   C#   |",
        "programmer-games": "| 6 | 2 |   Elm   |",
        "merge-pull-request-trigger": "| 6 | 6 |   Java   |",
        "jdk8u_jfx": "| 6 | 4 |   C++   |",
        "teamcity-azure-template": "| 6 | 13 |   PowerShell   |",
        "embeddedProjectJdk": "| 6 | 6 |   Kotlin   |",
        "kotlin-dokka-stdlib": "| 6 | 13 |   None   |",
        "teamcity-gradle": "| 6 | 8 |   Java   |",
        "teamcity-git": "| 6 | 4 |   Java   |",
        "projector-markdown-plugin": "| 6 | 4 |   Java   |",
        "rider-debug-visualizer-web-view": "| 6 | 4 |   SCSS   |",
        "teamcity-slack-notifier": "| 6 | 6 |   Kotlin   |",
        "ap-validation": "| 6 | 3 |   Kotlin   |",
        "package-search-api-models": "| 6 | 2 |   Kotlin   |",
        "compose-multiplatform-html-library-template": "| 6 | 1 |   Kotlin   |",
        "youtrack-vcs-hooks": "| 5 | 4 |   Ruby   |",
        "CMake-runner-plugin": "| 5 | 9 |   Java   |",
        "teamcity-shared-resources": "| 5 | 6 |   Java   |",
        "coffee-script-debug-example": "| 5 | 6 |   Ruby   |",
        "integration-tests-vm-scripts": "| 5 | 9 |   PowerShell   |",
        "build-chain-export": "| 5 | 3 |   Java   |",
        "node-tick": "| 5 | 2 |   JavaScript   |",
        "web-po2json": "| 5 | 2 |   JavaScript   |",
        "sdkdocs-template": "| 5 | 10 |   Ruby   |",
        "teamcity-dotmemory": "| 5 | 3 |   Java   |",
        "sbt-intellij": "| 5 | 4 |   Scala   |",
        "docpack": "| 5 | 8 |   JavaScript   |",
        "hackathon16-arduino-led": "| 5 | 4 |   C++   |",
        "SharpZipLib": "| 5 | 3 |   C#   |",
        "sbt-idea-shell": "| 5 | 3 |   Scala   |",
        "youtrack-activities-widget": "| 5 | 1 |   JavaScript   |",
        "winit": "| 5 | 3 |   Rust   |",
        "dl-this": "| 5 | 1 |   Kotlin   |",
        "clion-debugger-plugin-stub": "| 5 | 1 |   Java   |",
        "ij_tutorial_gradle": "| 5 | 2 |   Java   |",
        "intellij-deps-ssh-nio-fs": "| 5 | 1 |   Java   |",
        "teamcity-api-js": "| 5 | 4 |   JavaScript   |",
        "mps-kotlin-typesystem": "| 5 | 2 |   None   |",
        "space-slack-unfurls": "| 5 | 2 |   Kotlin   |",
        "intellij-bsp": "| 5 | 1 |   Kotlin   |",
        "aws-teamcity-cfn-template-cdk": "| 5 | 0 |   Java   |",
        "youtrack-streamdeck-plugin": "| 5 | 0 |   CSS   |",
        "guide": "| 5 | 1 |   TypeScript   |",
        "clazz-loaderz": "| 4 | 4 |   Java   |",
        "CodingGame": "| 4 | 5 |   JavaScript   |",
        "netty-socketio": "| 4 | 4 |   None   |",
        "jdk8u_jaxp": "| 4 | 22 |   Java   |",
        "jdk8u_jaxws": "| 4 | 17 |   Java   |",
        "teamcity-bitbucket-issues": "| 4 | 3 |   Java   |",
        "karma-gwt": "| 4 | 3 |   Java   |",
        "xstream": "| 4 | 7 |   Java   |",
        "teamcity-github-auth": "| 4 | 6 |   Java   |",
        "teamcity-aws-codebuild-plugin": "| 4 | 5 |   Java   |",
        "hub-dashboard-addons": "| 4 | 7 |   JavaScript   |",
        "gradle-node-envs": "| 4 | 4 |   Groovy   |",
        "fsharp": "| 4 | 2 |   F#   |",
        "ring-ui-license-checker": "| 4 | 9 |   JavaScript   |",
        "gradle-ruby-envs": "| 4 | 4 |   Groovy   |",
        "youtrack-board-status-widget": "| 4 | 3 |   JavaScript   |",
        "hub-project-team-widget": "| 4 | 5 |   JavaScript   |",
        "homebrew-utils": "| 4 | 7 |   Ruby   |",
        "intellij-deps-java-compatibility": "| 4 | 3 |   Java   |",
        "teamcity-roadmap": "| 4 | 2 |   None   |",
        "youtrack-work-item-exporter-widget": "| 4 | 2 |   JavaScript   |",
        "teamcity-plugin-pipelines-dsl": "| 4 | 1 |   Kotlin   |",
        "ac_tutorial_swiftui": "| 4 | 2 |   Swift   |",
        "Avalonia": "| 4 | 2 |   C#   |",
        "nlc2cmd": "| 4 | 2 |   Python   |",
        "qodana-action-eap": "| 4 | 1 |   Shell   |",
        "package-search-version-utils": "| 4 | 2 |   Kotlin   |",
        ".github": "| 4 | 8 |   None   |",
        "teamcity-aws-sns-trigger-plugin": "| 4 | 2 |   Java   |",
        "debugger-agent": "| 4 | 1 |   Java   |",
        "intellij-shared-indexes-tool-example": "| 4 | 0 |   Kotlin   |",
        "resharper-sample-patterns": "| 3 | 5 |   Batchfile   |",
        "TeamCity.Widgets": "| 3 | 5 |   HTML   |",
        "asciidoc-manning-templates": "| 3 | 3 |   HTML   |",
        "link-checker": "| 3 | 4 |   JavaScript   |",
        "jdk8u_corba": "| 3 | 15 |   Java   |",
        "webpack-toolkit": "| 3 | 4 |   JavaScript   |",
        "hawtio": "| 3 | 4 |   Java   |",
        "react-portal": "| 3 | 6 |   JavaScript   |",
        "babel-plugin-angular-annotate": "| 3 | 3 |   JavaScript   |",
        "babel-preset": "| 3 | 5 |   JavaScript   |",
        "clion-bundle-buildenv": "| 3 | 3 |   Shell   |",
        "intellij-deps-commons-imaging": "| 3 | 2 |   Java   |",
        "obfuscar": "| 3 | 3 |   C#   |",
        "roslyn": "| 3 | 2 |   C#   |",
        "intellij-deps-HunspellJNA": "| 3 | 3 |   Java   |",
        "revoke-user-access-widget": "| 3 | 3 |   JavaScript   |",
        "hub-widget-ui": "| 3 | 7 |   JavaScript   |",
        "youtrack-issue-distribution-report-widget": "| 3 | 5 |   JavaScript   |",
        "artifacts-caching-proxy": "| 3 | 6 |   C#   |",
        "intellij-deps-proxy-vole": "| 3 | 4 |   Java   |",
        "teamcity-dotcover": "| 3 | 2 |   C#   |",
        "osx-cpu-temp": "| 3 | 2 |   C   |",
        "tree-sitter": "| 3 | 1 |   Rust   |",
        "SharpGenTools": "| 3 | 1 |   C   |",
        "scenebuilder": "| 3 | 3 |   Java   |",
        "ReSharperKeymap4IntelliJ": "| 3 | 1 |   Java   |",
        "teamcity-aws-core-plugin": "| 3 | 5 |   Java   |",
        "intellij-deps-jdi": "| 3 | 7 |   Java   |",
        "DPA-demo": "| 3 | 4 |   C#   |",
        "docker-credential-space": "| 3 | 1 |   Go   |",
        "intellij-deps-fastutil": "| 3 | 3 |   Java   |",
        "teamcity-search-ql": "| 3 | 5 |   Kotlin   |",
        "jps-javac-extension": "| 3 | 3 |   Java   |",
        "coverage-report": "| 3 | 3 |   Java   |",
        "bazel-sonatype": "| 3 | 1 |   Scala   |",
        "CodeIgniter-phpstorm-plugin": "| 3 | 2 |   Java   |",
        "libdbusmenu": "| 3 | 1 |   C   |",
        "phpstorm-xdebug-validation": "| 3 | 3 |   PHP   |",
        "CMake": "| 3 | 0 |   C   |",
        "intellij-scip": "| 3 | 1 |   Kotlin   |",
        "maven2-support": "| 3 | 0 |   Java   |",
        "apple-notary-api-dotnet-client": "| 3 | 1 |   C#   |",
        "qodana-docker": "| 3 | 0 |   Dockerfile   |",
        "teamcity-queue-pauser": "| 2 | 4 |   Java   |",
        "intellij-coffee-script-debugger": "| 2 | 8 |   Ruby   |",
        "dotnet-cas-client": "| 2 | 4 |   C#   |",
        "NuGetOperations": "| 2 | 3 |   C#   |",
        "TeamCity.PluginTemplate": "| 2 | 9 |   None   |",
        "TeamCity.WidgetsPlugin": "| 2 | 3 |   Java   |",
        "nvd3": "| 2 | 3 |   JavaScript   |",
        "tc-vso-rooms": "| 2 | 3 |   Java   |",
        "TeamCity.VsOnline.WorkItems": "| 2 | 9 |   Java   |",
        "teamcity-process-output-parsers": "| 2 | 3 |   Java   |",
        "teamcity-github-issues": "| 2 | 6 |   Java   |",
        "winpty": "| 2 | 2 |   C++   |",
        "teamcity-sysinfo-plugin": "| 2 | 3 |   Java   |",
        "debugger-libs": "| 2 | 2 |   C#   |",
        "nunit": "| 2 | 1 |   C#   |",
        "VSCodeDebugger": "| 2 | 3 |   C#   |",
        "teamcity-invitations-plugin": "| 2 | 5 |   Java   |",
        "telegraf": "| 2 | 3 |   Go   |",
        "cpp-russia-2017-rscpp": "| 2 | 2 |   C++   |",
        "TeamCity.SESPlugin": "| 2 | 3 |   Kotlin   |",
        "vss": "| 2 | 3 |   Java   |",
        "jdk8u_jb": "| 2 | 6 |   CMake   |",
        "intellij-deps-jdom": "| 2 | 3 |   Java   |",
        "teamcity-google-tag-manager-plugin": "| 2 | 3 |   Java   |",
        "rider-plugins-docker-image": "| 2 | 4 |   Dockerfile   |",
        "kotlin-kythe-plugin": "| 2 | 4 |   Java   |",
        "teamcity-project-status-widget": "| 2 | 14 |   JavaScript   |",
        "youtrack-personal-timetracking-widget": "| 2 | 4 |   JavaScript   |",
        "teamcity-build-artifacts-widget": "| 2 | 3 |   JavaScript   |",
        "coursera-assignments": "| 2 | 5 |   None   |",
        "reveal.js": "| 2 | 4 |   JavaScript   |",
        "youtrack-notifications-widget": "| 2 | 2 |   None   |",
        "teamcity-clearcase": "| 2 | 5 |   Java   |",
        "teamcity-fxcop": "| 2 | 3 |   Java   |",
        "teamcity-priority-queue": "| 2 | 4 |   Java   |",
        "teamcity-vault-vcs": "| 2 | 3 |   Java   |",
        "gemini-teamcity": "| 2 | 2 |   JavaScript   |",
        "teamcity-commandline": "| 2 | 5 |   Java   |",
        "xunit.github.io": "| 2 | 2 |   HTML   |",
        "batik": "| 2 | 2 |   Java   |",
        "ion-java": "| 2 | 1 |   Java   |",
        "JetBrains.Rider.Debugger.Launcher": "| 2 | 1 |   C#   |",
        "dotnet-project-model": "| 2 | 1 |   Kotlin   |",
        "NuGet.Client": "| 2 | 0 |   None   |",
        "intellij-deps-dbus-java": "| 2 | 1 |   Java   |",
        "duty-manager": "| 2 | 2 |   JavaScript   |",
        "kotlin-build-jps": "| 2 | 1 |   Kotlin   |",
        "code-analytics-examples": "| 2 | 6 |   C#   |",
        "teamcity-agent-state-plugin": "| 2 | 1 |   Java   |",
        "intellij-compiler-indices": "| 2 | 1 |   Scala   |",
        "teamcity-helm-plugin": "| 2 | 2 |   Java   |",
        "il-repack": "| 2 | 1 |   C#   |",
        "teamcity-sakura-ui-plugins": "| 2 | 4 |   Java   |",
        "teamcity-dashboard-plugin": "| 2 | 1 |   JavaScript   |",
        "gradle-jps-compiler-plugin": "| 2 | 5 |   Kotlin   |",
        "qodana-profiles": "| 2 | 7 |   Shell   |",
        "intellij-deps-jna": "| 2 | 3 |   Java   |",
        "qodana-examples": "| 2 | 2 |   Kotlin   |",
        "symbol-storage": "| 2 | 2 |   C#   |",
        "teamcity-kotlin-script-runner": "| 2 | 6 |   Kotlin   |",
        "download-pgp-verifier": "| 2 | 2 |   Kotlin   |",
        "etw-host-service-updater": "| 2 | 1 |   C#   |",
        "jsign": "| 2 | 1 |   Java   |",
        "nailgun": "| 2 | 1 |   Java   |",
        "space-slack-channel-sync": "| 2 | 2 |   Kotlin   |",
        "clion-learning-project": "| 2 | 2 |   C++   |",
        "space-documents-import": "| 2 | 1 |   Kotlin   |",
        "lm-astronomy": "| 2 | 1 |   Python   |",
        "writerside-project-templates": "| 2 | 0 |   Shell   |",
        "template-android-repository-sources": "| 2 | 1 |   Kotlin   |",
        "teamcity-demo-plugin-example": "| 2 | 0 |   Kotlin   |",
        "writerside-templates-library": "| 2 | 0 |   None   |",
        "hsql1": "| 1 | 3 |   Java   |",
        "MPS-Contrib": "| 1 | 3 |   JetBrains MPS   |",
        "resharper-phantomjs": "| 1 | 5 |   None   |",
        "intellij-tutorials-december-2013": "| 1 | 4 |   None   |",
        "JetPass": "| 1 | 3 |   C#   |",
        "teamcity-tests-watchdog": "| 1 | 5 |   Java   |",
        "Kotlin.TeamCity": "| 1 | 3 |   None   |",
        "odata4j": "| 1 | 2 |   Java   |",
        "ShortcutMapper": "| 1 | 3 |   HTML   |",
        "angular-elastic": "| 1 | 2 |   JavaScript   |",
        "intellij-scala-historical": "| 1 | 4 |   Scala   |",
        "teamcity-nunit-samples": "| 1 | 8 |   C#   |",
        "yavijava": "| 1 | 1 |   Java   |",
        "UIforETW": "| 1 | 1 |   C++   |",
        "zendesk-java-client": "| 1 | 3 |   Java   |",
        "cpp-russia-2017-cmake": "| 1 | 3 |   CMake   |",
        "clrmd": "| 1 | 5 |   C#   |",
        "coreclr": "| 1 | 2 |   C#   |",
        "corefx": "| 1 | 2 |   C#   |",
        "upsource-psi-agent-with-tools-docker": "| 1 | 4 |   None   |",
        "clearcase": "| 1 | 9 |   Java   |",
        "banner-rotator-webpack-plugin": "| 1 | 2 |   JavaScript   |",
        "teamcity-termsOfService-plugin": "| 1 | 7 |   Java   |",
        "hub-rss-widget": "| 1 | 3 |   JavaScript   |",
        "lightbeam": "| 1 | 3 |   Java   |",
        "binutils-gdb": "| 1 | 8 |   C   |",
        "teamcity-minimal-dockerfile": "| 1 | 4 |   None   |",
        "sbt-idea-compiler-indices": "| 1 | 6 |   Scala   |",
        "performance-comparisons": "| 1 | 3 |   None   |",
        "intellij-scala-indices-protocol": "| 1 | 2 |   Scala   |",
        "teamcity-investigations-hub-widget": "| 1 | 4 |   JavaScript   |",
        "univocity-parsers": "| 1 | 2 |   Java   |",
        "postcss-require-hover": "| 1 | 2 |   JavaScript   |",
        "sisu.inject": "| 1 | 2 |   Java   |",
        "jackson-databind": "| 1 | 3 |   Java   |",
        "teamcity-rake": "| 1 | 4 |   Java   |",
        "teamcity-swabra": "| 1 | 5 |   Java   |",
        "teamcity-xml-tests-reporting": "| 1 | 8 |   Java   |",
        "teamcity-service-messages": "| 1 | 2 |   JavaScript   |",
        "teamcity-environment-fetcher": "| 1 | 3 |   Java   |",
        "nixpkgs": "| 1 | 1 |   Nix   |",
        "sdk": "| 1 | 1 |   C#   |",
        "hermione-teamcity-reporter": "| 1 | 2 |   JavaScript   |",
        "idea-gradle-jps-build-app": "| 1 | 8 |   Java   |",
        "webteam-test": "| 1 | 17 |   JavaScript   |",
        "tree-sitter-go": "| 1 | 0 |   JavaScript   |",
        "SharpGen.Runtime.COM": "| 1 | 1 |   C#   |",
        "NuGet.BuildTasks": "| 1 | 1 |   C#   |",
        "hackathon19_deskovery": "| 1 | 1 |   C   |",
        "Rkernel-proto": "| 1 | 2 |   None   |",
        "webhelp-project-template": "| 1 | 3 |   None   |",
        "teamcity-test-data": "| 1 | 3 |   Shell   |",
        "teamcity-dsl-params-pipeline-example": "| 1 | 5 |   Kotlin   |",
        "teamcity-agent-info": "| 1 | 5 |   Java   |",
        "ac_tutorial_cocoapods": "| 1 | 2 |   Swift   |",
        "vso-httpclient-java": "| 1 | 1 |   None   |",
        "ac_tutorial_unit_testing": "| 1 | 1 |   Swift   |",
        "eslint-plugin-angular": "| 1 | 1 |   JavaScript   |",
        "vscode-debug-visualizer": "| 1 | 1 |   None   |",
        "ac_tutorial_debugging": "| 1 | 2 |   Swift   |",
        "plugin-blockmap-patches": "| 1 | 1 |   Kotlin   |",
        "ac_tutorial_refactorings": "| 1 | 2 |   Swift   |",
        "teamcity-sccache-plugin": "| 1 | 4 |   Kotlin   |",
        "leveldb": "| 1 | 0 |   C++   |",
        "teamcity-kotlin-trigger": "| 1 | 3 |   Kotlin   |",
        "teamcity-rest-codegen": "| 1 | 2 |   Java   |",
        "teamcity-rest-auto-kotlin-client": "| 1 | 1 |   Kotlin   |",
        "clazy": "| 1 | 2 |   None   |",
        "ChooseRuntime": "| 1 | 1 |   None   |",
        "jitsi-meet": "| 1 | 0 |   JavaScript   |",
        "cef": "| 1 | 2 |   C++   |",
        "doclava-mirror": "| 1 | 1 |   Java   |",
        "passcore": "| 1 | 1 |   C#   |",
        "Sharpmake": "| 1 | 2 |   C#   |",
        "intellij-uncrustify": "| 1 | 2 |   Java   |",
        "debug": "| 1 | 1 |   None   |",
        "scoop-utils": "| 1 | 1 |   None   |",
        "teamcity-log4j": "| 1 | 0 |   Java   |",
        "riderflow-sample": "| 1 | 2 |   ShaderLab   |",
        "teamcity-aws-lambda-plugin": "| 1 | 3 |   Kotlin   |",
        "jvm-native-trusted-roots": "| 1 | 4 |   Java   |",
        "profiler-unity-api": "| 1 | 0 |   C#   |",
        "habitat-detector": "| 1 | 1 |   C#   |",
        "terraform-provider-teamcity": "| 1 | 0 |   None   |",
        "JetBrainsApiTest": "| 1 | 1 |   Java   |",
        "sample_rails_app_7th_ed": "| 1 | 0 |   None   |",
        "teamcity-usage-statistics": "| 0 | 3 |   Java   |",
        "ruby_helloworld": "| 0 | 0 |   Ruby   |",
        "rails_helloworld": "| 0 | 7 |   Ruby   |",
        "ruby_profiling": "| 0 | 0 |   Ruby   |",
        "ruby_quadratic_equation": "| 0 | 0 |   Ruby   |",
        "ruby_testing": "| 0 | 0 |   Ruby   |",
        "hello_rubymine": "| 0 | 0 |   Ruby   |",
        "sample-rails-api": "| 0 | 0 |   Ruby   |",
        "hellocucumber": "| 0 | 0 |   Ruby   |",
        "palindrome_app": "| 0 | 0 |   Ruby   |",
        "bookshelf": "| 0 | 0 |   Ruby   |",
        "chef-example": "| 0 | 0 |   Ruby   |",
        "MSBuildStructuredLog": "| 0 | 2 |   C#   |",
        "wcf": "| 0 | 0 |   None   |",
        "templating": "| 0 | 0 |   None   |",
        "intellij-deps-sshj": "| 0 | 0 |   None   |",
        "SkiaSharp": "| 0 | 0 |   C#   |",
        "cvelist": "| 0 | 0 |   None   |",
        "resharper-formatter-quirks": "| 0 | 1 |   C#   |",
        "skia": "| 0 | 0 |   C++   |",
        "terraform-aws-kubernetes": "| 0 | 1 |   HCL   |",
        "ReSharper-InspectCode": "| 0 | 0 |   None   |",
        "datagrip-drivers-plugin": "| 0 | 0 |   None   |"
    }
}