{
    "company": "JGraph",
    "h-index": 17,
    "repo count": 31,
    "contributor count": 858,
    "size": "todo",
    "employee count": "todo",
    "country": "United Kingdom",
    "top language": "Java",
    "repos": {
        "drawio-desktop": "| 40240 | 4270 |   Shell   |",
        "drawio": "| 34295 | 6730 |   JavaScript   |",
        "mxgraph": "| 6544 | 1933 |   HTML   |",
        "docker-drawio": "| 987 | 267 |   Shell   |",
        "drawio-libs": "| 771 | 292 |   None   |",
        "jgraphx": "| 643 | 365 |   Java   |",
        "drawio-diagrams": "| 561 | 421 |   None   |",
        "drawio-github": "| 201 | 880 |   HTML   |",
        "drawio-integration": "| 191 | 72 |   HTML   |",
        "drawio-tools": "| 99 | 39 |   HTML   |",
        "mxgraph-js": "| 97 | 102 |   JavaScript   |",
        "www.diagrams.net-source": "| 72 | 50 |   CSS   |",
        "svg2xml": "| 52 | 38 |   Java   |",
        "plantuml": "| 45 | 18 |   Java   |",
        "draw-image-export2": "| 38 | 26 |   JavaScript   |",
        "drawio-nextcloud": "| 31 | 10 |   JavaScript   |",
        "plantuml-serverless": "| 17 | 8 |   Java   |",
        "drawio-data-driven": "| 16 | 19 |   Java   |",
        "mxgraph-php": "| 15 | 21 |   PHP   |",
        "legacy-jgraph5": "| 10 | 18 |   Java   |",
        "plantuml-server": "| 10 | 13 |   Java   |",
        "security-privacy-legal": "| 6 | 6 |   None   |",
        "drawio-docs": "| 6 | 6 |   XSLT   |",
        "mermaid": "| 5 | 0 |   JavaScript   |",
        "drawio-app-engine": "| 4 | 1 |   JavaScript   |",
        "vsdx-batch": "| 2 | 7 |   Java   |",
        "nextcloud-whiteboard": "| 2 | 1 |   PHP   |",
        "gae-stub": "| 1 | 8 |   Java   |",
        "dc-app-performance-toolkit": "| 0 | 5 |   Python   |",
        "MathJax": "| 0 | 1 |   None   |",
        "app-certificate-requests": "| 0 | 0 |   None   |"
    }
}