{
    "company": "Jitsi",
    "h-index": 34,
    "repo count": 155,
    "contributor count": 2122,
    "size": "todo",
    "employee count": "todo",
    "country": "Global",
    "top language": "Java",
    "repos": {
        "jitsi-meet": "| 19712 | 6165 |   TypeScript   |",
        "jitsi": "| 3868 | 960 |   Java   |",
        "jitsi-videobridge": "| 2714 | 961 |   Kotlin   |",
        "docker-jitsi-meet": "| 2692 | 1262 |   Lua   |",
        "jitsi-meet-electron": "| 1402 | 422 |   JavaScript   |",
        "lib-jitsi-meet": "| 1269 | 1067 |   JavaScript   |",
        "libjitsi": "| 612 | 273 |   Java   |",
        "jibri": "| 565 | 305 |   Kotlin   |",
        "jigasi": "| 455 | 268 |   Java   |",
        "jitsi-android": "| 411 | 265 |   Java   |",
        "ice4j": "| 405 | 219 |   Java   |",
        "jiwer": "| 395 | 84 |   Python   |",
        "jicofo": "| 300 | 335 |   Kotlin   |",
        "jitsi-meet-sdk-samples": "| 236 | 215 |   Swift   |",
        "handbook": "| 157 | 416 |   JavaScript   |",
        "turnserver": "| 152 | 85 |   Java   |",
        "jitsi-meet-torture": "| 146 | 135 |   Java   |",
        "jidesha": "| 134 | 187 |   JavaScript   |",
        "react-native-webrtc": "| 93 | 71 |   Objective-C   |",
        "rnnoise-wasm": "| 92 | 35 |   Shell   |",
        "webrtc": "| 82 | 59 |   Ruby   |",
        "jitsi-meet-electron-sdk": "| 76 | 80 |   JavaScript   |",
        "jitsi-meet-ios-sdk-releases": "| 75 | 121 |   Objective-C   |",
        "jitsi-meet-release-notes": "| 72 | 42 |   None   |",
        "jitsi-meet-spot": "| 71 | 38 |   JavaScript   |",
        "sdp-interop": "| 64 | 52 |   JavaScript   |",
        "jitsi-hammer": "| 62 | 64 |   Java   |",
        "jitsi-maven-repository": "| 61 | 217 |   None   |",
        "jitsi-webrtc-vad-wrapper": "| 50 | 31 |   Java   |",
        "gsoc-ideas": "| 48 | 29 |   None   |",
        "jirecon": "| 47 | 36 |   Java   |",
        "jitsi-meet-react-sdk": "| 46 | 22 |   TypeScript   |",
        "android-webrtc": "| 39 | 31 |   Java   |",
        "jitsi-media-transform": "| 37 | 56 |   None   |",
        "jitsi-meet-react": "| 31 | 27 |   JavaScript   |",
        "js-utils": "| 31 | 59 |   JavaScript   |",
        "sdp-simulcast": "| 29 | 24 |   JavaScript   |",
        "otr4j": "| 27 | 79 |   Java   |",
        "robotjs": "| 26 | 15 |   C   |",
        "jitsi-slack": "| 25 | 27 |   Go   |",
        "jitsi-rtp": "| 24 | 33 |   None   |",
        "moderated-meetings": "| 22 | 13 |   TypeScript   |",
        "jitsi-autoscaler": "| 22 | 16 |   TypeScript   |",
        "jitsi-srtp": "| 21 | 34 |   Java   |",
        "jicoco": "| 18 | 55 |   Java   |",
        "jitsi-meet-debian-meta": "| 18 | 22 |   Shell   |",
        "jitsi-utils": "| 18 | 36 |   Java   |",
        "jitsi-auth-portal": "| 17 | 10 |   Go   |",
        "jitsi-upload-integrations": "| 17 | 26 |   Shell   |",
        "fmj": "| 16 | 11 |   Java   |",
        "calendar-addon": "| 16 | 16 |   JavaScript   |",
        "bccontrib": "| 14 | 18 |   Java   |",
        "Sphinx4-HTTP-server": "| 14 | 33 |   Java   |",
        "jitsi-videobridge-openfire-plugin": "| 14 | 20 |   Java   |",
        "jitsi-xmpp-extensions": "| 13 | 49 |   Java   |",
        "security-advisories": "| 13 | 5 |   None   |",
        "luajwtjitsi": "| 12 | 7 |   Lua   |",
        "jitsi-meet-vue-sdk": "| 12 | 2 |   TypeScript   |",
        "jitsi-meet-logger": "| 11 | 33 |   JavaScript   |",
        "rtcstats-server": "| 11 | 19 |   JavaScript   |",
        "jain-sip": "| 10 | 18 |   Java   |",
        "jitsi-videobridge-permo": "| 10 | 9 |   Shell   |",
        "excalidraw-backend": "| 10 | 7 |   TypeScript   |",
        "jitsi-android-osgi": "| 8 | 16 |   Java   |",
        "portaudio": "| 8 | 12 |   C   |",
        "jigmi": "| 8 | 14 |   JavaScript   |",
        "jibri-queue": "| 8 | 9 |   TypeScript   |",
        "libsrc": "| 7 | 24 |   None   |",
        "jitsi-lgpl-dependencies": "| 6 | 21 |   C   |",
        "luajwt": "| 6 | 14 |   Lua   |",
        "eslint-config-jitsi": "| 6 | 22 |   JavaScript   |",
        "react-native": "| 6 | 12 |   None   |",
        "jxs": "| 6 | 8 |   JavaScript   |",
        "jipopro": "| 5 | 13 |   Java   |",
        "zrtp4j": "| 5 | 14 |   Java   |",
        "pjproject": "| 5 | 15 |   None   |",
        "react-native-gifted-chat": "| 5 | 5 |   JavaScript   |",
        "infra-configuration": "| 5 | 4 |   Shell   |",
        "jitsi-videobridge-groovysh": "| 4 | 9 |   Java   |",
        "growl4j": "| 4 | 11 |   Objective-C   |",
        "lua-jwt": "| 4 | 7 |   Lua   |",
        "react-native-calendar-events": "| 4 | 15 |   Java   |",
        "react-native-sound": "| 4 | 11 |   Java   |",
        "jitsi-autoscaler-sidecar": "| 4 | 4 |   TypeScript   |",
        "smack_3_2_2": "| 3 | 13 |   Java   |",
        "jiloin": "| 3 | 11 |   JavaScript   |",
        "weupnp": "| 3 | 9 |   Java   |",
        "jinglenodes": "| 3 | 9 |   Java   |",
        "libjitsi-protocol": "| 3 | 10 |   None   |",
        "derfc4571ify": "| 3 | 8 |   JavaScript   |",
        "Smack": "| 3 | 6 |   Java   |",
        "jitsi-sctp": "| 3 | 22 |   Java   |",
        "quiet-js": "| 3 | 4 |   JavaScript   |",
        "jitsi-psnr": "| 3 | 6 |   Python   |",
        "jitsi-meet-redux": "| 3 | 8 |   JavaScript   |",
        "jbosh": "| 3 | 3 |   None   |",
        "node-ibeacons": "| 3 | 6 |   Objective-C++   |",
        "snap-jitsi-meet": "| 3 | 6 |   None   |",
        "jitsi-desktop-site": "| 3 | 10 |   HTML   |",
        "rtcstats": "| 3 | 14 |   JavaScript   |",
        "jitsi-metaconfig": "| 3 | 8 |   Kotlin   |",
        "megolm.js": "| 3 | 3 |   TypeScript   |",
        "signal-sidecar": "| 3 | 0 |   TypeScript   |",
        "token-generator": "| 3 | 0 |   TypeScript   |",
        "ljm-jaas-example": "| 3 | 0 |   JavaScript   |",
        "excalidraw": "| 3 | 2 |   TypeScript   |",
        "infra-provisioning": "| 3 | 3 |   Shell   |",
        "jitsi-universe": "| 2 | 16 |   None   |",
        "newrelic-java-api-stub": "| 2 | 8 |   Java   |",
        "jitsi-universe-public": "| 2 | 10 |   None   |",
        "jitsi-gpl-dependencies": "| 2 | 9 |   C   |",
        "jitsi-stats": "| 2 | 13 |   Java   |",
        "react-native-fast-image": "| 2 | 5 |   Java   |",
        "react-native-beacons-manager": "| 2 | 6 |   Objective-C   |",
        "jvb-dashboard": "| 2 | 4 |   Kotlin   |",
        "jitsi-spot-sdk": "| 2 | 8 |   TypeScript   |",
        "spot-electron-sdk": "| 2 | 9 |   TypeScript   |",
        "strophejs-plugin-stream-management": "| 2 | 11 |   JavaScript   |",
        "jiconop": "| 2 | 5 |   JavaScript   |",
        "tpl": "| 2 | 3 |   Go   |",
        "jitsi-meet-load-test": "| 2 | 1 |   JavaScript   |",
        "rtc-visualizer": "| 2 | 0 |   JavaScript   |",
        "DDHotKey": "| 1 | 4 |   Objective-C   |",
        "dnsjava": "| 1 | 8 |   Java   |",
        "cla-enforcer": "| 1 | 5 |   Ruby   |",
        "agafua-syslog": "| 1 | 4 |   Java   |",
        "felix": "| 1 | 5 |   Java   |",
        "react-native-locale-detector": "| 1 | 5 |   Java   |",
        "strophejs": "| 1 | 4 |   JavaScript   |",
        "jihog": "| 1 | 8 |   Shell   |",
        "xpc-connect": "| 1 | 3 |   C++   |",
        "react-native-dual-pedometer": "| 1 | 5 |   Java   |",
        "winrt-libs": "| 1 | 7 |   C++   |",
        "sticky": "| 1 | 5 |   None   |",
        "gh-action-autopublish": "| 1 | 4 |   JavaScript   |",
        "jmyspell": "| 1 | 3 |   Java   |",
        "jsocks": "| 1 | 4 |   Java   |",
        "prometheus-stats": "| 1 | 1 |   Go   |",
        "jitsi-component-selector": "| 1 | 1 |   TypeScript   |",
        "react-native-video": "| 1 | 1 |   None   |",
        "react-native-olm": "| 1 | 1 |   C++   |",
        "jigasi-haproxy-agent": "| 0 | 0 |   JavaScript   |",
        "joscar": "| 0 | 2 |   Java   |",
        "irc-api": "| 0 | 2 |   Java   |",
        "jvb-rtcstats-push": "| 0 | 4 |   JavaScript   |",
        "go-offline-maven-plugin": "| 0 | 1 |   Java   |",
        ".github": "| 0 | 1 |   None   |",
        "face-api.js": "| 0 | 0 |   None   |",
        "jitsi-component-sidecar": "| 0 | 1 |   TypeScript   |",
        "react-native-dialog": "| 0 | 0 |   None   |",
        "lua-cjson": "| 0 | 0 |   None   |",
        "basexx": "| 0 | 0 |   None   |",
        "jigasi-rtcstats-push": "| 0 | 0 |   JavaScript   |",
        "infra-customizations": "| 0 | 0 |   Shell   |",
        "jicofo-rtcstats-push": "| 0 | 0 |   JavaScript   |"
    }
}