{
    "company": "\u4f2f\u4e50\u5728\u7ebf",
    "h-index": 26,
    "repo count": 27,
    "contributor count": 124,
    "size": "todo",
    "employee count": "todo",
    "country": "ShangHai",
    "top language": "Makefile",
    "repos": {
        "awesome-python-cn": "| 26272 | 7713 |   Makefile   |",
        "awesome-java-cn": "| 14928 | 4702 |   None   |",
        "awesome-programming-books": "| 13590 | 3396 |   None   |",
        "awesome-cpp-cn": "| 7652 | 1916 |   None   |",
        "awesome-javascript-cn": "| 7487 | 1989 |   None   |",
        "awesome-go-cn": "| 6100 | 1072 |   None   |",
        "awesome-c-cn": "| 5942 | 1588 |   None   |",
        "awesome-ios-cn": "| 4163 | 1114 |   None   |",
        "awesome-machine-learning-cn": "| 3910 | 1243 |   None   |",
        "awesome-design-cn": "| 2909 | 837 |   None   |",
        "awesome-mysql-cn": "| 2695 | 706 |   None   |",
        "awesome-php-cn": "| 1775 | 539 |   None   |",
        "ProgrammingProjectList": "| 1707 | 496 |   None   |",
        "awesome-dotnet-cn": "| 1691 | 594 |   None   |",
        "awesome-css-cn": "| 1611 | 430 |   None   |",
        "awesome-web-dev-books": "| 1540 | 364 |   None   |",
        "awesome-android-cn": "| 1521 | 396 |   None   |",
        "awesome-sysadmin-cn": "| 1500 | 488 |   None   |",
        "awesome-python-books": "| 1251 | 362 |   None   |",
        "awesome-wechat-dev-posts-2015": "| 737 | 224 |   None   |",
        "awesome-nodejs-cn": "| 379 | 72 |   None   |",
        "web-skill-set": "| 246 | 70 |   None   |",
        "translation-project": "| 224 | 63 |   Python   |",
        "OptiKeyWiki-ZH": "| 117 | 67 |   None   |",
        "awesome-front-posts": "| 101 | 22 |   None   |",
        "java-interview": "| 76 | 32 |   None   |",
        "translation-playground": "| 8 | 4 |   None   |"
    }
}