{
    "company": "jQuery",
    "h-index": 26,
    "repo count": 54,
    "contributor count": 1509,
    "size": "todo",
    "employee count": "todo",
    "country": null,
    "top language": "JavaScript",
    "repos": {
        "jquery": "| 57455 | 20774 |   JavaScript   |",
        "jquery-ui": "| 11127 | 5376 |   JavaScript   |",
        "esprima": "| 6758 | 793 |   TypeScript   |",
        "sizzle": "| 6229 | 988 |   JavaScript   |",
        "jquery-mousewheel": "| 3903 | 1765 |   JavaScript   |",
        "jquery-migrate": "| 1925 | 508 |   JavaScript   |",
        "jquery-color": "| 1631 | 431 |   JavaScript   |",
        "testswarm": "| 970 | 163 |   PHP   |",
        "learn.jquery.com": "| 912 | 517 |   JavaScript   |",
        "api.jquery.com": "| 319 | 288 |   HTML   |",
        "jquery-wp-content": "| 252 | 182 |   PHP   |",
        "jquery-simulate": "| 170 | 118 |   JavaScript   |",
        "themeroller.jquerymobile.com": "| 140 | 74 |   CSS   |",
        "jqueryui.com": "| 128 | 121 |   HTML   |",
        "jquery-dist": "| 102 | 87 |   JavaScript   |",
        "download.jqueryui.com": "| 85 | 78 |   JavaScript   |",
        "jquery.com": "| 78 | 96 |   HTML   |",
        "api.jqueryui.com": "| 68 | 71 |   HTML   |",
        "api.jquerymobile.com": "| 55 | 60 |   HTML   |",
        "jquerymobile.com": "| 54 | 69 |   HTML   |",
        "codeorigin.jquery.com": "| 53 | 623 |   JavaScript   |",
        "jquery.org": "| 49 | 75 |   HTML   |",
        "gsoc": "| 41 | 21 |   None   |",
        "grunt-jquery-content": "| 38 | 34 |   XSLT   |",
        "eslint-config-jquery": "| 29 | 21 |   None   |",
        "meetings.jquery.org": "| 27 | 31 |   JavaScript   |",
        "testswarm-browserstack": "| 26 | 15 |   JavaScript   |",
        "contribute.jquery.org": "| 25 | 75 |   HTML   |",
        "jquery-release": "| 24 | 34 |   JavaScript   |",
        "demos.jquerymobile.com": "| 19 | 79 |   HTML   |",
        "2012-dev-summit": "| 16 | 14 |   None   |",
        "jquery-license": "| 12 | 25 |   JavaScript   |",
        "globalizejs.com": "| 10 | 16 |   JavaScript   |",
        "2015-developer-summit": "| 10 | 30 |   HTML   |",
        "brand.jquery.org": "| 8 | 17 |   HTML   |",
        "irc.jquery.org": "| 8 | 21 |   HTML   |",
        "events.jquery.org": "| 8 | 19 |   HTML   |",
        "node-amd-builder": "| 7 | 7 |   JavaScript   |",
        "jquery.github.io": "| 7 | 23 |   HTML   |",
        "jquery-compat-dist": "| 5 | 11 |   JavaScript   |",
        "ci-management": "| 5 | 13 |   Shell   |",
        "infrastructure-puppet": "| 5 | 6 |   Puppet   |",
        "typesense-minibar": "| 5 | 1 |   JavaScript   |",
        "content": "| 3 | 10 |   None   |",
        "jquery-ui-themeroller": "| 3 | 7 |   JavaScript   |",
        "hydra-link-checker": "| 3 | 3 |   Python   |",
        "blog.jquery.com-theme": "| 2 | 12 |   CSS   |",
        "node-packager": "| 2 | 4 |   JavaScript   |",
        "node-notifier-server": "| 2 | 2 |   JavaScript   |",
        "1password-teams-open-source": "| 2 | 0 |   None   |",
        "node-web-git-proxy": "| 0 | 2 |   JavaScript   |",
        "gilded-wordpress": "| 0 | 2 |   JavaScript   |",
        "podcast.jquery.com": "| 0 | 0 |   HTML   |",
        "grunt-wordpress": "| 0 | 0 |   None   |"
    }
}