{
    "company": "Juniper Networks",
    "h-index": 32,
    "repo count": 275,
    "contributor count": 5645,
    "size": "todo",
    "employee count": "todo",
    "country": null,
    "top language": "Python",
    "repos": {
        "py-junos-eznc": "| 637 | 324 |   Python   |",
        "contrail-controller": "| 441 | 392 |   None   |",
        "warp17": "| 392 | 74 |   C   |",
        "ansible-junos-stdlib": "| 286 | 161 |   Python   |",
        "libxo": "| 269 | 40 |   C   |",
        "go-netconf": "| 227 | 106 |   Go   |",
        "open-nti": "| 224 | 94 |   Python   |",
        "contrail-vrouter": "| 218 | 170 |   None   |",
        "grpc-c": "| 197 | 56 |   C   |",
        "open-register-design-tool": "| 166 | 62 |   Verilog   |",
        "wistar": "| 154 | 41 |   JavaScript   |",
        "junoscriptorium": "| 149 | 70 |   XSLT   |",
        "vqfx10k-vagrant": "| 131 | 60 |   HTML   |",
        "junosautomation": "| 115 | 73 |   Jupyter Notebook   |",
        "OpenClos": "| 114 | 52 |   Python   |",
        "jsnapy": "| 106 | 55 |   Python   |",
        "yang": "| 91 | 38 |   None   |",
        "OpenJNPR-Container-vMX": "| 86 | 28 |   Shell   |",
        "jxmlease": "| 80 | 14 |   Python   |",
        "netconf-java": "| 68 | 58 |   Java   |",
        "py-junos-netconify": "| 66 | 30 |   Python   |",
        "net-netconf": "| 62 | 35 |   Ruby   |",
        "contrail-ansible-deployer": "| 61 | 67 |   None   |",
        "juise": "| 53 | 15 |   C   |",
        "junos-terraform": "| 52 | 15 |   Go   |",
        "libslax": "| 49 | 18 |   C   |",
        "contrail-docker": "| 48 | 25 |   Python   |",
        "contrail-kubernetes": "| 43 | 23 |   Go   |",
        "contrail": "| 42 | 31 |   Go   |",
        "healthbot-rules": "| 41 | 79 |   Python   |",
        "ruby-junos-ez-stdlib": "| 35 | 39 |   Ruby   |",
        "YAPT": "| 32 | 7 |   Python   |",
        "vmx-docker-lwaftr": "| 30 | 7 |   Python   |",
        "contrail-installer": "| 29 | 64 |   Shell   |",
        "py-space-platform": "| 28 | 14 |   HTML   |",
        "Intro-to-Using-Ansible-with-Junos-OS": "| 27 | 8 |   None   |",
        "puppet-netdev-stdlib-junos": "| 25 | 14 |   Ruby   |",
        "jtimon": "| 25 | 9 |   Go   |",
        "junos-snapshot-administrator": "| 23 | 16 |   Shell   |",
        "netconf-php": "| 23 | 14 |   HTML   |",
        "ebplane": "| 22 | 4 |   C++   |",
        "contrail-vnc": "| 21 | 72 |   None   |",
        "docker-saltstack-junos": "| 21 | 7 |   Python   |",
        "vSRX-AWS": "| 21 | 21 |   Python   |",
        "netconf-perl": "| 20 | 25 |   Perl   |",
        "splitcopy": "| 19 | 6 |   Python   |",
        "nita": "| 19 | 4 |   None   |",
        "contrail-neutron-plugin": "| 18 | 68 |   None   |",
        "simple_reg_model": "| 18 | 15 |   Perl   |",
        "JP4Agent": "| 18 | 4 |   C++   |",
        "vijava": "| 17 | 35 |   None   |",
        "contrail-operator": "| 17 | 9 |   Go   |",
        "ruby-junos-ez-srx": "| 16 | 11 |   Ruby   |",
        "contrail-web-core": "| 16 | 49 |   None   |",
        "contrail-tripleo-heat-templates": "| 16 | 39 |   None   |",
        "contrail-container-builder": "| 16 | 38 |   None   |",
        "juniper-pytest": "| 15 | 2 |   Makefile   |",
        "netconf-call-home": "| 14 | 10 |   C   |",
        "jet-app-store": "| 14 | 14 |   Python   |",
        "contrail-test": "| 13 | 55 |   None   |",
        "contrail-heat": "| 13 | 33 |   None   |",
        "contrail-charms": "| 13 | 22 |   None   |",
        "contrail-dev-env": "| 13 | 22 |   Shell   |",
        "contrail-kubernetes-docs": "| 13 | 20 |   None   |",
        "telemetry": "| 13 | 7 |   None   |",
        "contrail-generateDS": "| 12 | 37 |   Python   |",
        "contrail-sandesh": "| 12 | 42 |   C++   |",
        "yangc": "| 12 | 6 |   C   |",
        "contrail-fabric-utils": "| 11 | 46 |   None   |",
        "contrail-packages": "| 11 | 45 |   None   |",
        "contrail-server-manager": "| 11 | 34 |   Python   |",
        "juniper-newrelic-plugin": "| 11 | 4 |   Python   |",
        "contrail-dpdk": "| 11 | 16 |   C   |",
        "container-networking-ansible": "| 11 | 16 |   Python   |",
        "contrail-helm-deployer": "| 11 | 30 |   None   |",
        "nita-robot": "| 11 | 6 |   Python   |",
        "py-jnpr-wlc": "| 10 | 3 |   Python   |",
        "contrail-web-controller": "| 10 | 43 |   None   |",
        "contrail-go-api": "| 10 | 24 |   Go   |",
        "contrail-specs": "| 10 | 41 |   None   |",
        "topoviz": "| 10 | 5 |   Perl   |",
        "meshrr": "| 10 | 0 |   Python   |",
        "contrail-packaging": "| 9 | 38 |   None   |",
        "TelemetryInterface": "| 9 | 5 |   None   |",
        "vSRX-Azure": "| 9 | 14 |   Python   |",
        "telegraf-jti-plugins": "| 9 | 5 |   Go   |",
        "lab-doc-convert": "| 9 | 2 |   Shell   |",
        "nita-webapp": "| 9 | 7 |   JavaScript   |",
        "vmx-heat-templates": "| 8 | 7 |   Python   |",
        "virtfs": "| 8 | 2 |   C   |",
        "healthbot-py-client": "| 8 | 4 |   Python   |",
        "contrail-build": "| 7 | 41 |   None   |",
        "ansible": "| 7 | 3 |   None   |",
        "juniper_junos_ansible_modules_examples": "| 7 | 6 |   None   |",
        "netlink-agent": "| 7 | 5 |   C   |",
        "space-ansible-collection": "| 7 | 3 |   Python   |",
        "nita-yaml-to-excel": "| 7 | 5 |   Python   |",
        "qfx5100-book": "| 6 | 3 |   Ruby   |",
        "contrail-chef": "| 6 | 5 |   HTML   |",
        "OpenJNPR_vMX_Scripts": "| 6 | 2 |   Python   |",
        "contrail-kolla-ansible": "| 6 | 11 |   Python   |",
        "amt-vlc": "| 6 | 5 |   C   |",
        "nita-ansible": "| 6 | 5 |   Jinja   |",
        "nita-cli": "| 6 | 1 |   Python   |",
        "contrail-networking": "| 6 | 7 |   None   |",
        "neutron": "| 5 | 7 |   Python   |",
        "contrail-web-server-manager": "| 5 | 15 |   JavaScript   |",
        "contrail-python-api": "| 5 | 9 |   Python   |",
        "jpuppet-download": "| 5 | 2 |   None   |",
        "contrail-charts": "| 5 | 13 |   JavaScript   |",
        "salt": "| 5 | 10 |   Python   |",
        "contrail-ansible": "| 5 | 10 |   Python   |",
        "contrail-api-client": "| 5 | 17 |   None   |",
        "fluent-plugin-udp-native-sensors": "| 5 | 9 |   Ruby   |",
        "junos-extension-toolkit": "| 5 | 3 |   None   |",
        "contrail-pipelines": "| 5 | 1 |   None   |",
        "terraform-provider-apstra": "| 5 | 1 |   Go   |",
        "contrail-third-party": "| 4 | 53 |   None   |",
        "contrail-vcenter-plugin": "| 4 | 12 |   None   |",
        "netdev": "| 4 | 5 |   Ruby   |",
        "ukai": "| 4 | 5 |   Python   |",
        "contrail-analytics": "| 4 | 9 |   None   |",
        "cvelist": "| 4 | 2 |   None   |",
        "sky-enterprise-templates": "| 4 | 3 |   None   |",
        "jetez": "| 4 | 6 |   Python   |",
        "nita-jenkins": "| 4 | 4 |   Shell   |",
        "contrail-provisioning": "| 3 | 23 |   Python   |",
        "python-neutronclient": "| 3 | 4 |   Python   |",
        "contrail-dev-controller": "| 3 | 3 |   C++   |",
        "kubernetes": "| 3 | 2 |   Go   |",
        "container-networking-builder": "| 3 | 5 |   Shell   |",
        "puppet-contrail": "| 3 | 10 |   Ruby   |",
        "logstash-plugin-udp-native-sensors": "| 3 | 1 |   Ruby   |",
        "wedge": "| 3 | 1 |   Go   |",
        "trishool": "| 3 | 5 |   C   |",
        "HoneyProcs": "| 3 | 3 |   C   |",
        "ncclient": "| 3 | 3 |   Python   |",
        "bgp-sharding": "| 3 | 0 |   None   |",
        "terraform-provider-junos-vsrx": "| 3 | 1 |   Go   |",
        "vrouter-xen-utils": "| 2 | 4 |   Python   |",
        "contrail-nova-vif-driver": "| 2 | 33 |   None   |",
        "contrail-puppet": "| 2 | 20 |   Puppet   |",
        "contrail-vrouter-java-api": "| 2 | 9 |   None   |",
        "branch-locker": "| 2 | 5 |   Perl   |",
        "contrail-ansible-internal": "| 2 | 5 |   Python   |",
        "contrail-community-docs": "| 2 | 2 |   None   |",
        "OpenJNPR-Hello-World": "| 2 | 1 |   Python   |",
        "contrail-common": "| 2 | 9 |   None   |",
        "logstash-plugin-grpc-oc-keyvalue": "| 2 | 3 |   Java   |",
        "protoc-wedge": "| 2 | 1 |   C++   |",
        "cloud-ops": "| 2 | 7 |   HCL   |",
        "aframe": "| 2 | 2 |   JavaScript   |",
        "contrail-vcenter-fabric-manager": "| 2 | 3 |   None   |",
        "lighttpd-for-juise": "| 1 | 4 |   C   |",
        "contrail-maven": "| 1 | 7 |   None   |",
        "supervisor": "| 1 | 2 |   Python   |",
        "contrail-web-storage": "| 1 | 12 |   JavaScript   |",
        "contrail-webui-third-party": "| 1 | 29 |   None   |",
        "boto": "| 1 | 0 |   None   |",
        "contrail-java-api": "| 1 | 12 |   None   |",
        "contrail-ceilometer-plugin": "| 1 | 7 |   Python   |",
        "ohai": "| 1 | 3 |   Ruby   |",
        "contrail-test-ci": "| 1 | 26 |   None   |",
        "contrail-dpdk-extra-packages": "| 1 | 4 |   Shell   |",
        "open-nti-kafka-consumer": "| 1 | 2 |   Smarty   |",
        "gohan_webui": "| 1 | 3 |   JavaScript   |",
        "juniper.github.io": "| 1 | 1 |   CSS   |",
        "contrail-infra": "| 1 | 14 |   Puppet   |",
        "ChassisInfoFetcher": "| 1 | 3 |   Python   |",
        "vagrant-junos": "| 1 | 2 |   Ruby   |",
        "contrail-zuul-jobs": "| 1 | 14 |   Python   |",
        "contrail-vro-plugin": "| 1 | 4 |   None   |",
        "contrail-vcenter-manager": "| 1 | 3 |   None   |",
        "openshift-ansible": "| 1 | 8 |   Python   |",
        "contrail-examples": "| 1 | 2 |   Python   |",
        "csrx-scripts": "| 1 | 1 |   Shell   |",
        "apstra-go-sdk": "| 1 | 0 |   Go   |",
        "contrail-distro-third-party": "| 0 | 7 |   None   |",
        "nova": "| 0 | 7 |   Python   |",
        "contrail-horizon": "| 0 | 12 |   Python   |",
        "devstack": "| 0 | 3 |   Shell   |",
        "tempest": "| 0 | 5 |   Python   |",
        "contrail-ci-test": "| 0 | 2 |   None   |",
        "euca2ools": "| 0 | 2 |   Python   |",
        "SlickGrid": "| 0 | 3 |   JavaScript   |",
        "contrail-dev-vrouter": "| 0 | 2 |   C   |",
        "contrail-dev-generateDS": "| 0 | 3 |   Python   |",
        "contrail-third-party-cache": "| 0 | 16 |   JavaScript   |",
        "rpms": "| 0 | 2 |   Emacs Lisp   |",
        "contrail-third-party-packages": "| 0 | 22 |   None   |",
        "py-auto-resource-generator": "| 0 | 2 |   Python   |",
        "contrail-f5": "| 0 | 3 |   Python   |",
        "ceilometer": "| 0 | 3 |   Python   |",
        "contrail-nova-extensions": "| 0 | 10 |   Python   |",
        "nova-docker": "| 0 | 3 |   Python   |",
        "horizon": "| 0 | 2 |   Python   |",
        "contrail-aws-ci-provisioning": "| 0 | 4 |   Python   |",
        "open-nti-input-jti": "| 0 | 4 |   Ruby   |",
        "contrail-debug": "| 0 | 1 |   Python   |",
        "open-nti-input-syslog": "| 0 | 2 |   Python   |",
        "contrail-puppet-thirdparty": "| 0 | 1 |   Ruby   |",
        "contrail-tripleo-puppet": "| 0 | 6 |   Puppet   |",
        "contrail-windows": "| 0 | 2 |   None   |",
        "angular2-schema-form": "| 0 | 1 |   TypeScript   |",
        "grafana-can-plugin": "| 0 | 2 |   JavaScript   |",
        "ecb2gmake": "| 0 | 1 |   C   |",
        "contrail-project-config": "| 0 | 15 |   Python   |",
        "contrail-windows-docker-driver": "| 0 | 2 |   None   |",
        "contrail-project-config-dev": "| 0 | 3 |   Python   |",
        "contrail-ui-third-party-cache": "| 0 | 3 |   None   |",
        "terraform-provider-contrail": "| 0 | 7 |   None   |",
        "contrib": "| 0 | 1 |   Go   |",
        "gear": "| 0 | 1 |   Python   |",
        "zuul": "| 0 | 3 |   Python   |",
        "zuul-jobs": "| 0 | 5 |   Python   |",
        "contrail-windows-ci": "| 0 | 7 |   None   |",
        "react-jsonschema-form": "| 0 | 3 |   JavaScript   |",
        "contrail-ooo-deployer": "| 0 | 1 |   Shell   |",
        "Contrail_Ansible_TP_Integration": "| 0 | 1 |   Python   |",
        "contrail-config-test": "| 0 | 0 |   None   |",
        "contrail-config-test1": "| 0 | 1 |   C++   |",
        "contrail-windows-docs": "| 0 | 4 |   None   |",
        "Contrail_Networking_Integration": "| 0 | 2 |   Shell   |",
        "docker-scripts": "| 0 | 2 |   Shell   |",
        "openstack-helm": "| 0 | 5 |   Shell   |",
        "openstack-helm-infra": "| 0 | 5 |   Smarty   |",
        "contrail-infra-doc": "| 0 | 5 |   Python   |",
        "nodepool": "| 0 | 2 |   Python   |",
        "appformix_northstar": "| 0 | 3 |   Python   |",
        "bottle": "| 0 | 1 |   Python   |",
        "fluent-plugin-grpc-oc-keyvalue": "| 0 | 1 |   Ruby   |",
        "hellowhale": "| 0 | 2 |   HTML   |",
        "pixiecore-installers": "| 0 | 1 |   Makefile   |",
        "contrail-publisher": "| 0 | 5 |   Python   |",
        "contrail-windows-infra": "| 0 | 2 |   None   |",
        "HOT-OpenStack": "| 0 | 1 |   Python   |",
        "netronome-agilio-vrouter": "| 0 | 1 |   Python   |",
        "nested-mode-contrail-networking": "| 0 | 1 |   Shell   |",
        "terraform": "| 0 | 1 |   HCL   |",
        "tf-os-k8s-vagrant": "| 0 | 3 |   Shell   |",
        "openshift-contrail": "| 0 | 1 |   Shell   |",
        "vis": "| 0 | 3 |   JavaScript   |",
        "django-ex": "| 0 | 4 |   HTML   |",
        "contrail-deployers-containers": "| 0 | 5 |   None   |",
        "cfm-vagrant": "| 0 | 1 |   Ruby   |",
        "contrail-dci": "| 0 | 0 |   None   |",
        "puppet-zuul": "| 0 | 1 |   Puppet   |",
        "custom-openshift": "| 0 | 1 |   Shell   |",
        "contrail-windows-tools": "| 0 | 2 |   None   |",
        "cin-controller": "| 0 | 2 |   None   |",
        "Contrail_Automation": "| 0 | 1 |   Shell   |",
        "routing": "| 0 | 1 |   None   |",
        "ansible-role-borg": "| 0 | 0 |   None   |",
        "ansible-role-puppet": "| 0 | 0 |   None   |",
        "puppet-gerrit": "| 0 | 0 |   None   |",
        "puppet-nodepool": "| 0 | 0 |   None   |",
        "contrail-windows-test": "| 0 | 2 |   None   |",
        "contrail-windows-ci-infra": "| 0 | 2 |   None   |",
        "bb-storage": "| 0 | 1 |   Go   |",
        "dpdk": "| 0 | 1 |   None   |",
        "container-agent": "| 0 | 1 |   Ruby   |",
        "openconfig-gnmi": "| 0 | 1 |   Go   |",
        "netconf-https-outbound": "| 0 | 1 |   Python   |",
        "pyang": "| 0 | 1 |   Python   |",
        "mnha-software-upgrade": "| 0 | 0 |   Python   |",
        "pin-py-client": "| 0 | 1 |   Python   |",
        "openconfig-public": "| 0 | 0 |   None   |",
        "openconfig-gnoi": "| 0 | 0 |   None   |",
        "openconfig-gribi": "| 0 | 0 |   None   |",
        "kubevirt": "| 0 | 0 |   Go   |",
        "acvp-parser": "| 0 | 0 |   None   |",
        "redhat-openshift-ecosystem-certified-operators": "| 0 | 0 |   Dockerfile   |",
        "terraform-aws-eks-blueprints": "| 0 | 1 |   HCL   |",
        "cn2-helm": "| 0 | 1 |   Smarty   |",
        "cn2dayone": "| 0 | 0 |   Shell   |"
    }
}