{
    "company": "Project Jupyter",
    "h-index": 37,
    "repo count": 92,
    "contributor count": 1393,
    "size": "todo",
    "employee count": "todo",
    "country": "The Future",
    "top language": "Python",
    "repos": {
        "jupyter": "| 14334 | 3691 |   Python   |",
        "notebook": "| 10072 | 4092 |   Jupyter Notebook   |",
        "docker-stacks": "| 7258 | 2892 |   Python   |",
        "nbdime": "| 2448 | 161 |   Python   |",
        "nbviewer": "| 2085 | 541 |   Python   |",
        "nbconvert": "| 1492 | 521 |   Python   |",
        "nbgrader": "| 1184 | 318 |   Python   |",
        "colaboratory": "| 738 | 127 |   JavaScript   |",
        "tmpnb": "| 529 | 132 |   JavaScript   |",
        "jupyter-drive": "| 416 | 79 |   TypeScript   |",
        "qtconsole": "| 365 | 195 |   Python   |",
        "terminado": "| 337 | 89 |   Python   |",
        "jupyter_client": "| 314 | 260 |   Python   |",
        "atom-notebook": "| 309 | 56 |   JavaScript   |",
        "help": "| 291 | 98 |   None   |",
        "jupyter_console": "| 219 | 150 |   Python   |",
        "nbformat": "| 209 | 150 |   Python   |",
        "jupyter_core": "| 184 | 174 |   Python   |",
        "jupyter.github.io": "| 164 | 167 |   HTML   |",
        "jupyter-sphinx": "| 163 | 60 |   Python   |",
        "nbconvert-examples": "| 158 | 85 |   Jupyter Notebook   |",
        "kernel_gateway_demos": "| 143 | 79 |   Jupyter Notebook   |",
        "nbclient": "| 118 | 52 |   Python   |",
        "enhancement-proposals": "| 108 | 66 |   Python   |",
        "roadmap": "| 82 | 35 |   None   |",
        "design": "| 80 | 59 |   HTML   |",
        "governance": "| 79 | 72 |   Python   |",
        "docker-demo-images": "| 75 | 138 |   Jupyter Notebook   |",
        "nb2kg": "| 75 | 31 |   Python   |",
        "scipy-advanced-tutorial": "| 74 | 36 |   JavaScript   |",
        "papyri": "| 71 | 16 |   Python   |",
        "jupyter-packaging": "| 62 | 50 |   Python   |",
        "accessibility": "| 58 | 31 |   Python   |",
        "jupyter_kernel_test": "| 54 | 39 |   Python   |",
        "nbmanager": "| 51 | 21 |   Python   |",
        "ngcm-tutorial": "| 46 | 33 |   Jupyter Notebook   |",
        "telemetry": "| 42 | 17 |   Python   |",
        "nbclassic": "| 37 | 46 |   JavaScript   |",
        "echo_kernel": "| 34 | 38 |   Python   |",
        "jupyterhub-2016-workshop": "| 31 | 17 |   None   |",
        "testpath": "| 25 | 31 |   Python   |",
        "strata-sv-2015-tutorial": "| 23 | 38 |   Python   |",
        "jupyter-sphinx-theme": "| 22 | 18 |   HTML   |",
        "jvm-repr": "| 22 | 19 |   Java   |",
        "tutorial-dashboards-declarativewidgets": "| 19 | 12 |   Jupyter Notebook   |",
        "tmpnb-deploy": "| 18 | 20 |   Python   |",
        "surveys": "| 18 | 35 |   Jupyter Notebook   |",
        "notebook-research": "| 18 | 7 |   Jupyter Notebook   |",
        "kernels": "| 16 | 13 |   Python   |",
        "mozfest15-training": "| 13 | 16 |   Jupyter Notebook   |",
        "newsletter": "| 13 | 13 |   Jupyter Notebook   |",
        "nature-demo": "| 12 | 20 |   Jupyter Notebook   |",
        "tmpnb-redirector": "| 12 | 17 |   Python   |",
        "security": "| 12 | 7 |   None   |",
        "try.jupyter.org": "| 10 | 14 |   HTML   |",
        "cookiecutter-docker-stacks": "| 10 | 15 |   Python   |",
        "ideas": "| 9 | 7 |   None   |",
        "talks": "| 8 | 5 |   Jupyter Notebook   |",
        "jupyter_markdown": "| 8 | 10 |   Jupyter Notebook   |",
        "jvm-magics": "| 7 | 7 |   Java   |",
        "jupyter_events": "| 7 | 10 |   Python   |",
        "jupyter_logger": "| 6 | 15 |   TypeScript   |",
        "cdn.jupyter.org": "| 6 | 11 |   Python   |",
        "win-tornado-terminals": "| 6 | 11 |   Python   |",
        "try-jupyter": "| 6 | 11 |   Jupyter Notebook   |",
        "nbcache": "| 5 | 14 |   None   |",
        "jupyter-sprints": "| 5 | 11 |   HTML   |",
        "sphinxcontrib_github_alt": "| 5 | 11 |   Python   |",
        "lbnl-jupyterday": "| 4 | 12 |   Python   |",
        "project-mgt": "| 4 | 9 |   None   |",
        "tutorial-devteam-jupyterhub-2017": "| 4 | 3 |   None   |",
        "nbviewer.org-deploy": "| 4 | 9 |   Python   |",
        "distinguished-contributors": "| 4 | 6 |   None   |",
        "scipy-sprint": "| 3 | 6 |   HTML   |",
        "jupyter-alabaster-theme": "| 3 | 15 |   CSS   |",
        "practice": "| 3 | 13 |   None   |",
        "notebook-team-compass": "| 3 | 4 |   None   |",
        "notebook_shim": "| 3 | 9 |   Python   |",
        "kernels-team-compass": "| 3 | 5 |   None   |",
        "executive-council-team-compass": "| 3 | 2 |   Shell   |",
        "scipy-2015-advanced-topics": "| 2 | 10 |   None   |",
        "jupyter-blog-theme": "| 2 | 14 |   CSS   |",
        "experiments": "| 2 | 8 |   None   |",
        "software-steering-council-team-compass": "| 2 | 0 |   None   |",
        "sphinx_rtd_theme": "| 1 | 7 |   CSS   |",
        "joss-papers": "| 1 | 2 |   None   |",
        "tutorial-devteam-projectmgt-2017": "| 1 | 2 |   None   |",
        "conf-event-log": "| 1 | 7 |   None   |",
        "test-grid": "| 1 | 8 |   Shell   |",
        ".github": "| 0 | 5 |   None   |",
        "team-compass-template": "| 0 | 2 |   Python   |",
        "jupytercon2023": "| 0 | 0 |   None   |"
    }
}