{
    "company": "The Khronos Group",
    "h-index": 70,
    "repo count": 165,
    "contributor count": 2909,
    "size": "todo",
    "employee count": "todo",
    "country": "Beaverton OR",
    "top language": "C++",
    "repos": {
        "glTF": "| 6411 | 1094 |   HTML   |",
        "MoltenVK": "| 4042 | 369 |   Objective-C++   |",
        "Vulkan-Samples": "| 3157 | 459 |   C++   |",
        "Vulkan-Hpp": "| 2586 | 284 |   C++   |",
        "glTF-Sample-Models": "| 2534 | 1270 |   Mathematica   |",
        "glslang": "| 2491 | 740 |   C++   |",
        "Vulkan-Docs": "| 2468 | 430 |   JavaScript   |",
        "WebGL": "| 2437 | 675 |   HTML   |",
        "SPIRV-Cross": "| 1662 | 475 |   GLSL   |",
        "Vulkan-Guide": "| 1546 | 137 |   Makefile   |",
        "UnityGLTF": "| 1463 | 434 |   C#   |",
        "glTF-Blender-IO": "| 1285 | 267 |   Python   |",
        "glTF-Sample-Viewer": "| 1064 | 205 |   JavaScript   |",
        "glTF-Tutorials": "| 924 | 204 |   Python   |",
        "SPIRV-Tools": "| 866 | 472 |   C++   |",
        "glTF-Blender-Exporter": "| 838 | 192 |   Python   |",
        "Khronosdotorg": "| 710 | 174 |   HTML   |",
        "OpenXR-SDK": "| 670 | 120 |   C++   |",
        "OpenCOLLADA": "| 629 | 254 |   C++   |",
        "Vulkan-Headers": "| 618 | 181 |   C++   |",
        "KTX-Software": "| 615 | 177 |   C   |",
        "Vulkan-ValidationLayers": "| 572 | 360 |   C++   |",
        "OpenCL-Headers": "| 569 | 224 |   C   |",
        "OpenGL-Registry": "| 569 | 252 |   C   |",
        "SPIRV-Reflect": "| 503 | 111 |   C   |",
        "OpenXR-SDK-Source": "| 503 | 191 |   Python   |",
        "COLLADA2GLTF": "| 497 | 158 |   C++   |",
        "SyclParallelSTL": "| 494 | 80 |   C++   |",
        "Vulkan-Samples-Deprecated": "| 452 | 77 |   None   |",
        "VK-GL-CTS": "| 447 | 250 |   C++   |",
        "Vulkan-LoaderAndValidationLayers": "| 414 | 178 |   C++   |",
        "OpenGL-Refpages": "| 391 | 121 |   HTML   |",
        "SPIRV-LLVM-Translator": "| 388 | 173 |   LLVM   |",
        "Vulkan-Loader": "| 385 | 241 |   C   |",
        "OpenCL-CLHPP": "| 307 | 115 |   C++   |",
        "OpenCL-SDK": "| 303 | 75 |   C++   |",
        "glTF-Validator": "| 297 | 56 |   Dart   |",
        "OpenCL-Docs": "| 293 | 99 |   Python   |",
        "OpenCL-Guide": "| 282 | 48 |   CMake   |",
        "Vulkan-Tools": "| 266 | 128 |   C++   |",
        "GLSL": "| 262 | 93 |   None   |",
        "SPIRV-LLVM": "| 259 | 60 |   C++   |",
        "SPIRV-Headers": "| 213 | 202 |   C++   |",
        "OpenCL-ICD-Loader": "| 205 | 129 |   C   |",
        "NNEF-Tools": "| 205 | 51 |   Python   |",
        "WebGLDeveloperTools": "| 186 | 70 |   JavaScript   |",
        "glTF-CSharp-Loader": "| 179 | 58 |   C#   |",
        "SPIR": "| 174 | 50 |   C++   |",
        "OpenCL-CTS": "| 146 | 162 |   C++   |",
        "glTF-Asset-Generator": "| 142 | 40 |   C#   |",
        "Vulkan-Ecosystem": "| 134 | 17 |   None   |",
        "WebGLNext-Proposals": "| 132 | 9 |   WebIDL   |",
        "OpenXR-Docs": "| 127 | 55 |   Python   |",
        "OpenVX-sample-impl": "| 120 | 45 |   C   |",
        "libclcxx": "| 106 | 34 |   None   |",
        "OpenCL-Registry": "| 100 | 40 |   HTML   |",
        "SPIRV-Guide": "| 99 | 9 |   None   |",
        "EGL-Registry": "| 98 | 92 |   HTML   |",
        "Vulkan-MemoryModel": "| 97 | 11 |   C++   |",
        "openvx-samples": "| 96 | 22 |   C++   |",
        "3D-Formats-Guidelines": "| 95 | 13 |   None   |",
        "ANARI-SDK": "| 89 | 21 |   C++   |",
        "glTF-IBL-Sampler": "| 87 | 10 |   C++   |",
        "SYCL-Docs": "| 86 | 52 |   JavaScript   |",
        "LLVM-SPIRV-Backend": "| 84 | 20 |   None   |",
        "Vulkan-Profiles": "| 82 | 24 |   C++   |",
        "SPIRV-Registry": "| 79 | 58 |   HTML   |",
        "Vulkan-ExtensionLayer": "| 74 | 31 |   C++   |",
        "Basis-Universal-Transcoders": "| 72 | 7 |   WebAssembly   |",
        "OpenXR-Registry": "| 70 | 5 |   HTML   |",
        "glTF-Sample-Environments": "| 68 | 7 |   Batchfile   |",
        "glTF-Project-Explorer": "| 67 | 37 |   TypeScript   |",
        "3DC-Asset-Creation": "| 65 | 15 |   Shell   |",
        "glXF": "| 64 | 2 |   None   |",
        "KTX-Specification": "| 61 | 11 |   CSS   |",
        "OpenXR-CTS": "| 56 | 15 |   C++   |",
        "siggraph2012course": "| 53 | 21 |   HTML   |",
        "WebCL": "| 50 | 9 |   HTML   |",
        "Vulkan-Samples-Assets": "| 49 | 22 |   None   |",
        "SYCL-CTS": "| 48 | 64 |   C++   |",
        "OpenVX-Registry": "| 43 | 23 |   HTML   |",
        "SPIR-Tools": "| 42 | 15 |   C   |",
        "OpenCL-CXX": "| 39 | 12 |   TeX   |",
        "Vulkan-Portability": "| 36 | 3 |   None   |",
        "webcl-validator": "| 35 | 7 |   C   |",
        "DataFormat": "| 35 | 6 |   C   |",
        "VulkanTutorial": "| 34 | 3 |   C++   |",
        "OpenGL-API": "| 32 | 5 |   None   |",
        "COLLADA-CTS": "| 31 | 10 |   Python   |",
        "OpenXR-Hpp": "| 31 | 13 |   C++   |",
        "glTF-Compressonator": "| 30 | 7 |   C++   |",
        "WebGLPerf": "| 29 | 9 |   HTML   |",
        "Education-Forum": "| 29 | 8 |   None   |",
        "SPIRV-Visualizer": "| 26 | 4 |   JavaScript   |",
        "OpenCL-TTL": "| 26 | 2 |   C   |",
        "glTF-Generator-Registry": "| 24 | 3 |   None   |",
        "OpenVG-Docs": "| 24 | 8 |   C   |",
        "khronosgroup.github.io": "| 23 | 26 |   HTML   |",
        "3DC-Certification": "| 23 | 13 |   Python   |",
        "WebCL-conformance": "| 19 | 15 |   HTML   |",
        "OpenCL-CTS-Framework": "| 18 | 7 |   CMake   |",
        "Vulkan-Site": "| 18 | 0 |   JavaScript   |",
        "Vulkan-Web-Registry": "| 17 | 15 |   HTML   |",
        "VulkanSC-Docs": "| 17 | 1 |   JavaScript   |",
        "BC6H-Decoder-WASM": "| 16 | 3 |   WebAssembly   |",
        "ANARI-Docs": "| 15 | 6 |   JavaScript   |",
        "NNEF-Docs": "| 14 | 2 |   None   |",
        "OpenCL-Sample-Kernels": "| 14 | 3 |   None   |",
        "SYCL-Shared": "| 14 | 2 |   None   |",
        "glTF-Metadata-CLI": "| 14 | 4 |   Rust   |",
        "OpenXR-Inventory": "| 14 | 10 |   Python   |",
        "gltf-asset-auditor": "| 14 | 2 |   TypeScript   |",
        "SYCL_Reference": "| 13 | 18 |   C++   |",
        "3DC-Sample-Viewer": "| 13 | 5 |   JavaScript   |",
        "webcl-clang-dev": "| 12 | 3 |   C++   |",
        "OpenVG-Registry": "| 12 | 5 |   C   |",
        "OpenVX-api-docs": "| 12 | 9 |   C   |",
        "OpenXR-Guide": "| 12 | 2 |   None   |",
        "SYCL-Registry": "| 10 | 5 |   HTML   |",
        "NNEF-Registry": "| 10 | 3 |   HTML   |",
        "OpenVX-cts": "| 9 | 6 |   C   |",
        "MaterialX": "| 9 | 2 |   C++   |",
        "OpenMAX-IL-Registry": "| 8 | 8 |   C   |",
        "OpenSL-ES-Registry": "| 7 | 2 |   C   |",
        "DockerContainers": "| 7 | 11 |   Perl   |",
        "OpenVG-CTS": "| 7 | 5 |   None   |",
        "ANARI-Registry": "| 7 | 1 |   HTML   |",
        "3DC-Metadata-Recommendations": "| 7 | 2 |   None   |",
        "SPIR-Registry": "| 6 | 4 |   PHP   |",
        "DataFormat-Registry": "| 6 | 4 |   HTML   |",
        "OpenMAX-IL-CTS": "| 6 | 2 |   C   |",
        "3DC-Asset-Creation-Registry": "| 6 | 1 |   PHP   |",
        "OpenCL-Layers": "| 6 | 7 |   C++   |",
        "OpenMAX-AL-Registry": "| 5 | 4 |   C   |",
        "OpenMAX-DL-Registry": "| 5 | 5 |   PHP   |",
        "dfdutils": "| 5 | 4 |   C   |",
        "VulkanSC-Registry": "| 5 | 1 |   HTML   |",
        "Vulkan-Utility-Libraries": "| 5 | 2 |   C++   |",
        "WebCL-1-2-Draft": "| 4 | 0 |   None   |",
        "KSCAF_DocRequirements": "| 4 | 1 |   CSS   |",
        "OpenKODE-Registry": "| 4 | 3 |   HTML   |",
        "OpenWF-Registry": "| 4 | 2 |   C   |",
        "WebGLConformanceSubmissions": "| 4 | 5 |   None   |",
        "glTF-Sample-Viewer-Release": "| 4 | 2 |   None   |",
        "SPIRV-Backend-Testing": "| 4 | 1 |   Python   |",
        "VulkanSC-pcutil": "| 4 | 2 |   C++   |",
        "KTX-Registry": "| 3 | 3 |   HTML   |",
        "glTF-Registry": "| 3 | 1 |   HTML   |",
        "KSCAF_DocGuidelines": "| 2 | 2 |   CSS   |",
        "Registry-Root-SPIR-V": "| 2 | 1 |   HTML   |",
        "asciidoctor-pdf": "| 2 | 1 |   None   |",
        "VK-GL-CTS-Tools": "| 2 | 9 |   Python   |",
        "OpenCL-CTS-Kernel-Dumps": "| 2 | 3 |   C   |",
        "SPIRV-LIT-Converter": "| 2 | 1 |   Python   |",
        "Khronos-Schemas": "| 2 | 3 |   Ruby   |",
        "VulkanSC-Loader": "| 2 | 0 |   C   |",
        "shaderc": "| 2 | 0 |   None   |",
        "SPIRV-Val-Checker": "| 2 | 1 |   Python   |",
        "KTX-Software-CTS": "| 2 | 1 |   CMake   |",
        "antora-ui-khronos": "| 2 | 1 |   CSS   |",
        "Registry-Root": "| 1 | 2 |   HTML   |",
        "VulkanSC-ValidationLayers": "| 1 | 0 |   C++   |",
        "VulkanTools-ForSC": "| 1 | 2 |   C++   |",
        "VulkanSC-Tools": "| 0 | 0 |   C++   |",
        "DirectXShaderCompiler": "| 0 | 0 |   C++   |"
    }
}