{
    "company": "Kong",
    "h-index": 44,
    "repo count": 367,
    "contributor count": 6277,
    "size": "todo",
    "employee count": "todo",
    "country": "San Francisco",
    "top language": "Lua",
    "repos": {
        "kong": "| 34806 | 4457 |   Lua   |",
        "insomnia": "| 28052 | 1489 |   JavaScript   |",
        "unirest-java": "| 2438 | 590 |   Java   |",
        "mockbin": "| 1946 | 217 |   JavaScript   |",
        "kubernetes-ingress-controller": "| 1904 | 563 |   Go   |",
        "swrv": "| 1877 | 68 |   TypeScript   |",
        "mashape-oauth": "| 1782 | 194 |   JavaScript   |",
        "unirest-php": "| 1281 | 339 |   PHP   |",
        "docker-kong": "| 1276 | 808 |   Shell   |",
        "httpsnippet": "| 1000 | 209 |   TypeScript   |",
        "unirest-nodejs": "| 951 | 174 |   JavaScript   |",
        "guardian": "| 640 | 44 |   JavaScript   |",
        "unirest-python": "| 433 | 112 |   Python   |",
        "apiembed": "| 401 | 54 |   Pug   |",
        "unirest-ruby": "| 366 | 82 |   Ruby   |",
        "deck": "| 366 | 111 |   Go   |",
        "unirest-obj-c": "| 275 | 74 |   Objective-C   |",
        "kong-dist-kubernetes": "| 256 | 143 |   Shell   |",
        "kong-plugin": "| 207 | 103 |   Lua   |",
        "unirest-net": "| 190 | 154 |   C#   |",
        "docs.konghq.com": "| 179 | 547 |   HTML   |",
        "lua-resty-worker-events": "| 179 | 45 |   Lua   |",
        "charts": "| 174 | 449 |   Mustache   |",
        "kong-oauth2-hello-world": "| 173 | 51 |   JavaScript   |",
        "lua-resty-dns-client": "| 145 | 48 |   Lua   |",
        "go-pdk": "| 125 | 41 |   Go   |",
        "kong-vagrant": "| 123 | 87 |   Shell   |",
        "kong-plugin-prometheus": "| 119 | 56 |   Lua   |",
        "lua-resty-healthcheck": "| 115 | 45 |   Lua   |",
        "kong-pongo": "| 115 | 47 |   Lua   |",
        "kongponents": "| 107 | 19 |   Vue   |",
        "apiglossary": "| 94 | 39 |   None   |",
        "go-plugins": "| 80 | 30 |   Go   |",
        "kong-terraform-aws": "| 77 | 41 |   HCL   |",
        "kong-build-tools": "| 76 | 75 |   Shell   |",
        "go-kong": "| 70 | 32 |   Go   |",
        "homebrew-kong": "| 69 | 35 |   Ruby   |",
        "go-pluginserver": "| 67 | 22 |   Go   |",
        "kong-dist-cloudformation": "| 65 | 34 |   None   |",
        "kong-plugin-zipkin": "| 60 | 32 |   Lua   |",
        "blixt": "| 60 | 16 |   Go   |",
        "kong-operator": "| 56 | 26 |   Mustache   |",
        "lua-multipart": "| 52 | 25 |   Lua   |",
        "mashape-php-library": "| 50 | 16 |   PHP   |",
        "HARchiver": "| 42 | 7 |   OCaml   |",
        "gojira": "| 42 | 27 |   Shell   |",
        "koko": "| 40 | 4 |   Go   |",
        "unirest-website": "| 39 | 14 |   HTML   |",
        "go-srp": "| 38 | 10 |   Go   |",
        "kong-plugin-acme": "| 37 | 10 |   Lua   |",
        "tcpbin": "| 36 | 12 |   HTML   |",
        "kong-python-pdk": "| 35 | 10 |   Python   |",
        "kong-portal-templates": "| 34 | 36 |   CSS   |",
        "kong-mesh-dist-kubernetes": "| 33 | 19 |   Makefile   |",
        "docker-java8": "| 30 | 38 |   None   |",
        "lua-kong-nginx-module": "| 30 | 20 |   Perl   |",
        "Astronode-Broadcaster": "| 29 | 10 |   Java   |",
        "kubernetes-testing-framework": "| 29 | 9 |   Go   |",
        "opentracing-lua": "| 28 | 9 |   Lua   |",
        "boss.js": "| 27 | 5 |   JavaScript   |",
        "kong-js-pdk": "| 27 | 17 |   JavaScript   |",
        "lua-uuid": "| 25 | 12 |   Lua   |",
        "kong-portal-cli": "| 24 | 12 |   TypeScript   |",
        "atc-router": "| 24 | 11 |   Rust   |",
        "insomnia-docs": "| 23 | 43 |   JavaScript   |",
        "lua-resty-timer": "| 21 | 11 |   Perl   |",
        "demo-scene": "| 21 | 20 |   JavaScript   |",
        "kong-plugin-session": "| 20 | 7 |   Lua   |",
        "kubernetes-sidecar-injector": "| 20 | 5 |   Lua   |",
        "lua-resty-counter": "| 20 | 11 |   Perl   |",
        "kong-plugin-request-transformer": "| 19 | 22 |   Lua   |",
        "lua-pack": "| 18 | 9 |   C   |",
        "lua-resty-lmdb": "| 18 | 4 |   C   |",
        "kong-dist-azure": "| 17 | 10 |   Shell   |",
        "kong-plugin-serverless-functions": "| 17 | 3 |   Lua   |",
        "swagger-ui-kong-theme": "| 17 | 18 |   JavaScript   |",
        "api-log-format": "| 16 | 6 |   None   |",
        "resty-redis-cluster": "| 16 | 5 |   Perl   |",
        "lua-resty-aws": "| 16 | 9 |   Lua   |",
        "apistatus": "| 15 | 11 |   JavaScript   |",
        "openresty-patches": "| 14 | 6 |   Perl   |",
        "lua-resty-consul-event": "| 14 | 2 |   Perl   |",
        "kong-plugin-grpc-gateway": "| 14 | 3 |   Lua   |",
        "harplayer": "| 13 | 3 |   JavaScript   |",
        "srp-js": "| 13 | 4 |   TypeScript   |",
        "kong-cjson": "| 13 | 4 |   C   |",
        "kong-plugin-aws-lambda": "| 13 | 10 |   Lua   |",
        "openresty-build-tools": "| 13 | 11 |   Shell   |",
        "jenkins-infrastructure": "| 12 | 24 |   Shell   |",
        "kong-plugin-proxy-cache": "| 12 | 11 |   Lua   |",
        "lua-resty-events": "| 12 | 6 |   Perl   |",
        "py-postgrest": "| 11 | 4 |   Python   |",
        "priority-updater": "| 11 | 2 |   Lua   |",
        "vault-kong-secrets": "| 11 | 5 |   Go   |",
        "changelog-generator": "| 11 | 5 |   TypeScript   |",
        "galileo-agent-java": "| 10 | 9 |   Java   |",
        "lua-resty-mediador": "| 10 | 7 |   Lua   |",
        "galileo-agent-node": "| 9 | 4 |   JavaScript   |",
        "ansible-role-kong": "| 9 | 15 |   Shell   |",
        "version.lua": "| 9 | 4 |   Lua   |",
        "kong-dist-dcos": "| 9 | 8 |   None   |",
        "kong-plugin-openwhisk": "| 9 | 12 |   Lua   |",
        "kong-upgrade-tests": "| 9 | 6 |   Shell   |",
        "kong-license": "| 9 | 4 |   Shell   |",
        "kong-apollo-quickstart": "| 9 | 3 |   Shell   |",
        "kong-custom-plugin-workshop": "| 9 | 13 |   Lua   |",
        "tldr.js": "| 8 | 2 |   JavaScript   |",
        "analytics-agent-jquery": "| 8 | 4 |   JavaScript   |",
        "galileo-agent-spec": "| 8 | 3 |   None   |",
        "lua-ip": "| 8 | 5 |   C   |",
        "kong-plugin-grpc-web": "| 8 | 4 |   Lua   |",
        "apiops-lab": "| 8 | 21 |   None   |",
        "kong-dist-google-cloud": "| 7 | 8 |   HTML   |",
        "google-marketplace-kong-app": "| 7 | 3 |   Makefile   |",
        "docker-kong-js-pdk": "| 7 | 8 |   Dockerfile   |",
        "lua-resty-kafka": "| 7 | 4 |   Lua   |",
        "httpbin": "| 7 | 2 |   Python   |",
        "kong-apisecops-redhat": "| 7 | 0 |   Jinja   |",
        "openapi2kong": "| 6 | 0 |   Lua   |",
        "hashicorp-consul-blogposts": "| 6 | 4 |   None   |",
        "terraform-kubernetes-kong-gateway": "| 6 | 5 |   HCL   |",
        "setup-inso": "| 6 | 0 |   JavaScript   |",
        "TheKongLaboratory": "| 6 | 3 |   TypeScript   |",
        "ngx_wasm_runtimes": "| 6 | 0 |   None   |",
        "go-apiops": "| 6 | 2 |   Go   |",
        "docker-cassandra": "| 5 | 6 |   None   |",
        "apistatus-api": "| 5 | 3 |   JavaScript   |",
        "lua-resty-cassandra": "| 5 | 4 |   Lua   |",
        "node-libcurl": "| 5 | 4 |   TypeScript   |",
        "swagger2har": "| 5 | 4 |   JavaScript   |",
        "react-apiembed": "| 5 | 3 |   JavaScript   |",
        "docker-pulp": "| 5 | 6 |   Shell   |",
        "kong-lua-sandbox": "| 5 | 2 |   Lua   |",
        "aws-workshops": "| 5 | 1 |   None   |",
        "lua-resty-websocket-proxy": "| 5 | 2 |   Perl   |",
        "kong-mesh-ecs": "| 5 | 2 |   None   |",
        "kong-ansible-collection": "| 5 | 0 |   Jinja   |",
        "MVNRepo": "| 4 | 4 |   None   |",
        "analytics-agent-ruby": "| 4 | 4 |   Ruby   |",
        "lua-resty-worker-manager": "| 4 | 3 |   Perl   |",
        "swagger-ui": "| 4 | 4 |   JavaScript   |",
        "kong-plugin-azure-functions": "| 4 | 0 |   Lua   |",
        "jenkins": "| 4 | 6 |   Dockerfile   |",
        "aws-marketplace": "| 4 | 1 |   None   |",
        "stapxx": "| 4 | 0 |   Perl   |",
        "workspace-config-apply-nodejs": "| 4 | 2 |   JavaScript   |",
        "kong-deployment-toolkit": "| 4 | 0 |   Go   |",
        "unirest-win8": "| 3 | 7 |   C#   |",
        "alf-validator": "| 3 | 5 |   JavaScript   |",
        "analytics-agent-python": "| 3 | 4 |   Python   |",
        "kong-dist-digitalocean": "| 3 | 3 |   None   |",
        "lua-ldap": "| 3 | 6 |   C   |",
        "aws-docker-swarm-cluster-deployer": "| 3 | 4 |   Shell   |",
        "lapis": "| 3 | 2 |   MoonScript   |",
        "docker-fpm": "| 3 | 7 |   Dockerfile   |",
        "wasmtime": "| 3 | 0 |   Rust   |",
        "WASI": "| 3 | 1 |   Rust   |",
        "kubernetes-telemetry": "| 3 | 2 |   Go   |",
        "lua-resty-timer-ng": "| 3 | 1 |   Lua   |",
        "edu-kgac-202": "| 3 | 3 |   Shell   |",
        "cloud-migration-journey": "| 3 | 1 |   Java   |",
        "gateway-operator-docs": "| 3 | 3 |   None   |",
        "public-ui-components": "| 3 | 2 |   TypeScript   |",
        "analytics-proxy-node": "| 2 | 2 |   JavaScript   |",
        "lua-serf": "| 2 | 3 |   Lua   |",
        "pgmoon": "| 2 | 5 |   MoonScript   |",
        "kong-plugins-system": "| 2 | 3 |   Lua   |",
        "hardyhar": "| 2 | 2 |   JavaScript   |",
        "kong-ci": "| 2 | 1 |   Shell   |",
        "miniperf": "| 2 | 2 |   Shell   |",
        "lua-resty-prometheus": "| 2 | 1 |   Lua   |",
        "kong-mesh-charts": "| 2 | 3 |   None   |",
        "konnect-runtimes": "| 2 | 8 |   Shell   |",
        "apiops-workshop-template-2021": "| 2 | 0 |   None   |",
        "goks": "| 2 | 2 |   Lua   |",
        "kong-auth-elements": "| 2 | 0 |   TypeScript   |",
        "insomnia-api-client": "| 2 | 3 |   TypeScript   |",
        "konnect-team-interview-frontend-exercise": "| 2 | 10 |   TypeScript   |",
        "kong-data-plane-spec": "| 2 | 1 |   Makefile   |",
        "proxy-wasm-hello-world": "| 2 | 1 |   Rust   |",
        "go-atc-router": "| 2 | 0 |   Go   |",
        "public-shared-actions": "| 2 | 3 |   Shell   |",
        "analytics-spec": "| 1 | 2 |   None   |",
        "docker-java7": "| 1 | 6 |   None   |",
        "request-fork": "| 1 | 5 |   JavaScript   |",
        "mediator_lua": "| 1 | 1 |   Lua   |",
        "lua-system-constants": "| 1 | 7 |   C   |",
        "alf-converter": "| 1 | 2 |   JavaScript   |",
        "insomnia-design-assets": "| 1 | 2 |   None   |",
        "luasf2016": "| 1 | 3 |   HTML   |",
        "official-images": "| 1 | 3 |   Shell   |",
        "nginx_exporter": "| 1 | 2 |   Go   |",
        "consul-vault-exporter": "| 1 | 3 |   Go   |",
        "statsd_exporter": "| 1 | 0 |   Go   |",
        "kong-plugin-uppercase-response": "| 1 | 2 |   Lua   |",
        "kong-collector-helm": "| 1 | 4 |   Mustache   |",
        "kong-test-new-ci": "| 1 | 2 |   Lua   |",
        "lua-protobuf": "| 1 | 1 |   Lua   |",
        "custom_kong_plugin-jwt-crafter-for-ee": "| 1 | 1 |   None   |",
        "aws-blogposts": "| 1 | 2 |   None   |",
        "homebrew-deck": "| 1 | 2 |   Ruby   |",
        "azure-marketplace": "| 1 | 2 |   None   |",
        "cw": "| 1 | 0 |   Go   |",
        "kong-confluent": "| 1 | 2 |   None   |",
        "setup-deck": "| 1 | 1 |   JavaScript   |",
        "ansible-galaxy-role-kong": "| 1 | 1 |   Jinja   |",
        "konnect-team-interview-vue-exercise": "| 1 | 8 |   JavaScript   |",
        "michigan-typescript-developers": "| 1 | 0 |   None   |",
        "gojsondiff": "| 1 | 3 |   Go   |",
        "kong-auth0": "| 1 | 1 |   None   |",
        "kong-okta": "| 1 | 2 |   None   |",
        "cherry-pick": "| 1 | 1 |   TypeScript   |",
        "terraform-provider-elasticsearch": "| 1 | 0 |   Go   |",
        "kong-plugin-py-geocode": "| 1 | 1 |   Python   |",
        "cert-manager": "| 1 | 0 |   Go   |",
        "go-echo": "| 1 | 0 |   Go   |",
        "kong-pongo-action": "| 1 | 0 |   None   |",
        "vue3-form-generator": "| 1 | 2 |   Vue   |",
        "gcp-konnect-quickstart": "| 1 | 1 |   Shell   |",
        "docs.konghq.com-steffen": "| 1 | 0 |   HTML   |",
        "kuma-website-jekyll": "| 1 | 1 |   None   |",
        "fw": "| 1 | 0 |   Go   |",
        "swagger-ui-web-component": "| 1 | 0 |   JavaScript   |",
        "kong-hybrid-istio-recipe": "| 1 | 2 |   Shell   |",
        "openapi-generator-config": "| 1 | 1 |   Mustache   |",
        "busted-hjtest": "| 1 | 0 |   Lua   |",
        "konnect-analytics-schema": "| 1 | 0 |   None   |",
        "lua-resty-redis": "| 0 | 2 |   Perl   |",
        "analytics-agent-php": "| 0 | 0 |   None   |",
        "IntegrationTemplate": "| 0 | 0 |   CSS   |",
        "luaworkshop2016.github.io": "| 0 | 2 |   HTML   |",
        "docker-ansible-base": "| 0 | 2 |   None   |",
        "base_ami": "| 0 | 2 |   Shell   |",
        "ubuntu_ansible_docker": "| 0 | 3 |   Dockerfile   |",
        "galileo-postgres-docker": "| 0 | 2 |   Shell   |",
        "node": "| 0 | 1 |   None   |",
        "docker-dd-agent": "| 0 | 2 |   None   |",
        "previewer": "| 0 | 3 |   Python   |",
        "jenkins-cron": "| 0 | 1 |   None   |",
        "jenkins-jnlp": "| 0 | 1 |   None   |",
        "docker-packer": "| 0 | 1 |   None   |",
        "okta-api-center": "| 0 | 1 |   JavaScript   |",
        "puppet-curl": "| 0 | 1 |   Puppet   |",
        "bind_exporter": "| 0 | 0 |   Go   |",
        "landscape": "| 0 | 0 |   JavaScript   |",
        "puppet-luarocks": "| 0 | 1 |   Puppet   |",
        "puppet-supervisor": "| 0 | 1 |   HTML   |",
        "kong-plugin-referer": "| 0 | 1 |   Lua   |",
        "kong-emails": "| 0 | 1 |   HTML   |",
        "prometheus-puppetdb-exporter": "| 0 | 1 |   Go   |",
        "hobson": "| 0 | 1 |   Go   |",
        "kumacut": "| 0 | 1 |   JavaScript   |",
        "studio-feedback": "| 0 | 1 |   None   |",
        "vue-ssr-typescript": "| 0 | 1 |   None   |",
        "kong-plugin-forwarded": "| 0 | 3 |   Lua   |",
        "react-tabify": "| 0 | 1 |   JavaScript   |",
        "toc": "| 0 | 0 |   None   |",
        "jsonpath": "| 0 | 0 |   JavaScript   |",
        "rancher-charts": "| 0 | 1 |   HTML   |",
        "helm3-charts": "| 0 | 0 |   None   |",
        "docker-kuma": "| 0 | 0 |   None   |",
        "community-operators": "| 0 | 0 |   Dockerfile   |",
        "swr-site": "| 0 | 0 |   None   |",
        "pkg": "| 0 | 0 |   None   |",
        "networking": "| 0 | 0 |   None   |",
        "atlantis-example": "| 0 | 0 |   HCL   |",
        "google-marketplace": "| 0 | 1 |   Mustache   |",
        "summit2020-gitops-lab": "| 0 | 2 |   JavaScript   |",
        "hashicorp-vault-blogposts": "| 0 | 1 |   None   |",
        "gridsome-starter-wordpress": "| 0 | 1 |   None   |",
        "kong-aviatrix-blogposts": "| 0 | 1 |   None   |",
        "luasec": "| 0 | 0 |   C   |",
        "kong-mirantis-blog-posts": "| 0 | 1 |   None   |",
        "bumper": "| 0 | 2 |   Lua   |",
        "django-storages": "| 0 | 1 |   Python   |",
        "pulp_rpm": "| 0 | 2 |   Python   |",
        "bumper-ee": "| 0 | 2 |   Lua   |",
        "distributions": "| 0 | 1 |   None   |",
        "bumper2": "| 0 | 1 |   Lua   |",
        "immunity-tls-docs": "| 0 | 1 |   Shell   |",
        "test_pluginserver_protocol": "| 0 | 1 |   Python   |",
        "kong-aws-blogposts": "| 0 | 1 |   None   |",
        "gunicorn": "| 0 | 1 |   None   |",
        "ansible-role-konnect-data-plane": "| 0 | 1 |   Jinja   |",
        "pull-request-action": "| 0 | 1 |   None   |",
        "eks-charts": "| 0 | 0 |   Mustache   |",
        "hierarchical-namespaces": "| 0 | 0 |   None   |",
        "aws-modernization-with-kong": "| 0 | 0 |   HTML   |",
        "intel-blogposts": "| 0 | 1 |   None   |",
        "konghq-operator": "| 0 | 1 |   Go   |",
        "summit-hackathon": "| 0 | 0 |   None   |",
        "event-hook-delete-admin-demo": "| 0 | 1 |   JavaScript   |",
        "cypress-docker-images": "| 0 | 0 |   Dockerfile   |",
        "go-wrpc": "| 0 | 2 |   Go   |",
        "example-kdf": "| 0 | 0 |   JavaScript   |",
        "konnect-team-interview-express-exercise": "| 0 | 0 |   TypeScript   |",
        "pulp_container": "| 0 | 0 |   None   |",
        "Telus_terraform2": "| 0 | 1 |   None   |",
        "aws-control-tower-automate-account-creation": "| 0 | 0 |   Python   |",
        "mesh-gw-blog": "| 0 | 0 |   Shell   |",
        "lua-bcrypt": "| 0 | 0 |   C   |",
        "pulpcore": "| 0 | 1 |   Python   |",
        "kong-build-tools-base-images": "| 0 | 4 |   Dockerfile   |",
        "mergo": "| 0 | 1 |   Go   |",
        "prow-test": "| 0 | 1 |   None   |",
        "test-infra": "| 0 | 1 |   None   |",
        "terraform-aws-cloudwatch-s3": "| 0 | 1 |   HCL   |",
        "lua-resty-websocket": "| 0 | 2 |   Lua   |",
        "lua-resty-gcp-archived": "| 0 | 0 |   Lua   |",
        "grpcbin": "| 0 | 2 |   Go   |",
        "wait-for-netlify-action": "| 0 | 1 |   None   |",
        "lua-resty-cookie": "| 0 | 1 |   None   |",
        "terraform-aws-logs": "| 0 | 0 |   Go   |",
        "homebrew-kayak": "| 0 | 0 |   Ruby   |",
        "kong-cloudtrails-integration": "| 0 | 0 |   Go   |",
        "konnect-examples": "| 0 | 0 |   None   |",
        "pg-aurora-client": "| 0 | 0 |   Go   |",
        "official-docker-docs": "| 0 | 0 |   None   |",
        "vue-form-generator": "| 0 | 0 |   JavaScript   |",
        "httpbin-fork": "| 0 | 0 |   None   |",
        "vfg-field-object": "| 0 | 0 |   JavaScript   |",
        "lua-resty-lock": "| 0 | 1 |   None   |",
        "lua-resty-gcp": "| 0 | 0 |   Lua   |",
        "vue-test-utils": "| 0 | 0 |   TypeScript   |",
        "go-diff": "| 0 | 0 |   Go   |",
        "azure-konnect-quickstart": "| 0 | 1 |   None   |",
        "kongapi.info": "| 0 | 0 |   None   |",
        "semver": "| 0 | 1 |   Go   |",
        "redhat-certified-operators": "| 0 | 0 |   Dockerfile   |",
        "k8s-operatorhub-community-operators": "| 0 | 1 |   Dockerfile   |",
        "MartianAPI": "| 0 | 0 |   None   |",
        "confluent-kafka-go": "| 0 | 0 |   Go   |",
        "vue3-treeselect": "| 0 | 0 |   None   |",
        "kong-plugin-tag-executor": "| 0 | 0 |   None   |",
        "cloud-github-actions": "| 0 | 0 |   Python   |",
        "terraform-aws-eks": "| 0 | 0 |   None   |",
        "wrk": "| 0 | 0 |   C   |",
        "wrk2": "| 0 | 0 |   C   |",
        "blog-traffic-mirror": "| 0 | 0 |   None   |",
        "atc-router-cirun": "| 0 | 0 |   Rust   |",
        "colin-kong": "| 0 | 2 |   Lua   |",
        "declarative-config-block": "| 0 | 0 |   TypeScript   |",
        "vue-chartjs": "| 0 | 0 |   None   |",
        "template-github-release": "| 0 | 2 |   Makefile   |",
        "kong-openssl": "| 0 | 2 |   Shell   |",
        "kong-runtime": "| 0 | 2 |   Shell   |",
        "gopher-lua": "| 0 | 0 |   None   |",
        "inc-kubernetes-controller": "| 0 | 0 |   None   |",
        "protobuf.js": "| 0 | 0 |   JavaScript   |",
        "grpc-reflection-js": "| 0 | 1 |   JavaScript   |",
        "gopher-json": "| 0 | 0 |   None   |",
        "kong-proxy-docker": "| 0 | 0 |   None   |",
        "aws-workshops-old": "| 0 | 0 |   CSS   |",
        "api-management-with-kong-archive": "| 0 | 0 |   None   |",
        "api-management-with-kong-konnect-archive": "| 0 | 0 |   None   |",
        "dino-park-insomnia": "| 0 | 0 |   Makefile   |",
        "kong-graphql-opa-authorization": "| 0 | 0 |   Open Policy Agent   |",
        "crosstool-ng-actions": "| 0 | 0 |   None   |",
        "kong-workshop": "| 0 | 0 |   Shell   |",
        "nginx": "| 0 | 0 |   None   |",
        "robot-shop": "| 0 | 0 |   JavaScript   |",
        "homebrew-core": "| 0 | 0 |   Ruby   |",
        "ratelimit": "| 0 | 0 |   None   |",
        "KongAir": "| 0 | 0 |   Go   |",
        "jq": "| 0 | 0 |   None   |",
        "datafile": "| 0 | 0 |   Lua   |",
        "busted": "| 0 | 0 |   Lua   |"
    }
}