{
    "company": "Kotlin",
    "h-index": 55,
    "repo count": 82,
    "contributor count": 926,
    "size": "todo",
    "employee count": "todo",
    "country": null,
    "top language": "Kotlin",
    "repos": {
        "anko": "| 15935 | 1306 |   Kotlin   |",
        "kotlinx.coroutines": "| 11925 | 1750 |   Kotlin   |",
        "kotlinx.serialization": "| 4502 | 599 |   Kotlin   |",
        "kotlin-examples": "| 3159 | 1072 |   None   |",
        "KEEP": "| 3026 | 366 |   Markdown   |",
        "dokka": "| 2921 | 377 |   Kotlin   |",
        "kotlin-koans": "| 2593 | 1458 |   Kotlin   |",
        "kotlinx-datetime": "| 1727 | 74 |   Kotlin   |",
        "kmm-production-sample": "| 1582 | 186 |   Kotlin   |",
        "coroutines-examples": "| 1447 | 186 |   None   |",
        "kotlinx.html": "| 1384 | 123 |   Kotlin   |",
        "kotlin-fullstack-sample": "| 1220 | 173 |   Kotlin   |",
        "kotlindl": "| 1200 | 106 |   Kotlin   |",
        "kotlinx-kover": "| 895 | 35 |   Kotlin   |",
        "kotlin-jupyter": "| 868 | 103 |   HTML   |",
        "kotlinx.collections.immutable": "| 853 | 46 |   Kotlin   |",
        "kmm-basic-sample": "| 837 | 160 |   Swift   |",
        "kotlinx-cli": "| 814 | 68 |   Kotlin   |",
        "kotlinx-atomicfu": "| 677 | 54 |   Kotlin   |",
        "kotlinx-io": "| 616 | 44 |   Kotlin   |",
        "kotlinconf-spinner": "| 612 | 76 |   Kotlin   |",
        "workshop": "| 590 | 156 |   Kotlin   |",
        "kotlin-frontend-plugin": "| 569 | 69 |   Kotlin   |",
        "binary-compatibility-validator": "| 550 | 41 |   Kotlin   |",
        "kotlin-interactive-shell": "| 546 | 34 |   Java   |",
        "multik": "| 519 | 38 |   Kotlin   |",
        "dataframe": "| 492 | 33 |   Kotlin   |",
        "dukat": "| 490 | 41 |   Kotlin   |",
        "kdoctor": "| 420 | 11 |   Kotlin   |",
        "kotlin-by-example": "| 414 | 737 |   None   |",
        "kotlin-spark-api": "| 380 | 36 |   Kotlin   |",
        "kotlinx-benchmark": "| 351 | 29 |   Kotlin   |",
        "kotlin-in-action": "| 345 | 146 |   Kotlin   |",
        "kotlin-spec": "| 339 | 82 |   Kotlin   |",
        "ts2kt": "| 323 | 29 |   Kotlin   |",
        "kotlin-numpy": "| 312 | 12 |   Kotlin   |",
        "kotlin-style-guide": "| 289 | 14 |   None   |",
        "anko-example": "| 287 | 64 |   Kotlin   |",
        "kotlinx-knit": "| 275 | 21 |   Kotlin   |",
        "full-stack-web-jetbrains-night-sample": "| 266 | 56 |   Kotlin   |",
        "kotlin-script-examples": "| 245 | 39 |   Kotlin   |",
        "kotlinx-nodejs": "| 210 | 18 |   Kotlin   |",
        "kotlin-eclipse": "| 176 | 65 |   Kotlin   |",
        "kotlinx.reflect.lite": "| 140 | 13 |   Kotlin   |",
        "kotlin-benchmarks": "| 132 | 22 |   Kotlin   |",
        "kotlin-wasm-examples": "| 127 | 16 |   Kotlin   |",
        "api-guidelines": "| 110 | 8 |   None   |",
        "kotlin-libs-publisher": "| 108 | 2 |   Kotlin   |",
        "kotlinx-browser": "| 99 | 13 |   Kotlin   |",
        "kotlin-koans-edu": "| 88 | 52 |   Kotlin   |",
        "kotlindl-app-sample": "| 86 | 5 |   Kotlin   |",
        "grammar-tools": "| 81 | 10 |   Kotlin   |",
        "kmm-integration-sample": "| 72 | 34 |   Kotlin   |",
        "kandy": "| 59 | 0 |   Kotlin   |",
        "kotlin-koans-edu-obsolete": "| 55 | 17 |   Kotlin   |",
        "kotlin-native-calculator-sample": "| 55 | 16 |   None   |",
        "kmm-with-cocoapods-sample": "| 55 | 13 |   Kotlin   |",
        "kotlinx.support": "| 53 | 8 |   Kotlin   |",
        "js-externals": "| 53 | 12 |   None   |",
        "coroutines-workshop": "| 43 | 14 |   Kotlin   |",
        "kotlin-playground-wp-plugin": "| 35 | 10 |   PHP   |",
        "full-stack-spring-collaborative-todo-list-sample": "| 35 | 12 |   Kotlin   |",
        "io2019-serverside-demo": "| 31 | 9 |   Kotlin   |",
        "react-redux-js-ir-todo-list-sample": "| 28 | 5 |   Kotlin   |",
        "kmm-with-cocoapods-multitarget-xcode-sample": "| 23 | 10 |   Swift   |",
        "xcode-compat": "| 21 | 8 |   Kotlin   |",
        "kotlin-in-action-2e": "| 21 | 1 |   Kotlin   |",
        "kotlinx.dom": "| 17 | 9 |   Kotlin   |",
        "kotlin-jupyter-libraries": "| 17 | 17 |   None   |",
        "dokka-plugin-template": "| 12 | 8 |   Kotlin   |",
        "kotlinx.team.infra": "| 10 | 8 |   Kotlin   |",
        "kotlin-js-inspection-pack-plugin": "| 10 | 4 |   Kotlin   |",
        "obsolete-kotlin-swing": "| 8 | 7 |   Kotlin   |",
        "obsolete-kotlin-jdbc": "| 7 | 12 |   Kotlin   |",
        "website-grammar-generator": "| 6 | 7 |   Kotlin   |",
        "kotlin-js-demo-1.3.50": "| 5 | 7 |   Kotlin   |",
        "kotlin-spark-shell": "| 5 | 4 |   Kotlin   |",
        "kotlin-grammar-gpl2": "| 5 | 3 |   ANTLR   |",
        "kotlin-wasm-benchmarks": "| 5 | 0 |   Kotlin   |",
        "web-site-samples": "| 4 | 5 |   None   |",
        "kotlin-build-report-sample": "| 3 | 2 |   Kotlin   |",
        "kmm-with-cocoapods-xcode-two-kotlin-libraries-sample": "| 1 | 4 |   Kotlin   |"
    }
}