{
    "company": "Kubernetes",
    "h-index": 61,
    "repo count": 78,
    "contributor count": 4706,
    "size": "todo",
    "employee count": "todo",
    "country": null,
    "top language": "Go",
    "repos": {
        "kubernetes": "| 98260 | 36089 |   Go   |",
        "minikube": "| 26404 | 4582 |   Go   |",
        "kops": "| 14934 | 4581 |   Go   |",
        "ingress-nginx": "| 14902 | 7792 |   Go   |",
        "dashboard": "| 12552 | 3955 |   Go   |",
        "community": "| 10971 | 5023 |   Jupyter Notebook   |",
        "kompose": "| 8471 | 708 |   Go   |",
        "client-go": "| 7645 | 2732 |   Go   |",
        "autoscaler": "| 6823 | 3435 |   Go   |",
        "examples": "| 5570 | 4221 |   Shell   |",
        "kube-state-metrics": "| 4518 | 1717 |   Go   |",
        "website": "| 3788 | 12694 |   HTML   |",
        "test-infra": "| 3626 | 2461 |   Go   |",
        "kubeadm": "| 3437 | 668 |   Go   |",
        "enhancements": "| 2861 | 1310 |   Go   |",
        "sample-controller": "| 2691 | 959 |   Go   |",
        "node-problem-detector": "| 2347 | 544 |   Go   |",
        "kubectl": "| 2307 | 793 |   Go   |",
        "git-sync": "| 1767 | 373 |   Shell   |",
        "code-generator": "| 1438 | 378 |   Go   |",
        "ingress-gce": "| 1214 | 300 |   Go   |",
        "dns": "| 821 | 458 |   Go   |",
        "perf-tests": "| 777 | 475 |   Go   |",
        "apimachinery": "| 686 | 508 |   Go   |",
        "api": "| 534 | 420 |   Go   |",
        "cloud-provider-openstack": "| 518 | 550 |   Go   |",
        "apiserver": "| 512 | 349 |   Go   |",
        "gengo": "| 495 | 192 |   Go   |",
        "k8s.io": "| 474 | 627 |   HCL   |",
        "klog": "| 463 | 210 |   Go   |",
        "sig-release": "| 459 | 350 |   Shell   |",
        "sample-apiserver": "| 449 | 201 |   Go   |",
        "metrics": "| 442 | 154 |   Go   |",
        "release": "| 439 | 485 |   Go   |",
        "design-proposals-archive": "| 331 | 137 |   Makefile   |",
        "cloud-provider-alibaba-cloud": "| 326 | 151 |   Go   |",
        "cloud-provider-aws": "| 309 | 243 |   Go   |",
        "cri-api": "| 305 | 110 |   Go   |",
        "utils": "| 271 | 174 |   Go   |",
        "sample-cli-plugin": "| 258 | 105 |   Go   |",
        "cli-runtime": "| 245 | 99 |   Go   |",
        "kube-openapi": "| 240 | 179 |   Go   |",
        "registry.k8s.io": "| 232 | 48 |   Go   |",
        "kube-aggregator": "| 226 | 81 |   Go   |",
        "kubelet": "| 221 | 120 |   Go   |",
        "org": "| 209 | 571 |   Go   |",
        "apiextensions-apiserver": "| 206 | 129 |   Go   |",
        "cloud-provider-vsphere": "| 196 | 146 |   Go   |",
        "cloud-provider": "| 186 | 105 |   Go   |",
        "committee-security-response": "| 153 | 71 |   None   |",
        "kubernetes-template-project": "| 149 | 74 |   None   |",
        "kube-proxy": "| 139 | 78 |   Go   |",
        "kube-scheduler": "| 127 | 68 |   Go   |",
        "sig-security": "| 117 | 42 |   Python   |",
        "repo-infra": "| 90 | 87 |   Starlark   |",
        "component-base": "| 86 | 73 |   Go   |",
        "cloud-provider-gcp": "| 81 | 163 |   Go   |",
        "pod-security-admission": "| 77 | 22 |   Go   |",
        "steering": "| 72 | 65 |   None   |",
        "kube-controller-manager": "| 69 | 60 |   Go   |",
        "publishing-bot": "| 68 | 73 |   Go   |",
        "contributor-site": "| 50 | 120 |   HTML   |",
        "legacy-cloud-providers": "| 46 | 64 |   Go   |",
        "controller-manager": "| 43 | 22 |   Go   |",
        "mount-utils": "| 42 | 23 |   Go   |",
        "system-validators": "| 30 | 25 |   Go   |",
        "cluster-bootstrap": "| 29 | 34 |   Go   |",
        "cloud-provider-sample": "| 16 | 19 |   None   |",
        "node-api": "| 14 | 23 |   Go   |",
        "funding": "| 13 | 14 |   None   |",
        "component-helpers": "| 12 | 18 |   Go   |",
        "csi-translation-lib": "| 10 | 29 |   Go   |",
        "noderesourcetopology-api": "| 9 | 3 |   Shell   |",
        "kms": "| 9 | 4 |   Go   |",
        "cel-admission-webhook": "| 7 | 2 |   Go   |",
        "sig-testing": "| 5 | 8 |   None   |",
        "dynamic-resource-allocation": "| 4 | 1 |   Go   |",
        ".github": "| 1 | 8 |   None   |"
    }
}