{
    "company": "Lantronix",
    "h-index": 2,
    "repo count": 7,
    "contributor count": 10,
    "size": "todo",
    "employee count": "todo",
    "country": null,
    "top language": "C",
    "repos": {
        "xpw-jslib": "| 6 | 4 |   JavaScript   |",
        "due-flash-programmer": "| 4 | 1 |   HTML   |",
        "vc0706-module": "| 1 | 0 |   C   |",
        "meta-lantronix": "| 1 | 0 |   BitBake   |",
        "yocto-premierwave": "| 1 | 1 |   Shell   |",
        "dotstar-strip": "| 0 | 0 |   C   |",
        "ble-sensor": "| 0 | 0 |   C   |"
    }
}