{
    "company": "The Laravel Framework",
    "h-index": 68,
    "repo count": 82,
    "contributor count": 3064,
    "size": "todo",
    "employee count": "todo",
    "country": null,
    "top language": "PHP",
    "repos": {
        "laravel": "| 73413 | 23710 |   PHP   |",
        "framework": "| 29465 | 10060 |   PHP   |",
        "lumen": "| 7609 | 1008 |   PHP   |",
        "tinker": "| 7180 | 124 |   PHP   |",
        "socialite": "| 5293 | 929 |   PHP   |",
        "telescope": "| 4475 | 517 |   PHP   |",
        "homestead": "| 3820 | 1451 |   Shell   |",
        "jetstream": "| 3637 | 745 |   PHP   |",
        "horizon": "| 3608 | 579 |   PHP   |",
        "octane": "| 3399 | 244 |   PHP   |",
        "passport": "| 3134 | 737 |   PHP   |",
        "docs": "| 2676 | 4366 |   None   |",
        "sanctum": "| 2506 | 259 |   PHP   |",
        "pint": "| 2384 | 88 |   PHP   |",
        "valet": "| 2359 | 669 |   PHP   |",
        "breeze": "| 2248 | 368 |   Vue   |",
        "cashier-stripe": "| 2228 | 620 |   PHP   |",
        "ui": "| 2166 | 420 |   PHP   |",
        "dusk": "| 1740 | 301 |   PHP   |",
        "envoy": "| 1514 | 179 |   PHP   |",
        "lumen-framework": "| 1446 | 422 |   PHP   |",
        "fortify": "| 1426 | 252 |   PHP   |",
        "scout": "| 1391 | 294 |   PHP   |",
        "sail": "| 1339 | 418 |   Shell   |",
        "elixir": "| 1084 | 258 |   JavaScript   |",
        "echo": "| 1030 | 169 |   TypeScript   |",
        "settler": "| 1011 | 338 |   Shell   |",
        "ideas": "| 946 | 31 |   None   |",
        "breeze-next": "| 884 | 242 |   JavaScript   |",
        "slack-notification-channel": "| 792 | 40 |   PHP   |",
        "helpers": "| 714 | 39 |   PHP   |",
        "vonage-notification-channel": "| 683 | 46 |   PHP   |",
        "vite-plugin": "| 641 | 117 |   TypeScript   |",
        "nova-issues": "| 540 | 36 |   None   |",
        "laravel.com": "| 502 | 476 |   Blade   |",
        "installer": "| 481 | 212 |   PHP   |",
        "browser-kit-testing": "| 481 | 75 |   PHP   |",
        "forge-sdk": "| 471 | 76 |   PHP   |",
        "spark-legacy": "| 430 | 0 |   PHP   |",
        "quickstart-basic": "| 387 | 452 |   PHP   |",
        "cashier-mollie": "| 378 | 66 |   PHP   |",
        "vapor-core": "| 364 | 134 |   PHP   |",
        "serializable-closure": "| 357 | 21 |   PHP   |",
        "pennant": "| 344 | 25 |   PHP   |",
        "spark-installer": "| 312 | 84 |   PHP   |",
        "nova-docs": "| 306 | 153 |   JavaScript   |",
        "vapor-cli": "| 281 | 110 |   PHP   |",
        "quickstart-intermediate": "| 260 | 243 |   PHP   |",
        "vapor-ui": "| 250 | 32 |   Vue   |",
        "blog-contest-may-mayhem": "| 241 | 16 |   None   |",
        "forge-cli": "| 211 | 28 |   PHP   |",
        "cashier-paddle": "| 196 | 38 |   PHP   |",
        "art": "| 189 | 58 |   None   |",
        "spark-aurelius": "| 189 | 15 |   PHP   |",
        "spark-tests": "| 172 | 35 |   None   |",
        "cashier-braintree": "| 163 | 137 |   PHP   |",
        "vapor-php-build": "| 121 | 69 |   Dockerfile   |",
        "nova-log-viewer": "| 116 | 12 |   PHP   |",
        "legacy-factories": "| 114 | 14 |   PHP   |",
        "nova-js": "| 112 | 31 |   JavaScript   |",
        "jetstream-js": "| 105 | 15 |   JavaScript   |",
        "forge-database-backups": "| 98 | 18 |   Shell   |",
        "forge-monitor": "| 97 | 26 |   PHP   |",
        "nova-dusk-suite": "| 85 | 36 |   PHP   |",
        "vapor-laravel-template": "| 83 | 9 |   PHP   |",
        "lumen-docs": "| 82 | 126 |   None   |",
        "bootcamp.laravel.com": "| 76 | 39 |   PHP   |",
        "lumen-installer": "| 74 | 27 |   PHP   |",
        "jetstream-docs": "| 61 | 222 |   Stylus   |",
        "legacy-encrypter": "| 58 | 34 |   PHP   |",
        "vapor-docs": "| 47 | 52 |   Stylus   |",
        ".github": "| 44 | 21 |   None   |",
        "vapor-dockerfiles": "| 38 | 25 |   Dockerfile   |",
        "discord-bot": "| 37 | 2 |   TypeScript   |",
        "forge-docs": "| 34 | 82 |   JavaScript   |",
        "vapor-js": "| 31 | 27 |   JavaScript   |",
        "spark-docs": "| 24 | 37 |   None   |",
        "nova-mix": "| 24 | 1 |   JavaScript   |",
        "spark-aurelius-mollie": "| 22 | 4 |   PHP   |",
        "envoyer-docs": "| 19 | 9 |   Stylus   |",
        "sail-server": "| 14 | 9 |   PHP   |",
        "spark-next-docs": "| 4 | 8 |   JavaScript   |"
    }
}