{
    "company": null,
    "h-index": 2,
    "repo count": 11,
    "contributor count": 95,
    "size": "todo",
    "employee count": "todo",
    "country": null,
    "top language": "C++",
    "repos": {
        "quda": "| 238 | 87 |   C++   |",
        "lattice.github.com": "| 2 | 1 |   HTML   |",
        "deprecated_milc-interface": "| 2 | 1 |   C++   |",
        "quda-ref": "| 1 | 0 |   Shell   |",
        "milc_qcd": "| 1 | 0 |   C   |",
        "downloads": "| 0 | 0 |   None   |",
        "milc": "| 0 | 0 |   C   |",
        "chroma": "| 0 | 0 |   C++   |",
        "backward-cpp": "| 0 | 0 |   C++   |",
        "trove": "| 0 | 0 |   C++   |",
        "qmp": "| 0 | 0 |   C   |"
    }
}