{
    "company": "Lenovo",
    "h-index": 10,
    "repo count": 54,
    "contributor count": 570,
    "size": "todo",
    "employee count": "todo",
    "country": null,
    "top language": "Python",
    "repos": {
        "python-redfish-lenovo": "| 64 | 45 |   None   |",
        "thinklmi": "| 31 | 8 |   C   |",
        "workload-solution": "| 23 | 6 |   None   |",
        "powershell-redfish-lenovo": "| 21 | 16 |   None   |",
        "confluent": "| 20 | 9 |   Python   |",
        "Antilles": "| 15 | 10 |   JavaScript   |",
        "memcached-pmem": "| 15 | 8 |   C   |",
        "ansible.lenovo-lxca": "| 13 | 9 |   Python   |",
        "xclarity_client": "| 10 | 24 |   Ruby   |",
        "pylxca": "| 10 | 11 |   Python   |",
        "ansible-role-lxca-config": "| 7 | 5 |   Python   |",
        "ELIE": "| 5 | 2 |   C   |",
        "ansible-cnos": "| 5 | 3 |   Jinja   |",
        "Snapper": "| 4 | 0 |   C++   |",
        "tlmi-auth": "| 4 | 1 |   C   |",
        "networking-onie": "| 3 | 2 |   None   |",
        "pyghmi": "| 3 | 1 |   Python   |",
        "ansible-role-lxca-inventory": "| 3 | 6 |   Python   |",
        "ansible.lenovo-tacp": "| 3 | 0 |   Python   |",
        "networking-telemetry": "| 2 | 2 |   Python   |",
        "puppet-cnos": "| 2 | 2 |   Ruby   |",
        "deployment-scripts-for-OpenShift-Platform": "| 2 | 2 |   Shell   |",
        "ansible-role-cnos-nsxgateway": "| 2 | 0 |   None   |",
        "lpd-openshift-ra": "| 1 | 1 |   Shell   |",
        "chef-cnos": "| 1 | 0 |   Ruby   |",
        "chef.lenovo-lxca": "| 1 | 1 |   Ruby   |",
        "puppet.lenovo-lxca": "| 1 | 2 |   Ruby   |",
        "ear": "| 1 | 0 |   None   |",
        "ServiceProviderRA": "| 1 | 1 |   Shell   |",
        "EAR-GUI": "| 1 | 2 |   Vue   |",
        "linux-pc": "| 1 | 0 |   C   |",
        "gplcc": "| 1 | 0 |   None   |",
        "bigdata-configs": "| 0 | 0 |   Perl   |",
        "ansible-role-cnos-clos-leaf": "| 0 | 0 |   None   |",
        "ansible-role-cnos-clos-spine": "| 0 | 0 |   None   |",
        "ansible-role-cnos-vlag-1tier-leaf": "| 0 | 0 |   None   |",
        "ansible-role-cnos-vlag-1tier-spine": "| 0 | 0 |   None   |",
        "ansible-role-cnos-vlag-2tier-leaf": "| 0 | 0 |   None   |",
        "ansible-role-cnos-vlag-2tier-spine": "| 0 | 0 |   None   |",
        "layer-basic": "| 0 | 1 |   Python   |",
        "BatchWorkLoadScheduler": "| 0 | 0 |   Python   |",
        "PrometheusSetup": "| 0 | 1 |   None   |",
        "miq_deploy": "| 0 | 0 |   Shell   |",
        "charms.ansible": "| 0 | 2 |   Python   |",
        "miq-benchmark": "| 0 | 0 |   Ruby   |",
        "rbapi-cnos": "| 0 | 0 |   Ruby   |",
        "ansible-role-cnos-telemetry": "| 0 | 0 |   Python   |",
        "Intelligent-network-controller": "| 0 | 0 |   None   |",
        "networking-drivers": "| 0 | 0 |   None   |",
        "powershell-pmemtool": "| 0 | 0 |   PowerShell   |",
        "cnos-bgp-evpn": "| 0 | 2 |   None   |",
        "noVNC": "| 0 | 0 |   JavaScript   |",
        "ansible-dm-series-ontap": "| 0 | 0 |   None   |",
        "uds-developer-portal-sample-code": "| 0 | 1 |   Java   |"
    }
}