{
    "company": "Wuhan deepin Technology Co.,Ltd.",
    "h-index": 33,
    "repo count": 208,
    "contributor count": 1187,
    "size": "todo",
    "employee count": "todo",
    "country": "China",
    "top language": "C++",
    "repos": {
        "deepin-boot-maker": "| 762 | 133 |   C++   |",
        "unilang": "| 550 | 36 |   C++   |",
        "developer-center": "| 427 | 72 |   None   |",
        "dde-file-manager": "| 365 | 143 |   C++   |",
        "dde-dock": "| 201 | 115 |   C++   |",
        "dtkwidget": "| 188 | 119 |   C++   |",
        "deepin-music": "| 178 | 83 |   QML   |",
        "dde-control-center": "| 175 | 116 |   C++   |",
        "deepin-terminal": "| 120 | 57 |   C++   |",
        "deepin-system-monitor": "| 113 | 73 |   C++   |",
        "deepin-kernel": "| 106 | 27 |   None   |",
        "deepin-editor": "| 98 | 54 |   C++   |",
        "dde-launcher": "| 89 | 63 |   C++   |",
        "deepin-screen-recorder": "| 87 | 48 |   C++   |",
        "deepin-icon-theme": "| 74 | 29 |   Shell   |",
        "dde-daemon": "| 73 | 82 |   Go   |",
        "deepin-anything": "| 73 | 30 |   C   |",
        "dtkcore": "| 64 | 74 |   C++   |",
        "deepin-movie-reborn": "| 63 | 46 |   C++   |",
        "deepin-image-viewer": "| 62 | 47 |   C++   |",
        "dde-kwin": "| 62 | 30 |   C++   |",
        "deepin-clone": "| 60 | 27 |   C++   |",
        "go-lib": "| 58 | 36 |   Go   |",
        "deepin-wallpapers": "| 57 | 21 |   Shell   |",
        "internal-discussion": "| 56 | 7 |   None   |",
        "deepin-gtk-theme": "| 55 | 13 |   CSS   |",
        "deepin-wsl": "| 55 | 3 |   None   |",
        "deepin-graphics-driver-manager": "| 50 | 18 |   C++   |",
        "dtkgui": "| 45 | 43 |   C++   |",
        "go-gir": "| 39 | 23 |   Go   |",
        "deepin-calculator": "| 36 | 47 |   C++   |",
        "startdde": "| 34 | 45 |   Go   |",
        "dde-session-ui": "| 33 | 48 |   C++   |",
        "qt5integration": "| 31 | 37 |   C++   |",
        "deepin-tweak": "| 31 | 10 |   QML   |",
        "deepin-picker": "| 30 | 13 |   C++   |",
        "dde-api": "| 29 | 29 |   Go   |",
        "deepin-manual": "| 29 | 32 |   JavaScript   |",
        "dde-calendar": "| 28 | 29 |   C++   |",
        "deepin-deb-installer": "| 27 | 25 |   C++   |",
        "dde-nixos": "| 27 | 3 |   Nix   |",
        "linglong-hub": "| 26 | 6 |   None   |",
        "deepin-draw": "| 24 | 21 |   C++   |",
        "qt5platform-plugins": "| 22 | 30 |   C++   |",
        "deepin-kwin": "| 22 | 25 |   C++   |",
        "deepin-desktop-base": "| 21 | 19 |   Makefile   |",
        "deepin-faq": "| 19 | 5 |   None   |",
        "go-x11-client": "| 17 | 20 |   Go   |",
        "wiki.deepin.org": "| 16 | 14 |   HTML   |",
        "deepin-ocr": "| 16 | 8 |   C++   |",
        "deepin-reader": "| 15 | 19 |   C++   |",
        "dde-session-shell": "| 15 | 44 |   C++   |",
        "dtkdeclarative": "| 14 | 26 |   C++   |",
        "deepin-turbo": "| 13 | 12 |   C++   |",
        "deepin-devicemanager": "| 12 | 22 |   C++   |",
        "deepin-compressor": "| 12 | 19 |   C++   |",
        "deepin-camera": "| 12 | 18 |   C++   |",
        "dde-grand-search": "| 12 | 13 |   C++   |",
        "lastore-daemon": "| 11 | 19 |   Go   |",
        "dde-qt-dbus-factory": "| 11 | 18 |   C++   |",
        "deepin-screensaver": "| 11 | 20 |   C++   |",
        "deepin-desktop-schemas": "| 10 | 22 |   Go   |",
        "deepin-log-viewer": "| 10 | 19 |   C++   |",
        "deepin-shortcut-viewer": "| 9 | 9 |   C++   |",
        "dde-clipboard": "| 9 | 22 |   C++   |",
        "deepin-diskmanager": "| 9 | 16 |   C++   |",
        "open-source-students": "| 9 | 3 |   None   |",
        "deepin-font-manager": "| 8 | 10 |   C++   |",
        "deepin-album": "| 8 | 17 |   C++   |",
        "linglong": "| 8 | 14 |   C++   |",
        "go-dbus-factory": "| 7 | 31 |   Go   |",
        "desktop-entry-editor": "| 7 | 4 |   C++   |",
        ".github": "| 7 | 80 |   JavaScript   |",
        "default-settings": "| 6 | 15 |   Python   |",
        "dde": "| 6 | 8 |   None   |",
        "udisks2-qt5": "| 6 | 15 |   C++   |",
        "deepin-wsl-fs": "| 6 | 2 |   Shell   |",
        "deepin-wine-patch": "| 6 | 4 |   None   |",
        "linglong-builder-demo": "| 6 | 2 |   QMake   |",
        "deepin-plymouth": "| 5 | 8 |   Shell   |",
        "deepin-sound-theme": "| 5 | 8 |   Shell   |",
        "dde-polkit-agent": "| 5 | 21 |   C++   |",
        "dde-printer": "| 5 | 12 |   C++   |",
        "deepin-pw-check": "| 5 | 19 |   C   |",
        "linglong-box": "| 5 | 7 |   C++   |",
        "blur-effect": "| 4 | 4 |   C++   |",
        "gio-qt": "| 4 | 9 |   C++   |",
        "deepin-styleguide": "| 4 | 11 |   TeX   |",
        "action-organization-manager": "| 4 | 2 |   Go   |",
        "deepin-network-proxy": "| 4 | 11 |   Go   |",
        "linglong-loader": "| 4 | 5 |   C++   |",
        "deepin-system-upgrade": "| 4 | 7 |   C++   |",
        "dpa-ext-gnomekeyring": "| 3 | 7 |   C++   |",
        "deepin-input-method": "| 3 | 3 |   C   |",
        "disomaster": "| 3 | 10 |   C++   |",
        "deepin-voice-note": "| 3 | 13 |   C++   |",
        "dtkcommon": "| 3 | 16 |   CMake   |",
        "dde-session": "| 3 | 11 |   C++   |",
        "image-editor": "| 3 | 11 |   C++   |",
        "dde-wayland-config": "| 3 | 2 |   Shell   |",
        "dtk": "| 3 | 4 |   None   |",
        "dtksystemsettings": "| 3 | 13 |   C++   |",
        "dtkio": "| 3 | 13 |   C++   |",
        "deepin-specifications": "| 3 | 3 |   None   |",
        "deepin-gettext-tools": "| 2 | 14 |   Python   |",
        "dde-account-faces": "| 2 | 11 |   Shell   |",
        "deepin-lang-selector": "| 2 | 3 |   C++   |",
        "warm-sched": "| 2 | 8 |   Go   |",
        "dde-device-formatter": "| 2 | 6 |   C++   |",
        "xorg-server": "| 2 | 2 |   C   |",
        "deepin-downloader": "| 2 | 8 |   C++   |",
        "docparser": "| 2 | 4 |   C++   |",
        "dde-network-core": "| 2 | 38 |   C++   |",
        "cla": "| 2 | 5 |   None   |",
        "dtkdevice": "| 2 | 7 |   C++   |",
        "dtkmultimedia": "| 2 | 8 |   C   |",
        "deepin-home": "| 2 | 5 |   QML   |",
        "dwayland": "| 2 | 6 |   C++   |",
        "linglong-dbus-proxy": "| 2 | 5 |   C++   |",
        "linglong-homepage": "| 2 | 3 |   Vue   |",
        "linglong-web-store": "| 2 | 4 |   Vue   |",
        "deepin-wayland-protocols": "| 2 | 4 |   CMake   |",
        "dtknotifications": "| 2 | 3 |   C++   |",
        "util-dfm": "| 2 | 12 |   C++   |",
        "deepin-upgrade-manager": "| 2 | 8 |   Go   |",
        "dde-display": "| 2 | 3 |   C++   |",
        "dde-file-manager-integration": "| 1 | 4 |   C++   |",
        "dde-introduction": "| 1 | 14 |   C++   |",
        "deepin-kwindowsystem": "| 1 | 5 |   C++   |",
        "deepin-defender": "| 1 | 3 |   C++   |",
        "deepin-ab-recovery": "| 1 | 8 |   Go   |",
        "ttf-deepin-opensymbol": "| 1 | 1 |   None   |",
        "deepin-browser": "| 1 | 2 |   None   |",
        "deepin-wallpapers-nonfree": "| 1 | 2 |   Makefile   |",
        "develop-manual": "| 1 | 0 |   None   |",
        "deepin-lianliankan": "| 1 | 5 |   C++   |",
        "deepin-gomoku": "| 1 | 7 |   C++   |",
        "deepin-fcitxconfigtool-plugin": "| 1 | 4 |   C++   |",
        "action-cppcheck": "| 1 | 5 |   Go   |",
        "deepin-face": "| 1 | 6 |   C++   |",
        "dde-app-services": "| 1 | 12 |   C++   |",
        "dtk-template": "| 1 | 8 |   C++   |",
        "dtknetworkmanager": "| 1 | 5 |   C++   |",
        "dci-icon-theme": "| 1 | 2 |   C++   |",
        "obs-service-tar_scm": "| 1 | 2 |   Python   |",
        "dde-application-manager": "| 1 | 18 |   C++   |",
        "dde-widgets": "| 1 | 8 |   C++   |",
        "deepin-fcitx5configtool-plugin": "| 1 | 6 |   C++   |",
        "deepin-kernel-tools": "| 0 | 4 |   Shell   |",
        "dde-file-dialog-gtk": "| 0 | 5 |   None   |",
        "deepin-fprintd": "| 0 | 3 |   C   |",
        "deepin-keyring": "| 0 | 5 |   Shell   |",
        "deepin-kglobalaccel": "| 0 | 4 |   C++   |",
        "open-with-dialog": "| 0 | 1 |   C++   |",
        "dde-wallpapers": "| 0 | 3 |   Shell   |",
        "shim-review": "| 0 | 1 |   None   |",
        "fcitx-configtool": "| 0 | 0 |   C   |",
        "deepin-github": "| 0 | 0 |   Shell   |",
        "misc": "| 0 | 0 |   Shell   |",
        "action-sync": "| 0 | 3 |   Go   |",
        "jenkins-bridge-client": "| 0 | 3 |   Go   |",
        "upload-artifact": "| 0 | 0 |   None   |",
        "action-teams-manager": "| 0 | 0 |   None   |",
        "release": "| 0 | 0 |   None   |",
        "wiki": "| 0 | 1 |   Vue   |",
        "seetaface-age-predictor": "| 0 | 0 |   None   |",
        "seetaface-anti-spoofing-x": "| 0 | 0 |   C++   |",
        "seetaface-authorize": "| 0 | 0 |   C++   |",
        "seetaface-boxes": "| 0 | 0 |   C++   |",
        "seetaface-landmarker": "| 0 | 0 |   C++   |",
        "seetaface-models": "| 0 | 0 |   None   |",
        "seetaface-open-role-zoo": "| 0 | 0 |   C++   |",
        "seetaface-pose-estimation": "| 0 | 0 |   C++   |",
        "seetaface-quality-assessor": "| 0 | 0 |   C++   |",
        "seetaface-recognizer": "| 0 | 0 |   C++   |",
        "seetaface-tennis": "| 0 | 0 |   C++   |",
        "seetaface-tracker": "| 0 | 0 |   C++   |",
        "dde-wldpms": "| 0 | 1 |   C++   |",
        "dde-wloutput-daemon": "| 0 | 6 |   C++   |",
        "dde-manual-content": "| 0 | 5 |   CMake   |",
        "dareader": "| 0 | 2 |   C++   |",
        "deepin-m1": "| 0 | 1 |   None   |",
        "dde-wloutput": "| 0 | 5 |   C++   |",
        "contributor-assistant-github-action": "| 0 | 0 |   TypeScript   |",
        "action-doxygencheck": "| 0 | 1 |   TypeScript   |",
        "action-conventionalcommits-checker": "| 0 | 1 |   Go   |",
        "dtkbluetooth": "| 0 | 4 |   C++   |",
        "dtkcrypt": "| 0 | 1 |   C++   |",
        "dtkaudiomanager": "| 0 | 3 |   C++   |",
        "open-build-service": "| 0 | 2 |   Ruby   |",
        "xdg-desktop-portal-dde": "| 0 | 14 |   C++   |",
        "dtkprinter": "| 0 | 0 |   None   |",
        "dci-tool": "| 0 | 0 |   None   |",
        "doxygen-theme": "| 0 | 1 |   CSS   |",
        "deepin-initramfs-enhance": "| 0 | 0 |   None   |",
        "obs-build": "| 0 | 3 |   Perl   |",
        "deepin-ocr-plugin-manager": "| 0 | 1 |   C++   |",
        "ncnn": "| 0 | 0 |   C++   |",
        "opencv-mobile": "| 0 | 0 |   C++   |",
        "deepin-pdfium": "| 0 | 2 |   C++   |",
        "dde-appearance": "| 0 | 9 |   C++   |",
        "dde-cooperation": "| 0 | 5 |   C++   |",
        "dde-permission-manager": "| 0 | 3 |   C++   |",
        "deepin-desktop-theme": "| 0 | 3 |   CMake   |",
        "dde-api-proxy": "| 0 | 4 |   C++   |",
        ".bug-game": "| 0 | 0 |   None   |",
        "deepin-service-manager": "| 0 | 2 |   C++   |",
        "deepin-devscripts": "| 0 | 0 |   None   |"
    }
}