{
    "company": "LiveRamp",
    "h-index": 10,
    "repo count": 55,
    "contributor count": 512,
    "size": "todo",
    "employee count": "todo",
    "country": "San Francisco, CA",
    "top language": "Go",
    "repos": {
        "hank": "| 172 | 65 |   Java   |",
        "jack": "| 67 | 62 |   Java   |",
        "cascading_ext": "| 56 | 45 |   Java   |",
        "HyperMinHash-java": "| 49 | 12 |   Java   |",
        "captain": "| 32 | 10 |   Java   |",
        "reslang": "| 19 | 7 |   TypeScript   |",
        "templater": "| 17 | 4 |   Go   |",
        "iabconsent": "| 17 | 13 |   Go   |",
        "factable": "| 11 | 4 |   Go   |",
        "daemon_lib": "| 10 | 18 |   Java   |",
        "generative": "| 8 | 4 |   Java   |",
        "pmd_extensions": "| 6 | 24 |   Java   |",
        "hank-go": "| 6 | 5 |   Go   |",
        "mockrdd": "| 6 | 5 |   Python   |",
        "kube_deploy_tools": "| 5 | 5 |   Ruby   |",
        "HadoopAtScale": "| 4 | 2 |   None   |",
        "ccpa": "| 2 | 4 |   Go   |",
        "ats-sdk-ios": "| 2 | 0 |   Swift   |",
        "lr-map": "| 1 | 2 |   Python   |",
        "liveramp-idea-inspections-plugin": "| 1 | 4 |   Java   |",
        "remote_code": "| 1 | 3 |   Java   |",
        "typed-mutations": "| 1 | 2 |   TypeScript   |",
        "higher-order-promise": "| 1 | 2 |   TypeScript   |",
        "dop-cdap-hub": "| 1 | 2 |   Java   |",
        "liveramp-aws-transcoding-public": "| 1 | 5 |   None   |",
        "tcf-sdk-ios": "| 1 | 0 |   Swift   |",
        "pl-sdk-ios": "| 1 | 0 |   Swift   |",
        "pom-common": "| 0 | 21 |   Shell   |",
        "logrus": "| 0 | 1 |   Go   |",
        "gorocksdb": "| 0 | 2 |   Go   |",
        "hllpp": "| 0 | 2 |   Go   |",
        "alice": "| 0 | 2 |   Go   |",
        "osutil": "| 0 | 2 |   Go   |",
        "munkres": "| 0 | 2 |   Go   |",
        "browscap_go": "| 0 | 4 |   Go   |",
        "go-bindata": "| 0 | 1 |   Go   |",
        "awsprocesscreds": "| 0 | 1 |   Python   |",
        "extravagance": "| 0 | 3 |   Haskell   |",
        "svg-inline-loader": "| 0 | 1 |   JavaScript   |",
        "google-cloud-go": "| 0 | 0 |   Go   |",
        "etcdbk": "| 0 | 2 |   Go   |",
        "mail_utils": "| 0 | 2 |   Java   |",
        "signet": "| 0 | 0 |   Ruby   |",
        "google-auth-library-ruby": "| 0 | 1 |   Ruby   |",
        "google-tag-manager": "| 0 | 3 |   Smarty   |",
        "required-labels": "| 0 | 2 |   Python   |",
        "terraorg": "| 0 | 6 |   Ruby   |",
        "cockroach-encoding": "| 0 | 2 |   None   |",
        "gazette.v1": "| 0 | 3 |   None   |",
        "PyHive": "| 0 | 2 |   Python   |",
        "privacy-manager-consent-state": "| 0 | 2 |   Smarty   |",
        "akp_wholesale_pipelines": "| 0 | 0 |   Java   |",
        "http_cdap_plugins": "| 0 | 2 |   Java   |",
        "temporal-helm-charts": "| 0 | 2 |   Mustache   |",
        "mixed_method_b2b_saas_persona_generation": "| 0 | 0 |   Jupyter Notebook   |"
    }
}