{
    "company": "Logitech, Inc.",
    "h-index": 12,
    "repo count": 35,
    "contributor count": 416,
    "size": "todo",
    "employee count": "todo",
    "country": null,
    "top language": "C++",
    "repos": {
        "slimserver": "| 890 | 254 |   Perl   |",
        "logi_craft_sdk": "| 557 | 113 |   None   |",
        "fw_updates": "| 87 | 30 |   Makefile   |",
        "logiPy": "| 67 | 17 |   Python   |",
        "squeezeplay": "| 49 | 24 |   C   |",
        "logi_bridge_sdk": "| 43 | 9 |   None   |",
        "slimserver-vendor": "| 39 | 66 |   C   |",
        "slimserver-platforms": "| 38 | 32 |   Inno Setup   |",
        "cpg-docs": "| 32 | 10 |   None   |",
        "squeezeos": "| 17 | 17 |   C   |",
        "labs_mrkeyboard_sdk": "| 15 | 0 |   C#   |",
        "vr_ink_sdk": "| 15 | 2 |   C#   |",
        "slimserver-tools": "| 11 | 8 |   Perl   |",
        "ghub-obs-plugin": "| 11 | 0 |   C   |",
        "qforcestudio": "| 10 | 4 |   C++   |",
        "hackzurich2019": "| 9 | 4 |   C++   |",
        "hackzurich2020": "| 4 | 0 |   C++   |",
        "Angular-JumpStart": "| 3 | 0 |   TypeScript   |",
        "lauzhack2019": "| 3 | 0 |   C++   |",
        "nodejs-rpm": "| 2 | 1 |   None   |",
        "labs_vr_stylus_sdk": "| 1 | 0 |   None   |",
        "elastalert": "| 1 | 0 |   Python   |",
        "scbg-zephyrproject-rtos-hal_stm32": "| 1 | 1 |   C   |",
        "jaybirdsport-swift-conventions": "| 0 | 0 |   None   |",
        "jaybirdsport-sls": "| 0 | 0 |   Java   |",
        "hackathon": "| 0 | 0 |   None   |",
        "dynamodb-cross-region-library": "| 0 | 0 |   Java   |",
        "jaybirdsport-stream-python": "| 0 | 0 |   Python   |",
        "LauzHack2018": "| 0 | 0 |   None   |",
        "scbg-mevo-faye-cpp": "| 0 | 0 |   C++   |",
        "logitech.github.io": "| 0 | 1 |   CSS   |",
        "vc-pr-jira-action": "| 0 | 1 |   JavaScript   |",
        "vc-update-gh-actions": "| 0 | 3 |   JavaScript   |",
        "vc-copyright-action": "| 0 | 0 |   None   |",
        "cto-frame": "| 0 | 0 |   C++   |"
    }
}