{
    "company": "Mapbox",
    "h-index": 124,
    "repo count": 847,
    "contributor count": 3774,
    "size": "todo",
    "employee count": "todo",
    "country": "Washington DC",
    "top language": "JavaScript",
    "repos": {
        "mapbox-gl-js": "| 9853 | 2110 |   JavaScript   |",
        "pixelmatch": "| 5302 | 309 |   JavaScript   |",
        "mapbox-gl-native": "| 4271 | 1352 |   C++   |",
        "tippecanoe": "| 2334 | 393 |   C++   |",
        "awesome-vector-tiles": "| 1980 | 251 |   None   |",
        "delaunator": "| 1965 | 121 |   JavaScript   |",
        "robosat": "| 1948 | 378 |   Python   |",
        "earcut": "| 1898 | 197 |   JavaScript   |",
        "mapbox.js": "| 1895 | 395 |   HTML   |",
        "supercluster": "| 1790 | 281 |   JavaScript   |",
        "geojson.io": "| 1697 | 533 |   JavaScript   |",
        "geojson-vt": "| 1672 | 261 |   JavaScript   |",
        "flamebearer": "| 1575 | 43 |   JavaScript   |",
        "maki": "| 1452 | 224 |   JavaScript   |",
        "polylabel": "| 1278 | 133 |   C++   |",
        "togeojson": "| 1163 | 323 |   JavaScript   |",
        "mapbox-studio-classic": "| 1141 | 236 |   JavaScript   |",
        "node-pre-gyp": "| 1048 | 257 |   JavaScript   |",
        "geobuf": "| 901 | 83 |   JavaScript   |",
        "webgl-wind": "| 827 | 189 |   JavaScript   |",
        "Fingertips": "| 804 | 97 |   Swift   |",
        "XcodeClangFormat": "| 792 | 102 |   Objective-C++   |",
        "mapbox-navigation-ios": "| 786 | 295 |   Swift   |",
        "vector-tile-spec": "| 785 | 201 |   None   |",
        "mapbox-gl-draw": "| 785 | 534 |   JavaScript   |",
        "pbf": "| 739 | 111 |   JavaScript   |",
        "earcut.hpp": "| 705 | 114 |   C   |",
        "mapbox-android-demo": "| 690 | 506 |   Java   |",
        "osm-bright": "| 684 | 228 |   CartoCSS   |",
        "mapbox-unity-sdk": "| 675 | 206 |   C#   |",
        "mbutil": "| 672 | 182 |   Python   |",
        "carto": "| 643 | 128 |   JavaScript   |",
        "mapboxgl-jupyter": "| 634 | 137 |   Python   |",
        "mapbox-sdk-js": "| 626 | 182 |   JavaScript   |",
        "leaflet-omnivore": "| 612 | 125 |   JavaScript   |",
        "polyline": "| 594 | 101 |   JavaScript   |",
        "concaveman": "| 593 | 79 |   JavaScript   |",
        "martini": "| 573 | 39 |   JavaScript   |",
        "mapbox-navigation-android": "| 568 | 321 |   Kotlin   |",
        "mbtiles-spec": "| 559 | 95 |   None   |",
        "mapbox-react-examples": "| 546 | 235 |   JavaScript   |",
        "mapnik-vector-tile": "| 544 | 115 |   C++   |",
        "tilelive": "| 510 | 111 |   JavaScript   |",
        "mapbox-gl-leaflet": "| 487 | 152 |   JavaScript   |",
        "tiny-sdf": "| 486 | 52 |   HTML   |",
        "storytelling": "| 460 | 224 |   HTML   |",
        "cheap-ruler": "| 402 | 36 |   JavaScript   |",
        "mapbox-java": "| 394 | 121 |   Java   |",
        "jni.hpp": "| 383 | 91 |   C++   |",
        "variant": "| 358 | 96 |   C++   |",
        "mercantile": "| 354 | 61 |   Python   |",
        "leaflet-image": "| 352 | 138 |   JavaScript   |",
        "csv2geojson": "| 346 | 86 |   JavaScript   |",
        "mbview": "| 344 | 69 |   EJS   |",
        "mbxmapkit": "| 336 | 85 |   Objective-C   |",
        "DEPRECATED-mapbox-ios-sdk": "| 325 | 8 |   Objective-C   |",
        "mapbox-sdk-py": "| 321 | 111 |   Python   |",
        "mapbox-gl-geocoder": "| 314 | 181 |   JavaScript   |",
        "mapbox-maps-ios": "| 311 | 116 |   Swift   |",
        "vector-tile-js": "| 302 | 82 |   JavaScript   |",
        "mapbox-maps-android": "| 300 | 106 |   Kotlin   |",
        "mapbox-ar-unity": "| 279 | 45 |   C#   |",
        "geo-googledocs": "| 275 | 82 |   JavaScript   |",
        "node-mbtiles": "| 273 | 78 |   JavaScript   |",
        "hubdb": "| 272 | 24 |   JavaScript   |",
        "gzip-hpp": "| 263 | 61 |   C++   |",
        "flutter-mapbox-gl": "| 263 | 61 |   Java   |",
        "mapbox-gl-styles": "| 262 | 152 |   JavaScript   |",
        "postgis-vt-util": "| 260 | 64 |   PLpgSQL   |",
        "simplestyle-spec": "| 258 | 116 |   None   |",
        "sphericalmercator": "| 256 | 51 |   JavaScript   |",
        "delatin": "| 254 | 19 |   JavaScript   |",
        "geojsonhint": "| 251 | 37 |   JavaScript   |",
        "mason": "| 251 | 72 |   Python   |",
        "protozero": "| 246 | 68 |   C++   |",
        "wellknown": "| 245 | 49 |   JavaScript   |",
        "Hecate": "| 245 | 34 |   Rust   |",
        "pyskel": "| 244 | 27 |   Python   |",
        "potpack": "| 244 | 19 |   JavaScript   |",
        "mapbox-plugins-android": "| 240 | 124 |   Java   |",
        "shp-write": "| 238 | 175 |   JavaScript   |",
        "mapping": "| 234 | 50 |   JavaScript   |",
        "geojson-merge": "| 225 | 31 |   JavaScript   |",
        "mapbox-arkit-ios": "| 224 | 45 |   Swift   |",
        "mapbox-scenekit": "| 224 | 47 |   Swift   |",
        "tilejson-spec": "| 223 | 51 |   None   |",
        "tilebelt": "| 223 | 35 |   JavaScript   |",
        "react-native-mapbox-ar": "| 220 | 47 |   Objective-C   |",
        "mapbox-gl-native-ios": "| 211 | 118 |   Objective-C++   |",
        "mapbox-gl-native-android": "| 211 | 114 |   Java   |",
        "Simple-KML": "| 208 | 58 |   Objective-C   |",
        "mapbox-gl-directions": "| 206 | 124 |   JavaScript   |",
        "turf-swift": "| 204 | 51 |   Swift   |",
        "node-fontnik": "| 197 | 56 |   JavaScript   |",
        "leaflet-pip": "| 196 | 49 |   JavaScript   |",
        "ecs-watchbot": "| 192 | 27 |   JavaScript   |",
        "react-colorpickr": "| 187 | 36 |   TypeScript   |",
        "MapboxStatic.swift": "| 181 | 31 |   Swift   |",
        "geo-viewport": "| 179 | 42 |   JavaScript   |",
        "tile-cover": "| 178 | 37 |   JavaScript   |",
        "tile-reduce": "| 178 | 33 |   JavaScript   |",
        "mapbox-gl-language": "| 170 | 51 |   JavaScript   |",
        "tokml": "| 167 | 82 |   JavaScript   |",
        "vt-pbf": "| 167 | 36 |   JavaScript   |",
        "lineclip": "| 166 | 25 |   JavaScript   |",
        "geojsonio-cli": "| 163 | 21 |   JavaScript   |",
        "mapbox-directions-swift": "| 161 | 75 |   Swift   |",
        "eternal": "| 159 | 17 |   C++   |",
        "mapbox-cli-py": "| 150 | 36 |   Python   |",
        "rehype-prism": "| 150 | 22 |   JavaScript   |",
        "spritezero-cli": "| 149 | 62 |   JavaScript   |",
        "spritezero": "| 148 | 58 |   JavaScript   |",
        "wagyu": "| 146 | 26 |   C++   |",
        "mapbox-tile-copy": "| 144 | 29 |   JavaScript   |",
        "node-or-tools": "| 144 | 47 |   C++   |",
        "utfgrid-spec": "| 142 | 29 |   None   |",
        "retext-mapbox-standard": "| 140 | 15 |   JavaScript   |",
        "landsat-tiler": "| 137 | 24 |   JavaScript   |",
        "react-geocoder": "| 134 | 60 |   JavaScript   |",
        "mapbox-gl-compare": "| 132 | 36 |   JavaScript   |",
        "dynamodb-replicator": "| 130 | 50 |   JavaScript   |",
        "assembly": "| 130 | 27 |   CSS   |",
        "MapboxGeocoder.swift": "| 129 | 46 |   Swift   |",
        "abaculus": "| 125 | 37 |   JavaScript   |",
        "osrm-isochrone": "| 124 | 52 |   JavaScript   |",
        "which-polygon": "| 124 | 13 |   JavaScript   |",
        "batfish": "| 123 | 17 |   JavaScript   |",
        "mapboxgl-powerbi": "| 123 | 44 |   TypeScript   |",
        "mapbox-earth": "| 121 | 47 |   Objective-C   |",
        "cncc": "| 120 | 10 |   Python   |",
        "geojson-area": "| 117 | 35 |   JavaScript   |",
        "rio-color": "| 117 | 22 |   Python   |",
        "supermercado": "| 115 | 19 |   Python   |",
        "node-blend": "| 114 | 35 |   JavaScript   |",
        "geojson-rewind": "| 114 | 36 |   JavaScript   |",
        "mapbox-isochrone": "| 114 | 27 |   JavaScript   |",
        "vt2geojson": "| 113 | 27 |   JavaScript   |",
        "store-locator-react-native": "| 113 | 50 |   JavaScript   |",
        "hpp-skel": "| 110 | 18 |   CMake   |",
        "svg-to-geojson": "| 109 | 18 |   JavaScript   |",
        "shelf-pack": "| 107 | 17 |   JavaScript   |",
        "osmcha-frontend": "| 107 | 29 |   JavaScript   |",
        "cpp": "| 106 | 17 |   None   |",
        "tilesets-cli": "| 106 | 24 |   Python   |",
        "mapbox-maps-flutter": "| 106 | 31 |   Dart   |",
        "node-zipfile": "| 102 | 43 |   C++   |",
        "ios-sdk-examples": "| 95 | 35 |   Objective-C   |",
        "react-keybinding": "| 93 | 20 |   JavaScript   |",
        "drone-feedback": "| 91 | 40 |   None   |",
        "rio-mbtiles": "| 91 | 29 |   Python   |",
        "corslite": "| 89 | 21 |   JavaScript   |",
        "leaflet-knn": "| 89 | 18 |   JavaScript   |",
        "geometry.hpp": "| 89 | 34 |   C++   |",
        "jsxtreme-markdown": "| 89 | 9 |   JavaScript   |",
        "make-surface": "| 88 | 18 |   Python   |",
        "node-s2": "| 86 | 38 |   C++   |",
        "geojson-vt-cpp": "| 85 | 48 |   C++   |",
        "mr-ui": "| 84 | 6 |   TypeScript   |",
        "tilelive-mapnik": "| 82 | 64 |   JavaScript   |",
        "linematch": "| 81 | 17 |   JavaScript   |",
        "analysis-demos": "| 79 | 44 |   JavaScript   |",
        "dobbyscan": "| 78 | 9 |   JavaScript   |",
        "dyno": "| 77 | 32 |   JavaScript   |",
        "rio-hist": "| 77 | 30 |   Python   |",
        "mapbox-gl-style-spec": "| 76 | 39 |   HTML   |",
        "dynamodb-migrator": "| 74 | 9 |   JavaScript   |",
        "impact-tools": "| 74 | 143 |   HTML   |",
        "rio-rgbify": "| 73 | 26 |   Python   |",
        "mapbox-gl-traffic": "| 72 | 31 |   JavaScript   |",
        "asset-tracking": "| 72 | 28 |   JavaScript   |",
        "tilelive-vector": "| 71 | 47 |   JavaScript   |",
        "fuzzer": "| 71 | 20 |   JavaScript   |",
        "workshops": "| 70 | 17 |   HTML   |",
        "node-cpp-skel": "| 70 | 10 |   C++   |",
        "vtzero": "| 70 | 18 |   C++   |",
        "geojson-tidy": "| 69 | 9 |   JavaScript   |",
        "geojson-extent": "| 68 | 15 |   JavaScript   |",
        "store-locator-android": "| 68 | 53 |   Java   |",
        "tilelive-bridge": "| 65 | 46 |   JavaScript   |",
        "mapbox-gl-accessibility": "| 65 | 21 |   JavaScript   |",
        "expression-jamsession": "| 64 | 7 |   JavaScript   |",
        "mts-data-sync": "| 64 | 14 |   JavaScript   |",
        "open-streets-style": "| 63 | 16 |   Python   |",
        "cloudfriend": "| 62 | 9 |   JavaScript   |",
        "sentinel-tiler": "| 62 | 9 |   JavaScript   |",
        "real-time-maps": "| 61 | 18 |   TypeScript   |",
        "timespace": "| 60 | 16 |   JavaScript   |",
        "rio-mucho": "| 59 | 12 |   Python   |",
        "geojson-cpp": "| 59 | 25 |   C++   |",
        "mapbox-vision-ios": "| 59 | 28 |   Swift   |",
        "diversify": "| 58 | 2 |   Shell   |",
        "minjur": "| 58 | 14 |   C++   |",
        "mapbox-sdk-rb": "| 58 | 32 |   Ruby   |",
        "mapbox-directions.js": "| 57 | 23 |   JavaScript   |",
        "mapbox-events-android": "| 57 | 47 |   Java   |",
        "mapbox-navigation-ios-examples": "| 57 | 32 |   Swift   |",
        "COGDumper": "| 55 | 13 |   Python   |",
        "vector-tile-cs": "| 53 | 31 |   C#   |",
        "cardboard": "| 52 | 10 |   JavaScript   |",
        "scenekit-volumetric-weather": "| 52 | 7 |   Swift   |",
        "rio-cloudmask": "| 51 | 16 |   Python   |",
        "vector-tile-base": "| 51 | 17 |   Python   |",
        "cfn-config": "| 50 | 18 |   JavaScript   |",
        "mapbox-gl-rtl-text": "| 50 | 21 |   JavaScript   |",
        "directions-icons": "| 49 | 15 |   JavaScript   |",
        "stylelint-processor-arbitrary-tags": "| 49 | 12 |   JavaScript   |",
        "mapbox-studio-osm-bright.tm2": "| 48 | 52 |   CartoCSS   |",
        "fontnik": "| 48 | 13 |   JavaScript   |",
        "workerpoolify": "| 48 | 8 |   JavaScript   |",
        "rio-glui": "| 48 | 12 |   Python   |",
        "mbtiles-extracts": "| 47 | 12 |   JavaScript   |",
        "guidance-sim": "| 47 | 15 |   JavaScript   |",
        "rio-pansharpen": "| 46 | 23 |   Python   |",
        "mapbox-gl-swiss-ski-style": "| 46 | 10 |   None   |",
        "mapnik-omnivore": "| 45 | 19 |   JavaScript   |",
        "Micro-Mobility-Demo": "| 45 | 21 |   Java   |",
        "mapbox-vision-android": "| 44 | 45 |   Shell   |",
        "node-srs": "| 43 | 22 |   JavaScript   |",
        "svg-react-transformer": "| 42 | 4 |   JavaScript   |",
        "pixelmatch-cpp": "| 41 | 8 |   C++   |",
        "vector-tile": "| 41 | 25 |   C++   |",
        "sdf-glyph-foundry": "| 41 | 13 |   C++   |",
        "vtquery": "| 41 | 13 |   JavaScript   |",
        "link-hijacker": "| 40 | 9 |   JavaScript   |",
        "streambot": "| 39 | 7 |   JavaScript   |",
        "mapbox-gl-supported": "| 39 | 16 |   JavaScript   |",
        "mapbox-gl-sync-move": "| 39 | 17 |   JavaScript   |",
        "rio-toa": "| 39 | 20 |   Python   |",
        "mapbox-navigation-android-examples": "| 39 | 33 |   Kotlin   |",
        "mapbox-upload": "| 38 | 13 |   JavaScript   |",
        "windows-builds": "| 38 | 23 |   Batchfile   |",
        "geojson-mapnikify": "| 38 | 21 |   JavaScript   |",
        "mapbox-gl-codeflow-example": "| 38 | 11 |   JavaScript   |",
        "untiler": "| 38 | 9 |   Python   |",
        "rasterio-cookbook": "| 38 | 12 |   Python   |",
        "sanitize-caja": "| 37 | 11 |   JavaScript   |",
        "natural-earth-tm2": "| 37 | 13 |   Shell   |",
        "mapbox-geostats": "| 37 | 7 |   JavaScript   |",
        "bi-dashboard": "| 37 | 12 |   JavaScript   |",
        "mvtview": "| 37 | 6 |   JavaScript   |",
        "vtshaver": "| 36 | 6 |   JavaScript   |",
        "cligj": "| 35 | 12 |   Python   |",
        "osm-compare": "| 35 | 15 |   Jupyter Notebook   |",
        "cheap-ruler-cpp": "| 35 | 12 |   C++   |",
        "mapbox-gl-redux": "| 35 | 4 |   JavaScript   |",
        "point-geometry": "| 34 | 19 |   JavaScript   |",
        "mapbox-match.js": "| 34 | 8 |   HTML   |",
        "tile-decorator": "| 34 | 10 |   JavaScript   |",
        "cumulative-timer": "| 34 | 5 |   JavaScript   |",
        "vtcomposite": "| 34 | 6 |   JavaScript   |",
        "secret-shield": "| 34 | 13 |   JavaScript   |",
        "sexagesimal": "| 33 | 12 |   JavaScript   |",
        "geojson-summary": "| 33 | 4 |   JavaScript   |",
        "mapbox-gl-vintage-style": "| 33 | 16 |   None   |",
        "supercluster.hpp": "| 33 | 16 |   C++   |",
        "geojson-thumbnail": "| 33 | 10 |   JavaScript   |",
        "aws-lambda-python-packages": "| 33 | 10 |   Makefile   |",
        "node-tilejson": "| 32 | 25 |   JavaScript   |",
        "leaflet-geodesy": "| 32 | 6 |   JavaScript   |",
        "vector-tile-py": "| 32 | 12 |   Python   |",
        "navigation.js": "| 32 | 9 |   JavaScript   |",
        "ecs-conex": "| 32 | 6 |   JavaScript   |",
        "tile-count": "| 32 | 9 |   C++   |",
        "web-mapping-curriculum": "| 32 | 44 |   HTML   |",
        "route-annotator": "| 31 | 14 |   C++   |",
        "spatial-algorithms": "| 31 | 9 |   C++   |",
        "locator": "| 30 | 25 |   JavaScript   |",
        "dbf": "| 30 | 54 |   JavaScript   |",
        "geojson-normalize": "| 30 | 9 |   JavaScript   |",
        "geojson-coords": "| 30 | 16 |   JavaScript   |",
        "mapbox-studio-emerald.tm2": "| 30 | 15 |   CartoCSS   |",
        "github-org-browser": "| 30 | 9 |   JavaScript   |",
        "x-files": "| 30 | 7 |   JavaScript   |",
        "grid-index": "| 30 | 10 |   JavaScript   |",
        "dr-ui": "| 30 | 11 |   JavaScript   |",
        "pointcloud": "| 29 | 15 |   JavaScript   |",
        "mapbox-studio-picture-book.tm2": "| 29 | 5 |   XML   |",
        "s3touch": "| 29 | 10 |   JavaScript   |",
        "DEPRECATED-patrol": "| 29 | 10 |   None   |",
        "mapbox-speech-swift": "| 29 | 16 |   Swift   |",
        "geosimplify-js": "| 29 | 6 |   JavaScript   |",
        "mapbox-vision-android-teaser": "| 29 | 12 |   Kotlin   |",
        "osm-boundaries": "| 28 | 9 |   Python   |",
        "vector-tile-query": "| 27 | 10 |   JavaScript   |",
        "leaflet-terminator": "| 27 | 7 |   JavaScript   |",
        "spotswap": "| 27 | 4 |   JavaScript   |",
        "mapbox-maps-swiftui-demo": "| 27 | 16 |   Swift   |",
        "aws-log-replay": "| 26 | 11 |   JavaScript   |",
        "fontmachine": "| 26 | 8 |   JavaScript   |",
        "geocoding-example": "| 26 | 27 |   PHP   |",
        "simplespec-to-gl-style": "| 26 | 6 |   JavaScript   |",
        "stylelint-processor-markdown": "| 26 | 6 |   JavaScript   |",
        "mapbox-gestures-android": "| 26 | 21 |   Java   |",
        "GOT-Inspired-Map": "| 26 | 7 |   None   |",
        "weekend-picks-template": "| 25 | 40 |   CSS   |",
        "osrm-matching-inspection": "| 25 | 8 |   JavaScript   |",
        "geojson-coordinate-properties": "| 25 | 2 |   None   |",
        "mapbox-gl-js-mock": "| 25 | 35 |   JavaScript   |",
        "osm-navigation-map": "| 25 | 15 |   JavaScript   |",
        "mvt-fixtures": "| 25 | 8 |   JavaScript   |",
        "super-mario-world.tm2": "| 24 | 11 |   CartoCSS   |",
        "grib-doctor": "| 24 | 15 |   Python   |",
        "typehead": "| 24 | 2 |   JavaScript   |",
        "css-color-parser-cpp": "| 23 | 11 |   C++   |",
        "makizushi": "| 23 | 17 |   JavaScript   |",
        "s3urls": "| 23 | 9 |   JavaScript   |",
        "headless-gl": "| 23 | 4 |   HTML   |",
        "react-range": "| 23 | 15 |   JavaScript   |",
        "osm-sidewalker": "| 23 | 4 |   JavaScript   |",
        "DEPRECATED-lambda-cfn": "| 23 | 11 |   JavaScript   |",
        "osm-tag-stats": "| 23 | 10 |   JavaScript   |",
        "vision-ios-examples": "| 23 | 9 |   Swift   |",
        "jsskel": "| 22 | 8 |   JavaScript   |",
        "react-click-to-select": "| 22 | 10 |   JavaScript   |",
        "DEPRECATED-mapbox-gl": "| 22 | 5 |   None   |",
        "nepomuk": "| 22 | 8 |   C++   |",
        "spherical": "| 21 | 7 |   JavaScript   |",
        "tcx": "| 21 | 12 |   JavaScript   |",
        "mbtiler": "| 21 | 6 |   C++   |",
        "whoots-js": "| 21 | 11 |   JavaScript   |",
        "top-issues": "| 21 | 6 |   HTML   |",
        "mapbox-events-ios": "| 21 | 42 |   Objective-C   |",
        "appropriate-images": "| 21 | 5 |   JavaScript   |",
        "mapbox-studio-default-fonts": "| 20 | 11 |   JavaScript   |",
        "mapnik-pool": "| 20 | 22 |   JavaScript   |",
        "rio-l8qa": "| 20 | 8 |   Python   |",
        "cmake-node-module": "| 20 | 4 |   CMake   |",
        "iconoblast": "| 19 | 2 |   Shell   |",
        "serialtiles-spec": "| 19 | 3 |   None   |",
        "osm-coverage": "| 19 | 6 |   JavaScript   |",
        "probematch": "| 19 | 5 |   JavaScript   |",
        "logbt": "| 19 | 8 |   Shell   |",
        "mapbox-gl-layer-groups": "| 19 | 15 |   JavaScript   |",
        "malaria-mapping": "| 19 | 5 |   JavaScript   |",
        "aws-sdk-jest": "| 19 | 3 |   JavaScript   |",
        "install-node": "| 18 | 10 |   Shell   |",
        "kine": "| 18 | 9 |   JavaScript   |",
        "react-submittable": "| 18 | 4 |   JavaScript   |",
        "mapbox-gl-boundaries": "| 18 | 13 |   JavaScript   |",
        "mapbox-gl-shaders": "| 18 | 7 |   None   |",
        "mapbox-sdk-cs": "| 18 | 11 |   C#   |",
        "mapbox-base": "| 18 | 16 |   C++   |",
        "tableauGeocode": "| 18 | 7 |   Python   |",
        "unitbezier": "| 17 | 10 |   JavaScript   |",
        "glyph-pbf-composite": "| 17 | 11 |   JavaScript   |",
        "snuggs": "| 17 | 6 |   Python   |",
        "MBDrawingView.swift": "| 17 | 4 |   Swift   |",
        "remark-react-component": "| 17 | 3 |   JavaScript   |",
        "polysnap": "| 17 | 5 |   HTML   |",
        "mock-aws-sdk-js": "| 17 | 6 |   JavaScript   |",
        "gabbar": "| 17 | 7 |   Jupyter Notebook   |",
        "store-locator-ios": "| 17 | 14 |   Swift   |",
        "montilecarlo": "| 17 | 4 |   Python   |",
        "underreact": "| 17 | 4 |   JavaScript   |",
        "mapbox-common-ios": "| 17 | 6 |   Swift   |",
        "mapbox-search-android": "| 17 | 8 |   Kotlin   |",
        "mapbox-studio-winter-wonderland.tm2": "| 16 | 11 |   None   |",
        "shapefile-fairy": "| 16 | 6 |   JavaScript   |",
        "DEPRECATED-patrol-rules-aws": "| 16 | 7 |   JavaScript   |",
        "deprecated-hookshot": "| 16 | 2 |   JavaScript   |",
        "hypothesis-geojson": "| 16 | 11 |   Python   |",
        "github-release-tools": "| 16 | 7 |   JavaScript   |",
        "HecateJS": "| 16 | 5 |   JavaScript   |",
        "mapbox-gl-framerate": "| 16 | 6 |   JavaScript   |",
        "node-get": "| 15 | 11 |   JavaScript   |",
        "tilelive-s3": "| 15 | 24 |   JavaScript   |",
        "ambient-light": "| 15 | 3 |   Objective-C   |",
        "tile-generator": "| 15 | 4 |   JavaScript   |",
        "mapbox-assistant-example": "| 15 | 8 |   Java   |",
        "pxm-manifest-specification": "| 15 | 2 |   Python   |",
        "quickLaunch": "| 15 | 14 |   JavaScript   |",
        "node-eio": "| 14 | 9 |   C++   |",
        "geocode-many": "| 14 | 10 |   JavaScript   |",
        "wgs84": "| 14 | 5 |   JavaScript   |",
        "mapbox-studio-satellite-outdoors.tm2": "| 14 | 8 |   CartoCSS   |",
        "mapbox-file-sniff": "| 14 | 11 |   JavaScript   |",
        "geo-pixel-stream": "| 14 | 7 |   JavaScript   |",
        "swot-simple": "| 14 | 8 |   JavaScript   |",
        "polyclip": "| 14 | 3 |   HTML   |",
        "to-color": "| 14 | 3 |   JavaScript   |",
        "cooltip": "| 14 | 4 |   JavaScript   |",
        "sample-sizer": "| 14 | 6 |   JavaScript   |",
        "mapbox-gl-markers": "| 14 | 8 |   JavaScript   |",
        "mapbox-core-maps-ios": "| 14 | 4 |   Swift   |",
        "cloudwatch-librato": "| 13 | 3 |   JavaScript   |",
        "mapbox.js-plugins": "| 13 | 17 |   JavaScript   |",
        "tiletype": "| 13 | 7 |   JavaScript   |",
        "cwlogs": "| 13 | 7 |   JavaScript   |",
        "graph-normalizer": "| 13 | 9 |   JavaScript   |",
        "appropriate-images-react": "| 13 | 4 |   JavaScript   |",
        "mvt-cruncher": "| 13 | 5 |   C++   |",
        "search-playground": "| 13 | 4 |   JavaScript   |",
        "password-rules": "| 12 | 6 |   JavaScript   |",
        "mapbox-studio-outdoors.tm2": "| 12 | 13 |   CartoCSS   |",
        "raster-tile-query": "| 12 | 8 |   JavaScript   |",
        "preprocessorcerer": "| 12 | 8 |   JavaScript   |",
        "mapbox-gl-function": "| 12 | 7 |   None   |",
        "satellite-change-detect": "| 12 | 8 |   Python   |",
        "shelf-pack-cpp": "| 12 | 11 |   C++   |",
        "stream-features-from-file": "| 12 | 3 |   JavaScript   |",
        "cross-street-indexer": "| 12 | 6 |   JavaScript   |",
        "mapbox-navigation-hud-demo": "| 12 | 12 |   Java   |",
        "vtvalidate": "| 12 | 4 |   JavaScript   |",
        "eslint-config-mapbox": "| 12 | 3 |   JavaScript   |",
        "mapbox-vision-ar-android": "| 12 | 5 |   Kotlin   |",
        "mapbox-navigation-native-ios": "| 12 | 5 |   Swift   |",
        "d3-bucket-ui": "| 11 | 4 |   CSS   |",
        "npm-internal": "| 11 | 3 |   JavaScript   |",
        "gazetteer": "| 11 | 8 |   JavaScript   |",
        "feature-filter": "| 11 | 15 |   None   |",
        "mapbox-studio-woodcut.tm2": "| 11 | 9 |   CartoCSS   |",
        "MapboxTableViewDemo": "| 11 | 4 |   Swift   |",
        "mapbox-gl-whaam-style": "| 11 | 6 |   None   |",
        "xt": "| 11 | 4 |   Python   |",
        "DEPRECATED-dispatch": "| 11 | 7 |   JavaScript   |",
        "remark-lint-link-text": "| 11 | 2 |   JavaScript   |",
        "generate-geo-testing-data": "| 10 | 5 |   JavaScript   |",
        "carmen-cache": "| 10 | 11 |   C++   |",
        "canvas-dial": "| 10 | 3 |   JavaScript   |",
        "mapbox-studio-space-station.tm2": "| 10 | 8 |   None   |",
        "execcommand-copy": "| 10 | 3 |   JavaScript   |",
        "geojson-quirks": "| 10 | 5 |   Python   |",
        "js-number-to-string": "| 10 | 4 |   C++   |",
        "kml-split": "| 10 | 8 |   JavaScript   |",
        "eslint-plugin-script-tags": "| 10 | 13 |   JavaScript   |",
        "mapbox-tango-unity-demo": "| 10 | 4 |   C#   |",
        "scroll-restorer": "| 10 | 3 |   JavaScript   |",
        "mapbox-gl-draw-static-mode": "| 10 | 7 |   JavaScript   |",
        "stork": "| 10 | 4 |   JavaScript   |",
        "osmpbf-tutorial": "| 10 | 2 |   None   |",
        "fusspot": "| 10 | 6 |   JavaScript   |",
        "worldscale-ar": "| 10 | 4 |   Swift   |",
        "mapbox-annotation-extension": "| 10 | 16 |   Objective-C   |",
        "mapbox-base-android": "| 10 | 8 |   Kotlin   |",
        "docshot": "| 9 | 5 |   CSS   |",
        "SMCalloutView": "| 9 | 5 |   Objective-C   |",
        "owlviewer": "| 9 | 10 |   JavaScript   |",
        "deprecated-sqscmd": "| 9 | 6 |   JavaScript   |",
        "basic-queue": "| 9 | 5 |   JavaScript   |",
        "elasticache-auto-discovery": "| 9 | 7 |   JavaScript   |",
        "geojson-fixtures": "| 9 | 7 |   JavaScript   |",
        "geojsonvt.swift": "| 9 | 4 |   Swift   |",
        "node-wmshp": "| 9 | 5 |   JavaScript   |",
        "road-diff": "| 9 | 9 |   JavaScript   |",
        "guidance-replay": "| 9 | 5 |   JavaScript   |",
        "rio-alpha": "| 9 | 6 |   Python   |",
        "postcss-html-filter": "| 9 | 3 |   JavaScript   |",
        "svg-react-transformer-writer": "| 9 | 3 |   None   |",
        "cbers-tiler": "| 9 | 5 |   JavaScript   |",
        "consumer-workflow-solution": "| 9 | 4 |   TypeScript   |",
        "mapbox-search-ios": "| 9 | 17 |   Swift   |",
        "mapbox-adas-sdk": "| 9 | 2 |   None   |",
        "tilelive-file": "| 8 | 13 |   JavaScript   |",
        "ibooks-author-example": "| 8 | 6 |   None   |",
        "cwput": "| 8 | 9 |   Shell   |",
        "cfn-stack-event-stream": "| 8 | 4 |   JavaScript   |",
        "mapbox-studio-pencil.tm2": "| 8 | 19 |   CartoCSS   |",
        "colonel-mercator": "| 8 | 4 |   JavaScript   |",
        "tilelive-decorator": "| 8 | 5 |   JavaScript   |",
        "osm-building-shapes": "| 8 | 4 |   JavaScript   |",
        "guidance-geojson": "| 8 | 4 |   JavaScript   |",
        "decrypt-kms-env": "| 8 | 5 |   JavaScript   |",
        "wildfire-demo-public": "| 8 | 5 |   JavaScript   |",
        "ecs-info": "| 8 | 3 |   JavaScript   |",
        "cloudformation-kms": "| 8 | 4 |   JavaScript   |",
        "wikimama": "| 8 | 7 |   JavaScript   |",
        "mapbox-vision-ar-ios": "| 8 | 3 |   Swift   |",
        "couchdb2s3": "| 7 | 10 |   JavaScript   |",
        "safer-stringify": "| 7 | 4 |   JavaScript   |",
        "tilelive-redis": "| 7 | 8 |   JavaScript   |",
        "tilelive-omnivore": "| 7 | 11 |   JavaScript   |",
        "gdal-polygonize-test": "| 7 | 4 |   Shell   |",
        "s3scan": "| 7 | 4 |   JavaScript   |",
        "mdast-cross-reference": "| 7 | 3 |   JavaScript   |",
        "rio-merge-rgba": "| 7 | 6 |   Python   |",
        "deprecated-osm-comments": "| 7 | 5 |   JavaScript   |",
        "dawg-cache": "| 7 | 4 |   C++   |",
        "webgl-help": "| 7 | 5 |   JavaScript   |",
        "meta-mapbox": "| 7 | 6 |   None   |",
        "polyline-spectrum": "| 7 | 3 |   Python   |",
        "vtinfo": "| 7 | 6 |   C++   |",
        "mbgl-ci-images": "| 7 | 5 |   Shell   |",
        "mapbox-plugins-ios": "| 7 | 8 |   Objective-C   |",
        "pagerduty": "| 7 | 4 |   JavaScript   |",
        "svg-react-transformer-loader": "| 7 | 2 |   None   |",
        "content-tagging": "| 7 | 4 |   JavaScript   |",
        "StoreLocatorTemplate": "| 7 | 16 |   JavaScript   |",
        "superenv": "| 6 | 5 |   JavaScript   |",
        "github-file-browser": "| 6 | 7 |   JavaScript   |",
        "extent": "| 6 | 4 |   JavaScript   |",
        "mapbox-gl-test-suite": "| 6 | 13 |   None   |",
        "mapbox-studio-pirates.tm2": "| 6 | 6 |   CartoCSS   |",
        "locking": "| 6 | 4 |   JavaScript   |",
        "node-cpp11": "| 6 | 4 |   Shell   |",
        "mapbox-studio-mars-terrain.tm2": "| 6 | 3 |   CartoCSS   |",
        "node-unidecode-cxx": "| 6 | 7 |   C++   |",
        "cz-mapbox-changelog": "| 6 | 6 |   JavaScript   |",
        "cpp-bootstrap": "| 6 | 3 |   CMake   |",
        "osm-tiler": "| 6 | 6 |   C++   |",
        "makiwich": "| 6 | 7 |   JavaScript   |",
        "node-jamf": "| 6 | 6 |   JavaScript   |",
        "osm-analysis-dashboard": "| 6 | 4 |   JavaScript   |",
        "missed-issues": "| 6 | 4 |   JavaScript   |",
        "geojson-types": "| 6 | 2 |   JavaScript   |",
        "finder": "| 6 | 6 |   JavaScript   |",
        "elastisnap": "| 5 | 8 |   JavaScript   |",
        "MBDesignView": "| 5 | 4 |   Objective-C   |",
        "webhook-demux": "| 5 | 4 |   JavaScript   |",
        "mapbox-studio-wheatpaste.tm2": "| 5 | 11 |   CartoCSS   |",
        "mapbox-upload-validate": "| 5 | 7 |   JavaScript   |",
        "mapbox-studio-dark.tm2": "| 5 | 13 |   CartoCSS   |",
        "osm-edit-report-deprecated": "| 5 | 7 |   JavaScript   |",
        "trizilla": "| 5 | 3 |   JavaScript   |",
        "intro-to-mapbox": "| 5 | 7 |   HTML   |",
        "download-osm-data": "| 5 | 3 |   None   |",
        "osm-comments-parser": "| 5 | 6 |   JavaScript   |",
        "mapbeat": "| 5 | 3 |   JavaScript   |",
        "rio-polyencode": "| 5 | 4 |   Python   |",
        "sumo": "| 5 | 4 |   JavaScript   |",
        "triangle.net-uwp": "| 5 | 6 |   C#   |",
        "react-simple-surveyor": "| 5 | 5 |   JavaScript   |",
        "mapbox-gl-expressions": "| 5 | 2 |   JavaScript   |",
        "mason-js": "| 5 | 3 |   JavaScript   |",
        "path-gradients": "| 5 | 4 |   JavaScript   |",
        "curbside": "| 5 | 5 |   JavaScript   |",
        "mapbox-search-android-examples": "| 5 | 5 |   Kotlin   |",
        "data-exchange": "| 5 | 3 |   None   |",
        "s3life": "| 4 | 5 |   JavaScript   |",
        "static-map-preview": "| 4 | 4 |   JavaScript   |",
        "mapbox-press-assets": "| 4 | 5 |   None   |",
        "assert-http": "| 4 | 9 |   JavaScript   |",
        "tilelive-overlay": "| 4 | 13 |   JavaScript   |",
        "strxml": "| 4 | 9 |   JavaScript   |",
        "font-scope": "| 4 | 5 |   JavaScript   |",
        "mapbox.js-bower": "| 4 | 12 |   JavaScript   |",
        "mapbox-studio-run-bike-and-hike.tm2": "| 4 | 7 |   CartoCSS   |",
        "mapbox-studio-light.tm2": "| 4 | 9 |   CartoCSS   |",
        "vtfx": "| 4 | 4 |   JavaScript   |",
        "station-finder-ios": "| 4 | 11 |   Objective-C   |",
        "s3signed": "| 4 | 5 |   JavaScript   |",
        "bundle-node-app": "| 4 | 4 |   Shell   |",
        "node-wmtiff": "| 4 | 5 |   JavaScript   |",
        "node-mapnik-bench": "| 4 | 3 |   JavaScript   |",
        "mapbox-studio-mars-satellite.tm2": "| 4 | 3 |   CartoCSS   |",
        "mapbox-data-cli": "| 4 | 4 |   JavaScript   |",
        "detect-geocsv": "| 4 | 3 |   JavaScript   |",
        "model-un": "| 4 | 4 |   JavaScript   |",
        "eslint-config-unstyled": "| 4 | 4 |   JavaScript   |",
        "earcut-reduce": "| 4 | 5 |   JavaScript   |",
        "glyph-inspect": "| 4 | 4 |   JavaScript   |",
        "mr-mvt": "| 4 | 4 |   C++   |",
        "traffic-signals": "| 4 | 3 |   JavaScript   |",
        "code-spell-check": "| 4 | 4 |   JavaScript   |",
        "vnu-validate-html": "| 4 | 2 |   JavaScript   |",
        "appropriate-images-get-url": "| 4 | 3 |   JavaScript   |",
        "mapbox-voice-runtime-demo": "| 4 | 6 |   Java   |",
        "react-map-gl": "| 4 | 2 |   JavaScript   |",
        "dagster": "| 4 | 2 |   Python   |",
        "quilt": "| 4 | 2 |   JavaScript   |",
        "search-ios-examples": "| 4 | 3 |   Swift   |",
        "osm-jalisco": "| 3 | 4 |   Python   |",
        "mapbox-studio-default-style.tm2": "| 3 | 4 |   CartoCSS   |",
        "commonsec": "| 3 | 5 |   Shell   |",
        "osb14": "| 3 | 4 |   None   |",
        "mapbox-studio-looseleaf.tm2": "| 3 | 5 |   JavaScript   |",
        "s3pay": "| 3 | 4 |   JavaScript   |",
        "mapbox-studio-streets.tm2": "| 3 | 8 |   CartoCSS   |",
        "node-happytiff": "| 3 | 4 |   JavaScript   |",
        "geojson-segment": "| 3 | 4 |   JavaScript   |",
        "dynamodb-throughput": "| 3 | 3 |   JavaScript   |",
        "sample-apps-ios-swift": "| 3 | 2 |   Swift   |",
        "deprecated-osm-query": "| 3 | 3 |   JavaScript   |",
        "tile-blobber": "| 3 | 3 |   JavaScript   |",
        "dynamodb-touch": "| 3 | 2 |   JavaScript   |",
        "osm-fetch": "| 3 | 6 |   JavaScript   |",
        "ec2mnt": "| 3 | 3 |   Shell   |",
        "tmpfs-mmap-zero-copy": "| 3 | 4 |   C++   |",
        "eslint-add": "| 3 | 3 |   JavaScript   |",
        "DEPRECATED-aws-cfn-signalresource": "| 3 | 2 |   Shell   |",
        "osmcha": "| 3 | 5 |   Python   |",
        "vtile-encode-example-cpp": "| 3 | 4 |   C++   |",
        "node-lru-pool": "| 3 | 7 |   JavaScript   |",
        "modejs": "| 3 | 3 |   JavaScript   |",
        "mapbox-data-team": "| 3 | 3 |   JavaScript   |",
        "mbtiles-cutout": "| 3 | 5 |   JavaScript   |",
        "tile-stats-runner": "| 3 | 2 |   JavaScript   |",
        "send-dataset": "| 3 | 4 |   JavaScript   |",
        "docker-josm-linux": "| 3 | 2 |   None   |",
        "wikidata-changes-stream": "| 3 | 3 |   JavaScript   |",
        "eslint-plugin-react-filenames": "| 3 | 4 |   JavaScript   |",
        "scriptsniff": "| 3 | 2 |   JavaScript   |",
        "osm-edit-report": "| 3 | 4 |   JavaScript   |",
        "magic-cfn-resources": "| 3 | 5 |   JavaScript   |",
        "navigation-ui-resources": "| 3 | 5 |   None   |",
        "DEPRECATED-patrol-rules-guardduty": "| 3 | 3 |   JavaScript   |",
        "tileset-thumb": "| 3 | 1 |   JavaScript   |",
        "amnesty": "| 3 | 1 |   HTML   |",
        "roadtracer": "| 3 | 1 |   Python   |",
        "stickler": "| 3 | 1 |   JavaScript   |",
        "kepler.gl": "| 3 | 2 |   Jupyter Notebook   |",
        "mapbox-YOLP": "| 3 | 2 |   None   |",
        "microsoft-streetside-detections": "| 3 | 2 |   None   |",
        "mapbox-w3w-solution": "| 3 | 2 |   Kotlin   |",
        "advancecomp": "| 2 | 4 |   C++   |",
        "deprecated-connect-s3store": "| 2 | 6 |   JavaScript   |",
        "frameup": "| 2 | 3 |   None   |",
        "henry": "| 2 | 3 |   JavaScript   |",
        "deprecated-ec2mux": "| 2 | 3 |   Shell   |",
        "compare": "| 2 | 3 |   JavaScript   |",
        "show-me-the-way": "| 2 | 5 |   JavaScript   |",
        "tilelive-memcached": "| 2 | 4 |   JavaScript   |",
        "log-reader": "| 2 | 5 |   JavaScript   |",
        "detect-json-indent": "| 2 | 3 |   JavaScript   |",
        "pagerduty-incidents": "| 2 | 5 |   JavaScript   |",
        "dynamodb-down": "| 2 | 4 |   JavaScript   |",
        "tilelive-cardboard": "| 2 | 4 |   JavaScript   |",
        "mapbox-studio-comic.tm2": "| 2 | 6 |   CartoCSS   |",
        "mapbox-studio-high-contrast.tm2": "| 2 | 3 |   CartoCSS   |",
        "mapbox-studio-14th-street.tm2": "| 2 | 3 |   None   |",
        "s3prefixed": "| 2 | 3 |   JavaScript   |",
        "OfflineCalc": "| 2 | 3 |   Objective-C   |",
        "mapnik-swoop": "| 2 | 6 |   JavaScript   |",
        "uv_zip": "| 2 | 6 |   C++   |",
        "github-status-everywhere": "| 2 | 2 |   JavaScript   |",
        "mapbox-studio-streets-overlay.tm2": "| 2 | 4 |   CartoCSS   |",
        "mapbox-upload-limits": "| 2 | 4 |   JavaScript   |",
        "gender-map": "| 2 | 3 |   JavaScript   |",
        "tilelive-multicache": "| 2 | 3 |   JavaScript   |",
        "tile-reduce-diff": "| 2 | 4 |   JavaScript   |",
        "osm-mend": "| 2 | 4 |   JavaScript   |",
        "SCSafariPageController": "| 2 | 2 |   Objective-C   |",
        "DEPRECATED-patrol-rules-github": "| 2 | 6 |   JavaScript   |",
        "gowhereisay": "| 2 | 7 |   Java   |",
        "fio-area": "| 2 | 2 |   Python   |",
        "speed-percentile": "| 2 | 5 |   Jupyter Notebook   |",
        "stats-online": "| 2 | 4 |   JavaScript   |",
        "sotmus16-workshop": "| 2 | 2 |   HTML   |",
        "deprecated-stacker-of-worlds": "| 2 | 2 |   JavaScript   |",
        "ViewAnnotationDemoiOS": "| 2 | 4 |   Swift   |",
        "cardboard-geospatial-queries": "| 2 | 4 |   JavaScript   |",
        "mapbox-gl-js-toys": "| 2 | 4 |   JavaScript   |",
        "cardboard-hammer": "| 2 | 2 |   JavaScript   |",
        "streetcar": "| 2 | 3 |   JavaScript   |",
        "osrm-tag-rewriter": "| 2 | 4 |   C++   |",
        "tilelive-pixelmatch": "| 2 | 3 |   JavaScript   |",
        "osm-adiff-parser": "| 2 | 4 |   JavaScript   |",
        "real-changesets-parser": "| 2 | 4 |   JavaScript   |",
        "Mapbox.IO.Compression-unity": "| 2 | 5 |   C#   |",
        "github-stats-collector": "| 2 | 4 |   JavaScript   |",
        "gaussian-mixture": "| 2 | 2 |   JavaScript   |",
        "osm-wayback": "| 2 | 2 |   C++   |",
        "mapbox-geography-quiz-demo": "| 2 | 5 |   Kotlin   |",
        "mbtiles-geostats": "| 2 | 3 |   Shell   |",
        "instrumentile-gl": "| 2 | 1 |   JavaScript   |",
        "NICAR18": "| 2 | 1 |   None   |",
        "jsonlint": "| 2 | 10 |   JavaScript   |",
        "hast-util-table-cell-style": "| 2 | 7 |   JavaScript   |",
        "Optional": "| 2 | 4 |   C++   |",
        "svg-tools": "| 2 | 2 |   C++   |",
        "kramer": "| 2 | 2 |   JavaScript   |",
        "sandy": "| 1 | 6 |   JavaScript   |",
        "nyc-sandy": "| 1 | 4 |   JavaScript   |",
        "geojsonio-extension": "| 1 | 4 |   JavaScript   |",
        "qs-hash": "| 1 | 5 |   JavaScript   |",
        "takeout": "| 1 | 3 |   Objective-C   |",
        "gist-map-browser": "| 1 | 4 |   JavaScript   |",
        "pre-gyp-find": "| 1 | 4 |   JavaScript   |",
        "mapnik-test-data": "| 1 | 7 |   HTML   |",
        "atom-shell": "| 1 | 6 |   None   |",
        "travis-coredump": "| 1 | 2 |   Shell   |",
        "node": "| 1 | 5 |   None   |",
        "s3print": "| 1 | 3 |   JavaScript   |",
        "mapbox-error": "| 1 | 5 |   JavaScript   |",
        "mapbox-grid-copy": "| 1 | 4 |   JavaScript   |",
        "mapbox-studio-streets-basic.tm2": "| 1 | 9 |   CartoCSS   |",
        "node-bytetiff": "| 1 | 4 |   JavaScript   |",
        "mapbox-events": "| 1 | 4 |   JavaScript   |",
        "gyp": "| 1 | 3 |   Python   |",
        "gridmonger": "| 1 | 2 |   JavaScript   |",
        "bboxify-labels": "| 1 | 3 |   JavaScript   |",
        "jsonlint-check": "| 1 | 3 |   JavaScript   |",
        "mapbox-events-ios-DEPRECATED": "| 1 | 3 |   Objective-C   |",
        "A-binary-parser-generator": "| 1 | 2 |   JavaScript   |",
        "SwiftyJSON": "| 1 | 3 |   Swift   |",
        "homebrew": "| 1 | 2 |   Ruby   |",
        "fuzzy": "| 1 | 2 |   JavaScript   |",
        "rio-interpolate": "| 1 | 3 |   Python   |",
        "nodata": "| 1 | 3 |   Python   |",
        "travel-to-calendar": "| 1 | 3 |   JavaScript   |",
        "thumbnail-stream": "| 1 | 3 |   JavaScript   |",
        "mapbox-ios-playground": "| 1 | 2 |   Objective-C   |",
        "homebrew-cli": "| 1 | 4 |   Ruby   |",
        "vector-tile-encoding-interactive": "| 1 | 2 |   JavaScript   |",
        "tile-scrape": "| 1 | 4 |   JavaScript   |",
        "price-pigeon": "| 1 | 2 |   JavaScript   |",
        "cpp-cli-skel": "| 1 | 3 |   Makefile   |",
        "la-split-buildings": "| 1 | 4 |   JavaScript   |",
        "elb-metrics": "| 1 | 3 |   JavaScript   |",
        "ecs-telephone": "| 1 | 5 |   JavaScript   |",
        "watchbot-progress": "| 1 | 5 |   JavaScript   |",
        "cardboard-list": "| 1 | 3 |   JavaScript   |",
        "mapbox-things": "| 1 | 3 |   Java   |",
        "unicode-range-json": "| 1 | 3 |   JavaScript   |",
        "osm-adiff-parser-saxjs": "| 1 | 4 |   JavaScript   |",
        "Mapbox.Json-unity": "| 1 | 4 |   C#   |",
        "swiftshader": "| 1 | 3 |   C++   |",
        "watchbot-progress-py": "| 1 | 3 |   Python   |",
        "babel-plugin-transform-jsxtreme-markdown": "| 1 | 2 |   None   |",
        "cwevents-playground": "| 1 | 2 |   JavaScript   |",
        "enterprise-boundary-examples": "| 1 | 4 |   JavaScript   |",
        "to-fix-validate": "| 1 | 3 |   JavaScript   |",
        "mapbox-live-mobile": "| 1 | 1 |   Objective-C   |",
        "eslint-config-geocoding": "| 1 | 2 |   JavaScript   |",
        "djinni": "| 1 | 1 |   C++   |",
        "cloudformation-step-function-buddy": "| 1 | 1 |   JavaScript   |",
        "parse-mapbox-token": "| 1 | 2 |   JavaScript   |",
        "duplicate-module-test": "| 1 | 2 |   JavaScript   |",
        "react-test-kitchen": "| 1 | 2 |   JavaScript   |",
        "babel-preset-mapbox": "| 1 | 1 |   None   |",
        "mapbox-gl-native-boost": "| 1 | 14 |   C++   |",
        "shape2path": "| 1 | 1 |   JavaScript   |",
        "dynamodb-test": "| 1 | 2 |   JavaScript   |",
        "python-cpp-skel": "| 1 | 1 |   Python   |",
        "jazzy-theme": "| 1 | 8 |   JavaScript   |",
        "apidiff": "| 1 | 3 |   Swift   |",
        "mapbox-icu": "| 1 | 2 |   C++   |",
        "mbgl-fixtures": "| 1 | 2 |   None   |",
        "meetup_interactive_mapping_demo": "| 1 | 2 |   JavaScript   |",
        "tabAtlas": "| 1 | 2 |   JavaScript   |",
        "Leaflet": "| 1 | 2 |   JavaScript   |",
        "prettier-config-docs": "| 1 | 2 |   Shell   |",
        "movement-public-tools": "| 1 | 2 |   Jupyter Notebook   |",
        "deprecated-hiera-s3": "| 0 | 3 |   Ruby   |",
        "Sparkle": "| 0 | 2 |   Objective-C   |",
        "notes": "| 0 | 4 |   JavaScript   |",
        "changewithin": "| 0 | 5 |   Python   |",
        "node-morton": "| 0 | 3 |   JavaScript   |",
        "pre-gyp-versioning": "| 0 | 3 |   JavaScript   |",
        "mapbox-studio-default-source.tm2": "| 0 | 2 |   None   |",
        "mapbox-studio-satellite-afternoon.tm2": "| 0 | 3 |   CartoCSS   |",
        "cover-bench": "| 0 | 3 |   JavaScript   |",
        "bbox-intersect": "| 0 | 3 |   None   |",
        "static-map-string-format": "| 0 | 5 |   JavaScript   |",
        "protocol-buffers": "| 0 | 3 |   None   |",
        "homebrew-custom": "| 0 | 2 |   Ruby   |",
        "node-webworker-threads": "| 0 | 3 |   C++   |",
        "dynalite": "| 0 | 2 |   JavaScript   |",
        "windowsign": "| 0 | 4 |   Shell   |",
        "s3head": "| 0 | 3 |   JavaScript   |",
        "serial-zilla": "| 0 | 2 |   None   |",
        "nodejs-kinesis-client-library": "| 0 | 3 |   JavaScript   |",
        "retire.js": "| 0 | 3 |   Groff   |",
        "luabind": "| 0 | 4 |   C++   |",
        "versioning-node-cpp": "| 0 | 2 |   None   |",
        "travis-ios-test": "| 0 | 4 |   Objective-C   |",
        "tile-stat-backfill": "| 0 | 3 |   JavaScript   |",
        "mock-aws-s3": "| 0 | 3 |   JavaScript   |",
        "segmentio-insert": "| 0 | 4 |   JavaScript   |",
        "crosstool-configs": "| 0 | 4 |   Shell   |",
        "google-client-wrapper": "| 0 | 3 |   JavaScript   |",
        "ec2ppuku": "| 0 | 2 |   Shell   |",
        "raster-tester": "| 0 | 1 |   Python   |",
        "osrm-frontend-v2": "| 0 | 5 |   JavaScript   |",
        "fs-sharded-cache": "| 0 | 3 |   JavaScript   |",
        "rio-random": "| 0 | 3 |   None   |",
        "s3hatchet": "| 0 | 2 |   Python   |",
        "deprecated-tile-reduce-vandalism": "| 0 | 3 |   JavaScript   |",
        "rio-block-features": "| 0 | 3 |   Python   |",
        "osm-meta-util": "| 0 | 3 |   JavaScript   |",
        "magic-tape": "| 0 | 3 |   JavaScript   |",
        "octokit.swift": "| 0 | 4 |   Swift   |",
        "ec2bt": "| 0 | 2 |   Shell   |",
        "bundle-fairy": "| 0 | 5 |   JavaScript   |",
        "node-require-once": "| 0 | 3 |   JavaScript   |",
        "homebrew-ios-sim-3": "| 0 | 2 |   Ruby   |",
        "know-the-globe": "| 0 | 2 |   JavaScript   |",
        "taginfo-validate": "| 0 | 2 |   C++   |",
        "ecs-conex-test": "| 0 | 3 |   Dockerfile   |",
        "node-cmake": "| 0 | 3 |   CMake   |",
        "check-redundant-turn-restrictions": "| 0 | 3 |   C++   |",
        "keychain-swift": "| 0 | 2 |   Swift   |",
        "datasets-api-gateway": "| 0 | 6 |   JavaScript   |",
        "josm-tofix-plugin": "| 0 | 2 |   Java   |",
        "rapidjson": "| 0 | 3 |   C++   |",
        "node-cpp-snafu": "| 0 | 2 |   JavaScript   |",
        "homebrew-core": "| 0 | 1 |   Ruby   |",
        "bubleify": "| 0 | 3 |   JavaScript   |",
        "mvt-bench-fixtures": "| 0 | 4 |   None   |",
        "cardboard-metadata": "| 0 | 3 |   JavaScript   |",
        "cardboard-upgrade": "| 0 | 4 |   JavaScript   |",
        "crosstab": "| 0 | 2 |   JavaScript   |",
        "travis-glx-test": "| 0 | 2 |   None   |",
        "glfw": "| 0 | 3 |   C   |",
        "check-file-dependencies": "| 0 | 5 |   JavaScript   |",
        "webpack-unpacking": "| 0 | 4 |   JavaScript   |",
        "dynalite-tape": "| 0 | 2 |   JavaScript   |",
        "langid.js": "| 0 | 1 |   JavaScript   |",
        "selenium-helpers": "| 0 | 2 |   JavaScript   |",
        "ci-scripts": "| 0 | 2 |   Batchfile   |",
        "jsxtreme-markdown-loader": "| 0 | 2 |   None   |",
        "rehype-highlight-code-block": "| 0 | 3 |   JavaScript   |",
        "s3cmd": "| 0 | 1 |   Python   |",
        "resistbotmap": "| 0 | 3 |   JavaScript   |",
        "josm-plugins": "| 0 | 2 |   Java   |",
        "link-to-location": "| 0 | 3 |   JavaScript   |",
        "title-case": "| 0 | 2 |   JavaScript   |",
        "query-selector-contains-node": "| 0 | 3 |   JavaScript   |",
        "overpass-mirror": "| 0 | 2 |   Shell   |",
        "es6-native-map": "| 0 | 2 |   C++   |",
        "node-native-set": "| 0 | 2 |   C++   |",
        "locale-utils": "| 0 | 2 |   JavaScript   |",
        "node-geolite2": "| 0 | 1 |   JavaScript   |",
        "planet-stream": "| 0 | 1 |   Go   |",
        "rollup": "| 0 | 0 |   JavaScript   |",
        "flow-remove-types": "| 0 | 2 |   JavaScript   |",
        "maxmind-geolite-mirror": "| 0 | 1 |   JavaScript   |",
        "api-directions-sat": "| 0 | 1 |   None   |",
        "parsimmon": "| 0 | 1 |   JavaScript   |",
        "csc-explorer": "| 0 | 1 |   JavaScript   |",
        "CTFd": "| 0 | 0 |   Python   |",
        "deprecated-geoclassifier": "| 0 | 1 |   None   |",
        "tgd-header-lib": "| 0 | 2 |   C++   |",
        "MapboxMicromobilityApp-android": "| 0 | 1 |   None   |",
        "narratives-training": "| 0 | 3 |   Python   |",
        "slack-command-rafa": "| 0 | 0 |   None   |",
        "postcss-concatenator": "| 0 | 1 |   None   |",
        "stickler-vscode": "| 0 | 1 |   TypeScript   |",
        "pod-specs": "| 0 | 3 |   Ruby   |",
        "mapbox-android": "| 0 | 1 |   None   |",
        "elfakyn-bfg-test": "| 0 | 1 |   None   |",
        "mapbox-vision-website": "| 0 | 3 |   HTML   |",
        "FOIA-Processing": "| 0 | 1 |   Shell   |",
        "callback-timeout-fork": "| 0 | 1 |   JavaScript   |",
        "callback-timeout": "| 0 | 2 |   JavaScript   |",
        "print-map-public": "| 0 | 1 |   JavaScript   |",
        "maptime-mobile-workshop": "| 0 | 4 |   Objective-C   |",
        "minard-map": "| 0 | 2 |   JavaScript   |",
        "green-cost-explorer": "| 0 | 2 |   JavaScript   |",
        "atlas-drc-workshop": "| 0 | 4 |   None   |",
        "android-sdk-versions-plugin": "| 0 | 6 |   Groovy   |",
        "50-states-project-map": "| 0 | 2 |   None   |",
        "mapbox-gl-native-curl": "| 0 | 6 |   C   |",
        "yolp-mapbox-static-maps": "| 0 | 2 |   TypeScript   |",
        "mapbox-accounts-ios": "| 0 | 2 |   Swift   |",
        "mapbox-japan": "| 0 | 1 |   None   |",
        "orchestration-public-playground": "| 0 | 1 |   None   |",
        "auto-value-gson": "| 0 | 2 |   Java   |"
    }
}