{
    "company": "Markforged",
    "h-index": 2,
    "repo count": 26,
    "contributor count": 1887,
    "size": "todo",
    "employee count": "todo",
    "country": "United States of America",
    "top language": "JavaScript",
    "repos": {
        "GOMP": "| 208 | 6 |   Python   |",
        "nps": "| 5 | 0 |   JavaScript   |",
        "harp": "| 0 | 0 |   JavaScript   |",
        "armhf-node-webkit": "| 0 | 0 |   None   |",
        "grunt-coffeelint": "| 0 | 0 |   JavaScript   |",
        "coffeelint-no-implicit-returns": "| 0 | 0 |   CoffeeScript   |",
        "sequelize-handlers": "| 0 | 0 |   JavaScript   |",
        "jade-ngtemplates-brunch": "| 0 | 0 |   CoffeeScript   |",
        "webdriverio": "| 0 | 0 |   JavaScript   |",
        "bookshelf": "| 0 | 0 |   JavaScript   |",
        "electron-store": "| 0 | 0 |   JavaScript   |",
        "sqlstring": "| 0 | 0 |   JavaScript   |",
        "node-samlp": "| 0 | 0 |   None   |",
        "pino-pretty": "| 0 | 0 |   JavaScript   |",
        "coffeelint-brunch": "| 0 | 0 |   None   |",
        "grunt-s3": "| 0 | 0 |   None   |",
        "coffeelint-always-use-strict": "| 0 | 0 |   None   |",
        "react2angular": "| 0 | 0 |   None   |",
        "prettier": "| 0 | 0 |   None   |",
        "mocha": "| 0 | 0 |   JavaScript   |",
        "values_1-hackathon": "| 0 | 0 |   Ruby   |",
        "robust-laplacians-py": "| 0 | 0 |   C++   |",
        "three.js": "| 0 | 0 |   JavaScript   |",
        "eslint-plugin-jasmine-fork": "| 0 | 0 |   JavaScript   |",
        "saml-idp": "| 0 | 0 |   JavaScript   |",
        "js-beautify": "| 0 | 0 |   None   |"
    }
}