{
    "company": "marmelab",
    "h-index": 43,
    "repo count": 260,
    "contributor count": 1278,
    "size": "todo",
    "employee count": "todo",
    "country": "France",
    "top language": "JavaScript",
    "repos": {
        "react-admin": "| 22099 | 4900 |   TypeScript   |",
        "gremlins.js": "| 8946 | 497 |   JavaScript   |",
        "ng-admin": "| 3968 | 744 |   JavaScript   |",
        "awesome-rest": "| 3358 | 402 |   None   |",
        "json-graphql-server": "| 1850 | 181 |   JavaScript   |",
        "universal.css": "| 1259 | 39 |   CSS   |",
        "EventDrops": "| 1226 | 250 |   JavaScript   |",
        "restful.js": "| 971 | 83 |   JavaScript   |",
        "gaudi": "| 568 | 30 |   Go   |",
        "ng-admin-react": "| 543 | 66 |   JavaScript   |",
        "admin-on-rest": "| 401 | 123 |   JavaScript   |",
        "FakeRest": "| 400 | 46 |   JavaScript   |",
        "admin-on-rest-demo": "| 329 | 177 |   JavaScript   |",
        "ng-admin-demo": "| 304 | 181 |   JavaScript   |",
        "sedy": "| 263 | 26 |   JavaScript   |",
        "javascript-boilerplate": "| 254 | 54 |   JavaScript   |",
        "ArchitectureTree": "| 217 | 85 |   JavaScript   |",
        "comfygure": "| 192 | 5 |   JavaScript   |",
        "microrest.php": "| 187 | 24 |   PHP   |",
        "graphql-schema-from-json": "| 182 | 23 |   JavaScript   |",
        "greenframe-cli": "| 165 | 5 |   TypeScript   |",
        "tree.js": "| 145 | 25 |   JavaScript   |",
        "ng-admin-postgrest": "| 110 | 16 |   JavaScript   |",
        "phpcr-browser": "| 103 | 12 |   CSS   |",
        "sketch-by-phone": "| 99 | 36 |   JavaScript   |",
        "ArcheoloGit": "| 95 | 9 |   JavaScript   |",
        "ra-supabase": "| 94 | 14 |   TypeScript   |",
        "phpunit-d3-report": "| 92 | 16 |   JavaScript   |",
        "GraphQL-example": "| 87 | 52 |   JavaScript   |",
        "make-docker-command": "| 82 | 18 |   Makefile   |",
        "aor-graphql": "| 82 | 15 |   JavaScript   |",
        "NgAdminGeneratorBundle": "| 75 | 12 |   PHP   |",
        "react-admin-demo": "| 67 | 40 |   None   |",
        "ra-auth-acl": "| 63 | 6 |   TypeScript   |",
        "aor-dependent-input": "| 60 | 12 |   JavaScript   |",
        "argos": "| 58 | 8 |   None   |",
        "Raphael.InlineTextEditing": "| 54 | 24 |   JavaScript   |",
        "react-md-motion": "| 54 | 9 |   JavaScript   |",
        "aor-simple-graphql-client": "| 48 | 9 |   JavaScript   |",
        "ra-example-oauth": "| 46 | 16 |   JavaScript   |",
        "ZeroDollarHomePage": "| 45 | 8 |   JavaScript   |",
        "SonataElasticaBundle": "| 43 | 12 |   PHP   |",
        "react-admin-crm": "| 43 | 18 |   HTML   |",
        "aor-permissions": "| 42 | 3 |   JavaScript   |",
        "ra-in-memory-jwt": "| 39 | 18 |   JavaScript   |",
        "koa-multifetch": "| 36 | 1 |   JavaScript   |",
        "gollabedit": "| 33 | 11 |   Go   |",
        "admin-config": "| 32 | 54 |   JavaScript   |",
        "admin-on-rest-graphql-demo": "| 29 | 3 |   JavaScript   |",
        "ocaml-invader": "| 29 | 3 |   OCaml   |",
        "ra-data-google-sheets": "| 27 | 5 |   JavaScript   |",
        "ra-datagrid": "| 27 | 2 |   TypeScript   |",
        "MobileInsight": "| 25 | 11 |   JavaScript   |",
        "battery-friendly-timer": "| 25 | 2 |   JavaScript   |",
        "yolo": "| 24 | 0 |   JavaScript   |",
        "chrome-bug-report-wizard": "| 23 | 5 |   JavaScript   |",
        "aor-rich-text-input": "| 23 | 26 |   CSS   |",
        "timeline-react-admin": "| 23 | 13 |   JavaScript   |",
        "strapi-beerdex": "| 23 | 13 |   JavaScript   |",
        "argos-cli": "| 19 | 4 |   None   |",
        "react-admin-helpdesk": "| 17 | 6 |   TypeScript   |",
        "reactive-beers": "| 16 | 6 |   JavaScript   |",
        "svelte-sse-chat": "| 16 | 10 |   Svelte   |",
        "uptime": "| 15 | 4 |   JavaScript   |",
        "aor-realtime": "| 15 | 3 |   JavaScript   |",
        "MobileAudience": "| 13 | 3 |   JavaScript   |",
        "reversi-reason": "| 13 | 2 |   OCaml   |",
        "virothello": "| 13 | 9 |   JavaScript   |",
        "docker-parallel-phpunit-demo": "| 12 | 2 |   PHP   |",
        "ng-tree": "| 12 | 4 |   JavaScript   |",
        "coPostgresQuery": "| 12 | 2 |   JavaScript   |",
        "Posters_Galore_Android": "| 12 | 3 |   JavaScript   |",
        "skelt": "| 12 | 0 |   JavaScript   |",
        "ra-enterprise-demo": "| 12 | 23 |   TypeScript   |",
        "phpcr-api": "| 11 | 2 |   PHP   |",
        "redux-form-inspector": "| 11 | 1 |   JavaScript   |",
        "svg_to_png": "| 11 | 2 |   JavaScript   |",
        "docker-compass": "| 10 | 8 |   Dockerfile   |",
        "dobble": "| 10 | 0 |   JavaScript   |",
        "ra-sqlite-dataprovider": "| 10 | 3 |   JavaScript   |",
        "treedu": "| 9 | 1 |   JavaScript   |",
        "silex-multifetch": "| 9 | 2 |   PHP   |",
        "aor-json-rest-client": "| 9 | 4 |   JavaScript   |",
        "gql-profiler": "| 9 | 0 |   JavaScript   |",
        "liMonade": "| 9 | 1 |   TypeScript   |",
        "dedale": "| 9 | 5 |   JavaScript   |",
        "checkoid": "| 9 | 0 |   TypeScript   |",
        "Asteroids.js": "| 8 | 2 |   JavaScript   |",
        "docker-composer-hhvm": "| 8 | 4 |   None   |",
        "docker-bower": "| 8 | 3 |   Dockerfile   |",
        "solid-admin": "| 8 | 2 |   TypeScript   |",
        "next-react-admin": "| 8 | 6 |   None   |",
        "configurable.js": "| 7 | 1 |   JavaScript   |",
        "puppeteer-accessibility": "| 7 | 3 |   JavaScript   |",
        "web-myna": "| 7 | 1 |   JavaScript   |",
        "ra-richtext-tiptap": "| 7 | 0 |   TypeScript   |",
        "phpcr-api-silex-provider": "| 6 | 3 |   PHP   |",
        "sg": "| 6 | 2 |   JavaScript   |",
        "selenium-smart-wait": "| 6 | 0 |   JavaScript   |",
        "laurel": "| 6 | 0 |   Crystal   |",
        "marriage-algorithms": "| 6 | 2 |   TypeScript   |",
        "argos-realworld": "| 6 | 2 |   JavaScript   |",
        "ninja-coder": "| 6 | 2 |   JavaScript   |",
        "lorrainjs": "| 6 | 0 |   TypeScript   |",
        "ra-keycloak": "| 6 | 2 |   TypeScript   |",
        "dobble-php": "| 5 | 1 |   PHP   |",
        "koa-ratelimiter": "| 5 | 1 |   JavaScript   |",
        "connect-four-tensorflow": "| 5 | 6 |   Python   |",
        "aor-language-french": "| 5 | 12 |   JavaScript   |",
        "https-on-dev": "| 5 | 2 |   None   |",
        "stretch-discord": "| 5 | 0 |   JavaScript   |",
        "AngularedMap": "| 4 | 0 |   JavaScript   |",
        "gaudi.io": "| 4 | 3 |   None   |",
        "open-garduino": "| 4 | 2 |   JavaScript   |",
        "reversi.py": "| 4 | 1 |   Python   |",
        "tobaccobot": "| 4 | 3 |   JavaScript   |",
        "polyglot-po": "| 4 | 0 |   JavaScript   |",
        "mml": "| 4 | 1 |   TypeScript   |",
        "greenframe-action": "| 4 | 2 |   JavaScript   |",
        "ra-auth-cognito": "| 4 | 1 |   TypeScript   |",
        "yeoman-include": "| 3 | 1 |   JavaScript   |",
        "snake_solver_one": "| 3 | 0 |   Python   |",
        "reversi-react": "| 3 | 0 |   JavaScript   |",
        "15-puzzle-cli": "| 3 | 1 |   Python   |",
        "react-slider-poll": "| 3 | 2 |   JavaScript   |",
        "eydia": "| 3 | 0 |   JavaScript   |",
        "foss-starter-kit": "| 3 | 1 |   Makefile   |",
        "lighthouse-ci": "| 3 | 0 |   JavaScript   |",
        "foss-github-status": "| 3 | 2 |   None   |",
        "sylo": "| 3 | 1 |   JavaScript   |",
        "foss-github-tracker": "| 3 | 2 |   JavaScript   |",
        "pentago-python": "| 3 | 2 |   Python   |",
        "ra-strapi-demo": "| 3 | 2 |   JavaScript   |",
        "gif-to-webm": "| 3 | 1 |   TypeScript   |",
        "wishcard": "| 2 | 1 |   JavaScript   |",
        "SonataRestAdminBundle": "| 2 | 1 |   PHP   |",
        "genetic.js": "| 2 | 0 |   JavaScript   |",
        "gotree": "| 2 | 0 |   Go   |",
        "gosay": "| 2 | 1 |   Go   |",
        "StarLiner": "| 2 | 0 |   JavaScript   |",
        "node-ratelimiter": "| 2 | 0 |   JavaScript   |",
        "handless-pong": "| 2 | 0 |   JavaScript   |",
        "15-puzzle-web": "| 2 | 0 |   PHP   |",
        "react-tick-slider": "| 2 | 0 |   JavaScript   |",
        "postgres-queries": "| 2 | 2 |   TypeScript   |",
        "eratosthenes": "| 2 | 0 |   HTML   |",
        "quixo-symfony": "| 2 | 0 |   PHP   |",
        "posters-ra-tutorial": "| 2 | 0 |   JavaScript   |",
        "mongo-serverless-s3-rolling-backup": "| 2 | 0 |   JavaScript   |",
        "integration-test-rest-api": "| 2 | 1 |   JavaScript   |",
        "double-list-react-admin": "| 2 | 0 |   JavaScript   |",
        "ra-data-server": "| 2 | 1 |   TypeScript   |",
        "kuba-mobile": "| 2 | 1 |   TypeScript   |",
        "data-generator-helpdesk": "| 2 | 0 |   JavaScript   |",
        "plokering": "| 2 | 0 |   JavaScript   |",
        "FollowerGraph": "| 1 | 1 |   JavaScript   |",
        "DrawAMaze": "| 1 | 0 |   JavaScript   |",
        "SchemaFactory": "| 1 | 1 |   JavaScript   |",
        "SenseiDetector": "| 1 | 1 |   JavaScript   |",
        "menu-o-matic": "| 1 | 0 |   JavaScript   |",
        "gizu": "| 1 | 0 |   Perl   |",
        "ng-channel": "| 1 | 0 |   JavaScript   |",
        "docker-phpunit-hhvm": "| 1 | 0 |   Dockerfile   |",
        "marcell": "| 1 | 0 |   HTML   |",
        "mobile-business-card": "| 1 | 0 |   JavaScript   |",
        "restful-devtools": "| 1 | 0 |   JavaScript   |",
        "co-event": "| 1 | 0 |   JavaScript   |",
        "reversi-go": "| 1 | 0 |   Go   |",
        "reversi-sf": "| 1 | 0 |   PHP   |",
        "awale-python": "| 1 | 5 |   Python   |",
        "awale-go": "| 1 | 0 |   Go   |",
        "awale-isomorphic": "| 1 | 0 |   JavaScript   |",
        "aor-ory": "| 1 | 0 |   None   |",
        "15-puzzle-app": "| 1 | 3 |   JavaScript   |",
        "15-puzzle-isomorphic": "| 1 | 0 |   JavaScript   |",
        "posters": "| 1 | 1 |   None   |",
        "quarto-python": "| 1 | 2 |   Python   |",
        "quarto-go": "| 1 | 1 |   Go   |",
        "quarto-isomorphic": "| 1 | 0 |   JavaScript   |",
        "twelve-app-conf-validator": "| 1 | 1 |   JavaScript   |",
        "15-puzzle": "| 1 | 0 |   JavaScript   |",
        "ra-doc-usaurus": "| 1 | 0 |   Makefile   |",
        "quixo-python": "| 1 | 0 |   Python   |",
        "os-project-in-your-company": "| 1 | 1 |   JavaScript   |",
        "quoridor-react-native": "| 1 | 1 |   JavaScript   |",
        "posters-galore-react": "| 1 | 3 |   JavaScript   |",
        "posters-ts-ra-tutorial": "| 1 | 2 |   TypeScript   |",
        "bgio-connect4": "| 1 | 1 |   JavaScript   |",
        "ra-solid": "| 1 | 0 |   HTML   |",
        "battleship-symfony": "| 1 | 0 |   PHP   |",
        "supabase-beers": "| 1 | 1 |   JavaScript   |",
        "pentago-symfony": "| 1 | 2 |   PHP   |",
        "poster-shop": "| 1 | 2 |   JavaScript   |",
        "react-hook-form-vs-formik": "| 1 | 0 |   TypeScript   |",
        "next-argosified": "| 1 | 0 |   JavaScript   |",
        "kuba-integration": "| 1 | 0 |   TypeScript   |",
        "flutter-discovery": "| 1 | 0 |   Dart   |",
        "Hex": "| 1 | 3 |   TypeScript   |",
        "ra-auth-auth0": "| 1 | 1 |   TypeScript   |",
        "ra-directus": "| 1 | 0 |   TypeScript   |",
        "react-admin-landing-pages": "| 1 | 0 |   HTML   |",
        "phpcr-browser.io": "| 0 | 0 |   None   |",
        "go-deploy": "| 0 | 0 |   Go   |",
        "builtwith.angularjs.org": "| 0 | 0 |   JavaScript   |",
        "build-my-commit": "| 0 | 0 |   Go   |",
        "meteor-messages": "| 0 | 1 |   JavaScript   |",
        "lrStickyHeader": "| 0 | 1 |   HTML   |",
        "snake_solver_two": "| 0 | 0 |   JavaScript   |",
        "snake-solver-server": "| 0 | 1 |   Go   |",
        "connect-four": "| 0 | 0 |   PHP   |",
        "connect-four-go": "| 0 | 0 |   Go   |",
        "connect-four-react-native": "| 0 | 1 |   JavaScript   |",
        "reversi-android": "| 0 | 0 |   JavaScript   |",
        "polyglot.js": "| 0 | 1 |   JavaScript   |",
        "awale-symfony": "| 0 | 1 |   PHP   |",
        "awale-android": "| 0 | 1 |   JavaScript   |",
        "service-worker-demo": "| 0 | 2 |   JavaScript   |",
        "awale-tensorflow": "| 0 | 0 |   Python   |",
        "react-router": "| 0 | 0 |   JavaScript   |",
        "15-puzzle-go": "| 0 | 1 |   Go   |",
        "comfygure-admin": "| 0 | 0 |   JavaScript   |",
        "beerexplorer-detox": "| 0 | 1 |   JavaScript   |",
        "cra-e2e-accessibility": "| 0 | 4 |   JavaScript   |",
        "cloud-recognizer": "| 0 | 0 |   None   |",
        "fsharp-invader": "| 0 | 0 |   Makefile   |",
        "renard": "| 0 | 0 |   Makefile   |",
        "quarto-symfony": "| 0 | 0 |   PHP   |",
        "quarto-android": "| 0 | 0 |   JavaScript   |",
        "react-headroom": "| 0 | 0 |   JavaScript   |",
        "property-based-testing": "| 0 | 0 |   None   |",
        "todos-cli": "| 0 | 0 |   JavaScript   |",
        "quoridor-python": "| 0 | 0 |   Python   |",
        "quixo-react-native": "| 0 | 0 |   JavaScript   |",
        "quoridor-java": "| 0 | 0 |   Java   |",
        "quixo-isomorphic": "| 0 | 0 |   JavaScript   |",
        "quoridor-go": "| 0 | 0 |   Go   |",
        "sticky-header": "| 0 | 0 |   JavaScript   |",
        "lazy-start": "| 0 | 0 |   JavaScript   |",
        "Othello-VR": "| 0 | 0 |   JavaScript   |",
        "battleship-python": "| 0 | 1 |   Python   |",
        "battleship-go": "| 0 | 0 |   Go   |",
        "battleship-isomorphic": "| 0 | 0 |   JavaScript   |",
        "quoridor-rust": "| 0 | 0 |   Rust   |",
        "tipsy-python": "| 0 | 0 |   Python   |",
        "tipsy-symfony": "| 0 | 0 |   PHP   |",
        "tipsy-go": "| 0 | 0 |   Go   |",
        "pentago-go": "| 0 | 0 |   Go   |",
        "tipsy-react-native": "| 0 | 0 |   JavaScript   |",
        "pentago-react-native": "| 0 | 0 |   JavaScript   |",
        "tipsy-isomorph": "| 0 | 0 |   JavaScript   |",
        "vothello": "| 0 | 0 |   V   |",
        "aqualin": "| 0 | 1 |   TypeScript   |",
        "bug-slayer": "| 0 | 0 |   TypeScript   |",
        "remix-supabase-react-admin": "| 0 | 1 |   TypeScript   |",
        "greenframe-demo-ra": "| 0 | 1 |   TypeScript   |",
        "voiracing": "| 0 | 0 |   TypeScript   |",
        "labyrinth": "| 0 | 0 |   Go   |",
        "ra-auth-msal": "| 0 | 0 |   TypeScript   |",
        "greenframe-extension": "| 0 | 7 |   JavaScript   |",
        "kamon": "| 0 | 5 |   TypeScript   |"
    }
}