{
    "company": null,
    "h-index": 14,
    "repo count": 114,
    "contributor count": 610,
    "size": "todo",
    "employee count": "todo",
    "country": null,
    "top language": "Java",
    "repos": {
        "terraform-provider-restapi": "| 687 | 183 |   Go   |",
        "pkcs11-tools": "| 93 | 23 |   C   |",
        "client-encryption-java": "| 73 | 44 |   Java   |",
        "oauth1-signer-java": "| 38 | 22 |   Java   |",
        "mastercard-api-client-tutorial": "| 36 | 43 |   Python   |",
        "insomnia-plugin-mastercard": "| 32 | 15 |   JavaScript   |",
        "oauth1-signer-nodejs": "| 28 | 17 |   JavaScript   |",
        "oauth1-signer-python": "| 26 | 18 |   Python   |",
        "client-encryption-nodejs": "| 21 | 19 |   JavaScript   |",
        "oauth1-signer-php": "| 18 | 6 |   PHP   |",
        "client-encryption-csharp": "| 18 | 18 |   C#   |",
        "oauth1-signer-csharp": "| 17 | 14 |   C#   |",
        "oauth1-signer-ruby": "| 16 | 6 |   Ruby   |",
        "client-encryption-php": "| 15 | 8 |   PHP   |",
        "mastercard-labs-ml-pipeline": "| 14 | 8 |   Python   |",
        "oauth1-signer-swift": "| 13 | 4 |   Swift   |",
        "client-encryption-python": "| 13 | 8 |   Python   |",
        "masterpass-qr-core-sdk-ios": "| 12 | 7 |   None   |",
        "oauth1-signer-go": "| 12 | 9 |   Go   |",
        "sdk-core-php": "| 11 | 17 |   PHP   |",
        "atm-locations-reference-app": "| 10 | 9 |   JavaScript   |",
        "live-cache": "| 10 | 6 |   Kotlin   |",
        "client-encryption-ruby": "| 10 | 3 |   Ruby   |",
        "finicity-openapi": "| 9 | 22 |   Java   |",
        "merchant-identifier-reference-app": "| 7 | 6 |   Java   |",
        "flow": "| 7 | 7 |   Java   |",
        "commerce-web-android": "| 6 | 7 |   Java   |",
        "finicity-postman": "| 6 | 9 |   None   |",
        "mcs-commerce-web": "| 5 | 4 |   Swift   |",
        "xmlsignverify-core-java": "| 5 | 12 |   Java   |",
        "udap-analytic-zoo-examples": "| 5 | 4 |   Python   |",
        "client-encryption-go": "| 5 | 1 |   Go   |",
        "made": "| 5 | 2 |   CSS   |",
        "cordova-plugin-commerceweb": "| 4 | 1 |   Java   |",
        "carbon-calculator-reference-app": "| 4 | 16 |   Java   |",
        "mastercard-idservice-rp-reference-app": "| 4 | 2 |   Java   |",
        "mastercard-idassist-reference-app": "| 4 | 7 |   Java   |",
        "mastercard-currency-conversion-php": "| 3 | 1 |   PHP   |",
        "send2.0-reference-app": "| 3 | 2 |   Java   |",
        "crossborder-services-reference-app": "| 3 | 9 |   Java   |",
        "issuing-api-reference-app": "| 3 | 1 |   Java   |",
        "mastercard-idservice-idp-reference-app": "| 3 | 1 |   Java   |",
        "mastercard-idservice-tp-reference-app": "| 3 | 0 |   Java   |",
        "p11perftest": "| 3 | 0 |   C++   |",
        "mastercard-match-php": "| 2 | 3 |   PHP   |",
        "mastercard-bintable-php": "| 2 | 4 |   PHP   |",
        "mastercard-mastercom-php": "| 2 | 3 |   PHP   |",
        "web-merchant-api-sdk": "| 2 | 3 |   JavaScript   |",
        "xmlsignverify-core-csharp": "| 2 | 4 |   C#   |",
        "did-methods": "| 2 | 1 |   None   |",
        "installments-bnpl-api-reference-app": "| 2 | 6 |   Java   |",
        "mastercard-locations-php": "| 1 | 1 |   PHP   |",
        "mastercard-mdes-customer-service-php": "| 1 | 3 |   PHP   |",
        "mastercard-crossborder-php": "| 1 | 1 |   PHP   |",
        "sendp2p-reference-app": "| 1 | 1 |   Java   |",
        "mastercard-loyalty-connect-reference-app": "| 1 | 2 |   Java   |",
        "biller-management-reference-app": "| 1 | 4 |   Java   |",
        "loyalty-user-management-reference-app": "| 1 | 3 |   Java   |",
        "direct-services-access-reference-app": "| 1 | 1 |   Java   |",
        "pbba-merchant-button-library-ios-r4": "| 1 | 0 |   Objective-C   |",
        "digital-first-card-autofill": "| 1 | 1 |   Kotlin   |",
        "udap-spark-s3-tpc-ds-performance-test": "| 1 | 1 |   Shell   |",
        "carbon-calculator-experience-reference-app": "| 1 | 4 |   Java   |",
        "web-native-integration": "| 1 | 1 |   Kotlin   |",
        "crossborder-services-oauth2-reference-app": "| 1 | 3 |   Java   |",
        "credit-analytics-reference-app": "| 1 | 3 |   Java   |",
        "mastercard-merchant-identifier-php": "| 0 | 3 |   PHP   |",
        "offer-picker": "| 0 | 2 |   Java   |",
        "environment-hairlead-staging": "| 0 | 1 |   Makefile   |",
        "environment-hairlead-production": "| 0 | 1 |   Makefile   |",
        "loyalty-benefits-reference-app": "| 0 | 1 |   Java   |",
        "loyalty-airport-reference-app": "| 0 | 2 |   Java   |",
        "loyalty-wifi-reference-app": "| 0 | 3 |   Java   |",
        "bundle-client-reference-app": "| 0 | 8 |   Java   |",
        "available-merchant-offers-reference-app": "| 0 | 2 |   Java   |",
        "mastercard-rebates-reference-app": "| 0 | 3 |   Java   |",
        "location-intelligence-places-reference-app": "| 0 | 3 |   Java   |",
        "dw-sbde-client-reference-app": "| 0 | 3 |   Java   |",
        "send-funding-reference-app": "| 0 | 2 |   Java   |",
        "send-disbursements-reference-app": "| 0 | 1 |   Java   |",
        "personalized-offers-reference-app": "| 0 | 5 |   Java   |",
        "pbba-merchant-button-library-ios": "| 0 | 1 |   Objective-C   |",
        "pbba-merchant-button-library-android": "| 0 | 1 |   Java   |",
        "pbba-merchant-button-library-web": "| 0 | 0 |   JavaScript   |",
        "pbba-merchant-button-library-android-r4": "| 0 | 3 |   Java   |",
        "places-client-tutorial": "| 0 | 1 |   Java   |",
        "pbba-merchant-button-library-web-r4": "| 0 | 0 |   JavaScript   |",
        "loyalty-flight-delay-pass-reference-app": "| 0 | 1 |   Java   |",
        "udap-merchant-iso-forest": "| 0 | 1 |   Scala   |",
        "elevate-reference-app": "| 0 | 7 |   Java   |",
        "fld-reference-app": "| 0 | 2 |   Java   |",
        "action-sheet-reference-app": "| 0 | 0 |   HTML   |",
        "pods-consumer-payment-reference-app": "| 0 | 0 |   Java   |",
        "pods-financier-server-reference-app": "| 0 | 2 |   JavaScript   |",
        "smart-interface-reference-app": "| 0 | 2 |   Java   |",
        "web-native-integration-ios": "| 0 | 0 |   Swift   |",
        "promotions-digital-enablement-reference-app": "| 0 | 1 |   Java   |",
        "libp11": "| 0 | 0 |   C   |",
        "php-saml": "| 0 | 0 |   None   |",
        "send-util-crossborder-oauth2": "| 0 | 1 |   Java   |",
        "opencart": "| 0 | 0 |   PHP   |",
        "connect-android-sdk": "| 0 | 1 |   Java   |",
        "connect-ios-sdk": "| 0 | 0 |   Objective-C   |",
        "transaction-api-reference-app": "| 0 | 1 |   Java   |",
        "creditor-commerce-library-web": "| 0 | 2 |   JavaScript   |",
        "web-merchant-api-sdk-1": "| 0 | 0 |   None   |",
        "community-pass-flutter-wrapper": "| 0 | 0 |   Dart   |",
        "community-pass-react-native-wrapper": "| 0 | 3 |   Kotlin   |",
        "chef-debian": "| 0 | 0 |   None   |",
        "credit-analytics-reference-app-clone": "| 0 | 1 |   Java   |",
        "send-api-demo-app": "| 0 | 0 |   HTML   |",
        "creditor-commerce-library-android": "| 0 | 0 |   Kotlin   |",
        "pbba-app-picker-ios-r4": "| 0 | 0 |   None   |",
        "credit-analytics-reference-app-sbca_0_7": "| 0 | 0 |   Java   |"
    }
}