{
    "company": "Medium",
    "h-index": 23,
    "repo count": 100,
    "contributor count": 4471,
    "size": "todo",
    "employee count": "todo",
    "country": "San Francisco, CA",
    "top language": "JavaScript",
    "repos": {
        "medium-api-docs": "| 2174 | 233 |   None   |",
        "phantomjs": "| 1415 | 448 |   JavaScript   |",
        "snowflake": "| 704 | 311 |   JavaScript   |",
        "sus": "| 694 | 24 |   JavaScript   |",
        "matador": "| 606 | 49 |   JavaScript   |",
        "medium-sdk-nodejs": "| 341 | 42 |   JavaScript   |",
        "opensource": "| 287 | 147 |   None   |",
        "shepherd": "| 235 | 14 |   JavaScript   |",
        "medium-policy": "| 235 | 71 |   None   |",
        "kew": "| 211 | 19 |   JavaScript   |",
        "dynamite": "| 210 | 26 |   JavaScript   |",
        "medium-wordpress-plugin": "| 203 | 48 |   PHP   |",
        "variants": "| 201 | 8 |   JavaScript   |",
        "medium-sdk-python": "| 186 | 28 |   Python   |",
        "medium-sdk-go": "| 134 | 20 |   Go   |",
        "sculpt": "| 129 | 7 |   JavaScript   |",
        "falkor-archived": "| 125 | 5 |   JavaScript   |",
        "soynode": "| 91 | 27 |   JavaScript   |",
        "local-dynamo": "| 86 | 26 |   JavaScript   |",
        "pipette": "| 44 | 8 |   JavaScript   |",
        "oid": "| 41 | 4 |   JavaScript   |",
        "node-bloomd": "| 34 | 10 |   JavaScript   |",
        "medium-logos": "| 23 | 7 |   None   |",
        "swift": "| 22 | 2 |   Shell   |",
        "pbnj": "| 20 | 7 |   JavaScript   |",
        "canoe": "| 20 | 3 |   JavaScript   |",
        "daemonsauce": "| 18 | 6 |   JavaScript   |",
        "picchu": "| 17 | 7 |   Go   |",
        "elegant-underline": "| 11 | 2 |   Java   |",
        "draccus": "| 10 | 2 |   JavaScript   |",
        "typ": "| 9 | 1 |   JavaScript   |",
        "zcache": "| 9 | 4 |   JavaScript   |",
        "closure-library-archived": "| 6 | 4 |   JavaScript   |",
        "asdf-operator-sdk": "| 6 | 9 |   Shell   |",
        "transformers": "| 6 | 5 |   Python   |",
        "node-logg": "| 5 | 4 |   JavaScript   |",
        "dpxdt": "| 5 | 2 |   Python   |",
        "WYPopoverController": "| 5 | 1 |   Objective-C   |",
        "neoism": "| 4 | 0 |   Go   |",
        "phantomjs-1": "| 4 | 7 |   C++   |",
        "service-level-operator": "| 4 | 1 |   Go   |",
        "soy-sublime": "| 3 | 3 |   XML   |",
        "closure-templates-archived": "| 3 | 3 |   Java   |",
        "analytics.example.org": "| 3 | 1 |   JavaScript   |",
        "imagick": "| 3 | 2 |   Go   |",
        "k8s-worker-pod-autoscaler": "| 3 | 2 |   Go   |",
        "nodeunitq": "| 2 | 1 |   JavaScript   |",
        "Mantle": "| 2 | 0 |   Objective-C   |",
        "ClusterRunner": "| 2 | 2 |   Python   |",
        "DZNEmptyDataSet": "| 2 | 1 |   Objective-C   |",
        "PivotalCoreKit": "| 2 | 2 |   Objective-C++   |",
        "goexif": "| 2 | 0 |   Go   |",
        "brigade": "| 2 | 2 |   Go   |",
        "mlflow": "| 2 | 1 |   Python   |",
        "Highlightr": "| 2 | 1 |   Swift   |",
        "dynamo": "| 1 | 2 |   JavaScript   |",
        "Sinon.JS": "| 1 | 1 |   JavaScript   |",
        "npm": "| 1 | 2 |   None   |",
        "ncp": "| 1 | 1 |   JavaScript   |",
        "babel": "| 1 | 3 |   JavaScript   |",
        "KMCGeigerCounter": "| 1 | 1 |   Objective-C   |",
        "node-fs-extra": "| 1 | 2 |   JavaScript   |",
        "medium-transparency": "| 1 | 1 |   None   |",
        "atlantis": "| 1 | 2 |   None   |",
        "asdf-plugins": "| 1 | 0 |   Shell   |",
        "k8s-prometheus-adapter": "| 1 | 1 |   None   |",
        "community": "| 1 | 1 |   None   |",
        "highlightjs-android": "| 1 | 2 |   JavaScript   |",
        "node-memcache-parser": "| 0 | 2 |   JavaScript   |",
        "napping": "| 0 | 1 |   Go   |",
        "karma-closure": "| 0 | 0 |   JavaScript   |",
        "karma-nodeunit": "| 0 | 1 |   None   |",
        "closure-compiler-archived": "| 0 | 0 |   Java   |",
        "google-auth-library-nodejs": "| 0 | 1 |   JavaScript   |",
        "pants": "| 0 | 1 |   Python   |",
        "less.js": "| 0 | 2 |   JavaScript   |",
        "nodeunit": "| 0 | 3 |   JavaScript   |",
        "plovr": "| 0 | 1 |   JavaScript   |",
        "opentracing-javascript": "| 0 | 2 |   JavaScript   |",
        "lightstep-tracer-javascript": "| 0 | 2 |   JavaScript   |",
        "nyc": "| 0 | 1 |   JavaScript   |",
        "zencoder": "| 0 | 1 |   Go   |",
        "PayPal-node-SDK": "| 0 | 3 |   JavaScript   |",
        "concourse-helm-resource": "| 0 | 0 |   Shell   |",
        "KIF-Quick": "| 0 | 0 |   Ruby   |",
        "build": "| 0 | 0 |   Go   |",
        "kubernetes-autoscaler": "| 0 | 1 |   None   |",
        "spaCy": "| 0 | 0 |   Python   |",
        "kubernetes": "| 0 | 2 |   Go   |",
        "jupyterhub": "| 0 | 2 |   Python   |",
        "datadog-utils": "| 0 | 2 |   Go   |",
        "TwitterKitLegacy": "| 0 | 1 |   Objective-C   |",
        "kooper": "| 0 | 2 |   None   |",
        "operator-sdk": "| 0 | 1 |   None   |",
        "controller-runtime": "| 0 | 1 |   None   |",
        "tekton-pipeline": "| 0 | 1 |   None   |",
        "swift-protobuf": "| 0 | 1 |   Swift   |",
        "unsplash-photopicker-android": "| 0 | 1 |   Kotlin   |",
        "mastodon": "| 0 | 0 |   Ruby   |",
        "mastodon-documentation": "| 0 | 0 |   None   |"
    }
}