{
    "company": "meitu",
    "h-index": 8,
    "repo count": 12,
    "contributor count": 209,
    "size": "todo",
    "employee count": "todo",
    "country": "Xiamen, China",
    "top language": "Go",
    "repos": {
        "MTHawkeye": "| 1426 | 182 |   Objective-C   |",
        "MPITextKit": "| 348 | 37 |   Objective-C   |",
        "go-ethereum": "| 252 | 98 |   Go   |",
        "VideoTimeLine": "| 113 | 26 |   Kotlin   |",
        "go-consumergroup": "| 83 | 15 |   Go   |",
        "MTGLDebug": "| 70 | 9 |   C++   |",
        "MTAppenderFile": "| 43 | 9 |   C++   |",
        "bifrost": "| 8 | 3 |   Go   |",
        "cocoapods-meitu-bin": "| 7 | 1 |   Ruby   |",
        "zk_wrapper": "| 4 | 2 |   Go   |",
        "token": "| 1 | 1 |   Go   |",
        "go-zookeeper": "| 1 | 2 |   Go   |"
    }
}