{
    "company": "Mercari, Inc.",
    "h-index": 35,
    "repo count": 92,
    "contributor count": 1374,
    "size": "todo",
    "employee count": "todo",
    "country": null,
    "top language": "Go",
    "repos": {
        "ml-system-design-pattern": "| 1909 | 208 |   None   |",
        "engineer-vocabulary-list": "| 1628 | 43 |   None   |",
        "gaurun": "| 919 | 110 |   Go   |",
        "production-readiness-checklist": "| 762 | 76 |   None   |",
        "tfnotify": "| 581 | 92 |   Go   |",
        "Mew": "| 481 | 26 |   Swift   |",
        "grpc-http-proxy": "| 363 | 16 |   Go   |",
        "go-circuitbreaker": "| 336 | 20 |   Go   |",
        "QRScanner": "| 266 | 63 |   Swift   |",
        "mercari-microservices-example": "| 265 | 33 |   Go   |",
        "go-httpdoc": "| 226 | 12 |   Go   |",
        "datastore": "| 216 | 19 |   Go   |",
        "mercari-slack-guidelines": "| 198 | 25 |   None   |",
        "ShimmerView": "| 141 | 9 |   Swift   |",
        "mtc2018-app": "| 133 | 12 |   Dart   |",
        "mercari-engineering-ladder": "| 131 | 5 |   None   |",
        "go-grpc-interceptor": "| 118 | 33 |   Go   |",
        "certificate-expiry-monitor-controller": "| 116 | 14 |   Go   |",
        "go-dnscache": "| 116 | 13 |   Go   |",
        "mtc2018-web": "| 99 | 7 |   TypeScript   |",
        "BottomHalfModal": "| 96 | 8 |   Swift   |",
        "souzoh-recruitment": "| 96 | 9 |   None   |",
        "widebullet": "| 87 | 3 |   Go   |",
        "kubetempura": "| 87 | 1 |   Go   |",
        "dietcube": "| 80 | 9 |   PHP   |",
        "docker-appengine-go": "| 75 | 4 |   Dockerfile   |",
        "RxReduxK": "| 66 | 2 |   Kotlin   |",
        "spanner-autoscaler": "| 65 | 10 |   Go   |",
        "testdeck": "| 63 | 6 |   Go   |",
        "go-emv-code": "| 62 | 8 |   Go   |",
        "DataflowTemplate": "| 50 | 17 |   Java   |",
        "RemoteDataK": "| 44 | 1 |   Kotlin   |",
        "go-httpstats": "| 41 | 2 |   Go   |",
        "fractal": "| 36 | 8 |   Swift   |",
        "hcledit": "| 35 | 7 |   Go   |",
        "tortoise": "| 34 | 1 |   Go   |",
        "mtc2018-app-SwiftUI": "| 33 | 2 |   Swift   |",
        "siberi-android": "| 32 | 7 |   Java   |",
        "go-bps": "| 26 | 2 |   Go   |",
        "BalloonView": "| 25 | 0 |   Swift   |",
        "DataflowTemplates": "| 23 | 12 |   Java   |",
        "yasashii-wfh-comms": "| 19 | 1 |   None   |",
        "terraform-provider-spinnaker": "| 13 | 7 |   Go   |",
        "composer-diff-plugin": "| 12 | 2 |   PHP   |",
        "honyakubot": "| 12 | 0 |   Swift   |",
        "CFQIRBM": "| 12 | 6 |   Jupyter Notebook   |",
        "Remi": "| 10 | 1 |   None   |",
        "github-token-app": "| 10 | 2 |   Python   |",
        "github-app-token-generator": "| 10 | 0 |   Go   |",
        "imageflux-cli": "| 8 | 0 |   Go   |",
        "eslint-config-mercari": "| 7 | 0 |   JavaScript   |",
        "terraform-provider-openpgp": "| 7 | 2 |   Go   |",
        "universal-apk-plugin": "| 6 | 0 |   Kotlin   |",
        "commitver": "| 6 | 1 |   Shell   |",
        "mkdocs-git-snippet": "| 6 | 0 |   Python   |",
        "kafka-connect-transform-kryptonite-gcp": "| 5 | 1 |   Java   |",
        "proto-to-type": "| 4 | 0 |   TypeScript   |",
        "puree-android": "| 3 | 0 |   Java   |",
        "merlin": "| 3 | 0 |   Go   |",
        "gcm": "| 2 | 0 |   Go   |",
        "stylelint-config-mercari": "| 2 | 2 |   CSS   |",
        "kritis": "| 2 | 2 |   Go   |",
        "avro": "| 2 | 0 |   Java   |",
        "extract-primitives": "| 2 | 0 |   TypeScript   |",
        "go-sentry": "| 1 | 0 |   Go   |",
        "pubsubloader": "| 1 | 0 |   Scala   |",
        "merpay-netpayment-sdk-php": "| 1 | 1 |   PHP   |",
        "wazuh-docker": "| 1 | 0 |   Shell   |",
        "terraform-provider-slack": "| 1 | 0 |   Go   |",
        "runner": "| 1 | 0 |   C#   |",
        "Whitesource-Scan-Action": "| 1 | 2 |   Shell   |",
        "pazdriver": "| 1 | 0 |   Go   |",
        "coredns": "| 0 | 1 |   Go   |",
        "terraform-provider-k8s": "| 0 | 0 |   Go   |",
        "navigation-conductor": "| 0 | 1 |   Kotlin   |",
        "terraform-provider-sentry": "| 0 | 1 |   Go   |",
        "eta": "| 0 | 0 |   Jupyter Notebook   |",
        "Puree-Swift": "| 0 | 0 |   Swift   |",
        "terraform-provider-github": "| 0 | 0 |   Go   |",
        "flank": "| 0 | 0 |   Kotlin   |",
        "fiat": "| 0 | 0 |   Java   |",
        "eagle-insight-tag": "| 0 | 0 |   Smarty   |",
        "keeper": "| 0 | 0 |   Kotlin   |",
        "front50": "| 0 | 1 |   Java   |",
        "tulsi": "| 0 | 0 |   Swift   |",
        "git-secrets": "| 0 | 0 |   Shell   |",
        "Aura.Sql": "| 0 | 0 |   PHP   |",
        "quantum-entanglement-purification-simulator": "| 0 | 0 |   Python   |",
        "modserver": "| 0 | 0 |   Go   |",
        "orca": "| 0 | 0 |   Groovy   |",
        "devdojo-experiments-sample": "| 0 | 0 |   Go   |",
        "paparazzi": "| 0 | 0 |   Kotlin   |"
    }
}