{
    "company": "MicroStrategy",
    "h-index": 6,
    "repo count": 18,
    "contributor count": 28,
    "size": "todo",
    "employee count": "todo",
    "country": "Tysons Corner, VA",
    "top language": "JavaScript",
    "repos": {
        "mstrio-py": "| 83 | 53 |   Python   |",
        "mstrio": "| 21 | 8 |   R   |",
        "RIntegrationPack": "| 15 | 19 |   C++   |",
        "web-sdk-samples": "| 11 | 14 |   Java   |",
        "EmbeddedDemo": "| 7 | 5 |   JavaScript   |",
        "embedding-sdk-samples": "| 6 | 12 |   HTML   |",
        "playground": "| 6 | 3 |   None   |",
        "UserManager": "| 5 | 5 |   JavaScript   |",
        "data-api-demo": "| 4 | 6 |   JavaScript   |",
        "hyper-sdk": "| 4 | 4 |   HTML   |",
        "rest-api-docs": "| 4 | 3 |   JavaScript   |",
        "embedding-sdk-docs": "| 4 | 1 |   JavaScript   |",
        "rest-api-playground": "| 3 | 2 |   None   |",
        "mstr-kafka-sink": "| 2 | 3 |   Java   |",
        "rest-googlesheets-export": "| 2 | 3 |   JavaScript   |",
        "microstrategy.github.io": "| 2 | 1 |   HTML   |",
        "ios-sdk-samples": "| 0 | 0 |   Objective-C   |",
        "rest-api-samples": "| 0 | 1 |   HTML   |"
    }
}