{
    "company": "Mirantis Inc.",
    "h-index": 19,
    "repo count": 242,
    "contributor count": 3132,
    "size": "todo",
    "employee count": "todo",
    "country": null,
    "top language": "Python",
    "repos": {
        "virtlet": "| 716 | 129 |   Go   |",
        "cri-dockerd": "| 657 | 196 |   Go   |",
        "k8s-AppController": "| 214 | 38 |   Go   |",
        "kqueen": "| 137 | 35 |   Python   |",
        "pipeline-library": "| 95 | 91 |   Groovy   |",
        "k8s-externalipcontroller": "| 75 | 24 |   Go   |",
        "compliance": "| 65 | 37 |   Go   |",
        "k8s-netchecker-server": "| 63 | 20 |   Go   |",
        "openstack-lbaas": "| 53 | 10 |   Python   |",
        "k8s-apps": "| 40 | 22 |   Go   |",
        "criproxy": "| 38 | 13 |   Go   |",
        "disk_perf_test_tool": "| 37 | 26 |   Python   |",
        "ceph-lcm": "| 36 | 24 |   Python   |",
        "reclass-system-salt-model": "| 34 | 54 |   None   |",
        "fuel": "| 32 | 44 |   Ruby   |",
        "mk-pipelines": "| 26 | 47 |   Groovy   |",
        "fuelweb": "| 23 | 26 |   Python   |",
        "k8s-daemonupgradecontroller": "| 23 | 6 |   None   |",
        "launchpad": "| 23 | 44 |   None   |",
        "k8s-devbox": "| 19 | 12 |   Shell   |",
        "mk-lab-salt-model": "| 16 | 41 |   Shell   |",
        "stepler": "| 15 | 11 |   Python   |",
        "mos-integration-tests": "| 14 | 19 |   Python   |",
        "lens-extension-cc": "| 14 | 5 |   JavaScript   |",
        "stackalytics": "| 12 | 22 |   Python   |",
        "openstack-utils": "| 11 | 4 |   Python   |",
        "k8s-netchecker-agent": "| 11 | 11 |   Go   |",
        "kostyor": "| 9 | 3 |   Python   |",
        "kqueen-ui": "| 9 | 13 |   Python   |",
        "swift-encrypt": "| 8 | 9 |   Python   |",
        "solar": "| 8 | 16 |   Python   |",
        "cloudpipe-image-auto-creation": "| 7 | 3 |   Shell   |",
        "mos-horizon": "| 7 | 6 |   Python   |",
        "CloudFerry": "| 7 | 9 |   Python   |",
        "gosa-openstack": "| 6 | 3 |   None   |",
        "openstack-horizon": "| 6 | 2 |   Python   |",
        "vmware-dvs": "| 6 | 17 |   Python   |",
        "tcp-qa": "| 6 | 18 |   Python   |",
        "release-openstack-k8s": "| 6 | 4 |   Shell   |",
        "devops": "| 5 | 11 |   Python   |",
        "fuel-main": "| 5 | 8 |   Python   |",
        "ceph-monitoring": "| 5 | 11 |   Python   |",
        "statkube": "| 5 | 4 |   Go   |",
        "rabbitmq-autocluster": "| 5 | 6 |   None   |",
        "training-lab": "| 5 | 4 |   HCL   |",
        "mcc-on-equinix-terraform-templates": "| 5 | 6 |   HCL   |",
        "openstack-fedora-specs": "| 4 | 3 |   Shell   |",
        "nova-scheduler-volume-affinity-filter": "| 4 | 3 |   Python   |",
        "fuel-plugin-standalone-ceph": "| 4 | 7 |   Puppet   |",
        "rally-plugins": "| 4 | 8 |   Python   |",
        "fuel-docs": "| 3 | 22 |   JavaScript   |",
        "mos-tempest-runner": "| 3 | 12 |   Python   |",
        "openstack-ha-tests": "| 3 | 4 |   Python   |",
        "puppet-bootstrap": "| 3 | 3 |   Shell   |",
        "zabbix-configuration-files": "| 3 | 24 |   None   |",
        "fuel-plugin-external-ceph": "| 3 | 4 |   Puppet   |",
        "kostyor-openstack-ansible": "| 3 | 4 |   Python   |",
        "telegraf": "| 3 | 3 |   Go   |",
        "ip-util-check": "| 3 | 2 |   Shell   |",
        "keystone": "| 2 | 3 |   Python   |",
        "osagent": "| 2 | 2 |   Python   |",
        "tempest": "| 2 | 7 |   Python   |",
        "astute": "| 2 | 6 |   Ruby   |",
        "fuelweb-test": "| 2 | 3 |   Python   |",
        "puppet-savanna": "| 2 | 2 |   Ruby   |",
        "launchpad-reports-summary": "| 2 | 9 |   JavaScript   |",
        "tools-sustaining": "| 2 | 3 |   Python   |",
        "mos-ci-deployment-scripts": "| 2 | 13 |   Shell   |",
        "stacklight-salt-model": "| 2 | 9 |   Shell   |",
        "docker-jenkins": "| 2 | 4 |   CSS   |",
        "mcp-common-scripts": "| 2 | 4 |   Shell   |",
        "docker-aptly": "| 2 | 2 |   Shell   |",
        "ucpbackup": "| 2 | 2 |   Shell   |",
        "k8srnd-sockshop-payment": "| 2 | 0 |   Go   |",
        "magma": "| 2 | 1 |   Go   |",
        "container-cloud-cli": "| 2 | 1 |   PowerShell   |",
        "dataops-dataeng": "| 2 | 1 |   Go   |",
        "security": "| 2 | 1 |   None   |",
        "terraform-provider-msr": "| 2 | 3 |   Go   |",
        "openstack-dashboard": "| 1 | 4 |   Python   |",
        "openstack-lbaas-cli": "| 1 | 3 |   Python   |",
        "nova": "| 1 | 3 |   Python   |",
        "ruby-openstack": "| 1 | 3 |   Ruby   |",
        "rally": "| 1 | 2 |   None   |",
        "fuel-provision": "| 1 | 2 |   None   |",
        "oscp": "| 1 | 2 |   Python   |",
        "puppet-control-template": "| 1 | 2 |   Ruby   |",
        "profiles": "| 1 | 3 |   Puppet   |",
        "solar-qa": "| 1 | 0 |   None   |",
        "fuel-plugin-backup": "| 1 | 2 |   Shell   |",
        "mos-components-ci": "| 1 | 5 |   Shell   |",
        "f2s": "| 1 | 3 |   Python   |",
        "northshore": "| 1 | 6 |   Go   |",
        "mira-ceph-ansible": "| 1 | 3 |   Python   |",
        "ccp-docker-jenkins": "| 1 | 2 |   Shell   |",
        "rpc_monitor": "| 1 | 3 |   Python   |",
        "whale": "| 1 | 2 |   Python   |",
        "bird-containers": "| 1 | 2 |   Shell   |",
        "ifmap-python-client": "| 1 | 2 |   Python   |",
        "mos-updates": "| 1 | 2 |   None   |",
        "docker-phpldapadmin": "| 1 | 2 |   None   |",
        "docker-gerrit": "| 1 | 5 |   CSS   |",
        "rundeck-cis-jobs": "| 1 | 2 |   None   |",
        "cvp-sanity-checks": "| 1 | 9 |   Python   |",
        "cvp-configuration": "| 1 | 14 |   Shell   |",
        "sriov-scheduler": "| 1 | 3 |   Go   |",
        "mirantis-demos": "| 1 | 2 |   Shell   |",
        "docker-salt-formulas": "| 1 | 0 |   Shell   |",
        "k8s-istio-workshop": "| 1 | 4 |   Shell   |",
        "k8s-istio-webinar": "| 1 | 0 |   Shell   |",
        "k8srnd-sockshop-catalogue": "| 1 | 0 |   Go   |",
        "openstack-k8s-virtual-lab": "| 1 | 1 |   Shell   |",
        "helm-charts": "| 1 | 3 |   Smarty   |",
        "terraform-provider-mirantis": "| 1 | 0 |   Go   |",
        "puppetlabs-openstack": "| 0 | 2 |   Puppet   |",
        "puppetlabs-apt": "| 0 | 0 |   Ruby   |",
        "puppet-concat": "| 0 | 2 |   Puppet   |",
        "puppet-galera": "| 0 | 2 |   Ruby   |",
        "puppetlabs-git": "| 0 | 2 |   None   |",
        "puppetlabs-glance": "| 0 | 2 |   Ruby   |",
        "puppet-haproxy": "| 0 | 2 |   Puppet   |",
        "puppetlabs-horizon": "| 0 | 2 |   Puppet   |",
        "puppet-module-keepalived": "| 0 | 2 |   Puppet   |",
        "puppetlabs-keystone": "| 0 | 2 |   Ruby   |",
        "puppet-memcached": "| 0 | 2 |   Ruby   |",
        "puppet-mmm": "| 0 | 2 |   Puppet   |",
        "puppetlabs-mysql": "| 0 | 2 |   Perl   |",
        "puppetlabs-nova": "| 0 | 3 |   Python   |",
        "puppetlabs-rabbitmq": "| 0 | 2 |   Ruby   |",
        "puppetlabs-rsync": "| 0 | 2 |   Ruby   |",
        "puppet-ssh": "| 0 | 2 |   Puppet   |",
        "puppetlabs-stdlib": "| 0 | 2 |   Ruby   |",
        "puppetlabs-swift": "| 0 | 3 |   Ruby   |",
        "puppetlabs-sysctl": "| 0 | 2 |   Ruby   |",
        "puppetlabs-vcsrepo": "| 0 | 2 |   Ruby   |",
        "puppetlabs-xinetd": "| 0 | 2 |   Puppet   |",
        "puppetlabs-cinder": "| 0 | 2 |   Puppet   |",
        "openstack-lbaas-horizon": "| 0 | 2 |   None   |",
        "murano-tests": "| 0 | 2 |   Python   |",
        "fuel-test": "| 0 | 6 |   Python   |",
        "puppet-heat": "| 0 | 2 |   None   |",
        "magnetodb": "| 0 | 5 |   Python   |",
        "lsi-api": "| 0 | 2 |   Python   |",
        "certification_tool": "| 0 | 8 |   Python   |",
        "mos-iso-status": "| 0 | 3 |   Python   |",
        "catalog": "| 0 | 2 |   Python   |",
        "moscc-cli-smoketest": "| 0 | 2 |   Shell   |",
        "puppet-sudo": "| 0 | 2 |   Augeas   |",
        "ldaptlssearch": "| 0 | 0 |   Go   |",
        "air-hockey-robot": "| 0 | 2 |   C++   |",
        "roles": "| 0 | 4 |   Puppet   |",
        "pmlc_nova": "| 0 | 2 |   Puppet   |",
        "pmlc_cinder": "| 0 | 2 |   Puppet   |",
        "pmlc_neutron": "| 0 | 3 |   Puppet   |",
        "pmlc_keystone": "| 0 | 2 |   HTML   |",
        "puppet-foreman_proxy": "| 0 | 2 |   Puppet   |",
        "puppet-deployapp": "| 0 | 2 |   Puppet   |",
        "bareon-api": "| 0 | 6 |   Python   |",
        "puppet-kafka": "| 0 | 2 |   Puppet   |",
        "puppet-zookeeper": "| 0 | 2 |   Puppet   |",
        "vmware-firewall-driver": "| 0 | 3 |   Python   |",
        "discovery": "| 0 | 3 |   Python   |",
        "fuel-bootstrap-image-builder": "| 0 | 2 |   Python   |",
        "fuel-agent": "| 0 | 2 |   Python   |",
        "celebrer": "| 0 | 2 |   Python   |",
        "celebrer-agent": "| 0 | 2 |   Python   |",
        "celebrer-dashboard": "| 0 | 2 |   Python   |",
        "python-celebrerclient": "| 0 | 2 |   Python   |",
        "fuel-plugin-celebrer": "| 0 | 2 |   Puppet   |",
        "solar-resources": "| 0 | 4 |   Puppet   |",
        "solar-agent": "| 0 | 2 |   Python   |",
        "fuel-plugin-swift": "| 0 | 2 |   Puppet   |",
        "mos-ci-jenkinsjobs": "| 0 | 0 |   None   |",
        "tuning-box": "| 0 | 2 |   Python   |",
        "fuel-plugin-openldap": "| 0 | 3 |   Puppet   |",
        "fuel-plugin-etckeeper": "| 0 | 3 |   Puppet   |",
        "puppet-manifests": "| 0 | 2 |   Puppet   |",
        "fuel-plugin-vxlan-vlan-7": "| 0 | 4 |   Puppet   |",
        "fuel-plugin-docs": "| 0 | 4 |   Python   |",
        "mos-coverage": "| 0 | 2 |   None   |",
        "ceph": "| 0 | 5 |   C++   |",
        "teuthology": "| 0 | 3 |   Python   |",
        "ceph-cm-ansible": "| 0 | 2 |   Shell   |",
        "ceph-qa-suite": "| 0 | 4 |   Python   |",
        "fuel-plugin-lcm": "| 0 | 3 |   Puppet   |",
        "fuel-plugin-lcm-control-repo": "| 0 | 0 |   None   |",
        "kostyor-cli": "| 0 | 2 |   Python   |",
        "ccp-pipeline-libs": "| 0 | 3 |   Groovy   |",
        "ccp-docker-gerrit": "| 0 | 3 |   CSS   |",
        "ccp-docker-opencontrail": "| 0 | 3 |   Shell   |",
        "stepler-draft": "| 0 | 2 |   Python   |",
        "spaced-armour-tests": "| 0 | 3 |   Python   |",
        "kostyor-fuelccp": "| 0 | 2 |   Python   |",
        "docker-openldap": "| 0 | 2 |   None   |",
        "environment-template": "| 0 | 3 |   Python   |",
        "Virtualization-Documentation": "| 0 | 0 |   PowerShell   |",
        "scale-scenarios": "| 0 | 6 |   Shell   |",
        "mcp-offline-model": "| 0 | 4 |   None   |",
        "NAC_esc_210": "| 0 | 1 |   Shell   |",
        "mcp-local-repo-model": "| 0 | 3 |   None   |",
        "contrail-third-party-cache-fixup": "| 0 | 0 |   None   |",
        "kubernetes-aws-model": "| 0 | 0 |   Shell   |",
        "heat-fragments": "| 0 | 0 |   Shell   |",
        "python-aptly": "| 0 | 0 |   Python   |",
        "python-flask-hello": "| 0 | 0 |   Makefile   |",
        "cvp-spt": "| 0 | 1 |   Python   |",
        "training-lab-salt-model": "| 0 | 0 |   None   |",
        "python-operations-api": "| 0 | 1 |   Python   |",
        "react-operations-ui": "| 0 | 1 |   JavaScript   |",
        "dtrbackup": "| 0 | 0 |   Shell   |",
        "certdump": "| 0 | 0 |   Go   |",
        "container.training": "| 0 | 0 |   Python   |",
        "docker-get-ucp-job-logs": "| 0 | 0 |   Shell   |",
        "gh-mass-commentor": "| 0 | 0 |   Python   |",
        "cvp-shaker": "| 0 | 0 |   Dockerfile   |",
        "netshoot": "| 0 | 1 |   Dockerfile   |",
        "k8srnd-sockshop-carts": "| 0 | 0 |   Java   |",
        "k8srnd-sockshop-front-end": "| 0 | 0 |   HTML   |",
        "k8srnd-sockshop-orders": "| 0 | 0 |   Java   |",
        "k8srnd-sockshop-queue-master": "| 0 | 0 |   Java   |",
        "k8srnd-sockshop-shipping": "| 0 | 0 |   Java   |",
        "k8srnd-sockshop-user": "| 0 | 0 |   Go   |",
        "cna-images": "| 0 | 0 |   Dockerfile   |",
        "testme": "| 0 | 0 |   None   |",
        "magma-argocd-apps": "| 0 | 1 |   Shell   |",
        "trailer": "| 0 | 1 |   Go   |",
        "mcc-salesforce-collector": "| 0 | 0 |   None   |",
        "atsea-sample-shop-app": "| 0 | 0 |   Java   |",
        "vol-test": "| 0 | 0 |   None   |",
        "cli": "| 0 | 1 |   None   |",
        "libkv": "| 0 | 1 |   Go   |",
        "compose-on-kubernetes": "| 0 | 4 |   None   |",
        "libnetwork": "| 0 | 1 |   Go   |",
        "prodsec": "| 0 | 0 |   None   |",
        "oscalkit": "| 0 | 1 |   Go   |",
        "mosk-triliovault": "| 0 | 2 |   Shell   |",
        "mcc-api": "| 0 | 0 |   Go   |",
        "openstack-refapp": "| 0 | 0 |   HCL   |",
        "kubernetes-cluster-info": "| 0 | 0 |   Shell   |",
        "offline-msr": "| 0 | 0 |   Shell   |",
        "terraform-provider-launchpad": "| 0 | 2 |   Go   |",
        "terraform-provider-mke": "| 0 | 1 |   Go   |"
    }
}