{
    "company": "Moment.js",
    "h-index": 6,
    "repo count": 7,
    "contributor count": 843,
    "size": "todo",
    "employee count": "todo",
    "country": null,
    "top language": "JavaScript",
    "repos": {
        "moment": "| 47361 | 7138 |   JavaScript   |",
        "luxon": "| 13889 | 722 |   JavaScript   |",
        "moment-timezone": "| 3733 | 846 |   JavaScript   |",
        "momentjs.com": "| 628 | 847 |   JavaScript   |",
        "moment-cldr": "| 14 | 10 |   JavaScript   |",
        "moment-rfcs": "| 6 | 5 |   None   |",
        "env_tests": "| 1 | 1 |   JavaScript   |"
    }
}