{
    "company": "MUI",
    "h-index": 9,
    "repo count": 12,
    "contributor count": 717,
    "size": "todo",
    "employee count": "todo",
    "country": "Global",
    "top language": "TypeScript",
    "repos": {
        "material-ui": "| 86622 | 29789 |   TypeScript   |",
        "mui-x": "| 2714 | 637 |   TypeScript   |",
        "material-ui-pickers": "| 2318 | 845 |   TypeScript   |",
        "mui-toolpad": "| 316 | 54 |   TypeScript   |",
        "material-ui-docs": "| 274 | 57 |   JavaScript   |",
        "mui-design-kits": "| 55 | 9 |   None   |",
        "mui-public": "| 40 | 6 |   TypeScript   |",
        "tech-challenge-full-stack": "| 20 | 0 |   TypeScript   |",
        "tech-challenge-react": "| 18 | 4 |   JavaScript   |",
        "tech-challenge-design-engineer": "| 8 | 1 |   TypeScript   |",
        ".github": "| 2 | 2 |   None   |",
        "mui-docs": "| 1 | 0 |   None   |"
    }
}