{
    "company": "NAVER",
    "h-index": 59,
    "repo count": 227,
    "contributor count": 1484,
    "size": "todo",
    "employee count": "todo",
    "country": "Republic of Korea",
    "top language": "Python",
    "repos": {
        "billboard.js": "| 5524 | 363 |   TypeScript   |",
        "fe-news": "| 4265 | 241 |   None   |",
        "egjs-flicking": "| 2346 | 121 |   TypeScript   |",
        "d2codingfont": "| 1751 | 186 |   None   |",
        "ngrinder": "| 1714 | 452 |   Java   |",
        "egjs-infinitegrid": "| 1617 | 86 |   TypeScript   |",
        "egjs": "| 911 | 84 |   JavaScript   |",
        "sqlova": "| 612 | 168 |   Python   |",
        "biobert-pretrained": "| 587 | 81 |   None   |",
        "deep-image-retrieval": "| 569 | 95 |   Python   |",
        "r2d2": "| 391 | 76 |   Python   |",
        "egjs-view360": "| 387 | 70 |   TypeScript   |",
        "yobi": "| 380 | 137 |   Java   |",
        "kapture": "| 341 | 57 |   Python   |",
        "scavenger": "| 325 | 32 |   Java   |",
        "android-pull-to-refresh": "| 316 | 86 |   Java   |",
        "splade": "| 316 | 48 |   Python   |",
        "lucy-xss-filter": "| 304 | 90 |   HTML   |",
        "lispe": "| 298 | 7 |   C   |",
        "arcus": "| 296 | 82 |   Shell   |",
        "fixture-monkey": "| 286 | 36 |   Java   |",
        "android-imagecropview": "| 246 | 56 |   Java   |",
        "smarteditor2": "| 228 | 154 |   JavaScript   |",
        "lucy-xss-servlet-filter": "| 224 | 69 |   Java   |",
        "claf": "| 216 | 36 |   Python   |",
        "egjs-grid": "| 215 | 14 |   TypeScript   |",
        "spring-jdbc-plus": "| 203 | 29 |   Java   |",
        "eslint-config-naver": "| 202 | 52 |   JavaScript   |",
        "kapture-localization": "| 199 | 37 |   Python   |",
        "tamgu": "| 178 | 13 |   C++   |",
        "kor2vec": "| 177 | 29 |   Python   |",
        "nanumfont": "| 170 | 16 |   None   |",
        "nbase-arc": "| 167 | 38 |   C   |",
        "nlp-challenge": "| 164 | 69 |   Python   |",
        "roma": "| 159 | 8 |   Python   |",
        "egjs-axes": "| 146 | 27 |   TypeScript   |",
        "cgd": "| 140 | 13 |   Python   |",
        "egjs-view3d": "| 136 | 19 |   TypeScript   |",
        "volley-extensions": "| 134 | 35 |   Java   |",
        "hackday-conventions-java": "| 130 | 169 |   None   |",
        "grabcutios": "| 117 | 28 |   C++   |",
        "sling": "| 117 | 6 |   C++   |",
        "naver-openapi-guide": "| 113 | 85 |   CSS   |",
        "gdc": "| 109 | 21 |   Python   |",
        "tldr": "| 109 | 3 |   Python   |",
        "fire": "| 107 | 6 |   Python   |",
        "naveridlogin-sdk-android": "| 96 | 29 |   Kotlin   |",
        "egjs-agent": "| 91 | 17 |   TypeScript   |",
        "dope": "| 90 | 22 |   Python   |",
        "searchad-apidoc": "| 87 | 78 |   Java   |",
        "egjs-conveyer": "| 82 | 7 |   TypeScript   |",
        "guitar": "| 77 | 20 |   AutoIt   |",
        "imagestabilizer": "| 76 | 20 |   C++   |",
        "cfcs": "| 73 | 4 |   TypeScript   |",
        "spring-batch-plus": "| 72 | 7 |   Kotlin   |",
        "arcus-memcached": "| 68 | 52 |   C   |",
        "PoseGPT": "| 66 | 2 |   Python   |",
        "svc": "| 62 | 10 |   Kotlin   |",
        "storybook-addon-preview": "| 62 | 8 |   TypeScript   |",
        "cover-checker": "| 59 | 14 |   Java   |",
        "clova-face-kit": "| 57 | 8 |   None   |",
        "egjs-list-differ": "| 56 | 3 |   TypeScript   |",
        "hubblemon": "| 54 | 24 |   Python   |",
        "rye": "| 54 | 10 |   C   |",
        "egjs-flicking-plugins": "| 53 | 10 |   TypeScript   |",
        "egjs-visible": "| 52 | 8 |   HTML   |",
        "egjs-imready": "| 51 | 6 |   TypeScript   |",
        "aqm-plus": "| 50 | 21 |   Python   |",
        "zeplin-flutter-gen": "| 49 | 5 |   JavaScript   |",
        "naveridlogin-sdk-ios": "| 47 | 26 |   Objective-C   |",
        "jindojs-jindo": "| 43 | 9 |   JavaScript   |",
        "isometrizer": "| 43 | 5 |   TypeScript   |",
        "arcus-java-client": "| 42 | 42 |   Java   |",
        "prismlivestudio": "| 41 | 20 |   C++   |",
        "disco": "| 41 | 2 |   Python   |",
        "react-sample-code": "| 39 | 34 |   JavaScript   |",
        "covid19-nmt": "| 39 | 9 |   Python   |",
        "kaist-oss-course": "| 38 | 9 |   None   |",
        "hadoop": "| 38 | 28 |   Java   |",
        "graphql-dataloader-mongoose": "| 38 | 3 |   TypeScript   |",
        "passport-naver": "| 37 | 13 |   JavaScript   |",
        "hammer.js": "| 37 | 7 |   JavaScript   |",
        "egjs-persist": "| 37 | 10 |   JavaScript   |",
        "artemis": "| 36 | 4 |   Python   |",
        "garnet": "| 34 | 4 |   Python   |",
        "android-utilset": "| 32 | 6 |   Java   |",
        "egjs-component": "| 32 | 10 |   TypeScript   |",
        "cafe-sdk-unity": "| 31 | 12 |   None   |",
        "image-maps": "| 31 | 18 |   JavaScript   |",
        "reflect": "| 31 | 9 |   C++   |",
        "posebert": "| 31 | 4 |   Python   |",
        "pump": "| 31 | 3 |   Python   |",
        "naverspeech-sdk-ios": "| 30 | 8 |   Swift   |",
        "naver-spring-batch-ex": "| 29 | 3 |   Java   |",
        "whale-browser-developers": "| 28 | 3 |   None   |",
        "image-sprite-webpack-plugin": "| 28 | 4 |   JavaScript   |",
        "ai-hackathon": "| 27 | 8 |   Python   |",
        "posescript": "| 26 | 6 |   Python   |",
        "react-native-image-modifier": "| 23 | 2 |   Java   |",
        "cog": "| 23 | 0 |   Python   |",
        "egjs-children-differ": "| 22 | 2 |   TypeScript   |",
        "croco": "| 22 | 0 |   Python   |",
        "auto-async-wrap": "| 21 | 0 |   JavaScript   |",
        "popeval": "| 19 | 7 |   Python   |",
        "svngit": "| 18 | 6 |   Java   |",
        "egjs-jquery-transform": "| 18 | 2 |   JavaScript   |",
        "ngrinder-recorder": "| 17 | 8 |   Java   |",
        "arcus-spring": "| 17 | 15 |   Java   |",
        "naverspeech-sdk-android": "| 17 | 24 |   None   |",
        "mei-sdk-android": "| 17 | 7 |   Java   |",
        "oasis": "| 17 | 3 |   Python   |",
        "jindojs-jmc": "| 16 | 1 |   HTML   |",
        "p2pcp": "| 16 | 1 |   Go   |",
        "arcus-python-client": "| 15 | 10 |   Python   |",
        "cafe-sdk-android": "| 15 | 9 |   None   |",
        "cafe-sdk-ios": "| 15 | 9 |   Objective-C   |",
        "graphql-server-boilerplate": "| 15 | 3 |   TypeScript   |",
        "mesh-simplifier": "| 15 | 1 |   TypeScript   |",
        "usher": "| 14 | 0 |   Java   |",
        "mattermost-migration": "| 14 | 1 |   Java   |",
        "egjs-jquery-pauseresume": "| 14 | 1 |   JavaScript   |",
        "jsdoc-to-mdx": "| 14 | 3 |   TypeScript   |",
        "jindojs-jc": "| 13 | 4 |   JavaScript   |",
        "attention-dialog-embedding": "| 13 | 8 |   Python   |",
        "svc-template": "| 13 | 2 |   FreeMarker   |",
        "orbital.js": "| 13 | 2 |   JavaScript   |",
        "arcus-c-client": "| 12 | 15 |   C++   |",
        "egjs-rotate": "| 12 | 5 |   JavaScript   |",
        "force": "| 12 | 1 |   Python   |",
        "i18n-Lens": "| 12 | 0 |   TypeScript   |",
        "androidjnipp": "| 11 | 8 |   Python   |",
        "clova-extension-sample-magicball": "| 11 | 4 |   Go   |",
        "jta-sample": "| 11 | 8 |   Java   |",
        "domainshift-prediction": "| 11 | 1 |   Python   |",
        "universal-analytics-java": "| 10 | 6 |   Java   |",
        "babel-plugin-no-side-effect-class-properties": "| 10 | 0 |   JavaScript   |",
        "openwhisk-vscode-extension": "| 10 | 5 |   TypeScript   |",
        "cctv": "| 10 | 2 |   Python   |",
        "deview2014-androidApp-demo": "| 9 | 11 |   Java   |",
        "ngrinder-plugins": "| 9 | 3 |   Java   |",
        "openwhisk-intellij-plugin": "| 9 | 2 |   Java   |",
        "naver-pyclick": "| 9 | 3 |   Python   |",
        "trex": "| 9 | 0 |   Python   |",
        "relis": "| 9 | 0 |   Python   |",
        "arcus-zookeeper": "| 8 | 12 |   Java   |",
        "egjs-jsdoc-template": "| 8 | 3 |   JavaScript   |",
        "egjs-experiment": "| 8 | 1 |   JavaScript   |",
        "dcmm": "| 8 | 0 |   Python   |",
        "egjs-view3d-editor": "| 8 | 3 |   CSS   |",
        "rotatableview": "| 7 | 0 |   Java   |",
        "date-period-picker": "| 7 | 1 |   JavaScript   |",
        "java-optionalbp": "| 7 | 0 |   Java   |",
        "clova-extension-sample-dice": "| 7 | 7 |   JavaScript   |",
        "prototype-minify": "| 7 | 1 |   JavaScript   |",
        "qadiver": "| 7 | 3 |   Python   |",
        "discovery-zookeeper": "| 7 | 2 |   Java   |",
        "nextjs-boilerplate": "| 7 | 4 |   TypeScript   |",
        "typedoc-to-mdx": "| 7 | 1 |   TypeScript   |",
        "cafe-sdk-unreal": "| 6 | 7 |   C++   |",
        "androidpp": "| 6 | 5 |   C++   |",
        "clova-ai-apis-doc": "| 6 | 2 |   CSS   |",
        "protonow": "| 6 | 5 |   C#   |",
        "lcrnet-v2-improved-ppi": "| 6 | 2 |   Python   |",
        "navergame-sdk-unity": "| 6 | 0 |   None   |",
        "aries-framework-swift": "| 6 | 0 |   Swift   |",
        "devcenter-open-project-migration": "| 5 | 3 |   Python   |",
        "webkit-android-libraries": "| 5 | 7 |   Assembly   |",
        "webgraphics": "| 5 | 2 |   C++   |",
        "gobench2xml": "| 5 | 0 |   Go   |",
        "clova-extension-sample-rainsound": "| 5 | 5 |   JavaScript   |",
        "security-advisory": "| 5 | 1 |   CSS   |",
        "nam-sdk-android": "| 5 | 0 |   Java   |",
        "hypersar": "| 5 | 2 |   Python   |",
        "ms-marco-shift": "| 5 | 0 |   Jupyter Notebook   |",
        "dist-shift-click-models": "| 5 | 0 |   Python   |",
        "arcus-hubble": "| 4 | 8 |   JavaScript   |",
        "arcus-python2-client": "| 4 | 2 |   Python   |",
        "hammerjs-compatible": "| 4 | 3 |   JavaScript   |",
        "webkit": "| 4 | 2 |   None   |",
        "ngx_http_extended_status_module": "| 4 | 2 |   C   |",
        "billboard.js-playground": "| 4 | 5 |   JavaScript   |",
        "clova-extension-sample-coinhelper": "| 4 | 3 |   Go   |",
        "PyCQuery": "| 4 | 1 |   Python   |",
        "expohedron": "| 4 | 0 |   Python   |",
        "gems": "| 4 | 2 |   Python   |",
        "nhnopensource.maven.repo": "| 3 | 4 |   None   |",
        "arcus-misc": "| 3 | 10 |   Java   |",
        "arcus-cpp-client": "| 3 | 3 |   C++   |",
        "cafe-sdk-cocos2dx": "| 3 | 4 |   Objective-C   |",
        "WinCairoRequirements": "| 3 | 1 |   C   |",
        "generator-egjs": "| 3 | 2 |   JavaScript   |",
        "dialogwae": "| 3 | 6 |   OpenEdge ABL   |",
        "react-ssr-boilerplate": "| 3 | 2 |   JavaScript   |",
        "webkit-extensions": "| 2 | 2 |   C++   |",
        "jindo-to-jquery": "| 2 | 0 |   JavaScript   |",
        "clova-chatbot-user-guide": "| 2 | 0 |   CSS   |",
        "clova-custom-extension-developer-guide": "| 2 | 1 |   CSS   |",
        "navergame-sdk-ios": "| 2 | 0 |   None   |",
        "deview2021-avplayer-demo": "| 2 | 0 |   Swift   |",
        "nam-sdk-ios": "| 2 | 3 |   Objective-C   |",
        "feast-hive": "| 2 | 0 |   Python   |",
        "grinder-patch": "| 1 | 2 |   Java   |",
        "arcus-ruby-client": "| 1 | 2 |   Ruby   |",
        "jquery": "| 1 | 0 |   JavaScript   |",
        "checkstyle": "| 1 | 1 |   Java   |",
        "iscroll": "| 1 | 2 |   JavaScript   |",
        "spectacle": "| 1 | 2 |   JavaScript   |",
        "jaudiotagger-naver": "| 1 | 0 |   Java   |",
        "glad-sdk-web": "| 1 | 1 |   None   |",
        "radio-group-container": "| 1 | 1 |   Swift   |",
        "naver-jarjar": "| 1 | 0 |   Java   |",
        "nam-sdk-web": "| 1 | 1 |   None   |",
        "auidoc": "| 0 | 2 |   JavaScript   |",
        "outlayer": "| 0 | 0 |   JavaScript   |",
        "builtwith.angularjs.org": "| 0 | 1 |   HTML   |",
        "sizzle": "| 0 | 1 |   JavaScript   |",
        "marksy": "| 0 | 0 |   JavaScript   |",
        "clova-client-developer-guide": "| 0 | 3 |   HTML   |",
        "clova-home-extension-developer-guide": "| 0 | 0 |   Shell   |",
        "navergame-sdk-android": "| 0 | 1 |   None   |",
        "navergame-sdk-cocos2dx": "| 0 | 0 |   C++   |",
        "navergame-sdk-unreal": "| 0 | 0 |   None   |",
        "naver-jcl": "| 0 | 0 |   Java   |",
        "indy-sdk": "| 0 | 1 |   Rust   |",
        "qrs": "| 0 | 0 |   Shell   |",
        "ntracker-sdk-android": "| 0 | 0 |   None   |",
        "ntracker-sdk-ios": "| 0 | 0 |   C++   |"
    }
}