{
    "company": "NCC Group Plc",
    "h-index": 96,
    "repo count": 259,
    "contributor count": 701,
    "size": "todo",
    "employee count": "todo",
    "country": "Global",
    "top language": "Python",
    "repos": {
        "ScoutSuite": "| 5337 | 887 |   Python   |",
        "Scout2": "| 1723 | 313 |   Python   |",
        "Winpayloads": "| 1480 | 360 |   Python   |",
        "sobelow": "| 1463 | 88 |   Elixir   |",
        "demiguise": "| 1296 | 256 |   Python   |",
        "PMapper": "| 1223 | 157 |   Python   |",
        "house": "| 1223 | 204 |   JavaScript   |",
        "redsnarf": "| 1178 | 255 |   PowerShell   |",
        "featherduster": "| 1026 | 142 |   Python   |",
        "singularity": "| 884 | 124 |   JavaScript   |",
        "SocksOverRDP": "| 866 | 174 |   C++   |",
        "AutoRepeater": "| 728 | 101 |   Java   |",
        "exploit_mitigations": "| 717 | 93 |   None   |",
        "ABPTTS": "| 686 | 156 |   Python   |",
        "aws-inventory": "| 669 | 126 |   Python   |",
        "BurpSuiteHTTPSmuggler": "| 649 | 105 |   Java   |",
        "fuzzowski": "| 633 | 103 |   Python   |",
        "Sniffle": "| 632 | 97 |   C   |",
        "nmap-nse-vulnerability-scripts": "| 615 | 62 |   Lua   |",
        "nccfsas": "| 585 | 115 |   C   |",
        "TriforceAFL": "| 583 | 138 |   C   |",
        "dirble": "| 577 | 84 |   Rust   |",
        "freddy": "| 563 | 105 |   Java   |",
        "LoggerPlusPlus": "| 541 | 145 |   Java   |",
        "phantap": "| 534 | 77 |   C   |",
        "tracy": "| 532 | 73 |   JavaScript   |",
        "azucar": "| 523 | 106 |   PowerShell   |",
        "sadcloud": "| 509 | 73 |   HCL   |",
        "Cyber-Defence": "| 468 | 105 |   Python   |",
        "VCG": "| 451 | 105 |   Visual Basic .NET   |",
        "wssip": "| 419 | 73 |   JavaScript   |",
        "autochrome": "| 403 | 79 |   HTML   |",
        "scrying": "| 373 | 47 |   Rust   |",
        "CrossSiteContentHijacking": "| 372 | 100 |   HTML   |",
        "Solitude": "| 371 | 28 |   CSS   |",
        "autopwn": "| 367 | 98 |   Python   |",
        "blackboxprotobuf": "| 367 | 63 |   Python   |",
        "vlan-hopping---frogger": "| 340 | 97 |   Shell   |",
        "DriverBuddy": "| 333 | 76 |   Python   |",
        "shocker": "| 320 | 95 |   Python   |",
        "WMIcmd": "| 317 | 85 |   C#   |",
        "idahunt": "| 312 | 60 |   Python   |",
        "umap": "| 263 | 60 |   Python   |",
        "metasploitavevasion": "| 255 | 93 |   Shell   |",
        "keimpx": "| 253 | 66 |   Python   |",
        "acCOMplice": "| 248 | 42 |   PowerShell   |",
        "SusanRTTI": "| 240 | 49 |   Python   |",
        "UPnP-Pentest-Toolkit": "| 239 | 61 |   C#   |",
        "umap2": "| 227 | 72 |   Python   |",
        "G-Scout": "| 224 | 53 |   Python   |",
        "cisco-SNMP-enumeration": "| 215 | 79 |   Shell   |",
        "asatools": "| 214 | 56 |   Shell   |",
        "GTFOBLookup": "| 197 | 37 |   Python   |",
        "AWS-recipes": "| 194 | 74 |   Python   |",
        "thetick": "| 193 | 37 |   Python   |",
        "kube-auto-analyzer": "| 192 | 26 |   HTML   |",
        "depthcharge": "| 187 | 14 |   Python   |",
        "TPMGenie": "| 186 | 22 |   C++   |",
        "BinProxy": "| 169 | 49 |   Ruby   |",
        "BKScan": "| 167 | 20 |   Shell   |",
        "typofinder": "| 165 | 43 |   Python   |",
        "TriforceLinuxSyscallFuzzer": "| 165 | 63 |   C   |",
        "pybeacon": "| 164 | 27 |   Python   |",
        "BLESuite": "| 159 | 39 |   Python   |",
        "tcpprox": "| 156 | 54 |   Python   |",
        "chuckle": "| 153 | 51 |   Shell   |",
        "LazyDroid": "| 150 | 35 |   Shell   |",
        "DetectWindowsCopyOnWriteForAPI": "| 150 | 28 |   C++   |",
        "gitpwnd": "| 137 | 34 |   Python   |",
        "whalescan": "| 136 | 25 |   Python   |",
        "CollaboratorPlusPlus": "| 134 | 23 |   Java   |",
        "Decoder-Improved": "| 133 | 33 |   Java   |",
        "OutlookLeakTest": "| 131 | 27 |   C#   |",
        "requests-racer": "| 131 | 16 |   Python   |",
        "port-scan-automation": "| 129 | 108 |   Shell   |",
        "Carnivore": "| 129 | 23 |   C#   |",
        "Wubes": "| 127 | 10 |   Python   |",
        "Hodor": "| 125 | 37 |   Python   |",
        "Change-Lockscreen": "| 123 | 17 |   C#   |",
        "Zulu": "| 122 | 41 |   Python   |",
        "WinShareEnum": "| 120 | 24 |   C#   |",
        "memscan": "| 118 | 28 |   C#   |",
        "argumentinjectionhammer": "| 111 | 22 |   Python   |",
        "GOATCasino": "| 110 | 27 |   JavaScript   |",
        "OneLogicalMyth_Shell": "| 110 | 20 |   HTML   |",
        "DroppedConnection": "| 110 | 7 |   Python   |",
        "SCOMDecrypt": "| 108 | 20 |   C#   |",
        "ebpf": "| 107 | 16 |   Python   |",
        "WindowsDACLEnumProject": "| 105 | 44 |   C++   |",
        "BLE-Replay": "| 103 | 25 |   Python   |",
        "go-pillage-registries": "| 102 | 11 |   Go   |",
        "DIBF": "| 100 | 30 |   C++   |",
        "DatajackProxy": "| 100 | 15 |   JavaScript   |",
        "raccoon": "| 100 | 3 |   Python   |",
        "Berserko": "| 99 | 19 |   Java   |",
        "KilledProcessCanary": "| 99 | 12 |   C#   |",
        "jwt-reauth": "| 96 | 12 |   Java   |",
        "pcap-burp": "| 95 | 28 |   Java   |",
        "CVE-2017-8759": "| 94 | 51 |   None   |",
        "cloud_ip_ranges": "| 93 | 27 |   Python   |",
        "web3-decoder": "| 92 | 13 |   Python   |",
        "hashcrack": "| 89 | 28 |   Python   |",
        "ssh_user_enum": "| 88 | 30 |   Python   |",
        "asafw": "| 88 | 31 |   Shell   |",
        "RFTM": "| 86 | 25 |   HTML   |",
        "ConMachi": "| 82 | 14 |   Go   |",
        "ghostrings": "| 80 | 7 |   Java   |",
        "xendbg": "| 76 | 12 |   C++   |",
        "assethook": "| 73 | 19 |   Rust   |",
        "ncloader": "| 72 | 32 |   C   |",
        "WebFEET": "| 72 | 13 |   PHP   |",
        "cachegrab": "| 72 | 19 |   C   |",
        "log4j-jndi-be-gone": "| 72 | 16 |   Java   |",
        "asadbg": "| 70 | 36 |   Python   |",
        "s3_objects_check": "| 70 | 13 |   Python   |",
        "IODIDE": "| 69 | 37 |   HTML   |",
        "WindowsJobLock": "| 67 | 19 |   None   |",
        "Fenrir": "| 66 | 15 |   C#   |",
        "mnemosyne": "| 66 | 19 |   C#   |",
        "ransomware-simulator": "| 65 | 26 |   C#   |",
        "SSHession": "| 63 | 17 |   Python   |",
        "nOBEX": "| 62 | 16 |   Python   |",
        "VulnerableDotNetHTTPRemoting": "| 62 | 22 |   C#   |",
        "loki": "| 60 | 9 |   C#   |",
        "psr": "| 60 | 8 |   C++   |",
        "FrisbeeLite": "| 59 | 12 |   None   |",
        "Winstrument": "| 59 | 10 |   Python   |",
        "IP-reputation-snort-rule-generator": "| 56 | 14 |   Perl   |",
        "proxmark3-amiimicyou": "| 56 | 12 |   C   |",
        "Cisco-SNMP-Slap": "| 54 | 16 |   Python   |",
        "PS2": "| 54 | 7 |   PowerShell   |",
        "ncccodenavi": "| 53 | 10 |   C#   |",
        "ICPin": "| 52 | 11 |   C++   |",
        "easyda": "| 51 | 18 |   Shell   |",
        "Royal_APT": "| 51 | 11 |   Python   |",
        "binja_explain_instruction": "| 50 | 10 |   Python   |",
        "freebsd-kernel-module-rust": "| 49 | 1 |   Rust   |",
        "lapith": "| 47 | 13 |   Python   |",
        "insject": "| 45 | 3 |   Rust   |",
        "TriforceOpenBSDFuzzer": "| 44 | 18 |   C   |",
        "pip3line": "| 43 | 8 |   C++   |",
        "memgrep": "| 42 | 15 |   C++   |",
        "Extractor": "| 42 | 11 |   Java   |",
        "Untrue": "| 40 | 13 |   C#   |",
        "The_Automotive_Threat_Modeling_Template": "| 40 | 21 |   None   |",
        "libptmalloc": "| 39 | 7 |   Python   |",
        "HTTPSignatures": "| 39 | 8 |   Java   |",
        "ML-for-RNGs": "| 35 | 18 |   Jupyter Notebook   |",
        "BLEBoy": "| 34 | 6 |   C++   |",
        "clickjacking-poc": "| 34 | 10 |   Go   |",
        "UninstalledAppCanary": "| 34 | 7 |   None   |",
        "WhoWasI": "| 33 | 9 |   C#   |",
        "holepuncher": "| 33 | 11 |   Shell   |",
        "jmxbf": "| 33 | 12 |   Java   |",
        "xcavator": "| 32 | 10 |   Python   |",
        "dotnetpaddingoracle": "| 30 | 10 |   Python   |",
        "scenester": "| 30 | 5 |   Java   |",
        "CECster": "| 30 | 8 |   Python   |",
        "glasgo": "| 29 | 4 |   Go   |",
        "SFPolDevChk": "| 29 | 4 |   Python   |",
        "AMFDSer-ngng": "| 28 | 11 |   Java   |",
        "WCFDSer-ngng": "| 28 | 16 |   Java   |",
        "BLESuite-CLI": "| 28 | 11 |   Python   |",
        "call_map": "| 28 | 6 |   Python   |",
        "nlist": "| 28 | 7 |   Lua   |",
        "WindowsMemPageDelta": "| 26 | 5 |   C++   |",
        "shouganaiyo-loader": "| 26 | 3 |   JavaScript   |",
        "creep-web-app-scanner": "| 25 | 17 |   Shell   |",
        "Sleipnir": "| 25 | 11 |   C#   |",
        "binja_sensei": "| 25 | 6 |   Python   |",
        "binja_dynamics": "| 25 | 6 |   Python   |",
        "cmakerer": "| 25 | 12 |   Python   |",
        "wstalker": "| 24 | 9 |   Go   |",
        "opinel": "| 23 | 19 |   Python   |",
        "JDSer-ngng": "| 23 | 15 |   Java   |",
        "libdlmalloc": "| 23 | 7 |   Python   |",
        "obfuscation-snippets": "| 23 | 5 |   Python   |",
        "WindowsFirewallHookDriverEnumeration": "| 21 | 7 |   Python   |",
        "vbrute": "| 20 | 10 |   Shell   |",
        "ImpossibleTravelLogAnalysis": "| 20 | 3 |   Python   |",
        "grepify": "| 19 | 9 |   C#   |",
        "tybocer": "| 19 | 2 |   C#   |",
        "pythia": "| 19 | 7 |   Python   |",
        "Threat-Intelligence-Alerts": "| 19 | 4 |   None   |",
        "mimikatz-detector-condrv": "| 19 | 4 |   C++   |",
        "WindowsPatchDetector": "| 18 | 10 |   C++   |",
        "RFC-Security-Research": "| 18 | 2 |   HTML   |",
        "mimikatz-detector-busylight": "| 18 | 1 |   C   |",
        "EDIDFuzzer": "| 17 | 6 |   None   |",
        "diskwalker": "| 17 | 7 |   Python   |",
        "yaml2yara": "| 17 | 2 |   HTML   |",
        "dapr": "| 17 | 8 |   TypeScript   |",
        "rustproofing-linux": "| 17 | 2 |   Rust   |",
        "readable-thrift": "| 16 | 12 |   Java   |",
        "encoderama": "| 16 | 4 |   Go   |",
        "firstexecution": "| 15 | 11 |   C++   |",
        "fat-finger": "| 15 | 6 |   Lua   |",
        "WindowClicker": "| 15 | 6 |   Visual Basic   |",
        "yocto-whitepaper-examples": "| 15 | 5 |   Python   |",
        "abstractshimmer": "| 15 | 4 |   Go   |",
        "GrepifyProfiles": "| 14 | 4 |   None   |",
        "pairing": "| 14 | 5 |   Rust   |",
        "memaddressanalysis": "| 13 | 8 |   Shell   |",
        "libtalloc": "| 13 | 5 |   Python   |",
        "hostresolver": "| 12 | 3 |   Visual Basic   |",
        "lightweight_static_analysis": "| 12 | 4 |   Python   |",
        "pairing-bls12381": "| 12 | 4 |   Haskell   |",
        "JA3_outlier": "| 12 | 3 |   Jupyter Notebook   |",
        "dotnetpefuzzing": "| 11 | 6 |   None   |",
        "burp-reflux": "| 11 | 4 |   None   |",
        "Watson": "| 11 | 7 |   C   |",
        "Mortimer": "| 10 | 10 |   Python   |",
        "SetCookieAnalysisInBrowsers": "| 10 | 8 |   CSS   |",
        "libmempool": "| 10 | 6 |   Python   |",
        "Splunking-Crime": "| 10 | 11 |   Python   |",
        "cq": "| 10 | 1 |   Python   |",
        "autoserve": "| 9 | 5 |   Python   |",
        "hwsecuritybingo": "| 9 | 1 |   Python   |",
        "nlahoney": "| 9 | 1 |   C   |",
        "whitebox": "| 8 | 5 |   C   |",
        "winauthlib": "| 8 | 3 |   C#   |",
        "44Con2013Game": "| 8 | 1 |   Python   |",
        "DNSHighJackMonitoring": "| 8 | 1 |   Python   |",
        "listips": "| 8 | 3 |   Shell   |",
        "lendal": "| 7 | 1 |   None   |",
        "matt.net": "| 7 | 2 |   None   |",
        "threat-modeling-templates": "| 7 | 4 |   None   |",
        "zipdefrag": "| 7 | 4 |   Rust   |",
        "thingernet-graph": "| 6 | 4 |   Python   |",
        "binja_arch_ref": "| 6 | 3 |   Python   |",
        "BurpImportSitemap": "| 6 | 6 |   Java   |",
        "nsdp-discover": "| 6 | 3 |   Lua   |",
        "nccgroup.github.io": "| 5 | 0 |   None   |",
        "NCCOpenSourcePolicy": "| 5 | 1 |   None   |",
        "gists": "| 5 | 2 |   None   |",
        "draft-irtf-cfrg-vrf-06": "| 5 | 3 |   Python   |",
        "liblapith": "| 4 | 3 |   Python   |",
        "Baskerville": "| 4 | 4 |   Shell   |",
        "GoogleAuthenticator": "| 4 | 4 |   PHP   |",
        "django-passwords": "| 4 | 2 |   Python   |",
        "openssl": "| 4 | 3 |   C   |",
        "cryptopals-py": "| 4 | 0 |   Python   |",
        "PHPQRCode": "| 3 | 2 |   PHP   |",
        "reactor": "| 3 | 2 |   Python   |",
        "pasta-curves": "| 3 | 2 |   Haskell   |",
        "ccs": "| 3 | 0 |   Python   |",
        "joern": "| 2 | 0 |   Java   |",
        "rumprun": "| 2 | 0 |   C   |",
        "uninstallable": "| 2 | 2 |   Python   |",
        "django-ses": "| 1 | 0 |   Python   |",
        "formal_np1sec": "| 1 | 1 |   Python   |",
        "saml-idp": "| 1 | 0 |   HTML   |",
        "src-netbsd": "| 1 | 0 |   None   |",
        "buildrump.sh": "| 1 | 0 |   C   |",
        "ataraxy": "| 1 | 0 |   HTML   |",
        "node-saml": "| 0 | 0 |   JavaScript   |",
        "drb-rb": "| 0 | 0 |   Ruby   |",
        "ruby-trace": "| 0 | 1 |   JavaScript   |",
        "remarkjs-ncc": "| 0 | 0 |   JavaScript   |"
    }
}