{
    "company": "nCino, Inc.",
    "h-index": 2,
    "repo count": 18,
    "contributor count": 842,
    "size": "todo",
    "employee count": "todo",
    "country": "Wilmington, NC",
    "top language": "JavaScript",
    "repos": {
        "python-apex-log-parser": "| 2 | 2 |   Python   |",
        "quack-scan": "| 2 | 0 |   None   |",
        "KeyTable": "| 1 | 0 |   JavaScript   |",
        "haml-js": "| 1 | 0 |   JavaScript   |",
        "Force.com-JavaScript-REST-Toolkit": "| 1 | 0 |   JavaScript   |",
        "simple-salesforce": "| 1 | 0 |   Python   |",
        "bootstrap": "| 0 | 1 |   JavaScript   |",
        "node-jscoverage": "| 0 | 0 |   C++   |",
        "js-assessment": "| 0 | 1 |   JavaScript   |",
        "jasmine-phantom-node": "| 0 | 0 |   JavaScript   |",
        "jasmine-jquery": "| 0 | 0 |   JavaScript   |",
        "packagebuilder": "| 0 | 0 |   JavaScript   |",
        "design-system": "| 0 | 0 |   JavaScript   |",
        "Font-Awesome": "| 0 | 1 |   HTML   |",
        "jquery-validation": "| 0 | 0 |   JavaScript   |",
        "animate.css": "| 0 | 0 |   CSS   |",
        "active_force": "| 0 | 0 |   Ruby   |",
        "circle-stats": "| 0 | 0 |   Python   |"
    }
}