{
    "company": "NCSOFT",
    "h-index": 12,
    "repo count": 31,
    "contributor count": 208,
    "size": "todo",
    "employee count": "todo",
    "country": "Seoul, Korea",
    "top language": "C++",
    "repos": {
        "Unreal.js": "| 3457 | 334 |   None   |",
        "Unreal.js-core": "| 245 | 106 |   C++   |",
        "React-UMG": "| 241 | 35 |   JavaScript   |",
        "avocodo": "| 127 | 18 |   Python   |",
        "Unreal.js-demo": "| 116 | 36 |   JavaScript   |",
        "promotionImpact": "| 43 | 7 |   R   |",
        "rotated-box-is-back": "| 30 | 3 |   C++   |",
        "rescue_drone_dataset": "| 30 | 0 |   None   |",
        "PCM-A10-SSL": "| 28 | 0 |   None   |",
        "drone-robust-gender-classification": "| 27 | 0 |   None   |",
        "oss-basic-training": "| 18 | 5 |   None   |",
        "v8": "| 17 | 15 |   C++   |",
        "osc-enterprise-ko": "| 12 | 8 |   None   |",
        "ncstreamer": "| 9 | 8 |   C++   |",
        "wamp-scala": "| 7 | 0 |   Scala   |",
        "ncnlp": "| 6 | 1 |   SCSS   |",
        "ncstreamer-remote": "| 5 | 3 |   C++   |",
        "PurpleLive": "| 5 | 4 |   C++   |",
        "Sound-Source-Localization": "| 5 | 0 |   None   |",
        "mpWAV-Sound-Source-Localization": "| 5 | 0 |   None   |",
        "Unreal.js-packages": "| 3 | 7 |   None   |",
        "bns2-fonts": "| 3 | 0 |   None   |",
        "timesuperin": "| 2 | 3 |   R   |",
        "TimeCriticalResponse": "| 2 | 0 |   None   |",
        "ParameterizedMotion": "| 1 | 0 |   None   |",
        "harim_plus": "| 1 | 1 |   None   |",
        "test-me": "| 0 | 0 |   None   |",
        "human_tracking_dataset": "| 0 | 0 |   None   |",
        "FoCus": "| 0 | 0 |   None   |",
        "FUTR": "| 0 | 0 |   None   |",
        "StyleBART": "| 0 | 0 |   None   |"
    }
}