{
    "company": "nestjs",
    "h-index": 36,
    "repo count": 37,
    "contributor count": 1327,
    "size": "todo",
    "employee count": "todo",
    "country": null,
    "top language": "TypeScript",
    "repos": {
        "nest": "| 56515 | 6878 |   TypeScript   |",
        "awesome-nestjs": "| 7882 | 738 |   None   |",
        "nest-cli": "| 1614 | 324 |   TypeScript   |",
        "typeorm": "| 1572 | 170 |   TypeScript   |",
        "typescript-starter": "| 1533 | 859 |   TypeScript   |",
        "swagger": "| 1346 | 366 |   TypeScript   |",
        "graphql": "| 1281 | 333 |   TypeScript   |",
        "docs.nestjs.com": "| 871 | 1314 |   TypeScript   |",
        "cqrs": "| 709 | 135 |   TypeScript   |",
        "terminus": "| 556 | 82 |   TypeScript   |",
        "bull": "| 510 | 76 |   TypeScript   |",
        "jwt": "| 461 | 69 |   TypeScript   |",
        "throttler": "| 437 | 39 |   TypeScript   |",
        "ng-universal": "| 426 | 67 |   TypeScript   |",
        "passport": "| 419 | 98 |   TypeScript   |",
        "mongoose": "| 398 | 104 |   TypeScript   |",
        "config": "| 378 | 69 |   TypeScript   |",
        "serve-static": "| 349 | 39 |   TypeScript   |",
        "elasticsearch": "| 331 | 47 |   TypeScript   |",
        "schematics": "| 308 | 162 |   TypeScript   |",
        "mapped-types": "| 275 | 46 |   TypeScript   |",
        "schedule": "| 251 | 53 |   TypeScript   |",
        "sequelize": "| 174 | 21 |   TypeScript   |",
        "serverless-core-deprecated": "| 169 | 6 |   TypeScript   |",
        "axios": "| 153 | 40 |   TypeScript   |",
        "event-emitter": "| 132 | 21 |   TypeScript   |",
        "azure-func-http": "| 129 | 30 |   TypeScript   |",
        "javascript-starter": "| 102 | 23 |   JavaScript   |",
        "nestjs.com": "| 95 | 17 |   HTML   |",
        "azure-database": "| 89 | 43 |   TypeScript   |",
        "courses.nestjs.com": "| 86 | 8 |   HTML   |",
        "azure-storage": "| 80 | 32 |   TypeScript   |",
        "cache-manager": "| 50 | 2 |   TypeScript   |",
        "azure-serverless-deprecated": "| 44 | 6 |   TypeScript   |",
        "class-transformer": "| 43 | 2 |   TypeScript   |",
        "class-validator": "| 42 | 6 |   TypeScript   |",
        "enterprise.nestjs.com": "| 12 | 5 |   HTML   |"
    }
}