{
    "company": "netdata",
    "h-index": 14,
    "repo count": 67,
    "contributor count": 1842,
    "size": "todo",
    "employee count": "todo",
    "country": "USA",
    "top language": "JavaScript",
    "repos": {
        "netdata": "| 63008 | 5515 |   C   |",
        "go.d.plugin": "| 149 | 121 |   Go   |",
        "helmchart": "| 144 | 69 |   Mustache   |",
        "dashboard": "| 64 | 40 |   JavaScript   |",
        "go-statsd": "| 59 | 5 |   Go   |",
        "kernel-collector": "| 54 | 17 |   C   |",
        "community": "| 51 | 24 |   Jupyter Notebook   |",
        "netdata-ui": "| 32 | 9 |   JavaScript   |",
        "learn": "| 29 | 19 |   JavaScript   |",
        "netdata-cloud": "| 23 | 12 |   None   |",
        "netdata-demo-site": "| 20 | 16 |   Shell   |",
        "go-orchestrator": "| 16 | 5 |   Go   |",
        "libjudy": "| 15 | 10 |   C   |",
        "netdata-grafana-datasource-plugin": "| 15 | 3 |   TypeScript   |",
        "binary-packages": "| 13 | 11 |   Shell   |",
        "agent-service-discovery": "| 12 | 7 |   Go   |",
        "msi-installer": "| 11 | 1 |   PowerShell   |",
        "localization": "| 10 | 17 |   Shell   |",
        "charts": "| 9 | 2 |   JavaScript   |",
        "ebpf-co-re": "| 8 | 4 |   C   |",
        "netdata-pandas": "| 7 | 3 |   Jupyter Notebook   |",
        "helper-images": "| 6 | 14 |   Shell   |",
        "go-recaptcha": "| 6 | 4 |   Go   |",
        "blog": "| 5 | 0 |   JavaScript   |",
        "netdata-gitbook": "| 4 | 3 |   None   |",
        "cloud-iframes": "| 3 | 1 |   TypeScript   |",
        "custom-dashboard": "| 3 | 2 |   TypeScript   |",
        "libbpf": "| 3 | 1 |   C   |",
        "posthog-netdata-event-processing": "| 3 | 0 |   JavaScript   |",
        ".github": "| 3 | 10 |   None   |",
        "ansible": "| 3 | 1 |   Jinja   |",
        "ioping": "| 2 | 6 |   C   |",
        "eslint-config-netdata": "| 2 | 1 |   JavaScript   |",
        "react-filter-box": "| 2 | 1 |   TypeScript   |",
        "developer-relations": "| 2 | 3 |   None   |",
        "discourse-netdata-theme": "| 2 | 2 |   HTML   |",
        "discourse-google-font-component": "| 2 | 1 |   SCSS   |",
        "netdata-storage-calculator": "| 2 | 0 |   Jupyter Notebook   |",
        "marketplace-kubernetes": "| 1 | 2 |   Shell   |",
        "netdata-portage-overlay": "| 1 | 3 |   Shell   |",
        "stargazers": "| 1 | 2 |   None   |",
        "nodebb-theme-persona-netdata": "| 1 | 3 |   Smarty   |",
        "helm-exporter": "| 1 | 1 |   Go   |",
        "Discourse-easy-footer": "| 1 | 1 |   JavaScript   |",
        "discourse-brand-header": "| 1 | 2 |   HTML   |",
        "aclk-schemas": "| 1 | 2 |   Makefile   |",
        "homebrew-core": "| 0 | 1 |   Ruby   |",
        "ml-research": "| 0 | 1 |   None   |",
        "mosquitto": "| 0 | 6 |   C   |",
        "traefik-helm-chart": "| 0 | 2 |   Makefile   |",
        "k8s-csr-approver": "| 0 | 2 |   None   |",
        "paho.golang": "| 0 | 1 |   Go   |",
        "mongodb-helm-chart": "| 0 | 1 |   Smarty   |",
        "haproxy-helm-chart": "| 0 | 2 |   Mustache   |",
        "nodebb-plugin-twitter-netdata": "| 0 | 1 |   JavaScript   |",
        "nodebb-plugin-github-embed": "| 0 | 1 |   None   |",
        "pulsar-client-go": "| 0 | 1 |   Go   |",
        "redsync": "| 0 | 0 |   None   |",
        "terraform-provider-pulsar": "| 0 | 0 |   Go   |",
        "netdata_airflow_utils": "| 0 | 0 |   Jupyter Notebook   |",
        "saltstack": "| 0 | 0 |   None   |",
        "dygraphs": "| 0 | 0 |   JavaScript   |",
        "marketing_assets": "| 0 | 0 |   None   |",
        "infra-trigger-workflow-and-wait": "| 0 | 0 |   Shell   |",
        "ecs": "| 0 | 0 |   Python   |",
        "netdata-nightlies": "| 0 | 0 |   None   |",
        "awesome-troubleshooting": "| 0 | 0 |   None   |"
    }
}