{
    "company": null,
    "h-index": 33,
    "repo count": 82,
    "contributor count": 803,
    "size": "todo",
    "employee count": "todo",
    "country": null,
    "top language": "JavaScript",
    "repos": {
        "pomelo": "| 11710 | 2923 |   JavaScript   |",
        "Emmagee": "| 2336 | 722 |   Java   |",
        "UnitySocketIO": "| 866 | 229 |   C#   |",
        "lordofpomelo": "| 774 | 452 |   JavaScript   |",
        "arctic": "| 450 | 130 |   Java   |",
        "Dagger": "| 351 | 163 |   Java   |",
        "chatofpomelo": "| 295 | 183 |   JavaScript   |",
        "InnoSQL": "| 208 | 58 |   None   |",
        "pomelo-unityclient-socket": "| 168 | 112 |   C#   |",
        "libpomelo2": "| 131 | 62 |   C   |",
        "libpomelo": "| 117 | 74 |   C   |",
        "pomelo-unityclient": "| 112 | 55 |   C#   |",
        "pomelo-cocos2d-js": "| 102 | 64 |   JavaScript   |",
        "chatofpomelo-websocket": "| 96 | 145 |   JavaScript   |",
        "arrow": "| 96 | 67 |   Java   |",
        "pomelo-rpc": "| 94 | 119 |   JavaScript   |",
        "airtest": "| 91 | 33 |   Python   |",
        "treasures": "| 89 | 85 |   JavaScript   |",
        "pomelo-androidclient": "| 82 | 46 |   Java   |",
        "pomelo-iosclient": "| 66 | 20 |   Objective-C   |",
        "pomelo-cocos2dchat": "| 56 | 42 |   C++   |",
        "pomelo-aoi": "| 54 | 29 |   JavaScript   |",
        "pomelo-admin": "| 50 | 67 |   JavaScript   |",
        "pomelo-ioschat": "| 50 | 44 |   Objective-C   |",
        "pomelo-scheduler": "| 49 | 47 |   JavaScript   |",
        "erlyssh": "| 43 | 20 |   Erlang   |",
        "hive-tools": "| 43 | 18 |   Java   |",
        "pomelo-sync": "| 41 | 21 |   JavaScript   |",
        "pomelo-robot": "| 40 | 32 |   JavaScript   |",
        "pomelo-cn": "| 38 | 13 |   None   |",
        "pomelo-unitychat-socket": "| 37 | 32 |   ASP   |",
        "pomelo-admin-web": "| 35 | 77 |   JavaScript   |",
        "lively-logic": "| 33 | 13 |   Racket   |",
        "pomelo-bt": "| 32 | 17 |   JavaScript   |",
        "pomelo-androidchat": "| 31 | 20 |   Java   |",
        "pomelo-cli": "| 31 | 34 |   JavaScript   |",
        "pomelo-robot-demo": "| 30 | 37 |   JavaScript   |",
        "pomelo-globalchannel-plugin": "| 29 | 29 |   JavaScript   |",
        "pomelo-mqtt-connector": "| 29 | 15 |   JavaScript   |",
        "xmpp-over-websocket": "| 27 | 16 |   None   |",
        "pomelo-protocol": "| 27 | 55 |   JavaScript   |",
        "openlua": "| 26 | 7 |   C   |",
        "pomelo-logger": "| 25 | 46 |   JavaScript   |",
        "pomelo-status-plugin": "| 23 | 34 |   JavaScript   |",
        "spark-alarm": "| 23 | 16 |   Scala   |",
        "robotium": "| 21 | 6 |   Java   |",
        "c": "| 20 | 35 |   Python   |",
        "pomelo-zookeeper-plugin": "| 18 | 14 |   JavaScript   |",
        "pomelo-unitychat": "| 17 | 13 |   ASP   |",
        "nec": "| 17 | 5 |   CSS   |",
        "spark-ranger": "| 15 | 6 |   Scala   |",
        "opencurve": "| 15 | 4 |   None   |",
        "ganger": "| 14 | 14 |   Java   |",
        "nej": "| 14 | 3 |   JavaScript   |",
        "Polyphonic-TrOMR": "| 14 | 3 |   Python   |",
        "pomelo-sync-plugin": "| 13 | 13 |   JavaScript   |",
        "pomelo-rpc-zeromq": "| 12 | 19 |   JavaScript   |",
        "pomelo-protobuf-plugin": "| 11 | 18 |   JavaScript   |",
        "pomelo-dotnetchat-console": "| 10 | 9 |   C#   |",
        "example": "| 9 | 9 |   C   |",
        "pomelo-loader": "| 9 | 27 |   JavaScript   |",
        "pomelo-pathfinding": "| 9 | 7 |   JavaScript   |",
        "spark-greenplum": "| 9 | 4 |   None   |",
        "ranger": "| 9 | 1 |   Java   |",
        "pomelo-daemon": "| 8 | 6 |   JavaScript   |",
        "lakehouse-benchmark": "| 8 | 4 |   Java   |",
        "pomelo-scale-plugin": "| 7 | 9 |   JavaScript   |",
        "incubator-kyuubi": "| 6 | 0 |   None   |",
        "kyuubi-arctic-playground": "| 6 | 2 |   Dockerfile   |",
        "pomelo-data-plugin": "| 5 | 8 |   JavaScript   |",
        "spark-authorizer": "| 5 | 2 |   None   |",
        "seq-queue": "| 4 | 6 |   JavaScript   |",
        "pomelo-monitor": "| 4 | 16 |   JavaScript   |",
        "pomelo-collection": "| 4 | 8 |   JavaScript   |",
        "pomelo-masterha-plugin": "| 4 | 10 |   JavaScript   |",
        "airtest-gui": "| 4 | 4 |   Python   |",
        "bearcat": "| 4 | 4 |   JavaScript   |",
        "spark": "| 4 | 1 |   None   |",
        "pomelo-data-plugin-demo": "| 3 | 2 |   JavaScript   |",
        "lakehouse-benchmark-ingestion": "| 3 | 2 |   Java   |",
        "gitbucket-plugin": "| 2 | 0 |   Java   |",
        "rubocop": "| 0 | 0 |   Ruby   |"
    }
}