{
    "company": "Netflix, Inc.",
    "h-index": 108,
    "repo count": 217,
    "contributor count": 2404,
    "size": "todo",
    "employee count": "todo",
    "country": "Los Gatos, California",
    "top language": "Java",
    "repos": {
        "Hystrix": "| 23365 | 4698 |   Java   |",
        "chaosmonkey": "| 13457 | 1023 |   Go   |",
        "zuul": "| 12612 | 2297 |   Java   |",
        "eureka": "| 11814 | 3692 |   Java   |",
        "falcor": "| 10256 | 480 |   JavaScript   |",
        "pollyjs": "| 9899 | 393 |   JavaScript   |",
        "conductor": "| 9738 | 2142 |   Java   |",
        "SimianArmy": "| 7935 | 1156 |   Java   |",
        "metaflow": "| 6654 | 634 |   Python   |",
        "fast_jsonapi": "| 5100 | 424 |   Ruby   |",
        "ribbon": "| 4424 | 1216 |   Java   |",
        "security_monkey": "| 4334 | 835 |   Python   |",
        "dynomite": "| 4066 | 537 |   C   |",
        "vizceral": "| 4006 | 429 |   JavaScript   |",
        "dispatch": "| 3896 | 411 |   Python   |",
        "vmaf": "| 3608 | 691 |   Python   |",
        "vector": "| 3593 | 275 |   JavaScript   |",
        "atlas": "| 3276 | 276 |   Scala   |",
        "consoleme": "| 2972 | 244 |   Python   |",
        "concurrency-limits": "| 2959 | 287 |   Java   |",
        "flamescope": "| 2879 | 172 |   Python   |",
        "bless": "| 2699 | 232 |   Python   |",
        "dgs-framework": "| 2655 | 246 |   Kotlin   |",
        "archaius": "| 2407 | 486 |   Java   |",
        "asgard": "| 2238 | 435 |   Groovy   |",
        "curator": "| 2139 | 445 |   Java   |",
        "titus": "| 1993 | 102 |   None   |",
        "EVCache": "| 1868 | 241 |   Java   |",
        "lemur": "| 1633 | 317 |   Python   |",
        "genie": "| 1621 | 363 |   Java   |",
        "metacat": "| 1443 | 262 |   Java   |",
        "servo": "| 1387 | 299 |   Java   |",
        "netflix.github.com": "| 1367 | 446 |   HTML   |",
        "mantis": "| 1289 | 155 |   Java   |",
        "vectorflow": "| 1285 | 86 |   D   |",
        "hubcommander": "| 1254 | 162 |   Python   |",
        "rend": "| 1171 | 82 |   Go   |",
        "hollow": "| 1082 | 194 |   Java   |",
        "repokid": "| 1054 | 104 |   Python   |",
        "astyanax": "| 1031 | 365 |   Java   |",
        "Priam": "| 1024 | 296 |   Java   |",
        "aminator": "| 937 | 179 |   Python   |",
        "Turbine": "| 829 | 260 |   Java   |",
        "governator": "| 815 | 182 |   Java   |",
        "Fido": "| 815 | 168 |   C#   |",
        "suro": "| 776 | 179 |   Java   |",
        "security-bulletins": "| 734 | 121 |   None   |",
        "Fenzo": "| 702 | 113 |   Java   |",
        "spectator": "| 691 | 154 |   Java   |",
        "msl": "| 682 | 82 |   C++   |",
        "unleash": "| 577 | 38 |   JavaScript   |",
        "denominator": "| 573 | 121 |   Java   |",
        "blitz4j": "| 558 | 121 |   Java   |",
        "edda": "| 551 | 139 |   Scala   |",
        "PigPen": "| 547 | 61 |   Clojure   |",
        "netflix-graph": "| 540 | 101 |   Java   |",
        "karyon": "| 497 | 163 |   Java   |",
        "Prana": "| 492 | 99 |   Java   |",
        "go-env": "| 474 | 52 |   Go   |",
        "Lipstick": "| 463 | 146 |   JavaScript   |",
        "Surus": "| 450 | 108 |   Java   |",
        "iceberg": "| 450 | 59 |   Java   |",
        "aws-autoscaling": "| 427 | 93 |   Shell   |",
        "nf-data-explorer": "| 402 | 37 |   TypeScript   |",
        "go-expect": "| 380 | 56 |   Go   |",
        "Workflowable": "| 372 | 57 |   Ruby   |",
        "vizceral-example": "| 361 | 168 |   JavaScript   |",
        "osstracker": "| 359 | 55 |   Scala   |",
        "ndbench": "| 357 | 106 |   HTML   |",
        "Raigad": "| 346 | 63 |   Java   |",
        "recipes-rss": "| 339 | 108 |   Java   |",
        "aegisthus": "| 321 | 91 |   Java   |",
        "titus-control-plane": "| 318 | 73 |   Java   |",
        "weep": "| 297 | 34 |   Go   |",
        "metaflow-ui": "| 268 | 29 |   TypeScript   |",
        "dyno-queues": "| 254 | 61 |   Java   |",
        "image_compression_comparison": "| 247 | 29 |   Python   |",
        "gradle-template": "| 244 | 108 |   Java   |",
        "falcor-express-demo": "| 244 | 52 |   HTML   |",
        "ember-nf-graph": "| 242 | 46 |   JavaScript   |",
        "falcor-router-demo": "| 235 | 60 |   JavaScript   |",
        "titus-executor": "| 231 | 51 |   Go   |",
        "photon": "| 220 | 69 |   Java   |",
        "dial-reference": "| 219 | 83 |   C   |",
        "s3mper": "| 217 | 39 |   Java   |",
        "NfWebCrypto": "| 206 | 52 |   C++   |",
        "ReactiveLab": "| 206 | 77 |   Java   |",
        "staash": "| 204 | 45 |   Java   |",
        "inviso": "| 202 | 72 |   JavaScript   |",
        "brutal": "| 201 | 47 |   Python   |",
        "zeno": "| 200 | 66 |   Java   |",
        "vizceral-react": "| 199 | 55 |   JavaScript   |",
        "pytheas": "| 187 | 61 |   JavaScript   |",
        "dyno": "| 183 | 97 |   Java   |",
        "dispatch-docker": "| 181 | 82 |   Shell   |",
        "hal-9001": "| 176 | 23 |   Go   |",
        "Nicobar": "| 171 | 48 |   Java   |",
        "yetch": "| 168 | 14 |   JavaScript   |",
        "Cloud-Prize": "| 165 | 461 |   None   |",
        "lemur-docker": "| 165 | 86 |   Python   |",
        "CassJMeter": "| 163 | 71 |   Java   |",
        "p2plab": "| 163 | 30 |   Go   |",
        "netflix-commons": "| 159 | 80 |   Java   |",
        "bettertls": "| 146 | 25 |   Go   |",
        "dgs-codegen": "| 145 | 79 |   Kotlin   |",
        "metaflow-service": "| 140 | 55 |   Python   |",
        "dgs-examples-java": "| 122 | 50 |   Java   |",
        "nerror": "| 116 | 14 |   JavaScript   |",
        "batch_request_api": "| 104 | 20 |   Ruby   |",
        "falcor-router": "| 101 | 45 |   JavaScript   |",
        "sureal": "| 100 | 32 |   Python   |",
        "dgs-federation-example": "| 93 | 41 |   Kotlin   |",
        "dynomite-manager": "| 92 | 62 |   Java   |",
        "probnik": "| 92 | 17 |   TypeScript   |",
        "restful-jsonapi": "| 88 | 43 |   Ruby   |",
        "eslint-config-netflix": "| 81 | 23 |   JavaScript   |",
        "iep": "| 79 | 41 |   Java   |",
        "dgs-examples-kotlin": "| 77 | 36 |   Kotlin   |",
        "titus-api-definitions": "| 73 | 21 |   Makefile   |",
        "blesk": "| 69 | 23 |   JavaScript   |",
        "rend-lmdb": "| 69 | 17 |   Go   |",
        "pygenie": "| 67 | 36 |   Python   |",
        "glisten": "| 66 | 32 |   Groovy   |",
        "q": "| 64 | 21 |   Java   |",
        "falcor-express": "| 60 | 24 |   JavaScript   |",
        "falcor-http-datasource": "| 56 | 33 |   JavaScript   |",
        "falcor-hapi": "| 55 | 25 |   JavaScript   |",
        "falcor-json-graph": "| 55 | 20 |   JavaScript   |",
        "ocelli": "| 53 | 28 |   Java   |",
        "metaflow-tools": "| 53 | 47 |   HCL   |",
        "ember-batch-request": "| 49 | 12 |   JavaScript   |",
        "spectator-go": "| 47 | 26 |   Go   |",
        "spectator-py": "| 45 | 20 |   Python   |",
        "conductor-community": "| 45 | 49 |   Java   |",
        "vizceral-component": "| 44 | 21 |   JavaScript   |",
        "sleepy-puppy-docker": "| 43 | 19 |   Dockerfile   |",
        "spectator-js": "| 43 | 19 |   JavaScript   |",
        "awsobjectmapper": "| 42 | 39 |   Groovy   |",
        "vp9-dash": "| 39 | 9 |   None   |",
        "runtime-health": "| 39 | 24 |   Java   |",
        "hollow-reference-implementation": "| 38 | 43 |   Java   |",
        "mantis-ui": "| 38 | 20 |   TypeScript   |",
        "polynote": "| 38 | 6 |   HTML   |",
        "signal-wrapper": "| 36 | 5 |   Go   |",
        "frigga": "| 35 | 51 |   Java   |",
        "falcor-restify": "| 30 | 18 |   JavaScript   |",
        "eureka-ui": "| 29 | 20 |   JavaScript   |",
        "spectator-cpp": "| 29 | 20 |   C++   |",
        "cachemover": "| 29 | 6 |   C++   |",
        "falcor-path-utils": "| 28 | 21 |   JavaScript   |",
        "atlas-docs": "| 28 | 24 |   Python   |",
        "derand": "| 28 | 6 |   Java   |",
        "rx-aws-java-sdk": "| 27 | 20 |   Java   |",
        "codec_compare": "| 25 | 13 |   Python   |",
        "x-element": "| 25 | 12 |   JavaScript   |",
        "user2020-metaflow-tutorial": "| 25 | 6 |   R   |",
        "batch_request_client": "| 23 | 11 |   Ruby   |",
        "tslint-config-netflix": "| 23 | 12 |   JavaScript   |",
        "metaflow-docs": "| 23 | 33 |   JavaScript   |",
        "sherlock": "| 23 | 4 |   R   |",
        "dgs": "| 22 | 46 |   HTML   |",
        "matchcut": "| 22 | 4 |   Jupyter Notebook   |",
        "rend-http": "| 21 | 12 |   Go   |",
        "go-iomux": "| 21 | 1 |   Go   |",
        "nflxprofile": "| 19 | 11 |   Python   |",
        "tcplog_dumper": "| 19 | 7 |   C   |",
        "dgs-intellij-plugin": "| 19 | 10 |   Kotlin   |",
        "falcor-path-syntax": "| 18 | 20 |   JavaScript   |",
        "eslint-config-netflix-dea": "| 17 | 11 |   JavaScript   |",
        "mantis-mql": "| 17 | 9 |   Clojure   |",
        "ember-nf-graph-examples": "| 15 | 21 |   JavaScript   |",
        "falcor-hapi-demo": "| 15 | 13 |   HTML   |",
        "techreports": "| 15 | 7 |   None   |",
        "mantis-api": "| 15 | 18 |   Java   |",
        "mantis-examples": "| 14 | 12 |   Java   |",
        "dgs-examples-webflux": "| 13 | 6 |   Java   |",
        "webpack-parse-query": "| 12 | 10 |   JavaScript   |",
        "falcor-observable": "| 12 | 13 |   JavaScript   |",
        "mantis-control-plane": "| 12 | 12 |   Java   |",
        "mantis-cli": "| 12 | 6 |   JavaScript   |",
        "vmaf_resource": "| 12 | 5 |   None   |",
        "fabricator": "| 11 | 14 |   Java   |",
        "reactivesocket-examples": "| 10 | 9 |   Java   |",
        "spark": "| 10 | 5 |   Scala   |",
        "falcor-restify-demo": "| 9 | 14 |   HTML   |",
        "dgs-examples-java16": "| 9 | 8 |   Java   |",
        "falcor-datasource-chainer": "| 8 | 16 |   JavaScript   |",
        "spectator-rb": "| 8 | 12 |   Ruby   |",
        "element-server": "| 8 | 8 |   JavaScript   |",
        "read_bbrlog": "| 8 | 5 |   C   |",
        "mantis-connectors": "| 8 | 10 |   Java   |",
        "metaflow-nflx-extensions": "| 8 | 3 |   Python   |",
        "mantis-source-jobs": "| 7 | 11 |   Java   |",
        "bbparse": "| 7 | 7 |   C   |",
        "nflx-geofeed": "| 7 | 0 |   None   |",
        "conductor-ui": "| 7 | 5 |   JavaScript   |",
        "titus-kube-common": "| 6 | 5 |   Go   |",
        "metaflow-extensions-template": "| 6 | 7 |   Python   |",
        "af_tsa": "| 6 | 4 |   C   |",
        "iep-shadow": "| 5 | 14 |   None   |",
        "mantis-gradle-plugin": "| 5 | 6 |   Groovy   |",
        "x-test": "| 5 | 10 |   JavaScript   |",
        "titus-resource-pool": "| 5 | 7 |   Go   |",
        "edda-client": "| 4 | 10 |   Java   |",
        "metrics-client-go": "| 4 | 3 |   Go   |",
        "netflixoss-npm-build-infrastructure": "| 4 | 8 |   None   |",
        "mantis-rxcontrol": "| 4 | 8 |   Java   |",
        ".github": "| 4 | 3 |   None   |",
        "mantis-rxnetty": "| 3 | 6 |   None   |",
        "eclipse-jifa": "| 3 | 3 |   Java   |",
        "titus-controllers-api": "| 2 | 8 |   Go   |",
        "taskintrospection": "| 2 | 3 |   C   |",
        "dgs-examples-kotlin-2.7": "| 2 | 2 |   Kotlin   |",
        "eclipse-mat": "| 1 | 0 |   None   |",
        "dgs-examples-java.latest": "| 1 | 2 |   Java   |",
        "dgs-examples-java-2.7": "| 1 | 3 |   Java   |",
        "conductor-docs": "| 0 | 0 |   Python   |"
    }
}