{
    "company": "Netlify",
    "h-index": 49,
    "repo count": 288,
    "contributor count": 2609,
    "size": "todo",
    "employee count": "todo",
    "country": "San Francisco",
    "top language": "JavaScript",
    "repos": {
        "gotrue": "| 3388 | 268 |   Go   |",
        "staticgen": "| 2480 | 568 |   JavaScript   |",
        "gocommerce": "| 1439 | 189 |   Go   |",
        "cli": "| 1429 | 327 |   JavaScript   |",
        "netlify-identity-widget": "| 731 | 233 |   JavaScript   |",
        "next-on-netlify": "| 721 | 64 |   JavaScript   |",
        "headlesscms.org": "| 628 | 160 |   JavaScript   |",
        "netlify-lambda": "| 601 | 125 |   JavaScript   |",
        "functions.netlify.com": "| 514 | 135 |   SCSS   |",
        "build-image": "| 499 | 212 |   Shell   |",
        "next-runtime": "| 459 | 82 |   TypeScript   |",
        "gotrue-js": "| 451 | 81 |   JavaScript   |",
        "create-react-app-lambda": "| 414 | 143 |   JavaScript   |",
        "netlify-faunadb-example": "| 388 | 132 |   JavaScript   |",
        "actions": "| 358 | 59 |   Shell   |",
        "git-gateway": "| 349 | 77 |   Go   |",
        "zip-it-and-ship-it": "| 289 | 35 |   JavaScript   |",
        "gotell": "| 277 | 19 |   Go   |",
        "explorers": "| 257 | 40 |   JavaScript   |",
        "million-devs": "| 253 | 36 |   Vue   |",
        "netlify-statuskit": "| 235 | 43 |   HTML   |",
        "open-api": "| 225 | 75 |   Go   |",
        "js-client": "| 214 | 48 |   JavaScript   |",
        "netlify-plugin-lighthouse": "| 198 | 22 |   JavaScript   |",
        "build": "| 192 | 44 |   JavaScript   |",
        "netlifyctl": "| 179 | 33 |   Go   |",
        "netlify-dev-plugin": "| 177 | 22 |   JavaScript   |",
        "jekyll-srcset": "| 139 | 21 |   Ruby   |",
        "framework-info": "| 130 | 19 |   JavaScript   |",
        "gocommerce-js": "| 128 | 30 |   JavaScript   |",
        "jekyll-gdrive": "| 116 | 24 |   Ruby   |",
        "plugins": "| 94 | 71 |   JavaScript   |",
        "prerender": "| 89 | 11 |   JavaScript   |",
        "netlify-playground": "| 88 | 16 |   None   |",
        "code-examples": "| 87 | 21 |   HTML   |",
        "templates": "| 77 | 68 |   Nunjucks   |",
        "vue-cli-plugin-netlify-lambda": "| 76 | 12 |   JavaScript   |",
        "netlify-plugin-gatsby": "| 76 | 16 |   TypeScript   |",
        "labs": "| 76 | 13 |   None   |",
        "netlify-cms-widget-starter": "| 73 | 23 |   JavaScript   |",
        "gotiator": "| 70 | 9 |   Go   |",
        "react-server-components-demo": "| 68 | 8 |   JavaScript   |",
        "classnames-template-literals": "| 67 | 3 |   JavaScript   |",
        "remix-template": "| 65 | 17 |   JavaScript   |",
        "matterday.netlify.com": "| 63 | 12 |   CSS   |",
        "edge-functions-examples": "| 57 | 22 |   JavaScript   |",
        "binrc": "| 54 | 10 |   Makefile   |",
        "next-on-netlify-demo": "| 52 | 25 |   JavaScript   |",
        "go-functions-example": "| 49 | 62 |   Go   |",
        "petsofnetlify": "| 46 | 33 |   Nunjucks   |",
        "full-react-server-demo": "| 45 | 1 |   JavaScript   |",
        "netlify-git-api": "| 41 | 10 |   Go   |",
        "gojoin": "| 41 | 10 |   Go   |",
        "rust-functions-example": "| 41 | 8 |   Rust   |",
        "gatsby-parallel-runner": "| 38 | 11 |   JavaScript   |",
        "elastinats": "| 35 | 3 |   Go   |",
        "gocommerce-admin": "| 35 | 14 |   JavaScript   |",
        "netlify-photo-gallery": "| 35 | 32 |   HTML   |",
        "addons": "| 34 | 16 |   None   |",
        "ask-netlify": "| 34 | 8 |   HTML   |",
        "functions": "| 34 | 17 |   TypeScript   |",
        "netlify-auth-demo": "| 33 | 19 |   HTML   |",
        "twickr": "| 30 | 4 |   Go   |",
        "micro-api-client": "| 28 | 7 |   JavaScript   |",
        "postcss-fout-with-a-class": "| 28 | 2 |   JavaScript   |",
        "www-post-scheduler": "| 28 | 4 |   JavaScript   |",
        "explorers-up-and-running-with-serverless-functions": "| 28 | 22 |   HTML   |",
        "vue-lambda-starter": "| 27 | 6 |   Vue   |",
        "hydrogen-netlify-starter": "| 27 | 13 |   JavaScript   |",
        "make-wp-epic": "| 26 | 3 |   JavaScript   |",
        "netlify-browser-extension": "| 26 | 9 |   JavaScript   |",
        "build-plugin-template": "| 26 | 15 |   JavaScript   |",
        "hydrogen-platform": "| 25 | 5 |   TypeScript   |",
        "netlify-redirect-parser": "| 23 | 6 |   JavaScript   |",
        "netlify-auth-providers": "| 22 | 4 |   JavaScript   |",
        "next-edge-middleware": "| 22 | 13 |   JavaScript   |",
        "next-react-server-components": "| 21 | 4 |   JavaScript   |",
        "explorers-composition-api": "| 20 | 11 |   Vue   |",
        "vite-plugin-netlify-edge": "| 19 | 3 |   TypeScript   |",
        "mailme": "| 18 | 8 |   Go   |",
        "esbuild": "| 18 | 2 |   Go   |",
        "slate-markdown-serializer": "| 17 | 54 |   JavaScript   |",
        "eslint-config-node": "| 17 | 4 |   JavaScript   |",
        "delta-action": "| 17 | 4 |   JavaScript   |",
        "netlify-ipx": "| 17 | 4 |   TypeScript   |",
        "go-client": "| 16 | 5 |   Go   |",
        "remix-compute": "| 16 | 5 |   TypeScript   |",
        "netlify-cms-www": "| 15 | 9 |   CSS   |",
        "netlify-credential-helper": "| 15 | 4 |   Go   |",
        "netlify-oauth-example": "| 14 | 15 |   JavaScript   |",
        "verify-okta": "| 14 | 3 |   Go   |",
        "gatsby-plugin-netlify": "| 14 | 12 |   TypeScript   |",
        "netlify-comments-starter": "| 13 | 21 |   None   |",
        "screenshot": "| 13 | 2 |   Shell   |",
        "fauna-one-click": "| 13 | 9 |   JavaScript   |",
        "identity-update-user-data": "| 13 | 2 |   HTML   |",
        "streamer": "| 12 | 6 |   Go   |",
        "godoc-static": "| 12 | 3 |   Go   |",
        "node-template": "| 12 | 11 |   Python   |",
        "edge-bundler": "| 12 | 8 |   TypeScript   |",
        "ruby-client": "| 11 | 6 |   Ruby   |",
        "roots-collections": "| 11 | 5 |   CoffeeScript   |",
        "trafficserver": "| 11 | 5 |   Earthly   |",
        "netlify-plugin-angular-universal": "| 11 | 8 |   JavaScript   |",
        "netlify-commons": "| 10 | 9 |   Go   |",
        "chrome-prerender": "| 10 | 2 |   JavaScript   |",
        "tailwindcss-first-line": "| 10 | 2 |   JavaScript   |",
        "example-every-color": "| 10 | 10 |   JavaScript   |",
        "my-first-netlify-deploys": "| 9 | 30 |   CSS   |",
        "netlify-dev-gatsby-fauna-demo": "| 9 | 3 |   JavaScript   |",
        "gotell-admin": "| 8 | 3 |   JavaScript   |",
        "netlify-toml-rs": "| 8 | 6 |   Rust   |",
        "restaurant-template-cms": "| 8 | 12 |   HTML   |",
        "NetlifyDS": "| 8 | 1 |   R   |",
        "function-deploy-test": "| 8 | 5 |   JavaScript   |",
        "gatsby-runner": "| 8 | 3 |   TypeScript   |",
        "netlify-emails-plugin": "| 8 | 0 |   TypeScript   |",
        "roots-posts": "| 7 | 3 |   CoffeeScript   |",
        "swt": "| 7 | 10 |   CSS   |",
        "netlify-dev-gatsby-theme-fauna-demo": "| 7 | 3 |   JavaScript   |",
        "next-background-api-route": "| 7 | 1 |   JavaScript   |",
        "netlify-cli-tutorial": "| 6 | 2 |   JavaScript   |",
        "dmca": "| 6 | 4 |   DIGITAL Command Language   |",
        "victor-hugo-styleguide": "| 6 | 5 |   JavaScript   |",
        "netlify-context-explorer": "| 6 | 2 |   Elm   |",
        "example-gated-content-with-okta": "| 6 | 4 |   HTML   |",
        "netlify-lm-plugin": "| 6 | 4 |   TypeScript   |",
        "apex": "| 6 | 4 |   C++   |",
        "cmake": "| 6 | 2 |   CMake   |",
        "netlify-plugin-secrets-manager": "| 6 | 2 |   JavaScript   |",
        "file-sync-action": "| 6 | 1 |   JavaScript   |",
        "ansible-honeycomb": "| 5 | 2 |   None   |",
        "cli-utils": "| 5 | 3 |   JavaScript   |",
        "gh-release-fetch": "| 5 | 7 |   TypeScript   |",
        "build-info": "| 5 | 2 |   JavaScript   |",
        "gatsby-4-demo": "| 5 | 11 |   JavaScript   |",
        "netlibot": "| 4 | 3 |   Go   |",
        "StaticWebTech": "| 4 | 3 |   HTML   |",
        "authlify-react-example": "| 4 | 1 |   JavaScript   |",
        "netlify-asset-store-js": "| 4 | 3 |   JavaScript   |",
        "netlify-form-testing": "| 4 | 3 |   HTML   |",
        "grace": "| 4 | 1 |   Go   |",
        "PayPal-Go-SDK": "| 4 | 3 |   Go   |",
        "netlify-drop-demo-site": "| 4 | 6 |   CSS   |",
        "dev-demo-example": "| 4 | 9 |   JavaScript   |",
        "example-site-boilerplate": "| 4 | 7 |   HTML   |",
        "pr-labeler-action": "| 4 | 4 |   TypeScript   |",
        "netlify-feature-tour": "| 4 | 20 |   Astro   |",
        "demo-restaurant-astro-contentful": "| 4 | 0 |   Astro   |",
        "dusty-domains": "| 4 | 3 |   CSS   |",
        "netlify-graph-auth": "| 4 | 3 |   TypeScript   |",
        "oss-valentines": "| 4 | 5 |   JavaScript   |",
        "code-blog": "| 3 | 3 |   CSS   |",
        "eslint-config-netlify": "| 3 | 4 |   JavaScript   |",
        "netlify-cms-docs-webhook": "| 3 | 2 |   JavaScript   |",
        "homebrew-netlifyctl": "| 3 | 3 |   Ruby   |",
        "deploy-from-vueconfus": "| 3 | 2 |   Vue   |",
        "benaiah-netlify-cms-test-forking-workflow": "| 3 | 5 |   CSS   |",
        "angular-schematics": "| 3 | 2 |   TypeScript   |",
        "aegis": "| 3 | 2 |   C++   |",
        "netlify-plugin-edge-handlers": "| 3 | 5 |   JavaScript   |",
        "api-deploy-demo": "| 3 | 5 |   HTML   |",
        "netlify-headers-parser": "| 3 | 1 |   JavaScript   |",
        "example-hello-world-functions": "| 3 | 13 |   HTML   |",
        "submit-build-plugin-action": "| 3 | 1 |   TypeScript   |",
        "create-netlify": "| 3 | 1 |   JavaScript   |",
        "edge-functions": "| 3 | 1 |   TypeScript   |",
        "planetscale-webinar": "| 3 | 1 |   TypeScript   |",
        "netlify-setup-heuristics": "| 2 | 1 |   JavaScript   |",
        "rabbit-client": "| 2 | 1 |   Go   |",
        "another-pokemon-go-client": "| 2 | 1 |   JavaScript   |",
        "recommendation-form": "| 2 | 2 |   JavaScript   |",
        "netlify-redirector-gem": "| 2 | 1 |   Ruby   |",
        "ruby-domain_name": "| 2 | 4 |   Ruby   |",
        "scoop-netlifyctl": "| 2 | 1 |   None   |",
        "ocaml-graphql-server": "| 2 | 2 |   OCaml   |",
        "git-lfs-demo": "| 2 | 1 |   Go   |",
        "danger-js": "| 2 | 1 |   TypeScript   |",
        "lambdalogger": "| 2 | 2 |   Go   |",
        "terraform-google-nat-gateway": "| 2 | 1 |   HCL   |",
        "live-tunnel-client": "| 2 | 1 |   None   |",
        "renovate-config": "| 2 | 2 |   None   |",
        "votelify": "| 2 | 2 |   Nunjucks   |",
        "binary-info": "| 2 | 2 |   Rust   |",
        "setup-earthly": "| 2 | 1 |   None   |",
        "netlify-plugin-identity-sso": "| 2 | 6 |   JavaScript   |",
        "whalescale": "| 2 | 0 |   JavaScript   |",
        "netlify-sso-jaffle_shop": "| 2 | 0 |   Shell   |",
        "netlify-ui-community-nav": "| 2 | 2 |   CSS   |",
        "demo-restaurant-sites-data": "| 2 | 0 |   JavaScript   |",
        "contentfull-belly-styles": "| 2 | 0 |   CSS   |",
        "sync-labels-action": "| 2 | 1 |   TypeScript   |",
        "onegraph-salesforce-package": "| 2 | 2 |   Apex   |",
        "netlify-drop-demo-landing-page": "| 2 | 3 |   CSS   |",
        "prerender-memcached-cache": "| 1 | 2 |   JavaScript   |",
        "cloudfiles-checker": "| 1 | 2 |   Go   |",
        "deploy-from-table-app": "| 1 | 3 |   CSS   |",
        "collectd-mongodb": "| 1 | 3 |   Python   |",
        "zuora-ruby-client": "| 1 | 8 |   Ruby   |",
        "cgo-glide-docker": "| 1 | 1 |   None   |",
        "deploy_from_forwardjs": "| 1 | 1 |   CSS   |",
        "parse-domain": "| 1 | 0 |   JavaScript   |",
        "netlify-cms-legacy": "| 1 | 1 |   JavaScript   |",
        "proxy-demo": "| 1 | 7 |   None   |",
        "wabt": "| 1 | 1 |   C++   |",
        "homebrew-git-credential-netlify": "| 1 | 1 |   Ruby   |",
        "scoop-git-credential-netlify": "| 1 | 1 |   None   |",
        "docs-spike": "| 1 | 2 |   Vue   |",
        "mongo-ruby-driver": "| 1 | 1 |   Ruby   |",
        "dd-trace-rb": "| 1 | 0 |   Ruby   |",
        "storybook-addon-specifications": "| 1 | 1 |   JavaScript   |",
        "placeholder-empty-site": "| 1 | 4 |   HTML   |",
        "trafficserver_rs": "| 1 | 3 |   Rust   |",
        "gimme": "| 1 | 2 |   Shell   |",
        "routing-local-proxy": "| 1 | 2 |   None   |",
        "cloudsmith-cargo-action": "| 1 | 1 |   None   |",
        "renovate-rust-preset": "| 1 | 1 |   None   |",
        "gorocksdb": "| 1 | 0 |   Go   |",
        "security-netlify-trufflehog3": "| 1 | 1 |   Python   |",
        "sleepy-test": "| 1 | 1 |   Shell   |",
        "nock-udp": "| 1 | 1 |   JavaScript   |",
        "demo-restaurant-nuxt-contentful": "| 1 | 0 |   Vue   |",
        "nuxt-starter": "| 1 | 1 |   Vue   |",
        "netlify-eleventy-api-img": "| 1 | 2 |   JavaScript   |",
        "netlify-plugin-netlify-graph": "| 1 | 1 |   JavaScript   |",
        "netlify-pnpm-workspace": "| 1 | 3 |   Astro   |",
        "netlify-yarn-berry-workspaces": "| 1 | 3 |   Astro   |",
        "netlify-nx-integrated": "| 1 | 1 |   TypeScript   |",
        "netlify-redirect-test": "| 0 | 1 |   JavaScript   |",
        "rubocop-netlify": "| 0 | 3 |   Ruby   |",
        "build-image-beta": "| 0 | 2 |   JavaScript   |",
        "netlify-test-plugins": "| 0 | 1 |   JavaScript   |",
        "airportsCodes": "| 0 | 1 |   None   |",
        "traffic": "| 0 | 1 |   C++   |",
        "netlify-forums-pilots": "| 0 | 2 |   HTML   |",
        "rebase-onto-test": "| 0 | 1 |   None   |",
        "date_range_rollout": "| 0 | 1 |   Ruby   |",
        "forms-detection": "| 0 | 4 |   JavaScript   |",
        "swagger_yard": "| 0 | 3 |   Ruby   |",
        "hubot-cc": "| 0 | 1 |   None   |",
        "private-action-loader": "| 0 | 1 |   None   |",
        "gomemcache": "| 0 | 1 |   Go   |",
        "ec2-packet-limit": "| 0 | 1 |   Go   |",
        "netlify-plugin-cargo-auth-cloudsmith": "| 0 | 0 |   JavaScript   |",
        "renovate-cli-action": "| 0 | 0 |   JavaScript   |",
        "security-netlify-trivy": "| 0 | 1 |   Python   |",
        "hook-site": "| 0 | 1 |   CSS   |",
        "segment": "| 0 | 0 |   Makefile   |",
        "sqlfluff": "| 0 | 0 |   None   |",
        "dbt_github_source": "| 0 | 0 |   None   |",
        "dbt_github": "| 0 | 0 |   None   |",
        "dbt_greenhouse": "| 0 | 0 |   None   |",
        "dbt_greenhouse_source": "| 0 | 0 |   None   |",
        "dbt_hubspot_source": "| 0 | 0 |   None   |",
        "dbt_hubspot": "| 0 | 0 |   None   |",
        "dbt_salesforce_source": "| 0 | 0 |   None   |",
        "dbt_salesforce": "| 0 | 0 |   None   |",
        "dbt_zendesk_source": "| 0 | 0 |   None   |",
        "dbt_zendesk": "| 0 | 0 |   None   |",
        "markdown-to-sanity": "| 0 | 0 |   JavaScript   |",
        "aws-lambda-runtime-interface-emulator": "| 0 | 2 |   Go   |",
        "parse-npm-script": "| 0 | 0 |   JavaScript   |",
        ".github": "| 0 | 2 |   None   |",
        "demo-restaurant-data-contentful": "| 0 | 0 |   JavaScript   |",
        "prisma-next-netlify-rush": "| 0 | 0 |   TypeScript   |",
        "terraform-aws-dms": "| 0 | 1 |   HCL   |",
        "dalli-elasticache": "| 0 | 0 |   None   |",
        "netlify-nx-monorepo-deployments": "| 0 | 0 |   None   |",
        "api-screenshot": "| 0 | 0 |   None   |",
        "update-contributors-action": "| 0 | 2 |   TypeScript   |",
        "kristen-eh": "| 0 | 1 |   Nunjucks   |",
        "netlifind": "| 0 | 2 |   TypeScript   |",
        "mongoid": "| 0 | 1 |   None   |",
        "large-functions-test": "| 0 | 0 |   Makefile   |",
        "in-source-config": "| 0 | 1 |   TypeScript   |",
        "sanity-plugin-dashboard-widget-netlify": "| 0 | 1 |   TypeScript   |",
        "movie-demo": "| 0 | 1 |   None   |",
        "jamstack.org": "| 0 | 0 |   None   |",
        "redis-async": "| 0 | 1 |   OCaml   |",
        "github-action-replace-pr-body": "| 0 | 1 |   TypeScript   |",
        "postgres_async": "| 0 | 1 |   OCaml   |",
        "abcs-of-netlify": "| 0 | 0 |   None   |",
        "beam-test": "| 0 | 3 |   None   |",
        "pod-integrations-slackbot": "| 0 | 1 |   TypeScript   |",
        "Sales-Hackathon": "| 0 | 1 |   JavaScript   |",
        "brew": "| 0 | 1 |   Ruby   |",
        "urlpattern-polyfill": "| 0 | 0 |   TypeScript   |",
        "cse-interview-project": "| 0 | 0 |   JavaScript   |"
    }
}