{
    "company": null,
    "h-index": 11,
    "repo count": 166,
    "contributor count": 7091,
    "size": "todo",
    "employee count": "todo",
    "country": null,
    "top language": "Python",
    "repos": {
        "ndscheduler": "| 1063 | 198 |   Python   |",
        "ndkale": "| 203 | 36 |   Python   |",
        "bender": "| 184 | 19 |   Java   |",
        "zkwatcher.orig": "| 37 | 7 |   Python   |",
        "pg-bifrost": "| 31 | 3 |   Go   |",
        "kingpin": "| 27 | 17 |   Python   |",
        "ndserviceregistry": "| 26 | 12 |   Python   |",
        "git-change": "| 22 | 6 |   Python   |",
        "puppet_zkwatcher": "| 20 | 4 |   Ruby   |",
        "conductor-open": "| 15 | 10 |   Go   |",
        "alphabot": "| 14 | 7 |   Python   |",
        "NDRefresh": "| 10 | 2 |   Swift   |",
        "buckle": "| 10 | 3 |   Python   |",
        "gogo": "| 10 | 4 |   Python   |",
        "puppet_thycotic": "| 8 | 8 |   Ruby   |",
        "nd_okta_auth": "| 8 | 7 |   Python   |",
        "airflow": "| 7 | 5 |   Python   |",
        "helm-set-image-tag-action": "| 7 | 9 |   Shell   |",
        "zkmonitor": "| 5 | 5 |   Python   |",
        "puppet-strongswan": "| 5 | 13 |   Puppet   |",
        "localstack": "| 5 | 1 |   Python   |",
        "corridor": "| 5 | 1 |   Swift   |",
        "dutch-boy": "| 4 | 4 |   Python   |",
        "drydocker": "| 4 | 0 |   Makefile   |",
        "code-crypt": "| 4 | 3 |   Python   |",
        "conda_lockfile": "| 4 | 0 |   Rust   |",
        "tornado_rest_client": "| 3 | 3 |   Python   |",
        "airflow_examples": "| 3 | 4 |   Python   |",
        "envoy": "| 3 | 2 |   C++   |",
        "django-postgrespool": "| 2 | 1 |   Python   |",
        "public-ops-tools": "| 2 | 0 |   Ruby   |",
        "NDPhraseParser": "| 2 | 0 |   Objective-C   |",
        "rollbar-log4j": "| 2 | 5 |   Java   |",
        "barrelman": "| 2 | 0 |   Python   |",
        "nextdoor-google-tag-manager": "| 2 | 1 |   Smarty   |",
        "k8s-charts": "| 2 | 0 |   Smarty   |",
        "kazoo": "| 1 | 0 |   Python   |",
        "avro-flume-hive-example": "| 1 | 0 |   Java   |",
        "puppet_rightscale": "| 1 | 4 |   Ruby   |",
        "nextdoor.github.io": "| 1 | 1 |   Makefile   |",
        "storage_scripts": "| 1 | 1 |   Shell   |",
        "shrun": "| 1 | 1 |   Python   |",
        "puppet-kibana5": "| 1 | 8 |   Puppet   |",
        "nd-conda": "| 1 | 1 |   Shell   |",
        "gradon": "| 1 | 1 |   Python   |",
        "torus-ae": "| 1 | 0 |   Go   |",
        "conda": "| 1 | 0 |   Python   |",
        "konfigenetes": "| 1 | 0 |   Python   |",
        "aws-amicleaner": "| 1 | 0 |   Python   |",
        "tools-base": "| 1 | 0 |   Dockerfile   |",
        "docker-registry-cache": "| 1 | 1 |   Shell   |",
        "go-datastructures": "| 1 | 1 |   Go   |",
        "mapbox-gl-native-ios": "| 1 | 0 |   None   |",
        "pyes": "| 0 | 0 |   Python   |",
        "backstop": "| 0 | 0 |   Ruby   |",
        "s3-plugin": "| 0 | 0 |   Java   |",
        "wal-e": "| 0 | 0 |   Python   |",
        "qds-sdk-py": "| 0 | 0 |   Python   |",
        "PKRevealController": "| 0 | 0 |   Objective-C   |",
        "kombu": "| 0 | 0 |   Python   |",
        "celery": "| 0 | 0 |   Python   |",
        "python-imaging-library": "| 0 | 0 |   None   |",
        "M2Crypto": "| 0 | 0 |   Python   |",
        "pysqlite": "| 0 | 0 |   C   |",
        "puppet-sysctl": "| 0 | 0 |   Puppet   |",
        "collectd-elasticsearch": "| 0 | 0 |   Python   |",
        "image_optimize": "| 0 | 0 |   None   |",
        "thrift": "| 0 | 0 |   C++   |",
        "rightscale_rightlink10_rightscripts": "| 0 | 0 |   Python   |",
        "hubot-scripts": "| 0 | 2 |   CoffeeScript   |",
        "rancher-utils": "| 0 | 1 |   Ruby   |",
        "puppetlabs-aws": "| 0 | 0 |   Ruby   |",
        "puppet-datadog-agent": "| 0 | 0 |   Ruby   |",
        "sendgrid-python": "| 0 | 0 |   Python   |",
        "amazon-kinesis-agent": "| 0 | 0 |   Java   |",
        "ngx_aws_auth": "| 0 | 0 |   C   |",
        "arcanist": "| 0 | 0 |   PHP   |",
        "amazon-kinesis-client-python": "| 0 | 0 |   Python   |",
        "react-native": "| 0 | 0 |   JavaScript   |",
        "native-navigation": "| 0 | 0 |   Java   |",
        "raven-js": "| 0 | 0 |   JavaScript   |",
        "puppet-archive": "| 0 | 0 |   Ruby   |",
        "hiera-eyaml": "| 0 | 0 |   Ruby   |",
        "pgbadger": "| 0 | 0 |   Perl   |",
        "amazon-kinesis-scaling-utils": "| 0 | 0 |   Java   |",
        "elastic": "| 0 | 0 |   Go   |",
        "aws_signing_client": "| 0 | 0 |   Go   |",
        "enterprise-setup": "| 0 | 0 |   HCL   |",
        "torus-fe": "| 0 | 0 |   JavaScript   |",
        "kitchen-puppet": "| 0 | 0 |   Ruby   |",
        "kitchen-docker": "| 0 | 0 |   Ruby   |",
        "provisioner-store": "| 0 | 0 |   Shell   |",
        "clone-ami-to-region": "| 0 | 0 |   JavaScript   |",
        "ndlogger-ios": "| 0 | 1 |   Swift   |",
        "dind": "| 0 | 0 |   Shell   |",
        "react-select": "| 0 | 0 |   JavaScript   |",
        "parselogical": "| 0 | 0 |   Go   |",
        "cli": "| 0 | 0 |   Go   |",
        "go-github": "| 0 | 0 |   Go   |",
        "graphql": "| 0 | 0 |   Go   |",
        "python-rightscale-1": "| 0 | 0 |   Python   |",
        "tools-python": "| 0 | 0 |   None   |",
        "tools-go": "| 0 | 0 |   None   |",
        "tools-documentation": "| 0 | 0 |   Dockerfile   |",
        "go-jira": "| 0 | 0 |   Go   |",
        "redis": "| 0 | 0 |   Go   |",
        "gpg": "| 0 | 0 |   Go   |",
        "moto": "| 0 | 0 |   Python   |",
        "mosh": "| 0 | 0 |   C++   |",
        "puppet-autossh": "| 0 | 0 |   Puppet   |",
        "homebrew-brewtap": "| 0 | 1 |   Ruby   |",
        "PyGithub": "| 0 | 1 |   Python   |",
        "kyverno": "| 0 | 0 |   None   |",
        "zk-watcher": "| 0 | 0 |   Python   |",
        "puppet-module-epel": "| 0 | 0 |   None   |",
        "puppetlabs-apt": "| 0 | 0 |   None   |",
        "distribution": "| 0 | 0 |   None   |",
        "datadog-agent-fargate": "| 0 | 0 |   Dockerfile   |",
        "cloudformation-cli-go-plugin": "| 0 | 0 |   Go   |",
        "go-pagerduty": "| 0 | 0 |   Go   |",
        "docker-events-watcher": "| 0 | 0 |   Shell   |",
        "puppetlabs-docker": "| 0 | 0 |   None   |",
        "puppet-datacat": "| 0 | 0 |   Ruby   |",
        "ImageMagick": "| 0 | 0 |   None   |",
        "bitrise-ssh-cert-step": "| 0 | 0 |   Shell   |",
        "circleci-ssh-cert-orb-old": "| 0 | 1 |   None   |",
        "puppet-fluentbit": "| 0 | 1 |   None   |",
        "aws-for-fluent-bit": "| 0 | 0 |   None   |",
        "amazon-kinesis-streams-for-fluent-bit": "| 0 | 0 |   None   |",
        "Carthage": "| 0 | 0 |   None   |",
        "keikoproj-iam-manager": "| 0 | 0 |   Go   |",
        "k8s-public-charts": "| 0 | 0 |   Makefile   |",
        "bottlerocket": "| 0 | 0 |   Rust   |",
        "amazon-kinesis-firehose-for-fluent-bit": "| 0 | 0 |   None   |",
        "puppet-coredns": "| 0 | 0 |   None   |",
        "firebase-admin-go": "| 0 | 0 |   None   |",
        "helm-release-branch-action": "| 0 | 0 |   None   |",
        "docker-image-retag-action": "| 0 | 0 |   Shell   |",
        "git-release-branch-merge-action": "| 0 | 0 |   Shell   |",
        "helm-create-tag-from-version-action": "| 0 | 0 |   Shell   |",
        "redispipe": "| 0 | 0 |   Go   |",
        "validictory": "| 0 | 0 |   Python   |",
        "tornado": "| 0 | 0 |   None   |",
        "async-lru": "| 0 | 0 |   Python   |",
        "apscheduler": "| 0 | 0 |   None   |",
        "localstack-helm-charts": "| 0 | 0 |   Smarty   |",
        "redcon": "| 0 | 0 |   Go   |",
        "gist": "| 0 | 0 |   Shell   |",
        "aiohttp": "| 0 | 0 |   None   |",
        "aioresponses": "| 0 | 0 |   None   |",
        "paramiko": "| 0 | 0 |   None   |",
        "metaflow": "| 0 | 0 |   Python   |",
        "python-user-agents": "| 0 | 0 |   None   |",
        "kubeless": "| 0 | 0 |   None   |",
        "sass-gradle-plugin": "| 0 | 0 |   None   |",
        "vector": "| 0 | 0 |   Rust   |",
        "istio": "| 0 | 0 |   None   |",
        "kube-ps1": "| 0 | 0 |   None   |",
        "rules_proto": "| 0 | 0 |   Go   |",
        "lxml": "| 0 | 0 |   None   |",
        "thriftpy2": "| 0 | 0 |   None   |",
        "arrow": "| 0 | 0 |   None   |",
        "dlib": "| 0 | 0 |   None   |",
        "uwsgi-feedstock": "| 0 | 0 |   None   |",
        "dlib-feedstock": "| 0 | 0 |   None   |",
        "helm-set-image-tag-action-no-docker": "| 0 | 0 |   Shell   |"
    }
}