{
    "company": "npm",
    "h-index": 54,
    "repo count": 339,
    "contributor count": 2428,
    "size": "todo",
    "employee count": "todo",
    "country": "United States of America",
    "top language": "JavaScript",
    "repos": {
        "npm": "| 17453 | 3229 |   None   |",
        "cli": "| 7131 | 2671 |   JavaScript   |",
        "node-semver": "| 4631 | 480 |   JavaScript   |",
        "tink": "| 2163 | 64 |   JavaScript   |",
        "npm-expansions": "| 2127 | 3122 |   JavaScript   |",
        "ini": "| 711 | 222 |   JavaScript   |",
        "npx": "| 706 | 83 |   JavaScript   |",
        "rfcs": "| 679 | 276 |   JavaScript   |",
        "npm-registry-couchapp": "| 614 | 194 |   JavaScript   |",
        "nopt": "| 522 | 50 |   JavaScript   |",
        "npmlog": "| 413 | 61 |   JavaScript   |",
        "marky-markdown": "| 389 | 83 |   JavaScript   |",
        "registry": "| 375 | 110 |   None   |",
        "arborist": "| 372 | 76 |   JavaScript   |",
        "download-counts": "| 328 | 27 |   JavaScript   |",
        "gauge": "| 316 | 44 |   JavaScript   |",
        "pacote": "| 296 | 40 |   JavaScript   |",
        "node-which": "| 292 | 48 |   JavaScript   |",
        "init-package-json": "| 278 | 165 |   JavaScript   |",
        "validate-npm-package-name": "| 270 | 47 |   JavaScript   |",
        "npm-merge-driver": "| 268 | 24 |   JavaScript   |",
        "npm-registry-client": "| 264 | 107 |   JavaScript   |",
        "lockfile": "| 258 | 39 |   JavaScript   |",
        "registry-issue-archive": "| 251 | 49 |   None   |",
        "cacache": "| 235 | 30 |   JavaScript   |",
        "roadmap": "| 216 | 69 |   None   |",
        "write-file-atomic": "| 209 | 57 |   JavaScript   |",
        "read-package-json": "| 207 | 93 |   JavaScript   |",
        "fstream": "| 205 | 52 |   JavaScript   |",
        "hosted-git-info": "| 203 | 103 |   JavaScript   |",
        "documentation": "| 189 | 2049 |   JavaScript   |",
        "read": "| 185 | 37 |   JavaScript   |",
        "ndm": "| 181 | 21 |   JavaScript   |",
        "normalize-package-data": "| 176 | 59 |   JavaScript   |",
        "are-we-there-yet": "| 169 | 24 |   JavaScript   |",
        "make-fetch-happen": "| 158 | 36 |   JavaScript   |",
        "abbrev-js": "| 153 | 40 |   JavaScript   |",
        "security-holder": "| 141 | 54 |   None   |",
        "osenv": "| 136 | 23 |   JavaScript   |",
        "feedback": "| 122 | 44 |   None   |",
        "statusboard": "| 114 | 48 |   JavaScript   |",
        "libnpm": "| 113 | 17 |   JavaScript   |",
        "npm-collection-staff-picks": "| 110 | 13 |   JavaScript   |",
        "npm-package-arg": "| 107 | 43 |   JavaScript   |",
        "npm-registry-fetch": "| 101 | 49 |   JavaScript   |",
        "promzard": "| 98 | 29 |   JavaScript   |",
        "npm-remote-ls": "| 86 | 38 |   JavaScript   |",
        "npm-packlist": "| 78 | 35 |   JavaScript   |",
        "npmconf": "| 75 | 47 |   JavaScript   |",
        "npm-tips": "| 74 | 23 |   JavaScript   |",
        "cmd-shim": "| 73 | 44 |   JavaScript   |",
        "www": "| 69 | 48 |   None   |",
        "policies": "| 67 | 78 |   Shell   |",
        "npm_conf": "| 59 | 5 |   None   |",
        "registry-follower-tutorial": "| 53 | 23 |   JavaScript   |",
        "read-installed": "| 52 | 37 |   JavaScript   |",
        "ci-detect": "| 51 | 18 |   JavaScript   |",
        "git": "| 50 | 14 |   JavaScript   |",
        "fs-write-stream-atomic": "| 48 | 16 |   JavaScript   |",
        "mute-stream": "| 47 | 21 |   JavaScript   |",
        "ssri": "| 46 | 22 |   JavaScript   |",
        "minipass-fetch": "| 45 | 12 |   JavaScript   |",
        "ignore-walk": "| 44 | 17 |   JavaScript   |",
        "logical-tree": "| 44 | 10 |   JavaScript   |",
        "libnpmpublish": "| 44 | 10 |   JavaScript   |",
        "run-script": "| 42 | 18 |   JavaScript   |",
        "read-package-tree": "| 41 | 15 |   JavaScript   |",
        "jobs": "| 41 | 12 |   None   |",
        "read-package-json-fast": "| 41 | 7 |   JavaScript   |",
        "fstream-ignore": "| 38 | 14 |   JavaScript   |",
        "unique-filename": "| 37 | 13 |   JavaScript   |",
        "lock-verify": "| 37 | 13 |   JavaScript   |",
        "npm-lifecycle": "| 36 | 44 |   JavaScript   |",
        "npme-installer": "| 35 | 21 |   JavaScript   |",
        "wombat-cli": "| 34 | 12 |   JavaScript   |",
        "couch-login": "| 33 | 18 |   JavaScript   |",
        "libnpmexec": "| 33 | 5 |   JavaScript   |",
        "ansible-nagios": "| 32 | 30 |   Perl   |",
        "benchmarks": "| 32 | 9 |   JavaScript   |",
        "node": "| 31 | 19 |   JavaScript   |",
        "config": "| 31 | 18 |   JavaScript   |",
        "redsess": "| 30 | 13 |   JavaScript   |",
        "unique-slug": "| 30 | 11 |   JavaScript   |",
        "npm-audit-report": "| 30 | 23 |   JavaScript   |",
        "fstream-npm": "| 29 | 18 |   JavaScript   |",
        "npm-profile": "| 29 | 19 |   JavaScript   |",
        "parse-conflict-json": "| 28 | 4 |   JavaScript   |",
        "lint": "| 28 | 2 |   JavaScript   |",
        "package-json": "| 27 | 4 |   JavaScript   |",
        "npm-registry-mock": "| 26 | 16 |   JavaScript   |",
        "concurrent-couch-follower": "| 26 | 10 |   JavaScript   |",
        "libnpmsearch": "| 24 | 4 |   JavaScript   |",
        "libnpmaccess": "| 23 | 13 |   JavaScript   |",
        "logos": "| 22 | 24 |   None   |",
        "deprecate-holder": "| 21 | 22 |   None   |",
        "public-api": "| 20 | 16 |   None   |",
        "captain-hook": "| 20 | 15 |   JavaScript   |",
        "bin-links": "| 20 | 22 |   JavaScript   |",
        "ui": "| 20 | 0 |   None   |",
        "npm-hook-slack": "| 19 | 11 |   JavaScript   |",
        "libnpmversion": "| 19 | 5 |   JavaScript   |",
        "uid-number": "| 18 | 7 |   JavaScript   |",
        "npm-fullfat-registry": "| 18 | 26 |   JavaScript   |",
        "move-concurrently": "| 18 | 9 |   JavaScript   |",
        "ansible-nagios-config": "| 17 | 13 |   None   |",
        "copy-concurrently": "| 17 | 11 |   JavaScript   |",
        "do-you-even-lift": "| 17 | 4 |   JavaScript   |",
        "seq-file": "| 16 | 9 |   JavaScript   |",
        "fs-minipass": "| 16 | 11 |   JavaScript   |",
        ".github": "| 16 | 18 |   JavaScript   |",
        "npm-install-checks": "| 15 | 13 |   JavaScript   |",
        "callback-tracker": "| 15 | 5 |   JavaScript   |",
        "ansible-pg-wale": "| 14 | 10 |   None   |",
        "Paquetes-de-Codigo-Abierto": "| 14 | 4 |   None   |",
        "json-parse-even-better-errors": "| 14 | 3 |   JavaScript   |",
        "npm-v7-blog": "| 14 | 4 |   None   |",
        "multi-fs": "| 13 | 9 |   JavaScript   |",
        "normalize-git-url": "| 13 | 10 |   JavaScript   |",
        "normalize-license-data": "| 13 | 5 |   JavaScript   |",
        "git-repo-manager": "| 13 | 6 |   JavaScript   |",
        "types": "| 13 | 13 |   TypeScript   |",
        "fs": "| 13 | 6 |   JavaScript   |",
        "npm-hook-receiver": "| 12 | 7 |   JavaScript   |",
        "proxy-registry": "| 12 | 7 |   JavaScript   |",
        "map-workspaces": "| 12 | 11 |   JavaScript   |",
        "proggy": "| 12 | 1 |   JavaScript   |",
        "template-oss": "| 12 | 16 |   JavaScript   |",
        "npm-user-validate": "| 11 | 13 |   JavaScript   |",
        "pingme": "| 11 | 4 |   JavaScript   |",
        "npme-auth-github": "| 11 | 14 |   JavaScript   |",
        "oauth2-server-pg": "| 11 | 13 |   JavaScript   |",
        "devrel": "| 11 | 3 |   None   |",
        "pull": "| 11 | 6 |   Shell   |",
        "promise-spawn": "| 11 | 7 |   JavaScript   |",
        "metavuln-calculator": "| 11 | 10 |   JavaScript   |",
        "dynector": "| 10 | 17 |   JavaScript   |",
        "ansible-pg-failover": "| 10 | 6 |   None   |",
        "npmo-docker-compose": "| 10 | 8 |   JavaScript   |",
        "normalize-registry-metadata": "| 10 | 5 |   JavaScript   |",
        "ansible-pg-failover-config": "| 9 | 8 |   None   |",
        "humans": "| 9 | 9 |   JavaScript   |",
        "npmi-cli": "| 9 | 9 |   JavaScript   |",
        "stringify-package": "| 9 | 7 |   JavaScript   |",
        "installed-package-contents": "| 9 | 9 |   JavaScript   |",
        "npm-skim-registry": "| 8 | 4 |   JavaScript   |",
        "mustache-mailer": "| 8 | 5 |   JavaScript   |",
        "read-cmd-shim": "| 8 | 8 |   JavaScript   |",
        "micro-monitor": "| 8 | 7 |   JavaScript   |",
        "libnpmhook": "| 8 | 6 |   JavaScript   |",
        "pneumatic-tubes": "| 8 | 9 |   JavaScript   |",
        "libcipm": "| 8 | 11 |   JavaScript   |",
        "create-oss": "| 8 | 7 |   JavaScript   |",
        "fs-vacuum": "| 7 | 8 |   JavaScript   |",
        "shirts": "| 7 | 5 |   None   |",
        "npm-like-im-5": "| 7 | 6 |   Shell   |",
        "npme-docs": "| 7 | 12 |   JavaScript   |",
        "how-npm-works-docs": "| 7 | 5 |   JavaScript   |",
        "libnpmpack": "| 7 | 3 |   JavaScript   |",
        "eslint-config": "| 7 | 5 |   JavaScript   |",
        "stafftools": "| 7 | 4 |   JavaScript   |",
        "ansible-bashpocalypse": "| 6 | 5 |   None   |",
        "pg-db-session": "| 6 | 8 |   JavaScript   |",
        "pivotal-ui": "| 6 | 7 |   HTML   |",
        "dr-frankenstyle": "| 6 | 3 |   JavaScript   |",
        "node-oauth2-server": "| 6 | 4 |   JavaScript   |",
        "ifttt-hook-translator": "| 6 | 4 |   JavaScript   |",
        "node-fetch-npm": "| 6 | 10 |   JavaScript   |",
        "npm-bundled": "| 6 | 14 |   JavaScript   |",
        "gentle-fs": "| 6 | 8 |   JavaScript   |",
        "find-npm-prefix": "| 6 | 6 |   JavaScript   |",
        "action-deploy": "| 6 | 11 |   TypeScript   |",
        "proc-log": "| 6 | 3 |   JavaScript   |",
        "support-cli": "| 5 | 6 |   None   |",
        "token-facilitator": "| 5 | 7 |   JavaScript   |",
        "npm-explicit-installs": "| 5 | 7 |   JavaScript   |",
        "hapi-stateless-notifications": "| 5 | 7 |   JavaScript   |",
        "npm-camp": "| 5 | 11 |   CSS   |",
        "oss-weekly": "| 5 | 4 |   None   |",
        "tarball-url-info": "| 5 | 5 |   JavaScript   |",
        "annotation-api": "| 5 | 9 |   JavaScript   |",
        "couch-url-rewrite-proxy": "| 5 | 8 |   JavaScript   |",
        "fallback-fs": "| 5 | 2 |   JavaScript   |",
        "npm-normalize-package-bin": "| 5 | 5 |   JavaScript   |",
        "name-from-folder": "| 5 | 4 |   JavaScript   |",
        "npm-birthday": "| 5 | 1 |   JavaScript   |",
        "tap-nock": "| 5 | 3 |   JavaScript   |",
        "npm-logbot": "| 4 | 6 |   JavaScript   |",
        "couch-readonly-replica": "| 4 | 4 |   JavaScript   |",
        "package-audit": "| 4 | 6 |   JavaScript   |",
        "npm-cache-filename": "| 4 | 7 |   JavaScript   |",
        "ansible-role-deploy-update-code-git": "| 4 | 4 |   None   |",
        "realize-package-specifier": "| 4 | 7 |   JavaScript   |",
        "static-pages": "| 4 | 21 |   None   |",
        "oss-license-name-to-url": "| 4 | 7 |   JavaScript   |",
        "newww-tests": "| 4 | 6 |   JavaScript   |",
        "handlebars-helper-icon": "| 4 | 6 |   JavaScript   |",
        "shelby": "| 4 | 9 |   Rust   |",
        "gh-issues": "| 4 | 8 |   JavaScript   |",
        "disposable-email-domains": "| 4 | 8 |   JavaScript   |",
        "libnpmfund": "| 4 | 4 |   JavaScript   |",
        "node-gyp": "| 4 | 4 |   JavaScript   |",
        "query": "| 4 | 1 |   JavaScript   |",
        "npm-lylog": "| 3 | 5 |   JavaScript   |",
        "notify-by-ses": "| 3 | 8 |   JavaScript   |",
        "ansible-percona": "| 3 | 4 |   None   |",
        "graphics": "| 3 | 6 |   HTML   |",
        "kenny-logins": "| 3 | 5 |   JavaScript   |",
        "scope-it": "| 3 | 10 |   JavaScript   |",
        "ansible-influxdb": "| 3 | 5 |   None   |",
        "express-oauth-server": "| 3 | 4 |   JavaScript   |",
        "annotation-poller": "| 3 | 8 |   JavaScript   |",
        "using-pkgs-docs": "| 3 | 6 |   JavaScript   |",
        "readme-tester": "| 3 | 6 |   JavaScript   |",
        "my-first-publish-bot": "| 3 | 13 |   JavaScript   |",
        "decorate": "| 3 | 5 |   JavaScript   |",
        "seq-save": "| 3 | 5 |   JavaScript   |",
        "npm-pick-manifest": "| 3 | 11 |   JavaScript   |",
        "disparity-colors": "| 3 | 4 |   JavaScript   |",
        "doctornpm": "| 3 | 6 |   JavaScript   |",
        "npm-cli-release-please": "| 3 | 1 |   JavaScript   |",
        "npm-fastly-purge": "| 2 | 5 |   JavaScript   |",
        "readdir-scoped-modules": "| 2 | 6 |   JavaScript   |",
        "create-test-package": "| 2 | 4 |   JavaScript   |",
        "npmo-auth-sso": "| 2 | 7 |   JavaScript   |",
        "nicely-placed-modification-logs": "| 2 | 4 |   JavaScript   |",
        "npme-auth-oauth2": "| 2 | 4 |   JavaScript   |",
        "route66": "| 2 | 6 |   JavaScript   |",
        "handlebars-react": "| 2 | 5 |   JavaScript   |",
        "s3-time-stream": "| 2 | 6 |   JavaScript   |",
        "nm": "| 2 | 5 |   JavaScript   |",
        "minify-registry-metadata": "| 2 | 4 |   JavaScript   |",
        "common-log-object": "| 2 | 3 |   JavaScript   |",
        "etcd-result-objectify": "| 2 | 2 |   JavaScript   |",
        "fastify-monitor": "| 2 | 5 |   JavaScript   |",
        "content-type-to-language-name": "| 2 | 1 |   JavaScript   |",
        "community": "| 2 | 5 |   None   |",
        "joi-env": "| 2 | 4 |   JavaScript   |",
        "exec": "| 2 | 2 |   JavaScript   |",
        "agent": "| 2 | 0 |   JavaScript   |",
        "npm-registry-readme-trim": "| 1 | 4 |   JavaScript   |",
        "fastly-audit-purge": "| 1 | 4 |   JavaScript   |",
        "npme-ansible-module": "| 1 | 5 |   JavaScript   |",
        "rderby": "| 1 | 4 |   JavaScript   |",
        "css": "| 1 | 5 |   CSS   |",
        "keyword-context": "| 1 | 5 |   JavaScript   |",
        "forza": "| 1 | 4 |   Rust   |",
        "site-structure": "| 1 | 4 |   JavaScript   |",
        "dyn-js": "| 1 | 4 |   CoffeeScript   |",
        "npmo-auth-ldap": "| 1 | 4 |   JavaScript   |",
        "eloqua-client": "| 1 | 4 |   JavaScript   |",
        "npm-marketing-sidebar-blob": "| 1 | 7 |   JavaScript   |",
        "npmo-auth-token": "| 1 | 6 |   JavaScript   |",
        "divot": "| 1 | 4 |   JavaScript   |",
        "handlebars-helper-from-package": "| 1 | 4 |   JavaScript   |",
        "installation-setup-docs": "| 1 | 5 |   CSS   |",
        "redis-pool": "| 1 | 6 |   JavaScript   |",
        "next.js": "| 1 | 2 |   JavaScript   |",
        "npme-auth-oauth2-restricted": "| 1 | 6 |   JavaScript   |",
        "potoroo": "| 1 | 4 |   JavaScript   |",
        "npm2es2": "| 1 | 5 |   JavaScript   |",
        "google-container-engine": "| 1 | 6 |   JavaScript   |",
        "npmepm": "| 1 | 5 |   JavaScript   |",
        "rust-readme-client": "| 1 | 5 |   Rust   |",
        "libnpm-resolve-module-tree": "| 1 | 6 |   JavaScript   |",
        "libnpmconfig": "| 1 | 5 |   JavaScript   |",
        "weallcontribute": "| 1 | 2 |   JavaScript   |",
        "npm-docker-elasticsearch": "| 1 | 3 |   Shell   |",
        "libpickupdates": "| 1 | 2 |   JavaScript   |",
        "delete-merged-branch": "| 1 | 2 |   JavaScript   |",
        "docker-ops-tools": "| 1 | 3 |   Shell   |",
        "figgy-pudding": "| 1 | 3 |   JavaScript   |",
        "npm-install-script": "| 1 | 2 |   Shell   |",
        "libnpmdiff": "| 1 | 2 |   JavaScript   |",
        "tls-test": "| 1 | 1 |   JavaScript   |",
        "publish-test": "| 1 | 0 |   JavaScript   |",
        "node-github-url-from-git": "| 0 | 4 |   JavaScript   |",
        "npme-trusty": "| 0 | 5 |   JavaScript   |",
        "npme-centos65": "| 0 | 5 |   JavaScript   |",
        "npme-unknown": "| 0 | 4 |   JavaScript   |",
        "ec2tail": "| 0 | 4 |   JavaScript   |",
        "registry-cert-verification": "| 0 | 5 |   JavaScript   |",
        "npm-tutor": "| 0 | 4 |   JavaScript   |",
        "lylog": "| 0 | 3 |   JavaScript   |",
        "numbat-analyzer": "| 0 | 3 |   JavaScript   |",
        "ansible-ftools": "| 0 | 4 |   None   |",
        "talk-proposals": "| 0 | 5 |   None   |",
        "npm-marketing-changes-feed": "| 0 | 4 |   JavaScript   |",
        "npme-auth-bitbucket": "| 0 | 5 |   JavaScript   |",
        "blankie": "| 0 | 3 |   JavaScript   |",
        "rewrite-url-follower": "| 0 | 5 |   JavaScript   |",
        "new-docs": "| 0 | 4 |   CSS   |",
        "private-pkgs-orgs-docs": "| 0 | 4 |   JavaScript   |",
        "publishing-pkgs-docs": "| 0 | 4 |   JavaScript   |",
        "registry-docs": "| 0 | 5 |   None   |",
        "sign-payload": "| 0 | 7 |   JavaScript   |",
        "marky-markdown-integration-test": "| 0 | 4 |   None   |",
        "tumblr-theme": "| 0 | 4 |   HTML   |",
        "external-fetch": "| 0 | 4 |   JavaScript   |",
        "redis": "| 0 | 5 |   JavaScript   |",
        "background-refresh-cache": "| 0 | 3 |   JavaScript   |",
        "npme-vagrant": "| 0 | 4 |   None   |",
        "with-fixtures": "| 0 | 4 |   JavaScript   |",
        "ansible-role-elasticsearch": "| 0 | 5 |   Ruby   |",
        "pkgize": "| 0 | 4 |   JavaScript   |",
        "marky-compare": "| 0 | 4 |   JavaScript   |",
        "postgresql": "| 0 | 2 |   Shell   |",
        "npm-authify": "| 0 | 4 |   JavaScript   |",
        "tarpit": "| 0 | 4 |   JavaScript   |",
        "nsqjs": "| 0 | 3 |   JavaScript   |",
        "team-info-cache": "| 0 | 4 |   JavaScript   |",
        "npm-docker-couchdb": "| 0 | 10 |   Dockerfile   |",
        "npme-slug-validate": "| 0 | 2 |   JavaScript   |",
        "libnpm-read-package-manifest": "| 0 | 4 |   JavaScript   |",
        "nsq-relayer": "| 0 | 5 |   JavaScript   |",
        "libnpmteam": "| 0 | 5 |   JavaScript   |",
        "libnpmorg": "| 0 | 4 |   JavaScript   |",
        "fastify-metrics": "| 0 | 5 |   JavaScript   |",
        "npms-brunch": "| 0 | 3 |   JavaScript   |",
        "alpine-nginx": "| 0 | 7 |   Dockerfile   |",
        "etcdjs": "| 0 | 2 |   JavaScript   |",
        "node-fetch-coverage": "| 0 | 2 |   JavaScript   |",
        "pagerbot": "| 0 | 1 |   Ruby   |",
        "Publish-Docker-Github-Action": "| 0 | 2 |   None   |",
        "dirac": "| 0 | 1 |   None   |",
        "jthooks": "| 0 | 1 |   None   |",
        "jthoober": "| 0 | 1 |   None   |",
        "action-slack": "| 0 | 1 |   None   |",
        "build-push-action": "| 0 | 0 |   None   |",
        "workspaces-progress-tracker": "| 0 | 2 |   None   |",
        "private-action-loader": "| 0 | 2 |   None   |",
        "terraform-github-actions": "| 0 | 1 |   None   |",
        "move-file": "| 0 | 3 |   JavaScript   |",
        "nock-registry": "| 0 | 1 |   JavaScript   |",
        "release-please": "| 0 | 0 |   TypeScript   |",
        "attestation": "| 0 | 0 |   None   |",
        "citgm": "| 0 | 0 |   None   |",
        "nodejs-node-gyp": "| 0 | 0 |   Python   |",
        "npms-queries": "| 0 | 0 |   None   |",
        "node-gyp-1": "| 0 | 0 |   None   |"
    }
}