{
    "company": "Nutanix, Inc.",
    "h-index": 10,
    "repo count": 76,
    "contributor count": 900,
    "size": "todo",
    "employee count": "todo",
    "country": "San Jose, CA",
    "top language": "Go",
    "repos": {
        "libvfio-user": "| 109 | 38 |   C   |",
        "terraform-provider-nutanix": "| 75 | 101 |   Go   |",
        "blueprints": "| 69 | 90 |   Python   |",
        "Automation": "| 50 | 39 |   JavaScript   |",
        "openshift": "| 37 | 15 |   None   |",
        "nutanix.ansible": "| 34 | 22 |   Python   |",
        "calm-dsl": "| 28 | 46 |   Python   |",
        "karbon-platform-services": "| 25 | 31 |   Python   |",
        "csi-plugin": "| 17 | 9 |   None   |",
        "kubectl-karbon": "| 17 | 5 |   Go   |",
        "helm": "| 10 | 22 |   Smarty   |",
        "passport-wso2": "| 9 | 7 |   JavaScript   |",
        "docker-machine": "| 9 | 6 |   Go   |",
        "sails-forcedotcom": "| 7 | 2 |   JavaScript   |",
        "papiea-clj": "| 6 | 1 |   Clojure   |",
        "papiea": "| 6 | 3 |   TypeScript   |",
        "ServiceNow": "| 5 | 5 |   None   |",
        "curie": "| 5 | 3 |   Python   |",
        "Calm-Servicenow-Plugin": "| 5 | 4 |   None   |",
        "ReDoc": "| 4 | 1 |   TypeScript   |",
        "emailjs": "| 3 | 4 |   JavaScript   |",
        "Nutanix-Calm-Jenkins-Plugin": "| 3 | 3 |   Java   |",
        "express-webhook": "| 3 | 0 |   JavaScript   |",
        "ntnx-api-cmdlet-help": "| 3 | 1 |   Shell   |",
        "rancher-ui-driver": "| 3 | 2 |   JavaScript   |",
        "validated-designs": "| 3 | 1 |   PowerShell   |",
        "xray-scenarios": "| 2 | 2 |   None   |",
        "xi-iot-python-sdk": "| 2 | 2 |   Python   |",
        "ntnx-api-python-clients": "| 2 | 0 |   None   |",
        "kubeflow-manifests": "| 2 | 1 |   HTML   |",
        "sails-adapter-boilerplate": "| 1 | 1 |   JavaScript   |",
        "glog": "| 1 | 1 |   Go   |",
        "Network-Event-Listener-Framework": "| 1 | 1 |   Go   |",
        "Cloud-Foundry-CPI-for-Nutanix-AHV": "| 1 | 5 |   Ruby   |",
        "hackathon": "| 1 | 1 |   Python   |",
        "api-guidelines": "| 1 | 0 |   CSS   |",
        "go-control-plane": "| 1 | 0 |   Go   |",
        "gofc": "| 1 | 0 |   Go   |",
        "golang-socketio": "| 1 | 1 |   Go   |",
        "papiea-js-example": "| 1 | 0 |   TypeScript   |",
        "bucket-antivirus-function": "| 1 | 1 |   None   |",
        "objects-analytics-elk-config": "| 1 | 0 |   None   |",
        "terraform-provider-nutanixkps": "| 1 | 2 |   Go   |",
        "kps-connector-idl": "| 1 | 1 |   Makefile   |",
        "kps-connector-go-sdk": "| 1 | 1 |   Go   |",
        "kps-connector-go-template": "| 1 | 1 |   Go   |",
        "csi-external-provisioner": "| 1 | 0 |   None   |",
        "conntrack-migrator": "| 1 | 0 |   C   |",
        "homebrew-tap": "| 1 | 0 |   Ruby   |",
        "api-guidelines-validator": "| 1 | 1 |   JavaScript   |",
        "ntnx-api-golang-clients": "| 1 | 2 |   Go   |",
        "node-nominatim": "| 0 | 1 |   JavaScript   |",
        "sails-swagger": "| 0 | 0 |   JavaScript   |",
        "sails-hook-webpack": "| 0 | 0 |   JavaScript   |",
        "dex": "| 0 | 0 |   Go   |",
        "rotor": "| 0 | 0 |   Go   |",
        "go-socket.io": "| 0 | 0 |   JavaScript   |",
        "patrao": "| 0 | 0 |   Go   |",
        "kafka-rest-node": "| 0 | 2 |   JavaScript   |",
        "sails-hook-swagger-generator": "| 0 | 0 |   JavaScript   |",
        "larmier": "| 0 | 0 |   C   |",
        "go-openvswitch": "| 0 | 0 |   None   |",
        "netlink": "| 0 | 0 |   None   |",
        "netns": "| 0 | 0 |   None   |",
        "solutions": "| 0 | 1 |   Shell   |",
        "amazon-vpc-cni-k8s": "| 0 | 0 |   None   |",
        "postgres": "| 0 | 0 |   None   |",
        "kafka-connect-jdbc": "| 0 | 0 |   None   |",
        "kin-openapi": "| 0 | 0 |   None   |",
        "api": "| 0 | 0 |   None   |",
        "nutanix-sdk-java": "| 0 | 0 |   None   |",
        "generate-jwt-key": "| 0 | 0 |   Python   |",
        "ntnx-api-java-clients": "| 0 | 0 |   None   |",
        "ntnx-api-javascript-clients": "| 0 | 0 |   None   |",
        "helm-releases": "| 0 | 0 |   None   |",
        "nai-dl-bench": "| 0 | 0 |   Python   |"
    }
}