{
    "company": "NVIDIA Corporation",
    "h-index": 115,
    "repo count": 352,
    "contributor count": 4657,
    "size": "todo",
    "employee count": "todo",
    "country": "2788 San Tomas Expressway, Santa Clara, CA, 95051",
    "top language": "Python",
    "repos": {
        "nvidia-docker": "| 16206 | 2061 |   Makefile   |",
        "open-gpu-kernel-modules": "| 13109 | 953 |   C   |",
        "FastPhotoStyle": "| 11004 | 1208 |   Python   |",
        "DeepLearningExamples": "| 10853 | 2813 |   Jupyter Notebook   |",
        "vid2vid": "| 8253 | 1194 |   Python   |",
        "apex": "| 7194 | 1203 |   Python   |",
        "TensorRT": "| 7151 | 1746 |   C++   |",
        "NeMo": "| 6623 | 1549 |   Python   |",
        "pix2pixHD": "| 6160 | 1338 |   Python   |",
        "Megatron-LM": "| 4990 | 1014 |   Python   |",
        "thrust": "| 4518 | 741 |   C++   |",
        "tacotron2": "| 4429 | 1279 |   Jupyter Notebook   |",
        "DALI": "| 4392 | 568 |   C++   |",
        "DIGITS": "| 4088 | 1408 |   HTML   |",
        "cuda-samples": "| 3506 | 1277 |   C   |",
        "FasterTransformer": "| 3213 | 561 |   C++   |",
        "flownet2-pytorch": "| 2901 | 729 |   Python   |",
        "cutlass": "| 2750 | 539 |   C++   |",
        "libcudacxx": "| 2210 | 188 |   C++   |",
        "nccl": "| 2152 | 575 |   C++   |",
        "waveglow": "| 2101 | 513 |   Python   |",
        "MinkowskiEngine": "| 1971 | 291 |   Python   |",
        "k8s-device-plugin": "| 1772 | 532 |   Go   |",
        "semantic-segmentation": "| 1679 | 379 |   Python   |",
        "DeepRecommender": "| 1661 | 343 |   Python   |",
        "OpenSeq2Seq": "| 1507 | 370 |   Python   |",
        "cub": "| 1444 | 432 |   Cuda   |",
        "NeMo-Guardrails": "| 1329 | 80 |   Python   |",
        "warp": "| 1193 | 86 |   HTML   |",
        "open-gpu-doc": "| 1148 | 84 |   C   |",
        "partialconv": "| 1124 | 208 |   Python   |",
        "Q2RTX": "| 1117 | 168 |   C   |",
        "VideoProcessingFramework": "| 1057 | 193 |   C++   |",
        "sentiment-discovery": "| 1047 | 205 |   Python   |",
        "nvidia-container-runtime": "| 990 | 163 |   Makefile   |",
        "deepops": "| 987 | 285 |   Shell   |",
        "gpu-monitoring-tools": "| 956 | 308 |   C   |",
        "retinanet-examples": "| 852 | 277 |   Python   |",
        "flowtron": "| 835 | 174 |   Jupyter Notebook   |",
        "aistore": "| 811 | 101 |   Go   |",
        "trt-samples-for-hackathon-cn": "| 810 | 231 |   Jupyter Notebook   |",
        "mellotron": "| 783 | 184 |   Jupyter Notebook   |",
        "gpu-operator": "| 777 | 172 |   Go   |",
        "nv-wavenet": "| 727 | 125 |   Cuda   |",
        "CUDALibrarySamples": "| 722 | 207 |   Cuda   |",
        "MatX": "| 715 | 52 |   C++   |",
        "jetson-gpio": "| 712 | 232 |   Python   |",
        "tensorflow": "| 689 | 103 |   C++   |",
        "caffe": "| 670 | 271 |   C++   |",
        "nvvl": "| 662 | 87 |   C++   |",
        "MAXINE-AR-SDK": "| 626 | 80 |   C   |",
        "runx": "| 624 | 40 |   Python   |",
        "stdexec": "| 620 | 86 |   C++   |",
        "gvdb-voxels": "| 616 | 143 |   C   |",
        "gdrcopy": "| 605 | 128 |   C++   |",
        "TransformerEngine": "| 595 | 67 |   Python   |",
        "cuda-python": "| 593 | 47 |   Python   |",
        "libnvidia-container": "| 558 | 153 |   C   |",
        "spark-rapids": "| 533 | 182 |   Scala   |",
        "Dataset_Synthesizer": "| 523 | 117 |   C++   |",
        "BigVGAN": "| 458 | 42 |   Python   |",
        "jitify": "| 447 | 62 |   C++   |",
        "enroot": "| 445 | 83 |   Shell   |",
        "nvcomp": "| 431 | 67 |   C++   |",
        "libglvnd": "| 428 | 90 |   C   |",
        "PyProf": "| 424 | 41 |   Python   |",
        "MDL-SDK": "| 421 | 77 |   C++   |",
        "gpu-rest-engine": "| 419 | 102 |   C++   |",
        "DLSS": "| 415 | 62 |   C   |",
        "hpc-container-maker": "| 396 | 78 |   Python   |",
        "framework-reproducibility": "| 396 | 35 |   Python   |",
        "nccl-tests": "| 384 | 144 |   Cuda   |",
        "NvPipe": "| 382 | 100 |   Cuda   |",
        "multi-gpu-programming-models": "| 369 | 86 |   Cuda   |",
        "NVFlare": "| 367 | 98 |   Python   |",
        "AMGX": "| 364 | 125 |   Cuda   |",
        "dcgm-exporter": "| 319 | 72 |   Go   |",
        "data-science-stack": "| 302 | 52 |   Shell   |",
        "ai-assisted-annotation-client": "| 293 | 61 |   C++   |",
        "video-sdk-samples": "| 282 | 96 |   C++   |",
        "cuCollections": "| 272 | 53 |   C++   |",
        "cnmem": "| 270 | 75 |   C++   |",
        "nvidia-settings": "| 261 | 79 |   C   |",
        "tensorrt-laboratory": "| 259 | 48 |   C++   |",
        "fsi-samples": "| 251 | 106 |   Jupyter Notebook   |",
        "nvbench": "| 244 | 45 |   Cuda   |",
        "radtts": "| 223 | 27 |   Roff   |",
        "Falcor": "| 219 | 31 |   None   |",
        "egl-wayland": "| 219 | 39 |   C   |",
        "nvidia-container-toolkit": "| 218 | 59 |   Go   |",
        "transformer-ls": "| 211 | 33 |   Python   |",
        "cuQuantum": "| 208 | 42 |   Jupyter Notebook   |",
        "grcuda": "| 203 | 16 |   Java   |",
        "ContrastiveLosses4VRD": "| 197 | 44 |   Jupyter Notebook   |",
        "CleanUNet": "| 194 | 32 |   Python   |",
        "object-detection-tensorrt-example": "| 193 | 60 |   Python   |",
        "OptiX_Apps": "| 193 | 34 |   C++   |",
        "container-canary": "| 192 | 8 |   Go   |",
        "VisRTX": "| 191 | 23 |   C++   |",
        "MAXINE-VFX-SDK": "| 191 | 48 |   C   |",
        "DCGM": "| 182 | 37 |   C++   |",
        "modulus": "| 178 | 26 |   Python   |",
        "gpu-feature-discovery": "| 171 | 40 |   Go   |",
        "pyxis": "| 164 | 23 |   C   |",
        "Milano": "| 151 | 23 |   Python   |",
        "cudnn-frontend": "| 150 | 37 |   C++   |",
        "go-nvml": "| 145 | 35 |   C   |",
        "cuda-quantum": "| 136 | 33 |   C++   |",
        "kubevirt-gpu-device-plugin": "| 133 | 46 |   Go   |",
        "cuda-gdb": "| 132 | 55 |   C   |",
        "cheminformatics": "| 131 | 37 |   Jupyter Notebook   |",
        "Dataset_Utilities": "| 120 | 22 |   Python   |",
        "NVTX": "| 120 | 27 |   C   |",
        "NeMo-text-processing": "| 119 | 25 |   Python   |",
        "jetson-rdma-picoevb": "| 115 | 36 |   Tcl   |",
        "DL4AGX": "| 112 | 24 |   C++   |",
        "kmeans": "| 110 | 31 |   Cuda   |",
        "MAXINE-AFX-SDK": "| 109 | 21 |   C   |",
        "nvidia-installer": "| 108 | 30 |   C   |",
        "unsupervised-video-interpolation": "| 104 | 17 |   Python   |",
        "clara-train-examples": "| 102 | 78 |   HTML   |",
        "FFmpeg-GPU-Demo": "| 100 | 24 |   C   |",
        "Fuser": "| 95 | 20 |   C++   |",
        "gds-nvidia-fs": "| 92 | 18 |   C   |",
        "mig-parted": "| 90 | 23 |   Go   |",
        "cuOpt-Resources": "| 89 | 15 |   Jupyter Notebook   |",
        "ipyparaview": "| 86 | 26 |   Jupyter Notebook   |",
        "ansible-role-nvidia-driver": "| 80 | 49 |   Jinja   |",
        "pynvrtc": "| 79 | 23 |   Python   |",
        "docker-swift": "| 78 | 36 |   Shell   |",
        "NeMo-Megatron-Launcher": "| 78 | 22 |   Python   |",
        "vagrant-swift-all-in-one": "| 76 | 58 |   Ruby   |",
        "cloud-native-stack": "| 72 | 41 |   Markdown   |",
        "nsight-training": "| 70 | 25 |   C   |",
        "MegaMolBART": "| 67 | 13 |   Python   |",
        "nvtx-plugins": "| 66 | 14 |   Python   |",
        "eglexternalplatform": "| 65 | 11 |   C   |",
        "sampleQAT": "| 65 | 19 |   Python   |",
        "Deep-Learning-Accelerator-SW": "| 65 | 6 |   Python   |",
        "proxyfs": "| 63 | 24 |   Go   |",
        "speechsquad": "| 61 | 11 |   C++   |",
        "nvbandwidth": "| 61 | 10 |   C++   |",
        "nvidia-modprobe": "| 60 | 15 |   C   |",
        "cuda-profiler": "| 59 | 24 |   Python   |",
        "spark-rapids-examples": "| 58 | 38 |   Jupyter Notebook   |",
        "tegrarcm": "| 57 | 28 |   C   |",
        "go-gpuallocator": "| 57 | 18 |   Go   |",
        "rtx_compute_samples": "| 57 | 12 |   C++   |",
        "mxnet_to_onnx": "| 56 | 12 |   Python   |",
        "tegra-nouveau-rootfs": "| 54 | 30 |   None   |",
        "CloudXR": "| 53 | 15 |   C++   |",
        "spark-xgboost-examples": "| 52 | 24 |   Jupyter Notebook   |",
        "Eigensolver_gpu": "| 51 | 16 |   Fortran   |",
        "cocoapi": "| 51 | 25 |   C++   |",
        "NVIDIAOpticalFlowSDK": "| 51 | 9 |   C   |",
        "l2fwd-nv": "| 50 | 15 |   C++   |",
        "go-dcgm": "| 48 | 11 |   C   |",
        "GraphQSat": "| 46 | 21 |   C++   |",
        "GPUStressTest": "| 46 | 6 |   C++   |",
        "cuDecomp": "| 45 | 5 |   C++   |",
        "clara-viz": "| 44 | 11 |   Jupyter Notebook   |",
        "optix-toolkit": "| 44 | 10 |   CMake   |",
        "nsight-vscode-edition": "| 43 | 5 |   TypeScript   |",
        "edk2-nvidia": "| 43 | 20 |   C   |",
        "nvidia-persistenced": "| 42 | 14 |   C   |",
        "UnsupervisedLandmarkLearning": "| 40 | 11 |   Python   |",
        "remorac": "| 38 | 7 |   OCaml   |",
        "dllogger": "| 37 | 14 |   Python   |",
        "ais-k8s": "| 37 | 11 |   Go   |",
        "gbm-bench": "| 35 | 23 |   Python   |",
        "clara-dicom-adapter": "| 35 | 13 |   C#   |",
        "nvidia-xconfig": "| 33 | 13 |   C   |",
        "PRBench": "| 32 | 15 |   C++   |",
        "vgpu-device-manager": "| 32 | 4 |   Go   |",
        "DALI_extra": "| 31 | 33 |   HTML   |",
        "nsight-aftermath-samples": "| 31 | 10 |   C   |",
        "yum-packaging-precompiled-kmod": "| 30 | 12 |   Python   |",
        "MagnumIO": "| 30 | 10 |   C++   |",
        "tegra-uboot-flasher-scripts": "| 29 | 29 |   Python   |",
        "compute-sanitizer-samples": "| 29 | 13 |   Cuda   |",
        "ansible-role-nvidia-docker": "| 29 | 23 |   Shell   |",
        "CoMD-CUDA": "| 28 | 20 |   C   |",
        "tegra-pinmux-scripts": "| 28 | 17 |   Python   |",
        "cbootimage": "| 27 | 29 |   C   |",
        "vdpau-hevc-example": "| 27 | 14 |   C   |",
        "cccl": "| 27 | 9 |   Dockerfile   |",
        "mpi-acx": "| 27 | 4 |   Cuda   |",
        "modulus-launch": "| 26 | 9 |   Python   |",
        "ising-gpu": "| 25 | 18 |   Cuda   |",
        "winex_lgpl": "| 24 | 15 |   C   |",
        "Imageinary": "| 24 | 11 |   Python   |",
        "dw-ros": "| 24 | 9 |   C++   |",
        "Rivermax": "| 24 | 7 |   C++   |",
        "ngc-container-replicator": "| 23 | 12 |   Python   |",
        "energy-sdk": "| 23 | 18 |   Jupyter Notebook   |",
        "spark-rapids-ml": "| 23 | 20 |   Python   |",
        "spark-rapids-benchmarks": "| 23 | 18 |   Python   |",
        "JAX-Toolbox": "| 23 | 7 |   Shell   |",
        "vdisc": "| 22 | 5 |   Go   |",
        "ngc-container-environment-modules": "| 22 | 6 |   Lua   |",
        "modulus-sym": "| 22 | 9 |   Python   |",
        "rapidAligner": "| 21 | 5 |   Jupyter Notebook   |",
        "atex": "| 21 | 4 |   Python   |",
        "ngc-examples": "| 20 | 10 |   Python   |",
        "NeMo-speech-data-processor": "| 20 | 5 |   Python   |",
        "df-nvshmem-prototype": "| 19 | 5 |   Cuda   |",
        "spark-xgboost": "| 19 | 5 |   C++   |",
        "nephele": "| 19 | 12 |   HCL   |",
        "LDDL": "| 19 | 8 |   Python   |",
        "torch-harmonics": "| 19 | 3 |   Jupyter Notebook   |",
        "online-softmax": "| 18 | 6 |   Cuda   |",
        "Korgi": "| 18 | 5 |   C++   |",
        "nvidia-gcp-samples": "| 18 | 7 |   Python   |",
        "spark-rapids-jni": "| 18 | 38 |   Cuda   |",
        "spark-rapids-tools": "| 18 | 20 |   Scala   |",
        "GPUPowerTest": "| 17 | 6 |   Cuda   |",
        "ai-workspace-operator": "| 17 | 2 |   None   |",
        "python-jetson": "| 16 | 10 |   Python   |",
        "5t5g": "| 16 | 8 |   C++   |",
        "ProViz-AI-Samples": "| 15 | 5 |   C++   |",
        "k8s-driver-manager": "| 15 | 3 |   Shell   |",
        "nvsci": "| 15 | 3 |   C   |",
        "nvgpu": "| 14 | 8 |   C   |",
        "Forma": "| 13 | 8 |   C++   |",
        "go-tfdata": "| 13 | 3 |   Go   |",
        "clara-ia": "| 13 | 2 |   Shell   |",
        "spark-rapids-container": "| 13 | 12 |   Shell   |",
        "WebGL": "| 12 | 10 |   C   |",
        "sortedmap": "| 12 | 3 |   Go   |",
        "clara-platform-python-client": "| 12 | 5 |   Python   |",
        "ubuntu-packaging-nvidia-driver": "| 12 | 5 |   None   |",
        "ansible-collection-dpu-ops": "| 12 | 3 |   Python   |",
        "grace-kernel": "| 12 | 1 |   None   |",
        "three.js": "| 11 | 8 |   JavaScript   |",
        "tegra-rootfs-scripts": "| 11 | 12 |   Shell   |",
        "webgl-path-tracing": "| 11 | 6 |   None   |",
        "nvidia-query-resource-opengl": "| 11 | 9 |   C   |",
        "nvstrings": "| 11 | 3 |   Python   |",
        "ais-etl": "| 11 | 7 |   Go   |",
        "healthcare-on-tap-TRT-TRITON-demo": "| 11 | 3 |   Jupyter Notebook   |",
        "mcmc-bnn-example": "| 11 | 2 |   C++   |",
        "Bobber": "| 11 | 5 |   Python   |",
        "egl-gbm": "| 11 | 3 |   C   |",
        "mlperf-common": "| 11 | 6 |   C++   |",
        "k8s-operator-libs": "| 11 | 4 |   Go   |",
        "tegra-uboot-scripts": "| 10 | 8 |   Python   |",
        "cpu-microcode": "| 10 | 6 |   None   |",
        "nvscic2c": "| 10 | 7 |   None   |",
        "dgx-selinux": "| 10 | 7 |   Makefile   |",
        "nvaitc-toolkit": "| 10 | 5 |   Dockerfile   |",
        "energy-sdk-l2rpn": "| 10 | 1 |   Python   |",
        "container-config": "| 9 | 6 |   Go   |",
        "nvindex-cloud": "| 9 | 5 |   Cuda   |",
        "yum-packaging-nvidia-plugin": "| 9 | 5 |   Python   |",
        "DALI_deps": "| 9 | 17 |   Shell   |",
        "sparkucx": "| 9 | 12 |   Scala   |",
        "otk-demand-loading": "| 9 | 2 |   C++   |",
        "cdt-nsight": "| 8 | 5 |   Java   |",
        "cbootimage-configs": "| 8 | 23 |   Makefile   |",
        "doroce-linux": "| 8 | 4 |   Shell   |",
        "fleet-command": "| 8 | 4 |   Python   |",
        "edk2": "| 8 | 10 |   C   |",
        "optee_os-nvidia": "| 8 | 4 |   C   |",
        "k8s-dra-driver": "| 8 | 0 |   Go   |",
        "gef-nsight": "| 7 | 39 |   Java   |",
        "scenejs": "| 7 | 8 |   JavaScript   |",
        "yum-packaging-fabric-manager": "| 7 | 3 |   None   |",
        "cuda-repo-management": "| 7 | 5 |   Shell   |",
        "GTC-2021-A31202-Code": "| 7 | 1 |   None   |",
        "GPU-Driver-Container": "| 7 | 2 |   Shell   |",
        "otk-examples": "| 7 | 4 |   C++   |",
        "modulus-toolchain": "| 7 | 1 |   Python   |",
        "ansible-role-enroot": "| 6 | 14 |   None   |",
        "PixelView": "| 6 | 4 |   Python   |",
        "swift": "| 6 | 4 |   Python   |",
        "nvbench_demo": "| 6 | 2 |   Cuda   |",
        "build-system-archive-import-examples": "| 6 | 2 |   Python   |",
        "apt-packaging-cuda-keyring": "| 6 | 0 |   Shell   |",
        "otk-memory": "| 6 | 1 |   C++   |",
        "vdpau-win-x11": "| 5 | 5 |   C   |",
        "SKA-gpu-grid": "| 5 | 5 |   Cuda   |",
        "torch-cudnn": "| 5 | 4 |   Lua   |",
        "docker-volume-netshare": "| 5 | 2 |   Go   |",
        "presto-mapd-connector": "| 5 | 3 |   Java   |",
        "NVSM": "| 5 | 3 |   Python   |",
        "fission": "| 5 | 3 |   Go   |",
        "ubuntu-packaging-nvidia-settings": "| 5 | 2 |   None   |",
        "yum-packaging-dkms-nvidia": "| 5 | 5 |   Shell   |",
        "yum-packaging-nvidia-driver": "| 5 | 5 |   Shell   |",
        "apt-packaging-fabric-manager": "| 5 | 4 |   None   |",
        "clara-pipeline-operator-sizing-tool": "| 5 | 5 |   Python   |",
        "data-science-blueprints": "| 5 | 11 |   Python   |",
        "libdeflate": "| 5 | 0 |   None   |",
        "otk-pyoptix": "| 5 | 1 |   C++   |",
        "otk-omm-baking": "| 5 | 1 |   C++   |",
        "cloud-native-docs": "| 5 | 2 |   HTML   |",
        "SKA-gpu-degrid": "| 4 | 5 |   Cuda   |",
        "SKA-gpu-multiscale-clean": "| 4 | 6 |   C++   |",
        "packer-builder-xenserver": "| 4 | 4 |   Go   |",
        "gitlab-answer-app": "| 4 | 3 |   JavaScript   |",
        "cuda-cpp-grammar": "| 4 | 1 |   None   |",
        "air_sdk": "| 4 | 4 |   Python   |",
        "edk2-non-osi": "| 4 | 3 |   Assembly   |",
        "aws-kube-ci": "| 4 | 1 |   HCL   |",
        "Cloud-Trust-Scripts": "| 4 | 0 |   None   |",
        "cccl_devcontainers": "| 4 | 3 |   None   |",
        "tdl": "| 3 | 4 |   JavaScript   |",
        "SKA-gpu-stefcal": "| 3 | 5 |   Cuda   |",
        "torch-cutorch": "| 3 | 2 |   Cuda   |",
        "torch-cunn": "| 3 | 3 |   Cuda   |",
        "kokkos": "| 3 | 2 |   C++   |",
        "docker-distribution": "| 3 | 2 |   Go   |",
        "ADLR": "| 3 | 0 |   None   |",
        "ubuntu-packaging-nvidia-modprobe": "| 3 | 2 |   None   |",
        "yum-packaging-nvidia-kmod-common": "| 3 | 5 |   Shell   |",
        "yum-packaging-nvidia-modprobe": "| 3 | 3 |   Shell   |",
        "yum-packaging-nvidia-settings": "| 3 | 3 |   Shell   |",
        "yum-packaging-nvidia-xconfig": "| 3 | 3 |   Shell   |",
        "edk2-edkrepo-manifest": "| 3 | 3 |   None   |",
        "go-nvlib": "| 3 | 1 |   Go   |",
        "otk-shader-util": "| 3 | 0 |   C++   |",
        "otk-cmake": "| 3 | 1 |   CMake   |",
        "swiftstack-collectd": "| 2 | 2 |   C   |",
        "tegra-uboot-flasher-manifests": "| 2 | 12 |   None   |",
        "ptp-nsight": "| 2 | 8 |   Java   |",
        "torch-android": "| 2 | 3 |   CMake   |",
        "torch-nccl": "| 2 | 3 |   Lua   |",
        "proxyfs-jrpc-client": "| 2 | 5 |   C   |",
        "proxyfs-vfs": "| 2 | 6 |   C   |",
        "dlinput-tf": "| 2 | 6 |   Jupyter Notebook   |",
        "nephele-packages": "| 2 | 5 |   Makefile   |",
        "yum-packaging-nvidia-persistenced": "| 2 | 3 |   Shell   |",
        "zypper-packaging-nvidia-driver": "| 2 | 7 |   Shell   |",
        "blossom-action": "| 2 | 2 |   None   |",
        "clara-platform-ansible-playbooks": "| 2 | 1 |   Jinja   |",
        "O-RAN-Archive": "| 2 | 1 |   None   |",
        "edk2-platforms": "| 2 | 3 |   C   |",
        "nebula-nsight": "| 1 | 3 |   Java   |",
        "cstruct": "| 1 | 3 |   Go   |",
        "SKA-gpu-reproject": "| 1 | 0 |   None   |",
        "SKA-gpu-direct-convolve": "| 1 | 0 |   None   |",
        "torch-distro": "| 1 | 2 |   CMake   |",
        "url-polyfill": "| 1 | 3 |   JavaScript   |",
        "onnx-tensorrt": "| 1 | 0 |   None   |",
        "swiftstack-collectd-plugin": "| 1 | 5 |   Python   |",
        "apt-packaging-libnvidia-nscq": "| 1 | 5 |   None   |",
        "yum-packaging-libnvidia-nscq": "| 1 | 4 |   None   |",
        "edk2-nvidia-non-osi": "| 1 | 3 |   NASL   |",
        "debian-packaging-nvidia-driver": "| 1 | 0 |   None   |",
        "air_agent": "| 1 | 3 |   Python   |",
        "cnt-dockerfile-samples": "| 1 | 1 |   Dockerfile   |",
        "cdt-gdb-adapter": "| 1 | 0 |   None   |"
    }
}