{
    "company": "NVIDIA Research Projects",
    "h-index": 95,
    "repo count": 227,
    "contributor count": 377,
    "size": "todo",
    "employee count": "todo",
    "country": null,
    "top language": "Python",
    "repos": {
        "stylegan": "| 13396 | 3099 |   Python   |",
        "instant-ngp": "| 12511 | 1568 |   Cuda   |",
        "stylegan2": "| 10362 | 2492 |   Python   |",
        "SPADE": "| 7354 | 991 |   Python   |",
        "stylegan3": "| 5130 | 922 |   Python   |",
        "imaginaire": "| 3735 | 432 |   Python   |",
        "stylegan2-ada-pytorch": "| 3414 | 1018 |   Python   |",
        "ffhq-dataset": "| 3082 | 533 |   Python   |",
        "eg3d": "| 2699 | 299 |   Python   |",
        "MUNIT": "| 2562 | 483 |   Python   |",
        "tiny-cuda-nn": "| 2416 | 296 |   C++   |",
        "few-shot-vid2vid": "| 1741 | 278 |   Python   |",
        "stylegan2-ada": "| 1723 | 495 |   Python   |",
        "nvdiffrec": "| 1675 | 192 |   Python   |",
        "SegFormer": "| 1587 | 249 |   Python   |",
        "FUNIT": "| 1537 | 235 |   Python   |",
        "PWC-Net": "| 1494 | 345 |   Python   |",
        "alias-free-gan": "| 1333 | 43 |   None   |",
        "noise2noise": "| 1279 | 300 |   Python   |",
        "DG-Net": "| 1226 | 232 |   Python   |",
        "prismer": "| 1140 | 59 |   Python   |",
        "NVAE": "| 874 | 151 |   Python   |",
        "Deep_Object_Pose": "| 858 | 253 |   Python   |",
        "nvdiffrast": "| 800 | 88 |   C++   |",
        "GA3C": "| 635 | 197 |   Python   |",
        "GroupViT": "| 586 | 46 |   Python   |",
        "VoxFormer": "| 584 | 38 |   Python   |",
        "edm": "| 577 | 41 |   Python   |",
        "denoising-diffusion-gan": "| 532 | 55 |   Python   |",
        "Dancing2Music": "| 500 | 80 |   Python   |",
        "pacnet": "| 490 | 83 |   Python   |",
        "planercnn": "| 483 | 115 |   Python   |",
        "ODISE": "| 435 | 18 |   Python   |",
        "DeepInversion": "| 431 | 73 |   Python   |",
        "FAN": "| 420 | 23 |   Python   |",
        "intrinsic3d": "| 409 | 78 |   C++   |",
        "genvs": "| 407 | 8 |   None   |",
        "sionna": "| 398 | 100 |   Jupyter Notebook   |",
        "nvdiffmodeling": "| 370 | 25 |   Python   |",
        "wetectron": "| 350 | 45 |   Python   |",
        "flip": "| 346 | 28 |   C++   |",
        "geomapnet": "| 329 | 77 |   Python   |",
        "ssn_superpixels": "| 324 | 53 |   Python   |",
        "GCVit": "| 315 | 42 |   Python   |",
        "neuralrgbd": "| 293 | 39 |   Python   |",
        "GLAMR": "| 287 | 25 |   Python   |",
        "selfsupervised-denoising": "| 283 | 39 |   Python   |",
        "FreeSOLO": "| 283 | 31 |   Python   |",
        "LSGM": "| 274 | 45 |   Python   |",
        "Taylor_pruning": "| 273 | 66 |   Python   |",
        "splatnet": "| 268 | 53 |   Python   |",
        "few_shot_gaze": "| 265 | 63 |   Python   |",
        "metfaces-dataset": "| 253 | 29 |   Python   |",
        "long-video-gan": "| 250 | 17 |   Python   |",
        "MinVIS": "| 241 | 22 |   Python   |",
        "STEP": "| 240 | 48 |   Python   |",
        "nvdiffrecmc": "| 229 | 19 |   HTML   |",
        "SCOPS": "| 220 | 38 |   Python   |",
        "cule": "| 216 | 32 |   C++   |",
        "SSV": "| 215 | 28 |   Python   |",
        "matchlib": "| 212 | 40 |   C++   |",
        "UMR": "| 210 | 26 |   Python   |",
        "FourCastNet": "| 210 | 48 |   Python   |",
        "CenterPose": "| 206 | 24 |   Python   |",
        "timeloop": "| 197 | 75 |   C++   |",
        "latentfusion": "| 192 | 28 |   Python   |",
        "contact_graspnet": "| 192 | 71 |   Python   |",
        "nvbio": "| 187 | 49 |   C++   |",
        "DiffRL": "| 186 | 27 |   Python   |",
        "6dof-graspnet": "| 158 | 54 |   Python   |",
        "fermat": "| 154 | 21 |   C++   |",
        "DiffPure": "| 153 | 20 |   Python   |",
        "Bi3D": "| 150 | 25 |   Python   |",
        "NVBit": "| 147 | 18 |   None   |",
        "UnseenObjectClustering": "| 146 | 38 |   Python   |",
        "PoseCNN-PyTorch": "| 144 | 41 |   C   |",
        "condensa": "| 142 | 22 |   Python   |",
        "learningrigidity": "| 141 | 20 |   Python   |",
        "AL-MDN": "| 141 | 18 |   Python   |",
        "ocropus3": "| 139 | 37 |   Shell   |",
        "ocrodeg": "| 138 | 32 |   Jupyter Notebook   |",
        "CGBN": "| 132 | 43 |   Cuda   |",
        "PL4NN": "| 127 | 50 |   Python   |",
        "mask-auto-labeler": "| 124 | 10 |   Python   |",
        "DREAM": "| 121 | 27 |   Python   |",
        "dex-ycb-toolkit": "| 119 | 18 |   Python   |",
        "PoseRBPF": "| 114 | 27 |   Python   |",
        "storm": "| 112 | 26 |   Python   |",
        "conv-tt-lstm": "| 111 | 31 |   Python   |",
        "face-vid2vid": "| 106 | 17 |   HTML   |",
        "stylegan3-detector": "| 106 | 7 |   None   |",
        "AFNO-transformer": "| 105 | 15 |   Python   |",
        "tensorcom": "| 104 | 10 |   Python   |",
        "A-ViT": "| 101 | 10 |   Python   |",
        "trajdata": "| 99 | 10 |   Python   |",
        "DiscoBox": "| 95 | 7 |   Python   |",
        "DefGraspSim": "| 88 | 21 |   Python   |",
        "Instance_Insertion": "| 84 | 10 |   Python   |",
        "oscar": "| 81 | 12 |   Python   |",
        "DeepIM-PyTorch": "| 80 | 16 |   C   |",
        "DiSECt": "| 80 | 8 |   Python   |",
        "traffic-behavior-simulation": "| 80 | 4 |   Python   |",
        "DG-Net-PP": "| 79 | 17 |   Python   |",
        "SASSI": "| 78 | 29 |   C++   |",
        "I2SB": "| 77 | 3 |   Python   |",
        "xmp": "| 76 | 21 |   C++   |",
        "extreme-view-synth": "| 73 | 6 |   Python   |",
        "SENSE": "| 72 | 14 |   Python   |",
        "cub": "| 72 | 49 |   Cuda   |",
        "ocropus3-ocroseg": "| 71 | 26 |   Python   |",
        "PAMTRI": "| 69 | 16 |   Cuda   |",
        "motion-policy-networks": "| 68 | 13 |   Python   |",
        "LACE": "| 67 | 9 |   Python   |",
        "two-shot-brdf-shape": "| 65 | 11 |   Python   |",
        "acronym": "| 65 | 22 |   Python   |",
        "ReflectNet": "| 61 | 14 |   Python   |",
        "FLAT": "| 61 | 16 |   Python   |",
        "AutoDMP": "| 59 | 8 |   Prolog   |",
        "FPSci": "| 58 | 19 |   C++   |",
        "M2BEV": "| 58 | 2 |   HTML   |",
        "nvbio-gpl": "| 57 | 11 |   Cuda   |",
        "ocropus3-ocrorot": "| 57 | 25 |   Jupyter Notebook   |",
        "diffstack": "| 54 | 2 |   Python   |",
        "unas": "| 53 | 6 |   Python   |",
        "RelViT": "| 53 | 2 |   Python   |",
        "ScePT": "| 53 | 15 |   Jupyter Notebook   |",
        "DIODE": "| 51 | 4 |   Jupyter Notebook   |",
        "handover-sim": "| 51 | 6 |   Python   |",
        "VAEBM": "| 49 | 5 |   Python   |",
        "Bongard-HOI": "| 49 | 5 |   Python   |",
        "Bongard-LOGO": "| 47 | 9 |   Python   |",
        "BiTTC": "| 47 | 9 |   Python   |",
        "watch-it-move": "| 47 | 8 |   Jupyter Notebook   |",
        "ACID": "| 47 | 4 |   Python   |",
        "layerdenoise": "| 45 | 4 |   Python   |",
        "implicit_depth": "| 44 | 9 |   Python   |",
        "SNN": "| 43 | 10 |   MATLAB   |",
        "meshlets": "| 42 | 2 |   None   |",
        "AdaBatch": "| 40 | 9 |   Python   |",
        "GANcraft": "| 40 | 3 |   HTML   |",
        "dlinputs": "| 39 | 11 |   Jupyter Notebook   |",
        "PhysDiff": "| 39 | 1 |   None   |",
        "ptxmemorymodel": "| 37 | 3 |   Coq   |",
        "High-res-disentanglement-datasets": "| 37 | 4 |   Python   |",
        "SceneCollisionNet": "| 37 | 8 |   Python   |",
        "bayes-sim-ig": "| 32 | 1 |   Python   |",
        "nvbitfi": "| 31 | 20 |   Python   |",
        "PALAVRA": "| 31 | 6 |   Python   |",
        "ASG": "| 30 | 4 |   Python   |",
        "CSG": "| 30 | 4 |   Python   |",
        "gnn-decoder": "| 30 | 10 |   Jupyter Notebook   |",
        "CALM": "| 30 | 2 |   Python   |",
        "sim-parameter-estimation": "| 29 | 2 |   Python   |",
        "easysim": "| 29 | 3 |   Python   |",
        "iccv2019-mixed-precision-tutorial": "| 28 | 1 |   HTML   |",
        "webloader": "| 28 | 3 |   Python   |",
        "SSOD": "| 28 | 0 |   None   |",
        "FedFomo": "| 27 | 8 |   Python   |",
        "weakly-supervised-gaze": "| 26 | 0 |   None   |",
        "DICOD": "| 26 | 3 |   Python   |",
        "ocropus3-ocrobin": "| 25 | 4 |   Jupyter Notebook   |",
        "causal_comp": "| 22 | 1 |   Python   |",
        "NP-CVP-MVSNet": "| 22 | 2 |   Python   |",
        "adaptive-prediction": "| 22 | 0 |   Jupyter Notebook   |",
        "ocropus3-ocroline": "| 20 | 9 |   Jupyter Notebook   |",
        "CoordGAN": "| 20 | 1 |   Python   |",
        "wc-vid2vid": "| 19 | 1 |   HTML   |",
        "biotac_sim": "| 19 | 5 |   Python   |",
        "RetMol": "| 19 | 3 |   Python   |",
        "RIO": "| 17 | 2 |   Python   |",
        "webdataset": "| 16 | 6 |   Jupyter Notebook   |",
        "COCO-FUNIT": "| 15 | 1 |   None   |",
        "HALP": "| 14 | 3 |   Python   |",
        "DOPE-Uncertainty": "| 12 | 1 |   Python   |",
        "nprach_synch": "| 12 | 2 |   Jupyter Notebook   |",
        "diff-rt": "| 12 | 0 |   Jupyter Notebook   |",
        "litmustestgen": "| 11 | 6 |   Alloy   |",
        "iccad2020-GPUgatesim": "| 11 | 0 |   Python   |",
        "AL-SSL": "| 11 | 0 |   Python   |",
        "sassifi": "| 10 | 13 |   Python   |",
        "eccv2020-mixed-precision-tutorial": "| 10 | 0 |   HTML   |",
        "SMCP": "| 10 | 2 |   Python   |",
        "dltrainers": "| 9 | 5 |   Python   |",
        "IPA": "| 9 | 1 |   Python   |",
        "spline-planner": "| 9 | 2 |   Python   |",
        "torchtrainers": "| 8 | 2 |   Python   |",
        "eccv2020-limited-labels-data-tutorial": "| 8 | 0 |   CSS   |",
        "torchmore": "| 7 | 3 |   Python   |",
        "deep-anticheat": "| 7 | 0 |   None   |",
        "mixedproxy": "| 7 | 1 |   Python   |",
        "persevere": "| 7 | 0 |   Python   |",
        "rdir": "| 6 | 7 |   Perl   |",
        "dlmodels": "| 6 | 4 |   Python   |",
        "tarp": "| 6 | 0 |   Go   |",
        "NAT-saliency": "| 6 | 0 |   None   |",
        "concept_learning": "| 6 | 3 |   Jupyter Notebook   |",
        "Parsimony-CGO23": "| 6 | 2 |   C++   |",
        "dl-for-content-creation": "| 5 | 0 |   HTML   |",
        "data-orchestration": "| 5 | 2 |   C++   |",
        "nvs-tutorial-cvpr2020": "| 5 | 0 |   HTML   |",
        "FPSciSmallTargets": "| 5 | 1 |   Batchfile   |",
        "pred-fail-detector": "| 5 | 1 |   Python   |",
        "AutoCRAFT": "| 5 | 1 |   C++   |",
        "RANA": "| 5 | 0 |   None   |",
        "tarproc": "| 4 | 0 |   Python   |",
        "On-Learning-Sets-of-Symmetric-Elements": "| 4 | 3 |   Python   |",
        "PerVLBenchmark": "| 4 | 1 |   Python   |",
        "nvlabs.github.io": "| 3 | 0 |   None   |",
        "FPSWarpDemo": "| 3 | 1 |   JavaScript   |",
        "lpr": "| 3 | 0 |   None   |",
        "SoftTreeMax": "| 3 | 1 |   Python   |",
        "mingyuliutw": "| 2 | 0 |   None   |",
        "objectio": "| 2 | 0 |   None   |",
        "WebFPSci": "| 2 | 0 |   JavaScript   |",
        "DiffiT": "| 2 | 0 |   None   |",
        "bcts": "| 2 | 0 |   Python   |",
        "nrg-libbksim": "| 1 | 0 |   None   |",
        "nrg-libnvx": "| 1 | 1 |   None   |",
        "nrg-ordering-sc18": "| 1 | 0 |   None   |",
        "nrg-stashing-sc18": "| 1 | 0 |   None   |",
        "latewarp-s2021": "| 1 | 1 |   HTML   |",
        "rl_delay_basic": "| 1 | 0 |   Python   |",
        "StyleGAN-NADA": "| 1 | 0 |   HTML   |",
        "EPI": "| 1 | 0 |   HTML   |",
        "RL-TNCO": "| 1 | 0 |   Python   |",
        "nuplan-devkit": "| 1 | 1 |   None   |",
        "firepony": "| 0 | 2 |   Cuda   |"
    }
}