{
    "company": "The New York Times",
    "h-index": 46,
    "repo count": 96,
    "contributor count": 635,
    "size": "todo",
    "employee count": "todo",
    "country": "New York, NY",
    "top language": "Go",
    "repos": {
        "covid-19-data": "| 6963 | 3492 |   None   |",
        "objective-c-style-guide": "| 5815 | 1312 |   None   |",
        "gizmo": "| 3706 | 233 |   Go   |",
        "Store": "| 3552 | 313 |   Java   |",
        "NYTPhotoViewer": "| 2816 | 370 |   Objective-C   |",
        "pourover": "| 2404 | 128 |   JavaScript   |",
        "kyt": "| 1915 | 132 |   JavaScript   |",
        "react-tracking": "| 1772 | 123 |   JavaScript   |",
        "ice": "| 1703 | 197 |   JavaScript   |",
        "backbone.stickit": "| 1649 | 188 |   JavaScript   |",
        "library": "| 1084 | 127 |   JavaScript   |",
        "openapi2proto": "| 877 | 91 |   Go   |",
        "svg-crowbar": "| 837 | 152 |   JavaScript   |",
        "gziphandler": "| 829 | 138 |   Go   |",
        "ingredient-phrase-tagger": "| 776 | 229 |   Python   |",
        "Emphasis": "| 577 | 70 |   JavaScript   |",
        "tamper": "| 502 | 32 |   Ruby   |",
        "Register": "| 375 | 25 |   Kotlin   |",
        "rd-blender-docker": "| 363 | 51 |   Python   |",
        "text-balancer": "| 351 | 27 |   JavaScript   |",
        "three-loader-3dtiles": "| 310 | 48 |   TypeScript   |",
        "document-viewer": "| 307 | 168 |   JavaScript   |",
        "ios-360-videos": "| 269 | 37 |   Objective-C   |",
        "three-story-controls": "| 220 | 19 |   TypeScript   |",
        "backbone.trackit": "| 202 | 32 |   JavaScript   |",
        "react-prosemirror": "| 185 | 2 |   TypeScript   |",
        "marvin": "| 174 | 10 |   Go   |",
        "drone-gke": "| 166 | 38 |   Go   |",
        "aframe-loader-3dtiles-component": "| 160 | 18 |   JavaScript   |",
        "Chronicler": "| 159 | 22 |   JavaScript   |",
        "nginx-vod-module-docker": "| 152 | 70 |   Dockerfile   |",
        "collectd-rabbitmq": "| 141 | 80 |   Python   |",
        "public_api_specs": "| 135 | 39 |   None   |",
        "gunsales": "| 126 | 35 |   R   |",
        "gcp-vault": "| 117 | 18 |   Go   |",
        "Fech": "| 116 | 30 |   Ruby   |",
        "data-training": "| 109 | 25 |   None   |",
        "rd-bundler-3d-plugins": "| 99 | 6 |   JavaScript   |",
        "drone-gae": "| 98 | 27 |   Go   |",
        "mock-ec2-metadata": "| 95 | 16 |   Go   |",
        "encoding-wrapper": "| 86 | 5 |   Go   |",
        "redux-taxi": "| 69 | 9 |   JavaScript   |",
        "video-captions-api": "| 61 | 5 |   Go   |",
        "lifeline": "| 58 | 2 |   Ruby   |",
        "logrotate": "| 54 | 8 |   Go   |",
        "gcs-helper": "| 53 | 22 |   Go   |",
        "httptest": "| 43 | 7 |   Go   |",
        "vault-fastly-secret-engine": "| 34 | 5 |   Go   |",
        "kyt-starter-universal": "| 33 | 6 |   JavaScript   |",
        "nytcampfin": "| 27 | 4 |   Python   |",
        "safejson": "| 27 | 4 |   Python   |",
        "thumbor-docker-image": "| 26 | 7 |   None   |",
        "times_wire": "| 25 | 4 |   Ruby   |",
        "tweetftp": "| 19 | 1 |   Ruby   |",
        "Open-Source-Science-Fair": "| 19 | 6 |   JavaScript   |",
        "haiti-debt": "| 19 | 0 |   None   |",
        "plumbook": "| 18 | 6 |   None   |",
        "jsonlogic": "| 18 | 1 |   Clojure   |",
        "elemental-live-client": "| 17 | 8 |   JavaScript   |",
        "sneeze": "| 16 | 4 |   Python   |",
        "sqliface": "| 14 | 2 |   Go   |",
        "libvmod-queryfilter": "| 14 | 2 |   M4   |",
        "grocery": "| 14 | 0 |   Go   |",
        "querqy-clj": "| 13 | 1 |   Clojure   |",
        "counter": "| 11 | 1 |   Ruby   |",
        "nytd2013": "| 10 | 3 |   JavaScript   |",
        "kyt-starter": "| 10 | 0 |   JavaScript   |",
        "vase.elasticsearch": "| 10 | 1 |   Clojure   |",
        "pocket_change": "| 9 | 4 |   Python   |",
        "library-customization-example": "| 9 | 17 |   SCSS   |",
        "rd-mobile-pg-demos": "| 9 | 3 |   HTML   |",
        "sort_by_str": "| 7 | 2 |   Ruby   |",
        "mentorship": "| 7 | 2 |   None   |",
        "drone-gdm": "| 7 | 4 |   Go   |",
        "kyt-starter-static": "| 6 | 2 |   JavaScript   |",
        "oak-byo-react-prosemirror-redux": "| 6 | 0 |   JavaScript   |",
        "open-blog-projects": "| 6 | 0 |   Swift   |",
        "s3yum": "| 5 | 3 |   Python   |",
        "pocket": "| 5 | 2 |   Python   |",
        "tulsa-1921-data": "| 5 | 0 |   None   |",
        "threeplay": "| 4 | 1 |   Go   |",
        "amara": "| 4 | 2 |   Go   |",
        "drone-openapi": "| 4 | 4 |   Go   |",
        "kaichu": "| 3 | 1 |   Python   |",
        "license": "| 3 | 4 |   None   |",
        "go-compare-expressions": "| 3 | 0 |   Go   |",
        "photon-dev_demo": "| 2 | 0 |   Shell   |",
        "sugarcli-nyt": "| 1 | 0 |   PHP   |",
        "drone-admit-members": "| 1 | 2 |   Go   |",
        "std-cat": "| 1 | 0 |   HTML   |",
        "golang-gcloud-sdk": "| 0 | 1 |   Dockerfile   |",
        "photon-demo-util": "| 0 | 0 |   Python   |",
        "photon-common-demo": "| 0 | 0 |   Python   |",
        "braintree_java": "| 0 | 0 |   None   |",
        "terraform-provider-constellix": "| 0 | 0 |   Go   |",
        "go-pagerduty": "| 0 | 0 |   Go   |"
    }
}