{
    "company": "OBS Project",
    "h-index": 12,
    "repo count": 19,
    "contributor count": 835,
    "size": "todo",
    "employee count": "todo",
    "country": null,
    "top language": "C++",
    "repos": {
        "obs-studio": "| 47559 | 6855 |   C   |",
        "obs-websocket": "| 3368 | 669 |   C++   |",
        "obs-browser": "| 670 | 199 |   C++   |",
        "obs-amd-encoder": "| 432 | 84 |   C++   |",
        "libdshowcapture": "| 327 | 167 |   C++   |",
        "obs-vst": "| 175 | 61 |   C++   |",
        "obs-plugintemplate": "| 156 | 71 |   CMake   |",
        "rfcs": "| 103 | 45 |   None   |",
        "obs-deps": "| 76 | 55 |   Shell   |",
        "loganalyzer": "| 37 | 29 |   Python   |",
        "obs-bot": "| 26 | 19 |   Python   |",
        "cef": "| 13 | 9 |   C++   |",
        "obscommits": "| 12 | 12 |   Go   |",
        "obs-crowdin-sync": "| 10 | 5 |   TypeScript   |",
        "FFmpeg": "| 8 | 2 |   C   |",
        ".github": "| 7 | 12 |   None   |",
        "bouf": "| 6 | 2 |   Rust   |",
        "obs-oauth-cf": "| 1 | 4 |   Rust   |",
        "homebrew-tools": "| 1 | 1 |   Ruby   |"
    }
}