{
    "company": "Okta, Inc",
    "h-index": 35,
    "repo count": 90,
    "contributor count": 1108,
    "size": "todo",
    "employee count": "todo",
    "country": null,
    "top language": "JavaScript",
    "repos": {
        "okta-oidc-js": "| 389 | 237 |   TypeScript   |",
        "okta-auth-js": "| 382 | 241 |   TypeScript   |",
        "okta-signin-widget": "| 330 | 308 |   JavaScript   |",
        "okta-spring-boot": "| 280 | 129 |   Java   |",
        "okta-sdk-python": "| 198 | 137 |   Python   |",
        "terraform-provider-okta": "| 197 | 171 |   Go   |",
        "samples-js-react": "| 153 | 256 |   JavaScript   |",
        "samples-java-spring": "| 139 | 148 |   Java   |",
        "okta-sdk-golang": "| 137 | 129 |   Go   |",
        "okta-sdk-dotnet": "| 128 | 92 |   C#   |",
        "okta-sdk-java": "| 121 | 130 |   Java   |",
        "samples-nodejs-express-4": "| 117 | 118 |   JavaScript   |",
        "okta-developer-docs": "| 108 | 514 |   SCSS   |",
        "okta-react": "| 94 | 71 |   JavaScript   |",
        "odyssey": "| 93 | 26 |   TypeScript   |",
        "okta-sdk-nodejs": "| 91 | 57 |   JavaScript   |",
        "samples-python-flask": "| 85 | 95 |   Python   |",
        "okta-jwt-verifier-golang": "| 81 | 42 |   Go   |",
        "okta-oidc-ios": "| 75 | 83 |   Objective-C   |",
        "okta-cli": "| 75 | 22 |   Java   |",
        "okta-jwt-verifier-java": "| 72 | 37 |   Groovy   |",
        "samples-aspnetcore": "| 68 | 105 |   C#   |",
        "samples-golang": "| 67 | 32 |   Go   |",
        "samples-js-angular": "| 66 | 146 |   TypeScript   |",
        "okta-aspnet": "| 64 | 45 |   C#   |",
        "workflows-templates": "| 60 | 35 |   JavaScript   |",
        "okta-oidc-android": "| 54 | 45 |   Java   |",
        "samples-js-vue": "| 49 | 63 |   Vue   |",
        "okta-aws-cli": "| 49 | 16 |   Go   |",
        "okta-react-native": "| 44 | 35 |   Swift   |",
        "okta-auth-swift": "| 40 | 25 |   Swift   |",
        "okta-vue": "| 39 | 25 |   JavaScript   |",
        "okta-sdk-php": "| 37 | 69 |   PHP   |",
        "okta-auth-java": "| 37 | 22 |   Java   |",
        "okta-jwt-verifier-php": "| 36 | 64 |   PHP   |",
        "samples-ios": "| 35 | 27 |   Swift   |",
        "okta-angular": "| 34 | 28 |   TypeScript   |",
        "samples-aspnet": "| 33 | 102 |   JavaScript   |",
        "okta-openvpn": "| 31 | 43 |   None   |",
        "samples-android": "| 31 | 52 |   Kotlin   |",
        "okta-auth-dotnet": "| 30 | 11 |   C#   |",
        "okta-oidc-aws": "| 29 | 14 |   JavaScript   |",
        "okta-sdk-appauth-android": "| 29 | 18 |   Java   |",
        "samples-js-react-native": "| 29 | 53 |   JavaScript   |",
        "okta-mobile-swift": "| 25 | 8 |   Swift   |",
        "okta-mobile-connect": "| 23 | 7 |   Objective-C   |",
        "samples-php": "| 23 | 31 |   PHP   |",
        "okta-ios-jwt": "| 18 | 12 |   Swift   |",
        "okta-jwt-verifier-python": "| 18 | 10 |   Python   |",
        "okta-jwt-verifier-js": "| 12 | 6 |   JavaScript   |",
        "okta-mobile-kotlin": "| 12 | 10 |   Kotlin   |",
        "samples-aspnet-webforms": "| 11 | 26 |   JavaScript   |",
        "okta-oidc-middleware": "| 11 | 13 |   JavaScript   |",
        "okta-oidc-xamarin": "| 10 | 10 |   C#   |",
        "okta-idx-swift": "| 10 | 12 |   Swift   |",
        "okta-idx-android": "| 10 | 13 |   Kotlin   |",
        "samples-java-servlet": "| 9 | 7 |   Java   |",
        "samples-blazor": "| 9 | 18 |   HTML   |",
        "okta-idx-java": "| 9 | 17 |   Java   |",
        "okta-hooks-sdk-java": "| 7 | 6 |   Java   |",
        "okta-idx-dotnet": "| 7 | 17 |   C#   |",
        "okta-idx-golang": "| 7 | 6 |   Go   |",
        "okta-management-openapi-spec": "| 7 | 21 |   JavaScript   |",
        "okta-storage-swift": "| 6 | 7 |   Swift   |",
        "okta-ocsf-syslog": "| 6 | 1 |   Python   |",
        "okta-oidc-tck": "| 5 | 4 |   Groovy   |",
        "terraform-provider-oktapam": "| 5 | 3 |   Go   |",
        "okta-devices-kotlin": "| 5 | 4 |   Kotlin   |",
        "okta-devices-swift": "| 5 | 1 |   Swift   |",
        "samples-java-micronaut": "| 4 | 3 |   HTML   |",
        "okta-provisioning-sdk": "| 3 | 6 |   CSS   |",
        "samples-js-angular-1": "| 3 | 22 |   JavaScript   |",
        "okta-java-parent": "| 3 | 5 |   Java   |",
        "okta-commons-java": "| 3 | 8 |   Java   |",
        "AppAuth-Android": "| 3 | 2 |   Java   |",
        "okta-logger-swift": "| 3 | 3 |   Swift   |",
        "okta-ui-configs": "| 3 | 5 |   JavaScript   |",
        "okta-sdk-test-server": "| 2 | 3 |   JavaScript   |",
        "okta-help": "| 1 | 0 |   HTML   |",
        "waffle": "| 1 | 1 |   None   |",
        "AppAuth-iOS": "| 1 | 3 |   Objective-C   |",
        "okta-pki": "| 1 | 1 |   None   |",
        "PinLockView": "| 0 | 3 |   Java   |",
        "okta-sdk-abstractions-dotnet": "| 0 | 4 |   C#   |",
        "samples-xamarin": "| 0 | 3 |   C#   |",
        "waffle-forge-concourse-terraform": "| 0 | 2 |   None   |",
        "thirdparty-concourse": "| 0 | 0 |   None   |",
        "okta-sdk-swift": "| 0 | 1 |   Swift   |",
        "kube-mgmt": "| 0 | 1 |   None   |",
        "okta-style-guide": "| 0 | 1 |   None   |"
    }
}