{
    "company": "OpenMMLab",
    "h-index": 38,
    "repo count": 46,
    "contributor count": 1206,
    "size": "todo",
    "employee count": "todo",
    "country": "China",
    "top language": "Python",
    "repos": {
        "mmdetection": "| 24136 | 8640 |   Python   |",
        "mmsegmentation": "| 5757 | 2115 |   Jupyter Notebook   |",
        "mmcv": "| 4935 | 1478 |   Python   |",
        "mmagic": "| 4714 | 819 |   Python   |",
        "mmdetection3d": "| 3607 | 1189 |   Python   |",
        "OpenPCDet": "| 3561 | 1111 |   Python   |",
        "mmpose": "| 3500 | 876 |   Python   |",
        "mmocr": "| 3393 | 643 |   Python   |",
        "mmaction2": "| 3106 | 1012 |   Python   |",
        "mmtracking": "| 2931 | 527 |   Python   |",
        "mmselfsup": "| 2729 | 405 |   Python   |",
        "mmskeleton": "| 2713 | 998 |   Python   |",
        "mmpretrain": "| 2205 | 846 |   Python   |",
        "mmdeploy": "| 1852 | 471 |   Python   |",
        "mmaction": "| 1823 | 352 |   Python   |",
        "mmyolo": "| 1668 | 307 |   Python   |",
        "mmgeneration": "| 1462 | 203 |   Python   |",
        "mmrotate": "| 1394 | 331 |   Python   |",
        "mmrazor": "| 1060 | 181 |   Python   |",
        "mmfashion": "| 1059 | 257 |   Python   |",
        "mmhuman3d": "| 870 | 106 |   Python   |",
        "Multimodal-GPT": "| 775 | 50 |   Python   |",
        "mmflow": "| 747 | 93 |   Python   |",
        "OpenMMLabCourse": "| 575 | 83 |   Jupyter Notebook   |",
        "mmfewshot": "| 561 | 100 |   Python   |",
        "mmengine": "| 557 | 181 |   Python   |",
        "playground": "| 530 | 58 |   Python   |",
        "OpenUnReID": "| 369 | 64 |   Python   |",
        "labelbee-client": "| 346 | 41 |   JavaScript   |",
        "awesome-vit": "| 320 | 30 |   None   |",
        "mim": "| 277 | 52 |   Python   |",
        "denseflow": "| 245 | 55 |   C++   |",
        "mmeval": "| 225 | 40 |   Python   |",
        "MMGEN-FaceStylor": "| 202 | 20 |   Python   |",
        "labelbee": "| 157 | 40 |   TypeScript   |",
        "OpenMMLabCamp": "| 59 | 20 |   Jupyter Notebook   |",
        "mim-example": "| 56 | 13 |   Python   |",
        "cocoapi": "| 43 | 32 |   Jupyter Notebook   |",
        "mmstyles": "| 36 | 7 |   TeX   |",
        "ecosystem": "| 36 | 20 |   None   |",
        "mmengine-template": "| 27 | 5 |   Python   |",
        "mmpose-webcam-demo": "| 23 | 0 |   Python   |",
        "pre-commit-hooks": "| 17 | 11 |   Python   |",
        "pytorch_sphinx_theme": "| 12 | 13 |   CSS   |",
        "mdformat-openmmlab": "| 7 | 0 |   Python   |",
        ".github": "| 3 | 1 |   None   |"
    }
}