{
    "company": "OpenResty",
    "h-index": 54,
    "repo count": 70,
    "contributor count": 417,
    "size": "todo",
    "employee count": "todo",
    "country": "San Francisco Bay Area",
    "top language": "C",
    "repos": {
        "openresty": "| 11323 | 1481 |   C   |",
        "lua-nginx-module": "| 10643 | 2012 |   C   |",
        "nginx-tutorials": "| 2809 | 447 |   Perl   |",
        "lua-resty-redis": "| 1806 | 449 |   Lua   |",
        "openresty-systemtap-toolkit": "| 1594 | 347 |   Perl   |",
        "headers-more-nginx-module": "| 1502 | 202 |   C   |",
        "openresty.org": "| 1235 | 298 |   HTML   |",
        "echo-nginx-module": "| 1092 | 244 |   C   |",
        "luajit2": "| 1006 | 168 |   C   |",
        "redis2-nginx-module": "| 881 | 141 |   C   |",
        "docker-openresty": "| 851 | 505 |   Dockerfile   |",
        "lua-resty-limit-traffic": "| 770 | 158 |   Lua   |",
        "lua-resty-core": "| 727 | 259 |   Lua   |",
        "lua-resty-mysql": "| 680 | 235 |   Lua   |",
        "stream-lua-nginx-module": "| 674 | 176 |   C   |",
        "stapxx": "| 657 | 187 |   Perl   |",
        "sregex": "| 603 | 112 |   C   |",
        "lua-upstream-nginx-module": "| 488 | 149 |   C   |",
        "lua-resty-websocket": "| 481 | 109 |   Lua   |",
        "lua-resty-upstream-healthcheck": "| 477 | 135 |   Lua   |",
        "srcache-nginx-module": "| 456 | 103 |   C   |",
        "opm": "| 440 | 75 |   Lua   |",
        "test-nginx": "| 410 | 105 |   Perl   |",
        "lua-resty-lrucache": "| 410 | 99 |   Lua   |",
        "lua-resty-string": "| 405 | 140 |   Lua   |",
        "lua-resty-upload": "| 384 | 118 |   Lua   |",
        "set-misc-nginx-module": "| 372 | 98 |   C   |",
        "lua-cjson": "| 364 | 101 |   C   |",
        "drizzle-nginx-module": "| 329 | 59 |   C   |",
        "programming-openresty": "| 317 | 32 |   Perl   |",
        "openresty-gdb-utils": "| 314 | 86 |   Python   |",
        "lua-resty-dns": "| 306 | 105 |   Lua   |",
        "lua-resty-balancer": "| 303 | 75 |   Lua   |",
        "lua-resty-lock": "| 293 | 78 |   Lua   |",
        "resty-cli": "| 257 | 63 |   Perl   |",
        "openresty-devel-utils": "| 254 | 111 |   Perl   |",
        "replace-filter-nginx-module": "| 250 | 68 |   C   |",
        "lua-resty-memcached": "| 208 | 64 |   Lua   |",
        "memc-nginx-module": "| 206 | 54 |   C   |",
        "encrypted-session-nginx-module": "| 189 | 52 |   C   |",
        "openresty-packaging": "| 159 | 79 |   Makefile   |",
        "rds-json-nginx-module": "| 148 | 42 |   C   |",
        "xss-nginx-module": "| 144 | 42 |   C   |",
        "mockeagain": "| 126 | 20 |   C   |",
        "lua-resty-shell": "| 116 | 17 |   Perl   |",
        "lua-tablepool": "| 104 | 23 |   Perl   |",
        "lua-redis-parser": "| 92 | 16 |   C   |",
        "openresty-survey": "| 91 | 25 |   HTML   |",
        "lua-ssl-nginx-module": "| 84 | 29 |   Lua   |",
        "opsboy": "| 83 | 14 |   Perl   |",
        "no-pool-nginx": "| 76 | 29 |   Shell   |",
        "stream-echo-nginx-module": "| 71 | 25 |   C   |",
        "meta-lua-nginx-module": "| 65 | 20 |   C   |",
        "array-var-nginx-module": "| 64 | 19 |   C   |",
        "lemplate": "| 53 | 9 |   Perl   |",
        "nginx-eval-module": "| 48 | 23 |   C   |",
        "openresty-con": "| 45 | 25 |   JavaScript   |",
        "nginx-dtrace": "| 43 | 6 |   C   |",
        "homebrew-brew": "| 38 | 22 |   Ruby   |",
        "lua-resty-memcached-shdict": "| 34 | 9 |   Lua   |",
        "lua-resty-shdict-simple": "| 32 | 11 |   Perl   |",
        "lua-resty-signal": "| 31 | 13 |   Perl   |",
        "luajit2-test-suite": "| 29 | 10 |   Lua   |",
        "ngx_postgres": "| 24 | 12 |   C   |",
        "rds-csv-nginx-module": "| 21 | 16 |   C   |",
        "lua-rds-parser": "| 19 | 11 |   C   |",
        "showman-samples": "| 19 | 3 |   None   |",
        "redis-nginx-module": "| 8 | 0 |   None   |",
        "AB-test-http": "| 5 | 5 |   Perl   |",
        "transparency": "| 2 | 2 |   None   |"
    }
}