{
    "company": "OpenCV",
    "h-index": 12,
    "repo count": 14,
    "contributor count": 873,
    "size": "todo",
    "employee count": "todo",
    "country": null,
    "top language": "C++",
    "repos": {
        "opencv": "| 68738 | 55290 |   C++   |",
        "cvat": "| 9346 | 2412 |   TypeScript   |",
        "opencv_contrib": "| 8402 | 5615 |   C++   |",
        "opencv-python": "| 3477 | 686 |   Shell   |",
        "opencv_extra": "| 863 | 1575 |   None   |",
        "opencv_for_ios_book_samples": "| 664 | 256 |   Objective-C   |",
        "opencv_3rdparty": "| 491 | 622 |   None   |",
        "opencv_zoo": "| 306 | 105 |   Python   |",
        "open_vision_capsules": "| 122 | 46 |   Python   |",
        "ade": "| 48 | 44 |   C++   |",
        "opencv_attic": "| 45 | 65 |   C++   |",
        "jetson-screencasts-sources": "| 35 | 47 |   C++   |",
        "ci-gha-workflow": "| 5 | 8 |   None   |",
        "opencv_benchmarks": "| 0 | 3 |   None   |"
    }
}