{
    "company": "OpenText",
    "h-index": 5,
    "repo count": 86,
    "contributor count": 494,
    "size": "todo",
    "employee count": "todo",
    "country": "Waterloo, Ontario",
    "top language": "JavaScript",
    "repos": {
        "appworks-js": "| 9 | 2 |   TypeScript   |",
        "appworks-cli": "| 7 | 0 |   TypeScript   |",
        "demo-contract-approval-app": "| 7 | 6 |   JavaScript   |",
        "otag-service-development-kit": "| 5 | 2 |   Java   |",
        "storyteller": "| 5 | 0 |   HTML   |",
        "ScriptingUtilities": "| 5 | 2 |   C#   |",
        "appworks-app-starter": "| 2 | 0 |   JavaScript   |",
        "appworks-service-example": "| 2 | 2 |   Java   |",
        "etx-restapi-sample": "| 2 | 1 |   JavaScript   |",
        "copyaudit": "| 2 | 1 |   Go   |",
        "SCF": "| 2 | 0 |   None   |",
        "ReDoc": "| 2 | 3 |   JavaScript   |",
        "OCP-sso-sample-application": "| 2 | 0 |   JavaScript   |",
        "opentext.github.io": "| 1 | 0 |   HTML   |",
        "angular-appworks": "| 1 | 0 |   JavaScript   |",
        "appworks-app-scout": "| 1 | 0 |   JavaScript   |",
        "appworks-js-api-docs": "| 1 | 0 |   HTML   |",
        "otag-service-context": "| 1 | 0 |   Java   |",
        "ExportExtensionCommon": "| 1 | 0 |   C#   |",
        "ExportExtension_SPO": "| 1 | 0 |   C#   |",
        "ExportExtension_Email": "| 1 | 0 |   C#   |",
        "appworks-spring-mvc-example-service": "| 1 | 0 |   Java   |",
        "waterloo-coop-2020-bootstrap-lite": "| 1 | 1 |   SCSS   |",
        "waterloo-coop-2021-quotes-api": "| 1 | 0 |   Java   |",
        "uwaterloo-collaborative-text-editor": "| 1 | 0 |   Rust   |",
        "OT-workflow-postman-collections": "| 1 | 2 |   None   |",
        "OT-CMS-postman-collections": "| 1 | 0 |   None   |",
        "scout-app-demo": "| 0 | 0 |   JavaScript   |",
        "otag-tomcat-listener": "| 0 | 0 |   Java   |",
        "ionic-cli": "| 0 | 0 |   JavaScript   |",
        "developer-lab-2016-service": "| 0 | 0 |   Java   |",
        "developer-lab-2016-app": "| 0 | 0 |   TypeScript   |",
        "document-scanner-demo": "| 0 | 0 |   HTML   |",
        "ExportExtension_CMIS": "| 0 | 0 |   C#   |",
        "ExportExtension_SQL": "| 0 | 0 |   C#   |",
        "ExportExtension_HelloWorld": "| 0 | 0 |   C#   |",
        "developer-lab-2017-service": "| 0 | 0 |   Java   |",
        "DeveloperLab2017-Mobile-App": "| 0 | 0 |   JavaScript   |",
        "appworks-js-example-appmanager": "| 0 | 0 |   CSS   |",
        "appworks-js-example-auth": "| 0 | 0 |   JavaScript   |",
        "appworks-js-example-scanner": "| 0 | 0 |   HTML   |",
        "appworks-js-example-finder-filetransfer": "| 0 | 0 |   JavaScript   |",
        "appworks-js-example-mobilefilesystem": "| 0 | 0 |   JavaScript   |",
        "appworks-js-example-headerbar": "| 0 | 0 |   JavaScript   |",
        "appworks-js-example-launcher": "| 0 | 0 |   HTML   |",
        "appworks-js-example-menu": "| 0 | 0 |   CSS   |",
        "appworks-js-example-qrreader": "| 0 | 0 |   HTML   |",
        "appworks-js-example-page": "| 0 | 0 |   HTML   |",
        "appworks-js-example-accelerometer": "| 0 | 0 |   JavaScript   |",
        "appworks-js-example-compass": "| 0 | 0 |   JavaScript   |",
        "appworks-js-example-device": "| 0 | 0 |   CSS   |",
        "appworks-js-example-vibration": "| 0 | 0 |   CSS   |",
        "appworks-js-example-location": "| 0 | 0 |   JavaScript   |",
        "appworks-js-example-media-capture": "| 0 | 0 |   JavaScript   |",
        "appworks-js-example-camera": "| 0 | 0 |   JavaScript   |",
        "appworks-js-example-notification-manager": "| 0 | 0 |   JavaScript   |",
        "appworks-js-example-awwebview": "| 0 | 0 |   JavaScript   |",
        "appworks-js-example-contacts": "| 0 | 0 |   JavaScript   |",
        "appworks-js-example-cache": "| 0 | 0 |   JavaScript   |",
        "appworks-js-example-offlinemanager": "| 0 | 0 |   JavaScript   |",
        "appworks-js-example-realm": "| 0 | 0 |   JavaScript   |",
        "darwin": "| 0 | 0 |   None   |",
        "ew2018-tdd-samples": "| 0 | 0 |   JavaScript   |",
        "ew2018-cleanCodeWithAppworks": "| 0 | 0 |   TypeScript   |",
        "ew2018-clientPackagerAPITesting": "| 0 | 0 |   None   |",
        "react-native-appworks-starter": "| 0 | 0 |   JavaScript   |",
        "REST-API-Document-Ingestion": "| 0 | 0 |   C#   |",
        "appworks-eim-connector-example": "| 0 | 0 |   Java   |",
        "otag-sdk-bus": "| 0 | 0 |   Java   |",
        "camel": "| 0 | 0 |   Java   |",
        "appworks-js-example-client-side-notifications": "| 0 | 0 |   HTML   |",
        "waterloo-coop-2020-inspirational-quote-service": "| 0 | 0 |   Java   |",
        "alfresco-client-sdk": "| 0 | 0 |   Java   |",
        "OT-core-sign-postman-collection": "| 0 | 0 |   None   |",
        "OT-core-content-postman-collections": "| 0 | 0 |   None   |",
        "OT-risk-guard-postman-collection": "| 0 | 0 |   None   |",
        "core-signature-demo": "| 0 | 0 |   Vue   |",
        "OT-legal-hold-postman-collection": "| 0 | 0 |   None   |",
        "eDOCS": "| 0 | 0 |   None   |",
        "Cloud-Fax-and-Notifications": "| 0 | 1 |   None   |",
        "Core-Case-Management": "| 0 | 0 |   None   |",
        "BN-Trading-Grid": "| 0 | 1 |   None   |",
        "ivsa": "| 0 | 0 |   JavaScript   |",
        "AppWorks-Dynamic-workflow-application-for-Extended-ECM": "| 0 | 0 |   None   |",
        "ot-core-capture": "| 0 | 0 |   None   |",
        "core-experience-insights": "| 0 | 0 |   JavaScript   |"
    }
}