{
    "company": "Mirrors of opendev.org/openstack",
    "h-index": 80,
    "repo count": 770,
    "contributor count": 5317,
    "size": "todo",
    "employee count": "todo",
    "country": null,
    "top language": "Python",
    "repos": {
        "openstack": "| 4770 | 1577 |   Python   |",
        "nova": "| 2933 | 2521 |   Python   |",
        "swift": "| 2422 | 1068 |   Python   |",
        "devstack": "| 1964 | 1361 |   Shell   |",
        "openstack-ansible": "| 1363 | 668 |   Python   |",
        "neutron": "| 1329 | 1459 |   Python   |",
        "horizon": "| 1289 | 1223 |   Python   |",
        "kolla": "| 1106 | 542 |   Python   |",
        "keystone": "| 656 | 688 |   Python   |",
        "ansible-hardening": "| 633 | 141 |   Jinja   |",
        "cinder": "| 615 | 895 |   Python   |",
        "kolla-ansible": "| 567 | 578 |   Jinja   |",
        "glance": "| 498 | 531 |   Python   |",
        "ironic": "| 417 | 333 |   Python   |",
        "openstack-manuals": "| 411 | 263 |   HTML   |",
        "openstack-helm": "| 392 | 217 |   Shell   |",
        "heat": "| 385 | 342 |   Python   |",
        "heat-templates": "| 381 | 391 |   PowerShell   |",
        "python-novaclient": "| 378 | 394 |   Python   |",
        "tempest": "| 348 | 488 |   Python   |",
        "taskflow": "| 333 | 74 |   Python   |",
        "diskimage-builder": "| 329 | 197 |   Shell   |",
        "python-swiftclient": "| 322 | 249 |   Python   |",
        "rally": "| 320 | 281 |   Python   |",
        "magnum": "| 315 | 228 |   Python   |",
        "python-openstackclient": "| 314 | 206 |   Python   |",
        "ceilometer": "| 306 | 332 |   Python   |",
        "bashate": "| 305 | 19 |   Python   |",
        "trove": "| 285 | 225 |   Python   |",
        "mistral": "| 244 | 111 |   Python   |",
        "openstacksdk": "| 236 | 189 |   Python   |",
        "hacking": "| 227 | 67 |   Python   |",
        "barbican": "| 226 | 71 |   Python   |",
        "devstack-vagrant": "| 216 | 83 |   Shell   |",
        "cliff": "| 211 | 48 |   Python   |",
        "pbr": "| 208 | 74 |   Python   |",
        "freezer": "| 205 | 49 |   Python   |",
        "python-keystoneclient": "| 197 | 211 |   Python   |",
        "sahara": "| 193 | 121 |   Python   |",
        "stevedore": "| 189 | 42 |   Python   |",
        "kuryr": "| 188 | 49 |   Python   |",
        "python-neutronclient": "| 164 | 217 |   Python   |",
        "tripleo-heat-templates": "| 157 | 188 |   Python   |",
        "octavia": "| 154 | 140 |   Python   |",
        "designate": "| 153 | 78 |   Python   |",
        "oslo.messaging": "| 152 | 153 |   Python   |",
        "manila": "| 149 | 121 |   Python   |",
        "virtualbmc": "| 146 | 43 |   Python   |",
        "kuryr-kubernetes": "| 146 | 65 |   Python   |",
        "cloudkitty": "| 137 | 51 |   Python   |",
        "oslo.config": "| 134 | 112 |   Python   |",
        "openstack-chef-repo": "| 134 | 83 |   None   |",
        "zaqar": "| 133 | 71 |   Python   |",
        "requirements": "| 129 | 234 |   Python   |",
        "tooz": "| 129 | 33 |   Python   |",
        "openstack-helm-infra": "| 129 | 127 |   Shell   |",
        "tripleo-quickstart": "| 128 | 80 |   Shell   |",
        "yaql": "| 127 | 22 |   Python   |",
        "tacker": "| 125 | 117 |   Python   |",
        "liberasurecode": "| 124 | 37 |   C   |",
        "puppet-ceph": "| 120 | 112 |   Ruby   |",
        "project-config": "| 112 | 117 |   Python   |",
        "python-glanceclient": "| 108 | 122 |   Python   |",
        "murano": "| 108 | 63 |   Python   |",
        "ironic-python-agent": "| 107 | 127 |   Python   |",
        "osprofiler": "| 106 | 35 |   Python   |",
        "solum": "| 102 | 47 |   Python   |",
        "ec2-api": "| 97 | 44 |   Python   |",
        "python-cinderclient": "| 96 | 153 |   Python   |",
        "python-heatclient": "| 90 | 77 |   Python   |",
        "networking-ovn": "| 90 | 60 |   None   |",
        "bifrost": "| 89 | 49 |   Python   |",
        "monasca-agent": "| 88 | 82 |   Python   |",
        "training-guides": "| 86 | 39 |   Shell   |",
        "vitrage": "| 86 | 31 |   Python   |",
        "tosca-parser": "| 85 | 61 |   Python   |",
        "oslo.db": "| 83 | 67 |   Python   |",
        "heat-translator": "| 82 | 37 |   Python   |",
        "monasca-api": "| 82 | 75 |   Python   |",
        "zun": "| 82 | 43 |   Python   |",
        "oslo.utils": "| 80 | 52 |   Python   |",
        "shade": "| 79 | 67 |   Python   |",
        "api-site": "| 77 | 55 |   CSS   |",
        "cookiecutter": "| 77 | 22 |   Python   |",
        "tripleo-image-elements": "| 76 | 33 |   Shell   |",
        "murano-apps": "| 76 | 48 |   Shell   |",
        "networking-odl": "| 76 | 65 |   Python   |",
        "governance": "| 72 | 36 |   Python   |",
        "xstatic-jsencrypt": "| 72 | 120 |   JavaScript   |",
        "openstack-ansible-ops": "| 72 | 74 |   Jinja   |",
        "puppet-nova": "| 71 | 128 |   Ruby   |",
        "python-troveclient": "| 69 | 53 |   Python   |",
        "puppet-keystone": "| 68 | 104 |   Ruby   |",
        "puppet-openstack-integration": "| 68 | 33 |   Puppet   |",
        "operations-guide": "| 67 | 16 |   None   |",
        "openstack-doc-tools": "| 67 | 19 |   Python   |",
        "nova-specs": "| 66 | 48 |   Python   |",
        "oslo.concurrency": "| 66 | 46 |   Python   |",
        "watcher": "| 66 | 31 |   Python   |",
        "glance_store": "| 65 | 55 |   Python   |",
        "puppet-neutron": "| 64 | 112 |   Ruby   |",
        "keystonemiddleware": "| 64 | 44 |   Python   |",
        "devstack-gate": "| 63 | 44 |   Shell   |",
        "oslo.vmware": "| 62 | 33 |   Python   |",
        "neutron-fwaas": "| 62 | 43 |   Python   |",
        "neutron-vpnaas": "| 62 | 41 |   Python   |",
        "blazar": "| 60 | 23 |   Python   |",
        "swift-bench": "| 60 | 17 |   Python   |",
        "neutron-specs": "| 60 | 30 |   Python   |",
        "puppet-swift": "| 59 | 45 |   Ruby   |",
        "murano-dashboard": "| 59 | 22 |   Python   |",
        "python-ironicclient": "| 58 | 45 |   Python   |",
        "oslo.log": "| 58 | 48 |   Python   |",
        "networking-sfc": "| 58 | 26 |   Python   |",
        "python-dracclient": "| 58 | 37 |   Python   |",
        "pyeclib": "| 58 | 17 |   Python   |",
        "kayobe": "| 58 | 28 |   Python   |",
        "cookbook-openstack-compute": "| 57 | 40 |   Ruby   |",
        "sahara-image-elements": "| 57 | 33 |   Shell   |",
        "security-doc": "| 57 | 17 |   Python   |",
        "os-net-config": "| 57 | 24 |   Python   |",
        "puppet-cinder": "| 56 | 76 |   Ruby   |",
        "tripleo-ci": "| 56 | 18 |   Python   |",
        "masakari": "| 56 | 21 |   Python   |",
        "grenade": "| 55 | 18 |   Shell   |",
        "os-collect-config": "| 55 | 16 |   Python   |",
        "heat-cfntools": "| 54 | 18 |   Python   |",
        "cookbook-openstack-network": "| 54 | 61 |   Ruby   |",
        "monasca-notification": "| 54 | 20 |   Python   |",
        "futurist": "| 54 | 9 |   Python   |",
        "puppet-glance": "| 53 | 60 |   Ruby   |",
        "puppet-heat": "| 53 | 30 |   Puppet   |",
        "monasca-ceilometer": "| 53 | 12 |   None   |",
        "os-brick": "| 52 | 57 |   Python   |",
        "openstack-planet": "| 51 | 25 |   None   |",
        "cookbook-openstack-common": "| 51 | 56 |   Ruby   |",
        "os-apply-config": "| 51 | 15 |   Python   |",
        "monasca-common": "| 51 | 22 |   Java   |",
        "monasca-persister": "| 51 | 26 |   Java   |",
        "cyborg": "| 51 | 30 |   Python   |",
        "pycadf": "| 50 | 14 |   Python   |",
        "puppet-ceilometer": "| 49 | 30 |   Ruby   |",
        "oslo.i18n": "| 49 | 18 |   Python   |",
        "telemetry-specs": "| 49 | 7 |   Python   |",
        "python-barbicanclient": "| 49 | 19 |   Python   |",
        "loci": "| 49 | 42 |   Shell   |",
        "python-mistralclient": "| 48 | 21 |   Python   |",
        "cinder-specs": "| 48 | 20 |   Python   |",
        "reno": "| 48 | 8 |   Python   |",
        "sahara-dashboard": "| 47 | 20 |   Python   |",
        "ironic-specs": "| 47 | 20 |   Python   |",
        "monasca-thresh": "| 47 | 18 |   Java   |",
        "debtcollector": "| 47 | 7 |   Python   |",
        "puppet-horizon": "| 46 | 56 |   Ruby   |",
        "cookbook-openstack-block-storage": "| 46 | 30 |   Ruby   |",
        "os-refresh-config": "| 46 | 11 |   Python   |",
        "mistral-extra": "| 46 | 12 |   Python   |",
        "tripleo-specs": "| 46 | 6 |   Python   |",
        "keystone-specs": "| 46 | 17 |   Python   |",
        "python-designateclient": "| 46 | 12 |   Python   |",
        "cloudkitty-dashboard": "| 46 | 17 |   Python   |",
        "tripleo-common": "| 46 | 33 |   Python   |",
        "automaton": "| 46 | 9 |   Python   |",
        "puppet-tempest": "| 45 | 27 |   Ruby   |",
        "puppet-vswitch": "| 45 | 29 |   Ruby   |",
        "monasca-ui": "| 45 | 22 |   Python   |",
        "puppet-tripleo": "| 45 | 49 |   Puppet   |",
        "openstack-nose": "| 44 | 8 |   Python   |",
        "cookbook-openstack-identity": "| 44 | 41 |   Ruby   |",
        "reviewstats": "| 44 | 11 |   Python   |",
        "puppet-sahara": "| 44 | 11 |   Ruby   |",
        "python-zaqarclient": "| 44 | 12 |   Python   |",
        "puppet-ironic": "| 44 | 21 |   Ruby   |",
        "oslotest": "| 44 | 9 |   Python   |",
        "oslo.middleware": "| 44 | 22 |   Python   |",
        "senlin": "| 44 | 42 |   Python   |",
        "releases": "| 44 | 15 |   Python   |",
        "python-saharaclient": "| 43 | 19 |   Python   |",
        "puppet-openstacklib": "| 43 | 29 |   Ruby   |",
        "python-monascaclient": "| 43 | 15 |   Python   |",
        "python-tackerclient": "| 43 | 18 |   Python   |",
        "storlets": "| 43 | 10 |   Python   |",
        "cookbook-openstack-image": "| 42 | 25 |   Ruby   |",
        "python-muranoclient": "| 42 | 11 |   Python   |",
        "sahara-extra": "| 42 | 17 |   Java   |",
        "puppet-designate": "| 42 | 17 |   Ruby   |",
        "oslo.serialization": "| 42 | 13 |   Python   |",
        "cookbook-openstack-dashboard": "| 41 | 30 |   CSS   |",
        "puppet-trove": "| 41 | 12 |   Ruby   |",
        "cookbook-openstack-telemetry": "| 40 | 17 |   Ruby   |",
        "murano-agent": "| 40 | 13 |   C   |",
        "solum-dashboard": "| 40 | 1 |   Python   |",
        "oslo-specs": "| 40 | 7 |   Shell   |",
        "mistral-dashboard": "| 40 | 7 |   Python   |",
        "sahara-specs": "| 40 | 6 |   Python   |",
        "dib-utils": "| 40 | 9 |   Shell   |",
        "puppet-openstack_extras": "| 40 | 13 |   Ruby   |",
        "aodh": "| 40 | 25 |   Python   |",
        "ansible-collections-openstack": "| 40 | 31 |   Python   |",
        "nose-html-output": "| 39 | 9 |   HTML   |",
        "python-blazarclient": "| 39 | 7 |   Python   |",
        "puppet-openstack-specs": "| 39 | 1 |   None   |",
        "ironic-inspector": "| 39 | 40 |   Python   |",
        "neutron-lib": "| 39 | 47 |   Python   |",
        "reviewday": "| 38 | 3 |   Python   |",
        "cookbook-openstack-orchestration": "| 38 | 14 |   Ruby   |",
        "oslo.rootwrap": "| 38 | 25 |   Python   |",
        "blazar-nova": "| 38 | 7 |   Python   |",
        "qa-specs": "| 38 | 5 |   Python   |",
        "heat-specs": "| 38 | 8 |   Python   |",
        "barbican-specs": "| 38 | 4 |   Python   |",
        "zaqar-specs": "| 38 | 2 |   Python   |",
        "openstack-chef-specs": "| 38 | 2 |   Python   |",
        "os-client-config": "| 38 | 11 |   Python   |",
        "networking-bgpvpn": "| 38 | 16 |   Python   |",
        "tacker-specs": "| 37 | 6 |   Python   |",
        "python-cloudkittyclient": "| 37 | 13 |   Python   |",
        "tripleo-puppet-elements": "| 37 | 7 |   Python   |",
        "oslo.policy": "| 37 | 27 |   Python   |",
        "keystoneauth": "| 37 | 38 |   Python   |",
        "python-solumclient": "| 36 | 9 |   Python   |",
        "oslo-cookiecutter": "| 36 | 1 |   Python   |",
        "glance-specs": "| 36 | 12 |   Python   |",
        "cookbook-openstack-client": "| 36 | 2 |   Ruby   |",
        "xstatic-angular": "| 36 | 3 |   Python   |",
        "freezer-web-ui": "| 36 | 11 |   Python   |",
        "cookbook-openstack-ops-database": "| 35 | 22 |   Ruby   |",
        "specs-cookiecutter": "| 35 | 1 |   Python   |",
        "designate-specs": "| 35 | 2 |   Python   |",
        "xstatic-bootstrap-scss": "| 35 | 2 |   Python   |",
        "api-sig": "| 35 | 2 |   Python   |",
        "networking-bagpipe": "| 35 | 6 |   Python   |",
        "oslo.service": "| 35 | 37 |   Python   |",
        "rally-openstack": "| 35 | 40 |   Python   |",
        "cookbook-openstack-ops-messaging": "| 34 | 12 |   Ruby   |",
        "heat-cfnclient": "| 34 | 2 |   Python   |",
        "cookbook-openstack-integration-test": "| 34 | 3 |   Ruby   |",
        "solum-specs": "| 34 | 0 |   Python   |",
        "xstatic-bootstrap-datepicker": "| 34 | 1 |   CSS   |",
        "xstatic-d3": "| 34 | 2 |   Python   |",
        "xstatic-jasmine": "| 34 | 3 |   JavaScript   |",
        "xstatic-jquery.quicksearch": "| 34 | 3 |   JavaScript   |",
        "xstatic-rickshaw": "| 34 | 3 |   JavaScript   |",
        "python-manilaclient": "| 34 | 20 |   Python   |",
        "ovsdbapp": "| 34 | 14 |   Python   |",
        "xstatic-hogan": "| 33 | 3 |   JavaScript   |",
        "xstatic-jquery-migrate": "| 33 | 1 |   Python   |",
        "xstatic-jquery.tablesorter": "| 33 | 4 |   JavaScript   |",
        "xstatic-spin": "| 33 | 1 |   Python   |",
        "castellan": "| 33 | 6 |   Python   |",
        "bugdaystats": "| 32 | 3 |   JavaScript   |",
        "ha-guide": "| 32 | 9 |   Python   |",
        "sushy": "| 32 | 39 |   Python   |",
        "python-magnumclient": "| 31 | 22 |   Python   |",
        "openstackdocstheme": "| 31 | 7 |   HTML   |",
        "nova-powervm": "| 31 | 27 |   Python   |",
        "python-tripleoclient": "| 31 | 35 |   Python   |",
        "oslo.versionedobjects": "| 30 | 16 |   Python   |",
        "designate-dashboard": "| 30 | 10 |   JavaScript   |",
        "rpm-packaging": "| 29 | 28 |   Jinja   |",
        "openstack-ansible-galera_server": "| 29 | 25 |   Python   |",
        "tripleo-ansible": "| 29 | 28 |   Python   |",
        "xstatic-angular-bootstrap": "| 28 | 1 |   Python   |",
        "puppet-manila": "| 28 | 10 |   Ruby   |",
        "tripleo-quickstart-extras": "| 28 | 41 |   Jinja   |",
        "instack-undercloud": "| 27 | 13 |   None   |",
        "tripleo-docs": "| 27 | 21 |   JavaScript   |",
        "ceilometer-powervm": "| 26 | 2 |   Python   |",
        "trove-specs": "| 25 | 8 |   Python   |",
        "monasca-statsd": "| 25 | 7 |   Python   |",
        "networking-powervm": "| 25 | 6 |   Python   |",
        "manila-ui": "| 25 | 16 |   Python   |",
        "magnum-ui": "| 25 | 20 |   JavaScript   |",
        "oslo.context": "| 24 | 16 |   Python   |",
        "ossa": "| 24 | 2 |   Python   |",
        "puppet-gnocchi": "| 24 | 12 |   Ruby   |",
        "puppet-murano": "| 24 | 4 |   Ruby   |",
        "networking-midonet": "| 24 | 18 |   None   |",
        "freezer-api": "| 24 | 15 |   Python   |",
        "vitrage-dashboard": "| 24 | 6 |   JavaScript   |",
        "openstack-ansible-plugins": "| 24 | 20 |   Python   |",
        "skyline-console": "| 24 | 13 |   JavaScript   |",
        "ceilometermiddleware": "| 23 | 8 |   Python   |",
        "os-testr": "| 23 | 6 |   Python   |",
        "oslo.cache": "| 23 | 15 |   Python   |",
        "os-win": "| 23 | 20 |   Python   |",
        "openstack-ansible-lxc_hosts": "| 23 | 23 |   Shell   |",
        "performance-docs": "| 23 | 6 |   HTML   |",
        "trove-dashboard": "| 23 | 17 |   Python   |",
        "networking-generic-switch": "| 23 | 39 |   Python   |",
        "neutron-dynamic-routing": "| 23 | 13 |   Python   |",
        "tripleo-validations": "| 23 | 14 |   Python   |",
        "murano-specs": "| 22 | 4 |   Python   |",
        "tacker-horizon": "| 22 | 15 |   Python   |",
        "puppet-openstack-cookiecutter": "| 22 | 0 |   Puppet   |",
        "ironic-ui": "| 22 | 11 |   JavaScript   |",
        "kuryr-libnetwork": "| 22 | 10 |   Python   |",
        "networking-hyperv": "| 21 | 18 |   Python   |",
        "openstack-ansible-specs": "| 21 | 9 |   Python   |",
        "election": "| 21 | 5 |   DIGITAL Command Language   |",
        "openstack-ansible-os_neutron": "| 21 | 34 |   Jinja   |",
        "cookbook-openstack-bare-metal": "| 20 | 3 |   Ruby   |",
        "compute-hyperv": "| 20 | 13 |   Python   |",
        "python-senlinclient": "| 20 | 10 |   Python   |",
        "puppet-mistral": "| 20 | 2 |   Ruby   |",
        "logstash-filters": "| 20 | 3 |   None   |",
        "os-vif": "| 20 | 20 |   Python   |",
        "openstack-ansible-os_keystone": "| 20 | 26 |   Jinja   |",
        "adjutant": "| 20 | 8 |   Python   |",
        "xstatic-angular-lrdragndrop": "| 19 | 2 |   Python   |",
        "xstatic-magic-search": "| 19 | 4 |   JavaScript   |",
        "devstack-plugin-cookiecutter": "| 19 | 0 |   Shell   |",
        "puppet-barbican": "| 19 | 7 |   Ruby   |",
        "openstack-ansible-openstack_hosts": "| 19 | 17 |   Jinja   |",
        "openstack-ansible-rabbitmq_server": "| 19 | 12 |   Python   |",
        "charm-neutron-gateway": "| 19 | 14 |   Python   |",
        "openstack-ansible-os_nova": "| 19 | 31 |   Jinja   |",
        "upstream-institute-virtual-environment": "| 19 | 11 |   Shell   |",
        "os-ken": "| 19 | 8 |   Python   |",
        "xstatic-angular-smart-table": "| 18 | 1 |   Python   |",
        "python-watcherclient": "| 18 | 0 |   Python   |",
        "monasca-log-api": "| 18 | 12 |   None   |",
        "stackviz": "| 18 | 7 |   SCSS   |",
        "devstack-plugin-ceph": "| 18 | 19 |   Shell   |",
        "puppet-pacemaker": "| 18 | 14 |   Ruby   |",
        "sushy-tools": "| 18 | 21 |   Python   |",
        "ironic-lib": "| 17 | 21 |   Python   |",
        "puppet-zaqar": "| 17 | 0 |   Puppet   |",
        "senlin-dashboard": "| 17 | 6 |   JavaScript   |",
        "puppet-aodh": "| 17 | 6 |   Ruby   |",
        "puppet-magnum": "| 17 | 11 |   Ruby   |",
        "python-vitrageclient": "| 17 | 2 |   Python   |",
        "openstack-ansible-lxc_container_create": "| 17 | 16 |   Shell   |",
        "python-brick-cinderclient-ext": "| 17 | 3 |   Python   |",
        "charm-nova-compute": "| 17 | 27 |   Python   |",
        "charm-rabbitmq-server": "| 17 | 17 |   Python   |",
        "oslo.reports": "| 16 | 5 |   Python   |",
        "pymod2pkg": "| 16 | 4 |   Python   |",
        "i18n": "| 16 | 6 |   Python   |",
        "sahara-tests": "| 16 | 7 |   Python   |",
        "charm-openstack-dashboard": "| 16 | 24 |   Python   |",
        "openstack-ansible-os_swift": "| 16 | 13 |   Jinja   |",
        "openstack-ansible-os_designate": "| 16 | 10 |   Jinja   |",
        "openstack-ansible-ceph_client": "| 16 | 2 |   Python   |",
        "zun-ui": "| 16 | 10 |   JavaScript   |",
        "octavia-dashboard": "| 16 | 15 |   JavaScript   |",
        "paunch": "| 16 | 3 |   None   |",
        "openstack-zuul-jobs": "| 16 | 7 |   Shell   |",
        "ansible-role-redhat-subscription": "| 16 | 9 |   Python   |",
        "ansible-role-systemd_networkd": "| 16 | 3 |   Python   |",
        "project-team-guide": "| 15 | 2 |   Python   |",
        "manila-image-elements": "| 15 | 3 |   Shell   |",
        "renderspec": "| 15 | 4 |   Python   |",
        "oslo.privsep": "| 15 | 8 |   Python   |",
        "mistral-specs": "| 15 | 1 |   Python   |",
        "openstack-ansible-apt_package_pinning": "| 15 | 2 |   Python   |",
        "openstack-ansible-memcached_server": "| 15 | 3 |   Python   |",
        "openstack-ansible-repo_server": "| 15 | 7 |   Python   |",
        "openstack-ansible-os_ironic": "| 15 | 13 |   Jinja   |",
        "charm-neutron-api": "| 15 | 31 |   Python   |",
        "charm-nova-cloud-controller": "| 15 | 26 |   Python   |",
        "charm-percona-cluster": "| 15 | 20 |   Python   |",
        "python-freezerclient": "| 15 | 3 |   Python   |",
        "osc-lib": "| 15 | 10 |   Python   |",
        "js-openstack-lib": "| 15 | 2 |   JavaScript   |",
        "openstack-ansible-tests": "| 15 | 8 |   Shell   |",
        "openstack-ansible-haproxy_server": "| 15 | 16 |   Jinja   |",
        "python-ironic-inspector-client": "| 14 | 1 |   Python   |",
        "devstack-plugin-amqp1": "| 14 | 2 |   Shell   |",
        "xstatic-bootswatch": "| 14 | 0 |   CSS   |",
        "puppet-openstack_spec_helper": "| 14 | 5 |   Python   |",
        "tempest-plugin-cookiecutter": "| 14 | 1 |   Python   |",
        "watcher-specs": "| 14 | 1 |   Python   |",
        "openstack-ansible-rsyslog_client": "| 14 | 3 |   Python   |",
        "puppet-vitrage": "| 14 | 0 |   Ruby   |",
        "python-aodhclient": "| 14 | 4 |   Python   |",
        "puppet-ec2api": "| 14 | 1 |   Puppet   |",
        "puppet-oslo": "| 14 | 9 |   Ruby   |",
        "charm-cinder": "| 14 | 22 |   Python   |",
        "charm-keystone": "| 14 | 23 |   Python   |",
        "charm-neutron-openvswitch": "| 14 | 22 |   Python   |",
        "charm-swift-proxy": "| 14 | 13 |   Python   |",
        "openstack-ansible-openstack_openrc": "| 14 | 8 |   Python   |",
        "openstack-ansible-os_ceilometer": "| 14 | 8 |   Python   |",
        "openstack-ansible-os_cinder": "| 14 | 15 |   Jinja   |",
        "openstack-ansible-os_tempest": "| 14 | 13 |   Python   |",
        "openstack-ansible-os_horizon": "| 14 | 13 |   Jinja   |",
        "ldappool": "| 14 | 3 |   Python   |",
        "os-api-ref": "| 14 | 1 |   Python   |",
        "charm-hacluster": "| 14 | 18 |   Python   |",
        "charm-guide": "| 14 | 3 |   Python   |",
        "charms.openstack": "| 14 | 15 |   Python   |",
        "python-octaviaclient": "| 14 | 10 |   Python   |",
        "placement": "| 14 | 15 |   Python   |",
        "xstatic-angular-gettext": "| 13 | 1 |   Python   |",
        "rpm-packaging-tools": "| 13 | 1 |   Python   |",
        "xstatic-roboto-fontface": "| 13 | 3 |   CSS   |",
        "vitrage-specs": "| 13 | 2 |   Python   |",
        "openstack-ansible-galera_client": "| 13 | 6 |   None   |",
        "openstack-ansible-rsyslog_server": "| 13 | 3 |   Python   |",
        "devstack-plugin-kafka": "| 13 | 2 |   Shell   |",
        "charm-ceilometer": "| 13 | 10 |   Python   |",
        "charm-ceph-mon": "| 13 | 21 |   Python   |",
        "charm-ceph-osd": "| 13 | 21 |   Python   |",
        "charm-ceph-radosgw": "| 13 | 8 |   Python   |",
        "charm-cinder-backup": "| 13 | 2 |   Python   |",
        "charm-cinder-ceph": "| 13 | 6 |   Python   |",
        "charm-glance": "| 13 | 12 |   Python   |",
        "openstack-ansible-os_aodh": "| 13 | 2 |   Python   |",
        "openstack-ansible-os_glance": "| 13 | 10 |   Jinja   |",
        "openstack-ansible-os_heat": "| 13 | 1 |   Python   |",
        "puppet-octavia": "| 13 | 6 |   Ruby   |",
        "monasca-transform": "| 13 | 7 |   None   |",
        "openstack-ansible-os_gnocchi": "| 13 | 6 |   Python   |",
        "freezer-dr": "| 13 | 2 |   Python   |",
        "monasca-grafana-datasource": "| 13 | 14 |   JavaScript   |",
        "monasca-kibana-plugin": "| 13 | 7 |   JavaScript   |",
        "skyline-apiserver": "| 13 | 13 |   Python   |",
        "eslint-config-openstack": "| 12 | 4 |   JavaScript   |",
        "xstatic-mdi": "| 12 | 0 |   CSS   |",
        "requestsexceptions": "| 12 | 1 |   Python   |",
        "watcher-dashboard": "| 12 | 2 |   Python   |",
        "charm-ceilometer-agent": "| 12 | 4 |   Python   |",
        "charm-heat": "| 12 | 8 |   Python   |",
        "charm-swift-storage": "| 12 | 13 |   Python   |",
        "puppet-ovn": "| 12 | 4 |   Ruby   |",
        "openstack-ansible-os_rally": "| 12 | 7 |   Jinja   |",
        "designate-tempest-plugin": "| 12 | 11 |   Python   |",
        "openstack-ansible-os_sahara": "| 12 | 2 |   Python   |",
        "panko": "| 12 | 6 |   None   |",
        "charm-specs": "| 12 | 3 |   Python   |",
        "python-zunclient": "| 12 | 7 |   Python   |",
        "openstack-ansible-os_trove": "| 12 | 6 |   Jinja   |",
        "charms.ceph": "| 12 | 9 |   Python   |",
        "octavia-tempest-plugin": "| 12 | 12 |   Python   |",
        "ironic-python-agent-builder": "| 12 | 15 |   Shell   |",
        "tripleo-upgrade": "| 12 | 11 |   Shell   |",
        "zaqar-ui": "| 11 | 4 |   JavaScript   |",
        "charm-odl-controller": "| 11 | 1 |   None   |",
        "openstack-ansible-os_barbican": "| 11 | 4 |   Python   |",
        "openstack-ansible-os_magnum": "| 11 | 4 |   Python   |",
        "puppet-openstack-guide": "| 11 | 0 |   Python   |",
        "charm-ceph-proxy": "| 11 | 3 |   Python   |",
        "charm-layer-openstack-api": "| 11 | 1 |   Python   |",
        "charm-barbican": "| 11 | 3 |   Python   |",
        "openstack-ansible-os_octavia": "| 11 | 14 |   Python   |",
        "neutron-tempest-plugin": "| 11 | 9 |   Python   |",
        "ansible-role-tripleo-modify-image": "| 11 | 1 |   Shell   |",
        "ironic-inspector-specs": "| 10 | 0 |   Python   |",
        "os-performance-tools": "| 10 | 0 |   Python   |",
        "charm-openvswitch-odl": "| 10 | 2 |   None   |",
        "freezer-specs": "| 10 | 3 |   Python   |",
        "devstack-plugin-nfs": "| 10 | 0 |   Shell   |",
        "microversion-parse": "| 10 | 3 |   Python   |",
        "openstack-ansible-os_cloudkitty": "| 10 | 3 |   Python   |",
        "charm-tempest": "| 10 | 3 |   Python   |",
        "charm-designate": "| 10 | 4 |   Python   |",
        "mistral-lib": "| 10 | 5 |   Python   |",
        "monasca-events-api": "| 10 | 3 |   Python   |",
        "ui-cookiecutter": "| 10 | 3 |   JavaScript   |",
        "tripleo-repos": "| 10 | 3 |   Python   |",
        "openstackclient": "| 10 | 3 |   Python   |",
        "devstack-plugin-container": "| 10 | 4 |   Shell   |",
        "tripleo-ipsec": "| 10 | 0 |   HTML   |",
        "service-types-authority": "| 9 | 0 |   Python   |",
        "charm-neutron-api-odl": "| 9 | 1 |   None   |",
        "manila-specs": "| 9 | 4 |   Python   |",
        "oslo.tools": "| 9 | 2 |   Python   |",
        "puppet-watcher": "| 9 | 2 |   Ruby   |",
        "karma-subunit-reporter": "| 9 | 0 |   JavaScript   |",
        "charm-interface-bind-rndc": "| 9 | 0 |   Python   |",
        "charm-interface-hacluster": "| 9 | 5 |   Python   |",
        "charm-interface-keystone": "| 9 | 0 |   Python   |",
        "charm-interface-keystone-credentials": "| 9 | 7 |   Python   |",
        "charm-interface-neutron-plugin": "| 9 | 0 |   Python   |",
        "charm-interface-odl-controller-api": "| 9 | 0 |   None   |",
        "charm-interface-openstack-ha": "| 9 | 0 |   Python   |",
        "charm-interface-ovsdb-manager": "| 9 | 0 |   Python   |",
        "charm-interface-rabbitmq": "| 9 | 2 |   Python   |",
        "charm-layer-openstack": "| 9 | 3 |   Python   |",
        "charm-layer-openstack-principle": "| 9 | 2 |   Python   |",
        "charm-designate-bind": "| 9 | 1 |   Python   |",
        "charm-aodh": "| 9 | 7 |   Python   |",
        "charm-barbican-softhsm": "| 9 | 0 |   Python   |",
        "puppet-panko": "| 9 | 2 |   None   |",
        "puppet-qdr": "| 9 | 0 |   Ruby   |",
        "charm-manila": "| 9 | 2 |   Python   |",
        "puppet-cloudkitty": "| 9 | 2 |   Ruby   |",
        "coverage2sql": "| 9 | 1 |   Python   |",
        "heat-agents": "| 9 | 8 |   Python   |",
        "charm-keystone-ldap": "| 9 | 0 |   Python   |",
        "networking-baremetal": "| 9 | 1 |   Python   |",
        "heat-dashboard": "| 9 | 15 |   JavaScript   |",
        "charm-vault": "| 9 | 16 |   Python   |",
        "ansible-role-systemd_service": "| 9 | 6 |   Python   |",
        "kayobe-config": "| 9 | 18 |   Python   |",
        "ansible-role-openstack-operations": "| 9 | 2 |   Python   |",
        "ansible-role-chrony": "| 9 | 3 |   Jinja   |",
        "release-test": "| 8 | 0 |   Python   |",
        "charm-interface-mysql-shared": "| 8 | 2 |   Python   |",
        "charm-interface-service-control": "| 8 | 0 |   Python   |",
        "masakari-monitors": "| 8 | 7 |   Python   |",
        "os-traits": "| 8 | 4 |   Python   |",
        "osc-placement": "| 8 | 3 |   Python   |",
        "ptgbot": "| 8 | 3 |   JavaScript   |",
        "cinder-tempest-plugin": "| 8 | 2 |   Python   |",
        "ansible-role-systemd_mount": "| 8 | 1 |   Python   |",
        "ansible-role-container-registry": "| 8 | 4 |   Python   |",
        "metalsmith": "| 8 | 0 |   Python   |",
        "murano-pkg-check": "| 7 | 0 |   Python   |",
        "charm-interface-neutron-plugin-api-subordinate": "| 7 | 1 |   Python   |",
        "charm-manila-generic": "| 7 | 1 |   Python   |",
        "charm-nova-compute-proxy": "| 7 | 1 |   None   |",
        "magnum-specs": "| 7 | 1 |   Python   |",
        "charm-ceph-fs": "| 7 | 2 |   Python   |",
        "kuryr-tempest-plugin": "| 7 | 5 |   Python   |",
        "charm-deployment-guide": "| 7 | 2 |   Python   |",
        "charm-gnocchi": "| 7 | 5 |   Python   |",
        "whereto": "| 7 | 0 |   Python   |",
        "magnum-tempest-plugin": "| 7 | 5 |   Python   |",
        "manila-tempest-plugin": "| 7 | 4 |   Python   |",
        "tripleo-ha-utils": "| 7 | 3 |   Python   |",
        "openstack-ansible-os_masakari": "| 7 | 1 |   Python   |",
        "tenks": "| 7 | 1 |   Python   |",
        "tripleo-operator-ansible": "| 7 | 3 |   Python   |",
        "cookbook-openstack-application-catalog": "| 6 | 0 |   Ruby   |",
        "python-masakariclient": "| 6 | 6 |   Python   |",
        "molteniron": "| 6 | 0 |   Python   |",
        "charm-interface-manila-plugin": "| 6 | 0 |   Python   |",
        "manila-test-image": "| 6 | 0 |   Shell   |",
        "ironic-tempest-plugin": "| 6 | 9 |   Python   |",
        "cloudkitty-specs": "| 6 | 0 |   Python   |",
        "barbican-tempest-plugin": "| 6 | 6 |   Python   |",
        "charm-cloudkitty": "| 6 | 0 |   Python   |",
        "masakari-specs": "| 6 | 0 |   Python   |",
        "charm-mistral": "| 6 | 0 |   Python   |",
        "charm-murano": "| 6 | 0 |   None   |",
        "charm-trove": "| 6 | 1 |   None   |",
        "charm-interface-keystone-admin": "| 6 | 0 |   Python   |",
        "charm-interface-keystone-domain-backend": "| 6 | 0 |   Python   |",
        "charm-interface-ceph-mds": "| 6 | 1 |   None   |",
        "charm-layer-ceph-base": "| 6 | 0 |   Python   |",
        "sphinx-feature-classification": "| 6 | 1 |   Python   |",
        "keystone-tempest-plugin": "| 6 | 3 |   Python   |",
        "neutron-fwaas-dashboard": "| 6 | 5 |   Python   |",
        "adjutant-ui": "| 6 | 7 |   Python   |",
        "blazar-dashboard": "| 6 | 6 |   Python   |",
        "os-service-types": "| 6 | 2 |   Python   |",
        "openstack-ansible-os_tacker": "| 6 | 1 |   Python   |",
        "charm-interface-ceph-client": "| 6 | 2 |   Python   |",
        "contributor-guide": "| 6 | 3 |   Python   |",
        "senlin-tempest-plugin": "| 6 | 1 |   Python   |",
        "openstack-ansible-os_congress": "| 6 | 0 |   None   |",
        "vitrage-tempest-plugin": "| 6 | 1 |   Python   |",
        "openstack-ansible-nspawn_container_create": "| 6 | 2 |   None   |",
        "openstack-ansible-nspawn_hosts": "| 6 | 4 |   None   |",
        "ansible-config_template": "| 6 | 3 |   Python   |",
        "charm-glance-simplestreams-sync": "| 6 | 7 |   Python   |",
        "ansible-role-qdrouterd": "| 6 | 0 |   Python   |",
        "openstack-ansible-os_manila": "| 6 | 2 |   Jinja   |",
        "openstack-helm-images": "| 6 | 9 |   Python   |",
        "openstack-ansible-os_placement": "| 6 | 3 |   Python   |",
        "cinderlib": "| 6 | 1 |   Python   |",
        "tap-as-a-service": "| 6 | 0 |   Python   |",
        "openstack-chef": "| 5 | 2 |   Ruby   |",
        "governance-website": "| 5 | 1 |   Python   |",
        "devstack-tools": "| 5 | 0 |   Python   |",
        "python-pankoclient": "| 5 | 0 |   None   |",
        "openstack-ansible-os_karbor": "| 5 | 0 |   None   |",
        "openstack-zuul-roles": "| 5 | 0 |   Python   |",
        "neutron-vpnaas-dashboard": "| 5 | 1 |   Python   |",
        "charm-interface-gnocchi": "| 5 | 0 |   Python   |",
        "monasca-specs": "| 5 | 0 |   Python   |",
        "zun-tempest-plugin": "| 5 | 0 |   Python   |",
        "self-healing-sig": "| 5 | 2 |   Python   |",
        "telemetry-tempest-plugin": "| 5 | 2 |   Python   |",
        "charm-interface-designate": "| 5 | 0 |   Python   |",
        "goal-tools": "| 5 | 2 |   Python   |",
        "charm-ironic": "| 5 | 0 |   Python   |",
        "charm-panko": "| 5 | 0 |   None   |",
        "openstack-ansible-os_panko": "| 5 | 1 |   None   |",
        "oslo.limit": "| 5 | 3 |   Python   |",
        "ansible-role-python_venv_build": "| 5 | 4 |   Python   |",
        "python-cyborgclient": "| 5 | 2 |   Python   |",
        "charm-neutron-dynamic-routing": "| 5 | 1 |   Python   |",
        "openstack-ansible-os_blazar": "| 5 | 0 |   Python   |",
        "openstack-ansible-os_zun": "| 5 | 5 |   Python   |",
        "octavia-lib": "| 5 | 4 |   Python   |",
        "charm-octavia": "| 5 | 7 |   Python   |",
        "ovn-octavia-provider": "| 5 | 0 |   Python   |",
        "charm-glusterfs": "| 4 | 0 |   None   |",
        "charm-manila-glusterfs": "| 4 | 0 |   None   |",
        "freezer-tempest-plugin": "| 4 | 0 |   Python   |",
        "python-adjutantclient": "| 4 | 0 |   Python   |",
        "oswin-tempest-plugin": "| 4 | 0 |   Python   |",
        "watcher-tempest-plugin": "| 4 | 0 |   Python   |",
        "solum-tempest-plugin": "| 4 | 0 |   Python   |",
        "murano-tempest-plugin": "| 4 | 2 |   Python   |",
        "zaqar-tempest-plugin": "| 4 | 0 |   Python   |",
        "cloudkitty-tempest-plugin": "| 4 | 0 |   Python   |",
        "heat-tempest-plugin": "| 4 | 5 |   Python   |",
        "masakari-dashboard": "| 4 | 1 |   Python   |",
        "mistral-tempest-plugin": "| 4 | 1 |   Python   |",
        "monasca-tempest-plugin": "| 4 | 3 |   Python   |",
        "trove-tempest-plugin": "| 4 | 3 |   Python   |",
        "cyborg-specs": "| 4 | 0 |   Python   |",
        "charm-interface-bgp": "| 4 | 0 |   Python   |",
        "charm-nova-cell-controller": "| 4 | 0 |   Python   |",
        "charm-barbican-vault": "| 4 | 0 |   Python   |",
        "arch-design": "| 4 | 0 |   None   |",
        "openstack-virtual-baremetal": "| 4 | 1 |   Python   |",
        "ansible-role-thales-hsm": "| 4 | 0 |   Python   |",
        "ansible-role-collect-logs": "| 4 | 3 |   Python   |",
        "charm-ceph-dashboard": "| 4 | 1 |   Python   |",
        "charm-nova-compute-nvidia-vgpu": "| 4 | 1 |   Python   |",
        "governance-sigs": "| 3 | 0 |   Python   |",
        "ec2api-tempest-plugin": "| 3 | 2 |   Python   |",
        "blazar-tempest-plugin": "| 3 | 3 |   Python   |",
        "tempest-stress": "| 3 | 2 |   Python   |",
        "xstatic-angular-material": "| 3 | 0 |   CSS   |",
        "xstatic-angular-notify": "| 3 | 0 |   Python   |",
        "xstatic-angular-uuid": "| 3 | 0 |   Python   |",
        "xstatic-angular-vis": "| 3 | 0 |   Python   |",
        "xstatic-filesaver": "| 3 | 0 |   JavaScript   |",
        "xstatic-js-yaml": "| 3 | 0 |   JavaScript   |",
        "xstatic-json2yaml": "| 3 | 1 |   Python   |",
        "cookbook-openstack-dns": "| 3 | 1 |   Ruby   |",
        "constellations": "| 3 | 0 |   Python   |",
        "cookbook-openstackclient": "| 3 | 3 |   Ruby   |",
        "kayobe-config-dev": "| 3 | 7 |   Python   |",
        "charm-octavia-dashboard": "| 3 | 0 |   Python   |",
        "charm-interface-cinder-backend": "| 3 | 0 |   Python   |",
        "charm-octavia-diskimage-retrofit": "| 3 | 2 |   Python   |",
        "charm-cinder-purestorage": "| 3 | 1 |   Python   |",
        "charm-mysql-innodb-cluster": "| 3 | 2 |   Python   |",
        "charm-neutron-api-plugin-ovn": "| 3 | 1 |   Python   |",
        "charm-manila-ganesha": "| 3 | 0 |   Python   |",
        "charm-watcher": "| 3 | 0 |   Python   |",
        "charm-watcher-dashboard": "| 3 | 0 |   Python   |",
        "validations-common": "| 3 | 0 |   Python   |",
        "oslo.metrics": "| 3 | 0 |   Python   |",
        "charm-ironic-conductor": "| 3 | 0 |   Python   |",
        "ansible-role-pki": "| 3 | 1 |   Python   |",
        "charm-magnum-dashboard": "| 3 | 0 |   Python   |",
        "charm-magnum": "| 3 | 0 |   Python   |",
        "puppet-placement": "| 2 | 0 |   Ruby   |",
        "charm-interface-nova-cell": "| 2 | 0 |   Python   |",
        "charm-interface-nova-compute": "| 2 | 0 |   Python   |",
        "charm-interface-barbican-secrets": "| 2 | 0 |   Python   |",
        "charm-interface-dashboard-plugin": "| 2 | 0 |   Python   |",
        "charm-interface-neutron-load-balancer": "| 2 | 0 |   Python   |",
        "sahara-plugin-mapr": "| 2 | 1 |   Python   |",
        "charm-masakari": "| 2 | 2 |   Python   |",
        "charm-masakari-monitors": "| 2 | 2 |   Python   |",
        "charm-pacemaker-remote": "| 2 | 0 |   Python   |",
        "charm-keystone-saml-mellon": "| 2 | 2 |   Python   |",
        "ironic-prometheus-exporter": "| 2 | 1 |   Python   |",
        "charm-placement": "| 2 | 0 |   Python   |",
        "charm-mysql-router": "| 2 | 2 |   Python   |",
        "charm-cinder-backup-swift-proxy": "| 2 | 0 |   Python   |",
        "validations-libs": "| 2 | 1 |   Python   |",
        "charm-trilio-horizon-plugin": "| 2 | 0 |   Python   |",
        "charm-trilio-data-mover": "| 2 | 0 |   Python   |",
        "charm-trilio-dm-api": "| 2 | 0 |   Python   |",
        "charm-neutron-api-plugin-arista": "| 2 | 0 |   Python   |",
        "charm-ceph-iscsi": "| 2 | 0 |   Python   |",
        "charm-keystone-kerberos": "| 2 | 0 |   Python   |",
        "charm-ops-openstack": "| 2 | 3 |   Python   |",
        "charm-ops-interface-tls-certificates": "| 2 | 1 |   Python   |",
        "charm-neutron-api-plugin-ironic": "| 2 | 0 |   Python   |",
        "charm-ironic-api": "| 2 | 0 |   Python   |",
        "charm-interface-magpie": "| 2 | 0 |   Python   |",
        "charm-magpie": "| 2 | 0 |   Python   |",
        "charm-manila-netapp": "| 2 | 0 |   Python   |",
        "charm-manila-dashboard": "| 2 | 0 |   Python   |",
        "charm-cinder-lvm": "| 2 | 0 |   Python   |",
        "charm-openstack-loadbalancer": "| 2 | 0 |   Python   |",
        "charm-cinder-netapp": "| 2 | 0 |   Python   |",
        "venus": "| 2 | 0 |   Python   |",
        "ansible-collection-kolla": "| 2 | 4 |   Python   |",
        "charm-cinder-nimblestorage": "| 2 | 0 |   Python   |",
        "charm-cinder-solidfire": "| 2 | 1 |   Python   |",
        "charm-keystone-openidc": "| 2 | 0 |   Python   |",
        "oslo.upgradecheck": "| 1 | 1 |   Python   |",
        "blazar-specs": "| 1 | 0 |   Python   |",
        "os-resource-classes": "| 1 | 1 |   Python   |",
        "sahara-plugin-ambari": "| 1 | 1 |   Python   |",
        "sahara-plugin-cdh": "| 1 | 0 |   Python   |",
        "sahara-plugin-spark": "| 1 | 0 |   Python   |",
        "sahara-plugin-storm": "| 1 | 0 |   Python   |",
        "sahara-plugin-vanilla": "| 1 | 0 |   Python   |",
        "ansible-role-atos-hsm": "| 1 | 0 |   Python   |",
        "charm-ceph-rbd-mirror": "| 1 | 1 |   Python   |",
        "charm-interface-ceph-rbd-mirror": "| 1 | 0 |   Python   |",
        "charm-layer-ceph": "| 1 | 1 |   None   |",
        "charm-interface-keystone-fid-service-provider": "| 1 | 0 |   Python   |",
        "charm-interface-websso-fid-service-provider": "| 1 | 0 |   Python   |",
        "ansible-role-uwsgi": "| 1 | 2 |   Python   |",
        "charm-interface-placement": "| 1 | 0 |   Python   |",
        "charm-interface-mysql-innodb-cluster": "| 1 | 0 |   Python   |",
        "charm-interface-mysql-router": "| 1 | 1 |   Python   |",
        "ansible-plugin-container-connection": "| 1 | 0 |   Python   |",
        "charm-interface-keystone-notifications": "| 1 | 0 |   Python   |",
        "devstack-plugin-open-cas": "| 1 | 0 |   Shell   |",
        "charm-trilio-wlm": "| 1 | 0 |   Python   |",
        "ansible-role-lunasa-hsm": "| 1 | 0 |   Python   |",
        "charm-ops-interface-ceph-client": "| 1 | 0 |   Python   |",
        "etcd3gw": "| 1 | 1 |   Python   |",
        "osops": "| 1 | 1 |   Python   |",
        "charm-ceph-nfs": "| 1 | 0 |   None   |",
        "charm-cinder-three-par": "| 1 | 0 |   None   |",
        "charm-cinder-ibm-storwize-svc": "| 1 | 0 |   None   |",
        "charm-cinder-dell-emc-powerstore": "| 1 | 0 |   None   |",
        "charm-ops-sunbeam": "| 1 | 2 |   Python   |",
        "ovn-bgp-agent": "| 1 | 1 |   Python   |",
        "openstack-ansible-os_mistral": "| 0 | 1 |   Python   |",
        "auto-scaling-sig": "| 0 | 0 |   Python   |",
        "charm-interface-pacemaker-remote": "| 0 | 0 |   Python   |",
        "cyborg-tempest-plugin": "| 0 | 2 |   Python   |",
        "charm-nova-lxd": "| 0 | 0 |   Python   |",
        "publiccloud-sig": "| 0 | 0 |   Python   |",
        "openstack-ansible-os_murano": "| 0 | 0 |   Python   |",
        "barbican-ui": "| 0 | 3 |   JavaScript   |",
        "charm-interface-cinder-backup": "| 0 | 0 |   Python   |",
        "ideas": "| 0 | 0 |   Python   |",
        "multi-arch-sig": "| 0 | 0 |   Python   |",
        "xstatic-dagre-d3": "| 0 | 0 |   JavaScript   |",
        "xstatic-moment-timezone": "| 0 | 0 |   JavaScript   |",
        "openstack-tempest-skiplist": "| 0 | 0 |   None   |",
        "xstatic-dagre": "| 0 | 0 |   JavaScript   |",
        "xstatic-lodash": "| 0 | 0 |   JavaScript   |",
        "xstatic-moment": "| 0 | 0 |   Python   |",
        "xstatic-graphlib": "| 0 | 0 |   None   |",
        "openstack-ansible-os_adjutant": "| 0 | 0 |   Jinja   |",
        "whitebox-tempest-plugin": "| 0 | 0 |   None   |",
        "openstack-ansible-os_senlin": "| 0 | 0 |   Python   |",
        "charm-interface-ironic-api": "| 0 | 0 |   None   |",
        "openstack-ansible-os_monasca-agent": "| 0 | 0 |   None   |",
        "openstack-ansible-os_monasca": "| 0 | 0 |   None   |",
        "glance-tempest-plugin": "| 0 | 2 |   Python   |",
        "rbd-iscsi-client": "| 0 | 0 |   Python   |",
        "ansible-role-vault": "| 0 | 0 |   None   |",
        "charm-ops-interface-openstack-loadbalancer": "| 0 | 0 |   Python   |",
        "charm-ops-interface-ceph-iscsi-admin-access": "| 0 | 0 |   None   |",
        "venus-dashboard": "| 0 | 0 |   Python   |",
        "venus-specs": "| 0 | 0 |   Python   |",
        "python-venusclient": "| 0 | 0 |   Python   |",
        "venus-tempest-plugin": "| 0 | 0 |   Python   |",
        "ci-log-processing": "| 0 | 0 |   Python   |",
        "ansible-role-proxysql": "| 0 | 0 |   None   |",
        "sushy-oem-idrac": "| 0 | 1 |   Python   |",
        "large-scale": "| 0 | 0 |   None   |",
        "charm-cinder-ceph-k8s": "| 0 | 0 |   Python   |",
        "charm-glance-k8s": "| 0 | 0 |   Python   |",
        "charm-keystone-k8s": "| 0 | 0 |   Python   |",
        "charm-cinder-k8s": "| 0 | 0 |   Python   |",
        "charm-nova-k8s": "| 0 | 0 |   Python   |",
        "charm-horizon-k8s": "| 0 | 0 |   Python   |",
        "charm-placement-k8s": "| 0 | 0 |   Python   |",
        "charm-neutron-k8s": "| 0 | 0 |   Python   |",
        "charm-zuul-jobs": "| 0 | 0 |   None   |",
        "ansible-role-zookeeper": "| 0 | 1 |   Python   |",
        "charm-manila-infinidat": "| 0 | 0 |   None   |",
        "openstack-ansible-os_skyline": "| 0 | 0 |   None   |",
        "charm-cinder-infinidat": "| 0 | 0 |   None   |",
        "charm-infinidat-tools": "| 0 | 0 |   None   |",
        "charm-ironic-dashboard": "| 0 | 0 |   None   |",
        "virtualpdu": "| 0 | 0 |   Python   |",
        "xstatic-angular-fileupload": "| 0 | 0 |   None   |",
        "charm-openstack-hypervisor": "| 0 | 0 |   None   |"
    }
}