{
    "company": "Oracle",
    "h-index": 65,
    "repo count": 267,
    "contributor count": 4512,
    "size": "todo",
    "employee count": "todo",
    "country": "Austin, TX",
    "top language": "Java",
    "repos": {
        "graal": "| 18561 | 1500 |   Java   |",
        "docker-images": "| 6021 | 5326 |   Shell   |",
        "opengrok": "| 3875 | 719 |   Java   |",
        "truffleruby": "| 2855 | 189 |   Ruby   |",
        "visualvm": "| 2480 | 284 |   Java   |",
        "node-oracledb": "| 2154 | 1079 |   JavaScript   |",
        "graaljs": "| 1452 | 172 |   C++   |",
        "tribuo": "| 1144 | 167 |   Java   |",
        "railcar": "| 1119 | 108 |   Rust   |",
        "skater": "| 1066 | 182 |   Python   |",
        "graalpython": "| 974 | 94 |   Python   |",
        "mysql-operator": "| 871 | 247 |   Go   |",
        "python-cx_Oracle": "| 858 | 358 |   C   |",
        "vagrant-projects": "| 858 | 468 |   Shell   |",
        "graphpipe": "| 724 | 113 |   Makefile   |",
        "terraform-provider-oci": "| 640 | 613 |   Go   |",
        "learning-library": "| 631 | 1068 |   HTML   |",
        "smith": "| 602 | 41 |   Go   |",
        "fastr": "| 574 | 66 |   Java   |",
        "oraclejet": "| 474 | 123 |   None   |",
        "coherence": "| 389 | 70 |   Java   |",
        "dotnet-db-samples": "| 359 | 180 |   C#   |",
        "oci-cli": "| 349 | 164 |   Python   |",
        "centos2ol": "| 315 | 73 |   Shell   |",
        "oci-python-sdk": "| 312 | 252 |   Python   |",
        "crashcart": "| 274 | 23 |   Rust   |",
        "apex": "| 262 | 169 |   None   |",
        "linux-uek": "| 255 | 65 |   None   |",
        "oracle-db-tools": "| 254 | 111 |   JavaScript   |",
        "odpi": "| 239 | 80 |   C   |",
        "oci-designer-toolkit": "| 237 | 111 |   JavaScript   |",
        "weblogic-kubernetes-operator": "| 232 | 207 |   Java   |",
        "graalvm-reachability-metadata": "| 215 | 43 |   Java   |",
        "terraform-kubernetes-installer": "| 180 | 125 |   HCL   |",
        "python-oracledb": "| 172 | 49 |   Python   |",
        "oracle-r2dbc": "| 169 | 34 |   Java   |",
        "oci-java-sdk": "| 168 | 146 |   Java   |",
        "netsuite-suitecloud-sdk": "| 159 | 52 |   JavaScript   |",
        "speedle": "| 157 | 51 |   Go   |",
        "oci-go-sdk": "| 154 | 77 |   Go   |",
        "wookiee": "| 144 | 53 |   Scala   |",
        "pgql-lang": "| 144 | 40 |   Java   |",
        "weblogic-deploy-tooling": "| 141 | 90 |   Python   |",
        "cordova-plugin-wkwebview-file-xhr": "| 140 | 121 |   JavaScript   |",
        "oci-ansible-collection": "| 136 | 75 |   Python   |",
        "solaris-userland": "| 134 | 68 |   C   |",
        "analytical-sql-examples": "| 127 | 84 |   PLSQL   |",
        "container-images": "| 125 | 59 |   None   |",
        "oci-cloud-controller-manager": "| 111 | 74 |   Go   |",
        "kernel-fuzzing": "| 110 | 28 |   Hack   |",
        "cloud-native-devops-workshop": "| 108 | 234 |   JavaScript   |",
        "oci-ansible-modules": "| 104 | 79 |   Python   |",
        "oracle-database-operator": "| 102 | 31 |   Go   |",
        "macest": "| 95 | 19 |   Jupyter Notebook   |",
        "weblogic-monitoring-exporter": "| 94 | 81 |   Java   |",
        "font-apex": "| 93 | 25 |   CSS   |",
        "cloudtestdrive": "| 93 | 155 |   HTML   |",
        "coherence-operator": "| 92 | 26 |   Go   |",
        "ktf": "| 91 | 39 |   Shell   |",
        "oracle-linux": "| 81 | 41 |   Shell   |",
        "json-in-db": "| 77 | 51 |   Java   |",
        "kubernetes-vault-kms-plugin": "| 76 | 30 |   Go   |",
        "dtrace-utils": "| 75 | 22 |   C   |",
        "hospitality-api-docs": "| 67 | 41 |   HTML   |",
        "graphpipe-go": "| 66 | 22 |   Go   |",
        "oci-grafana-metrics": "| 65 | 42 |   JavaScript   |",
        "soda-for-java": "| 64 | 26 |   Java   |",
        "hiq": "| 61 | 8 |   Python   |",
        "solaris-ips": "| 58 | 23 |   Python   |",
        "yo": "| 57 | 1 |   Python   |",
        "nvm-direct": "| 55 | 20 |   C   |",
        "weblogic-image-tool": "| 54 | 25 |   Java   |",
        "oci-typescript-sdk": "| 54 | 42 |   TypeScript   |",
        "bots-node-sdk": "| 50 | 59 |   JavaScript   |",
        "oci-service-broker": "| 49 | 37 |   Java   |",
        "souffle": "| 48 | 17 |   C++   |",
        "oraclesolaris-contrib": "| 46 | 14 |   Jupyter Notebook   |",
        "microservices-datadriven": "| 45 | 69 |   CSS   |",
        "navarkos": "| 44 | 20 |   Go   |",
        "fmw-chef-cookbook": "| 43 | 53 |   Ruby   |",
        "content-and-experience-toolkit": "| 43 | 31 |   JavaScript   |",
        "oci-utils": "| 43 | 20 |   Python   |",
        "nosql-examples": "| 42 | 51 |   HTML   |",
        "graphpipe-py": "| 42 | 15 |   Python   |",
        "terraform-examples": "| 41 | 26 |   None   |",
        "free": "| 41 | 6 |   HTML   |",
        "offline-persistence-toolkit": "| 40 | 13 |   JavaScript   |",
        "rwloadsim": "| 40 | 16 |   C   |",
        "accelerated-data-science": "| 40 | 20 |   Python   |",
        "big-data-lite": "| 39 | 42 |   Java   |",
        "libdtrace-ctf": "| 39 | 11 |   C   |",
        "adf-samples": "| 38 | 38 |   Java   |",
        "oci-dotnet-sdk": "| 35 | 17 |   C#   |",
        "heatwave-tpch": "| 33 | 16 |   None   |",
        "dw-vldb-samples": "| 32 | 27 |   PLSQL   |",
        "db-sharding": "| 32 | 23 |   Python   |",
        "ansible-database-migration-tool": "| 32 | 18 |   Python   |",
        "dbt-oracle": "| 29 | 13 |   Python   |",
        "oci-service-operator": "| 28 | 21 |   Go   |",
        "atg-commerce-iaas": "| 27 | 15 |   Python   |",
        "cluster-manager": "| 27 | 18 |   Go   |",
        "weblogic-remote-console": "| 27 | 9 |   JavaScript   |",
        "cluster-api-provider-oci": "| 27 | 19 |   Go   |",
        "nosql-go-sdk": "| 26 | 15 |   Go   |",
        "osb-kafka-transport": "| 25 | 21 |   Java   |",
        "oci-volume-provisioner": "| 25 | 21 |   Go   |",
        "oci-hdfs-connector": "| 24 | 29 |   Java   |",
        "dtrace-linux-kernel": "| 24 | 8 |   None   |",
        "adaptivemm": "| 24 | 10 |   C   |",
        "weblogic-toolkit-ui": "| 24 | 9 |   JavaScript   |",
        "spark-oracle": "| 24 | 13 |   Scala   |",
        "olcut": "| 23 | 10 |   Java   |",
        "graphpipe-tf-py": "| 23 | 15 |   C++   |",
        "fmw-kubernetes": "| 22 | 29 |   Shell   |",
        "mobile-persistence": "| 21 | 17 |   Java   |",
        "cloud-asset-appsul-terraform-samples": "| 21 | 43 |   HCL   |",
        "oracle-db-appdev-monitoring": "| 21 | 11 |   Java   |",
        "oci-ruby-sdk": "| 20 | 22 |   Ruby   |",
        "weblogic-logging-exporter": "| 20 | 16 |   Java   |",
        "apps-cloud-ui-kit": "| 19 | 20 |   CSS   |",
        "weblogic-innovation-seminars": "| 18 | 49 |   CSS   |",
        "atg-build-tools": "| 18 | 17 |   Java   |",
        "oci-flexvolume-driver": "| 18 | 18 |   Go   |",
        "okafka": "| 18 | 16 |   Java   |",
        "oci-powershell-modules": "| 18 | 8 |   C#   |",
        "dino-date": "| 17 | 35 |   TSQL   |",
        "ojet-cli": "| 17 | 15 |   JavaScript   |",
        "federated-ingress-controller": "| 17 | 16 |   Go   |",
        "qemu": "| 17 | 15 |   C   |",
        "ballerina-oci": "| 17 | 6 |   Ballerina   |",
        "cordova-plugin-emm-app-config": "| 16 | 18 |   JavaScript   |",
        "nosql-java-sdk": "| 16 | 18 |   Java   |",
        "nb-javac": "| 16 | 22 |   Java   |",
        "kubernetes": "| 15 | 7 |   Go   |",
        "terraform-oci-cf-install": "| 15 | 9 |   HCL   |",
        "generator-oraclejet": "| 13 | 11 |   JavaScript   |",
        "oci-manager": "| 13 | 6 |   Go   |",
        "spacewalk": "| 13 | 7 |   Java   |",
        "binutils-gdb": "| 13 | 4 |   None   |",
        "pushiomanager-react-native": "| 13 | 18 |   Java   |",
        "solaris-xorg": "| 12 | 16 |   C   |",
        "coherence-cli": "| 12 | 10 |   Go   |",
        "compute-cloud-service-demos": "| 11 | 9 |   Python   |",
        "oraclejet-tooling": "| 11 | 13 |   JavaScript   |",
        "oci-compute-jenkins-plugin": "| 11 | 7 |   Java   |",
        "terraform-ceph-installer": "| 11 | 9 |   HCL   |",
        "data-warehouse-etl-offload-samples": "| 11 | 14 |   HTML   |",
        "helidon-site": "| 11 | 18 |   Vue   |",
        "cordova-plugin-oracle-idm-auth": "| 10 | 11 |   Java   |",
        "bosh-oracle-cpi-release": "| 10 | 9 |   Go   |",
        "nosql-python-sdk": "| 10 | 16 |   Python   |",
        "oci-toolkit-eclipse": "| 10 | 13 |   Java   |",
        "content-sdk-for-browser": "| 10 | 5 |   JavaScript   |",
        "fdr": "| 10 | 5 |   C   |",
        "nosql-node-sdk": "| 10 | 9 |   JavaScript   |",
        "coherence-cpp-extend-client": "| 10 | 10 |   C++   |",
        "coherence-dotnet-extend-client": "| 10 | 13 |   C#   |",
        "ocifs": "| 10 | 6 |   Python   |",
        "infinity-ios-sdk": "| 9 | 22 |   Objective-C   |",
        "puppet-solaris_providers": "| 9 | 24 |   Ruby   |",
        "isv-single-tenant-vcn-isolation": "| 9 | 3 |   HCL   |",
        "coherence-js-client": "| 9 | 9 |   TypeScript   |",
        "helm-charts": "| 9 | 12 |   Python   |",
        "mod_owa": "| 9 | 6 |   C   |",
        "bft-consensus-agda": "| 9 | 9 |   Agda   |",
        "oci-react-samples": "| 9 | 16 |   Shell   |",
        "sales-cloud-with-paas-samples": "| 8 | 19 |   Java   |",
        "bosh-oracle-cpi": "| 8 | 9 |   Go   |",
        "cloud-asset-integration-oic-parkinglotpattern-sample": "| 8 | 6 |   XSLT   |",
        "coherence-visualvm": "| 8 | 7 |   Java   |",
        "aaosl-agda": "| 8 | 5 |   Agda   |",
        "oci-grafana-logs": "| 8 | 14 |   Go   |",
        "oracle-for-research": "| 8 | 5 |   Python   |",
        "zfssa-csi-driver": "| 8 | 6 |   Go   |",
        "ktls-utils": "| 8 | 6 |   C   |",
        "wookiee-akka-http": "| 7 | 21 |   Scala   |",
        "accs-caching-java-sdk": "| 7 | 10 |   Java   |",
        "kubernetes-community": "| 7 | 6 |   Go   |",
        "terraform-opc-compute-instance": "| 7 | 14 |   HCL   |",
        "rds-tools": "| 7 | 14 |   C   |",
        "kubernetes-kubespray": "| 7 | 7 |   Shell   |",
        "pgx-client-js": "| 7 | 5 |   JavaScript   |",
        "ar-cx-accelerator": "| 7 | 5 |   Swift   |",
        "content-sdk-for-nodejs": "| 7 | 4 |   JavaScript   |",
        "trufflex86": "| 7 | 7 |   Java   |",
        "cloud-asset-oda-agent-handover": "| 7 | 12 |   JavaScript   |",
        "nosql-spring-sdk": "| 7 | 10 |   Java   |",
        "weblogic-azure": "| 7 | 19 |   Shell   |",
        "coherence-go-client": "| 7 | 1 |   Go   |",
        "solaris-openstack-utils": "| 6 | 13 |   Python   |",
        "puppet-samples": "| 6 | 11 |   None   |",
        "gcc": "| 6 | 5 |   None   |",
        "cloud-asset-erp-dataloading-using-java": "| 6 | 7 |   Java   |",
        "coherence-spring-sockshop-sample": "| 6 | 11 |   Java   |",
        "eslint-config-oraclejet": "| 5 | 11 |   JavaScript   |",
        "cloud-asset-hcm-dataloading-using-soacs-samples": "| 5 | 10 |   None   |",
        "ka-oda-sample": "| 5 | 5 |   JavaScript   |",
        "fluent-plugin-oci-logging": "| 5 | 7 |   Ruby   |",
        "oracle-nosql-drivers": "| 4 | 13 |   C   |",
        "wookiee-kafka": "| 4 | 17 |   Scala   |",
        "grunt-oraclejet": "| 4 | 7 |   JavaScript   |",
        "chef-samples": "| 4 | 9 |   None   |",
        "apps-mobile-ui-kit": "| 4 | 9 |   Java   |",
        "solaris-openssl-fips": "| 4 | 11 |   None   |",
        "tribuo-site": "| 4 | 4 |   HTML   |",
        "xstream": "| 4 | 3 |   Java   |",
        "oci-toolkit-intellij": "| 4 | 8 |   Java   |",
        ".github": "| 4 | 8 |   None   |",
        "coherence-helidon-sockshop-sample": "| 4 | 14 |   Java   |",
        "heatwave": "| 4 | 5 |   Java   |",
        "tax-reporting-framework-cli": "| 4 | 7 |   JavaScript   |",
        "wookiee-zookeeper": "| 3 | 24 |   Scala   |",
        "wookiee-cache-memcache": "| 3 | 17 |   Scala   |",
        "wookiee-cache": "| 3 | 14 |   Shell   |",
        "bdglue": "| 3 | 14 |   Java   |",
        "paradox-publisher": "| 3 | 14 |   Groovy   |",
        "solaris-chef-cookbook": "| 3 | 15 |   Ruby   |",
        "terraform-opc-ip-networks": "| 3 | 10 |   HCL   |",
        "infinity-cutycapt": "| 3 | 5 |   C++   |",
        "bosh-agent": "| 3 | 3 |   Go   |",
        "extend-scm-workflows-sample": "| 3 | 3 |   None   |",
        "glibc": "| 3 | 4 |   None   |",
        "opa-oda-chat": "| 3 | 7 |   JavaScript   |",
        "chaostoolkit-oci": "| 3 | 5 |   Python   |",
        "coherence-eclipse-plugin": "| 3 | 4 |   Java   |",
        "coherence-idea-plugin": "| 3 | 6 |   Java   |",
        "content-management-sdk": "| 3 | 7 |   JavaScript   |",
        "coherence-micronaut-sockshop-sample": "| 3 | 9 |   Java   |",
        "nosql-dotnet-sdk": "| 3 | 6 |   C#   |",
        "coherence-kafka": "| 3 | 5 |   Java   |",
        "ocne-deploy-tool": "| 3 | 9 |   Python   |",
        "wookiee-metrics": "| 2 | 17 |   Scala   |",
        "wookiee-spray": "| 2 | 22 |   Scala   |",
        "wookiee-etcd": "| 2 | 13 |   Scala   |",
        "wookiee-cluster": "| 2 | 13 |   Scala   |",
        "infinity-interview-app-shell": "| 2 | 17 |   JavaScript   |",
        "paradox-testng": "| 2 | 13 |   Groovy   |",
        "rdma-core": "| 2 | 6 |   C   |",
        "bosh-linux-stemcell-builder": "| 2 | 4 |   Ruby   |",
        "cloud-asset-ics-agentkeystore-scripts": "| 2 | 4 |   Shell   |",
        "elfutils": "| 2 | 5 |   None   |",
        "cloud-asset-oda-recruitmentbot": "| 2 | 5 |   JavaScript   |",
        "cloud-asset-oci-msfailovercluster": "| 2 | 6 |   Python   |",
        "kvm-guest-drivers-windows": "| 2 | 3 |   C   |",
        "cloud-asset-digital-assistant-smalltalk-bot": "| 2 | 4 |   JavaScript   |",
        "template-repo": "| 2 | 8 |   None   |",
        "oci-php-sdk": "| 2 | 0 |   PHP   |",
        "wind": "| 2 | 4 |   Python   |",
        "coherence-oci": "| 2 | 5 |   Java   |",
        "wookiee-netty": "| 1 | 13 |   Scala   |",
        "cpq-cloud-with-paas-samples": "| 1 | 10 |   Java   |",
        "paradox-tester": "| 1 | 12 |   Groovy   |",
        "wookiee-colossus": "| 1 | 9 |   Scala   |",
        "oci-compute-classic-jenkins-plugin": "| 1 | 8 |   Java   |",
        "cloud-asset-taleo-icstoebsintegration-samples": "| 1 | 7 |   Java   |",
        "maxymiser-intellij-plugin": "| 1 | 6 |   Java   |",
        "cloud-asset-fusion-jcs-extension-with-idcs": "| 1 | 3 |   Java   |",
        "kryo": "| 1 | 4 |   HTML   |",
        "github-action-slack-notify-build": "| 1 | 4 |   JavaScript   |",
        "shim-review": "| 1 | 4 |   None   |",
        "trace-propagator": "| 1 | 5 |   TypeScript   |",
        "magento-extension-cx-apps": "| 1 | 4 |   PHP   |",
        "wookiee-socko": "| 0 | 15 |   Scala   |",
        "wookiee-json": "| 0 | 10 |   Scala   |",
        "cloud-asset-fusion-unifiedtasklist-sample": "| 0 | 3 |   HTML   |",
        "pushiomanager-cordova-plugin": "| 0 | 5 |   Java   |",
        "gatsby-source-oce": "| 0 | 5 |   JavaScript   |"
    }
}