{
    "company": "Overstock",
    "h-index": 4,
    "repo count": 17,
    "contributor count": 888,
    "size": "todo",
    "employee count": "todo",
    "country": "Salt Lake City, UT",
    "top language": "JavaScript",
    "repos": {
        "annotation-constraints": "| 7 | 4 |   Java   |",
        "library-detectors": "| 6 | 4 |   Java   |",
        "pojomatic": "| 6 | 3 |   Java   |",
        "perpetual-js": "| 4 | 0 |   JavaScript   |",
        "salt-desktop": "| 3 | 2 |   SaltStack   |",
        "wp-affiliate-links": "| 2 | 2 |   JavaScript   |",
        "swagger-core": "| 0 | 0 |   Scala   |",
        "tomcat-maven-plugin": "| 0 | 0 |   Java   |",
        "JSTestMobile": "| 0 | 1 |   JavaScript   |",
        "npm": "| 0 | 0 |   JavaScript   |",
        "yarn": "| 0 | 0 |   JavaScript   |",
        "sleeplessinslc": "| 0 | 1 |   Java   |",
        "threaddump-analyzer": "| 0 | 1 |   JavaScript   |",
        "overstock.github.io": "| 0 | 1 |   None   |",
        "incubator-airflow": "| 0 | 0 |   Python   |",
        "docker-airflow": "| 0 | 0 |   Shell   |",
        "fed-ii-assessment": "| 0 | 1 |   JavaScript   |"
    }
}