{
    "company": "Pallets",
    "h-index": 13,
    "repo count": 14,
    "contributor count": 1333,
    "size": "todo",
    "employee count": "todo",
    "country": null,
    "top language": "Python",
    "repos": {
        "flask": "| 62910 | 15636 |   Python   |",
        "click": "| 13822 | 1342 |   Python   |",
        "jinja": "| 9223 | 1553 |   Python   |",
        "werkzeug": "| 6357 | 1694 |   Python   |",
        "itsdangerous": "| 2660 | 218 |   Python   |",
        "quart": "| 1840 | 112 |   Python   |",
        "flask-website": "| 1265 | 593 |   Python   |",
        "markupsafe": "| 533 | 144 |   Python   |",
        "flask-sphinx-themes": "| 168 | 63 |   Python   |",
        "website": "| 140 | 106 |   HTML   |",
        "pallets-sphinx-themes": "| 43 | 24 |   Python   |",
        "flask-docs": "| 34 | 12 |   Python   |",
        "flask-ext-migrate": "| 21 | 9 |   Python   |",
        ".github": "| 10 | 16 |   None   |"
    }
}