{
    "company": "Papers We Love",
    "h-index": 13,
    "repo count": 85,
    "contributor count": 336,
    "size": "todo",
    "employee count": "todo",
    "country": "New York, NY",
    "top language": "JavaScript",
    "repos": {
        "papers-we-love": "| 72051 | 5161 |   Shell   |",
        "papers-we-love.github.io": "| 172 | 69 |   SCSS   |",
        "organizers": "| 75 | 12 |   None   |",
        "pwlconf-info": "| 51 | 8 |   None   |",
        "zurich": "| 50 | 6 |   TeX   |",
        "milano": "| 35 | 3 |   None   |",
        "athens": "| 32 | 0 |   None   |",
        "seattle": "| 31 | 13 |   Racket   |",
        "remote-pwl": "| 25 | 2 |   None   |",
        "edu": "| 24 | 0 |   None   |",
        "bhubaneswar": "| 19 | 1 |   None   |",
        "nairobi": "| 17 | 4 |   None   |",
        "joinville": "| 13 | 0 |   None   |",
        "chennai": "| 10 | 1 |   None   |",
        "portland": "| 6 | 2 |   None   |",
        "raleigh-durham": "| 6 | 1 |   None   |",
        "boston": "| 5 | 0 |   None   |",
        "san-diego": "| 5 | 4 |   JavaScript   |",
        "brasilia": "| 5 | 2 |   None   |",
        "kyiv": "| 4 | 1 |   None   |",
        "costa-rica": "| 4 | 0 |   None   |",
        "medellin": "| 4 | 0 |   None   |",
        "iowa-city": "| 4 | 0 |   None   |",
        "atlanta": "| 4 | 1 |   None   |",
        "porto": "| 4 | 1 |   None   |",
        "buenos-aires": "| 4 | 1 |   None   |",
        "nashville": "| 3 | 0 |   None   |",
        "gothenburg": "| 3 | 1 |   None   |",
        "san-francisco": "| 3 | 0 |   None   |",
        "los-angeles": "| 3 | 1 |   None   |",
        "rostov-on-don": "| 3 | 0 |   None   |",
        "utrecht": "| 2 | 1 |   None   |",
        "chattanooga": "| 2 | 5 |   Makefile   |",
        "austin": "| 2 | 0 |   None   |",
        "washington-dc": "| 2 | 2 |   None   |",
        "kansas-city": "| 2 | 0 |   None   |",
        "taipei": "| 2 | 1 |   None   |",
        "trivandrum": "| 2 | 0 |   None   |",
        "kathmandu": "| 1 | 1 |   None   |",
        "budapest": "| 1 | 0 |   Haskell   |",
        "saint-petersburg": "| 1 | 0 |   None   |",
        "lebanon": "| 1 | 1 |   None   |",
        "sao-paulo": "| 1 | 1 |   None   |",
        "barcelona": "| 1 | 1 |   None   |",
        "guadalajara": "| 1 | 0 |   None   |",
        "stockholm": "| 1 | 0 |   None   |",
        "beijing": "| 1 | 0 |   None   |",
        "guatemala-city": "| 1 | 1 |   None   |",
        "lancaster": "| 1 | 0 |   None   |",
        "dhaka": "| 1 | 0 |   None   |",
        "berkeley": "| 1 | 0 |   JavaScript   |",
        "url_checker_pwl": "| 0 | 0 |   None   |",
        "local-chapter-template": "| 0 | 2 |   None   |",
        "iasi": "| 0 | 0 |   None   |",
        "warsaw": "| 0 | 0 |   None   |",
        "timisoara": "| 0 | 0 |   None   |",
        "teresina": "| 0 | 0 |   None   |",
        "denver": "| 0 | 0 |   None   |",
        "wellington": "| 0 | 0 |   None   |",
        "leuven": "| 0 | 0 |   None   |",
        "rio-de-janeiro": "| 0 | 0 |   None   |",
        "eindhoven": "| 0 | 0 |   None   |",
        "berlin": "| 0 | 0 |   None   |",
        "porto-alegre": "| 0 | 0 |   None   |",
        "cairo": "| 0 | 1 |   None   |",
        "copenhagen": "| 0 | 0 |   None   |",
        "kattankulathur": "| 0 | 1 |   None   |",
        "coimbatore": "| 0 | 0 |   None   |",
        "sydney": "| 0 | 0 |   None   |",
        "little-rock": "| 0 | 0 |   None   |",
        "mumbai": "| 0 | 0 |   None   |",
        "kochi": "| 0 | 1 |   None   |",
        "Nottingham": "| 0 | 0 |   None   |",
        "wroclaw": "| 0 | 0 |   None   |",
        "indore": "| 0 | 1 |   None   |",
        "detroit": "| 0 | 1 |   None   |",
        "cork": "| 0 | 0 |   None   |",
        "dublin": "| 0 | 1 |   None   |",
        "poznan": "| 0 | 1 |   None   |",
        "brighton": "| 0 | 0 |   None   |",
        "dallas": "| 0 | 0 |   None   |",
        "tel-aviv": "| 0 | 0 |   None   |",
        "windhoek": "| 0 | 0 |   None   |",
        "auckland": "| 0 | 0 |   None   |",
        "edinburgh": "| 0 | 0 |   None   |"
    }
}