{
    "company": "Parse Platform",
    "h-index": 31,
    "repo count": 52,
    "contributor count": 1015,
    "size": "todo",
    "employee count": "todo",
    "country": "United States of America",
    "top language": "JavaScript",
    "repos": {
        "parse-server": "| 20237 | 4749 |   JavaScript   |",
        "parse-dashboard": "| 3682 | 1397 |   JavaScript   |",
        "Parse-SDK-iOS-OSX": "| 2793 | 885 |   Objective-C   |",
        "parse-server-example": "| 1867 | 5525 |   JavaScript   |",
        "Parse-SDK-Android": "| 1864 | 759 |   Java   |",
        "ParseReact": "| 1300 | 221 |   JavaScript   |",
        "Parse-SDK-JS": "| 1285 | 604 |   JavaScript   |",
        "ParseUI-iOS": "| 937 | 295 |   Objective-C   |",
        "parse-php-sdk": "| 807 | 355 |   PHP   |",
        "ParseUI-Android": "| 594 | 329 |   Java   |",
        "Parse-SDK-Flutter": "| 531 | 186 |   Dart   |",
        "Parse-SDK-dotNET": "| 312 | 266 |   C#   |",
        "docs": "| 310 | 527 |   SCSS   |",
        "Parse-Swift": "| 279 | 64 |   Swift   |",
        "parse-embedded-sdks": "| 248 | 127 |   C   |",
        "ParseLiveQuery-iOS-OSX": "| 191 | 136 |   Swift   |",
        "node-apn": "| 146 | 56 |   JavaScript   |",
        "parse-cli": "| 118 | 143 |   Go   |",
        "ParseFacebookUtils-iOS": "| 92 | 88 |   Objective-C   |",
        "parse-server-simple-mailgun-adapter": "| 83 | 101 |   JavaScript   |",
        "ParseLiveQuery-Android": "| 82 | 34 |   Java   |",
        "parse-server-push-adapter": "| 78 | 90 |   JavaScript   |",
        "parse-server-s3-adapter": "| 74 | 81 |   JavaScript   |",
        "Parse-SDK-Arduino": "| 64 | 103 |   C++   |",
        "parse-react": "| 63 | 22 |   TypeScript   |",
        "ParseFacebookUtils-Android": "| 53 | 65 |   Java   |",
        "ParseTwitterUtils-iOS": "| 45 | 56 |   Objective-C   |",
        "parse-server-fs-adapter": "| 40 | 28 |   JavaScript   |",
        "ParseInterceptors-Android": "| 38 | 40 |   Java   |",
        "ParseTwitterUtils-Android": "| 36 | 55 |   Java   |",
        "parse-facebook-user-session": "| 35 | 33 |   JavaScript   |",
        "parse-blockchain": "| 31 | 6 |   TypeScript   |",
        "parse-server-gcs-adapter": "| 27 | 32 |   JavaScript   |",
        "xctoolchain-archive": "| 22 | 44 |   Ruby   |",
        "benchmark": "| 21 | 7 |   JavaScript   |",
        "parse-server-api-mail-adapter": "| 20 | 13 |   JavaScript   |",
        "blog": "| 17 | 18 |   SCSS   |",
        "parse-server-sqs-mq-adapter": "| 16 | 16 |   JavaScript   |",
        "parse-community.github.io": "| 10 | 21 |   SCSS   |",
        "relay-examples": "| 10 | 5 |   JavaScript   |",
        "Governance": "| 10 | 7 |   None   |",
        "parse-server-conformance-tests": "| 7 | 10 |   JavaScript   |",
        "node-gcm": "| 7 | 5 |   JavaScript   |",
        "parse-community-peril": "| 6 | 3 |   TypeScript   |",
        "xctoolchain": "| 5 | 7 |   Ruby   |",
        ".github": "| 4 | 6 |   None   |",
        "Bolts-Swift": "| 3 | 2 |   Swift   |",
        "Bolts-ObjC": "| 3 | 5 |   Objective-C   |",
        "minami": "| 2 | 4 |   JavaScript   |",
        "node-markdown-spellcheck": "| 2 | 1 |   JavaScript   |",
        "release-automation-playground": "| 2 | 3 |   None   |",
        "docs-tutorial-todoapp": "| 1 | 0 |   None   |"
    }
}