{
    "company": "PayPal",
    "h-index": 61,
    "repo count": 235,
    "contributor count": 1205,
    "size": "todo",
    "employee count": "todo",
    "country": "San Jose, CA",
    "top language": "JavaScript",
    "repos": {
        "glamorous": "| 3655 | 267 |   JavaScript   |",
        "accessible-html5-video-player": "| 2430 | 369 |   JavaScript   |",
        "PayPal-PHP-SDK": "| 2141 | 1211 |   PHP   |",
        "react-engine": "| 1458 | 152 |   JavaScript   |",
        "squbs": "| 1399 | 251 |   Scala   |",
        "PayPal-node-SDK": "| 1274 | 491 |   JavaScript   |",
        "paypal-checkout-components": "| 1140 | 583 |   JavaScript   |",
        "gatt": "| 1069 | 289 |   Go   |",
        "PayPal-iOS-SDK": "| 970 | 391 |   Objective-C   |",
        "gnomon": "| 901 | 47 |   JavaScript   |",
        "PayPal-Android-SDK": "| 806 | 518 |   Java   |",
        "bootstrap-accessibility-plugin": "| 787 | 189 |   HTML   |",
        "PayPal-Python-SDK": "| 689 | 271 |   Python   |",
        "PayPal-Ruby-SDK": "| 593 | 330 |   Ruby   |",
        "AATT": "| 581 | 118 |   JavaScript   |",
        "seifnode": "| 547 | 39 |   C++   |",
        "ipn-code-samples": "| 544 | 501 |   PHP   |",
        "PayPal-NET-SDK": "| 518 | 485 |   C#   |",
        "PayPal-Java-SDK": "| 515 | 500 |   Java   |",
        "Checkout-PHP-SDK": "| 406 | 199 |   PHP   |",
        "react-paypal-js": "| 329 | 90 |   TypeScript   |",
        "SeLion": "| 267 | 242 |   Java   |",
        "support": "| 260 | 24 |   Python   |",
        "nemo-core": "| 259 | 93 |   JavaScript   |",
        "hera": "| 256 | 84 |   Go   |",
        "Checkout-NodeJS-SDK": "| 253 | 132 |   JavaScript   |",
        "PayPal-Cordova-Plugin": "| 247 | 141 |   Objective-C   |",
        "scala-style-guide": "| 240 | 44 |   None   |",
        "gimel": "| 233 | 94 |   Scala   |",
        "merchant-sdk-php": "| 226 | 186 |   PHP   |",
        "data-contract-template": "| 218 | 20 |   None   |",
        "resteasy-spring-boot": "| 187 | 108 |   Java   |",
        "autosklearn-zeroconf": "| 169 | 43 |   Python   |",
        "Checkout-Java-SDK": "| 168 | 148 |   Java   |",
        "Checkout-Python-SDK": "| 166 | 93 |   Python   |",
        "skipto": "| 148 | 59 |   HTML   |",
        "paypal-js": "| 138 | 72 |   TypeScript   |",
        "TLS-update": "| 137 | 202 |   Java   |",
        "Checkout-NET-SDK": "| 136 | 112 |   C#   |",
        "cascade": "| 130 | 27 |   Scala   |",
        "merchant-sdk-ruby": "| 110 | 64 |   Ruby   |",
        "NNAnalytics": "| 106 | 79 |   Java   |",
        "InnerSourceCommons": "| 105 | 43 |   JavaScript   |",
        "yurita": "| 104 | 35 |   Scala   |",
        "adaptivepayments-sdk-php": "| 101 | 82 |   PHP   |",
        "paypal-smart-payment-buttons": "| 95 | 183 |   JavaScript   |",
        "sdk-core-php": "| 90 | 141 |   PHP   |",
        "fullstack-phone": "| 87 | 29 |   JavaScript   |",
        "merchant-sdk-dotnet": "| 83 | 96 |   C#   |",
        "heap-dump-tool": "| 83 | 17 |   Java   |",
        "paypal-here-sdk-android-distribution": "| 82 | 90 |   Java   |",
        "paypal-here-sdk-ios-distribution": "| 80 | 88 |   Objective-C   |",
        "sdk-packages": "| 76 | 167 |   None   |",
        "sdk-core-dotnet": "| 73 | 58 |   C#   |",
        "legalize.js": "| 70 | 18 |   JavaScript   |",
        "payflow-gateway": "| 63 | 80 |   C#   |",
        "android-checkout-sdk": "| 63 | 28 |   Kotlin   |",
        "Iguanas": "| 63 | 15 |   Jupyter Notebook   |",
        "merchant-sdk-java": "| 62 | 84 |   Java   |",
        "sdk-core-java": "| 61 | 77 |   Java   |",
        "Checkout-Ruby-SDK": "| 61 | 72 |   Ruby   |",
        "dce-go": "| 60 | 54 |   Go   |",
        "paypalcheckout-ios": "| 58 | 59 |   Ruby   |",
        "scorebot": "| 57 | 12 |   CSS   |",
        "gorealis": "| 55 | 35 |   Go   |",
        "load-watcher": "| 49 | 30 |   Go   |",
        "dione": "| 49 | 16 |   Scala   |",
        "pdt-code-samples": "| 48 | 43 |   Visual Basic   |",
        "PPExtensions": "| 48 | 31 |   Python   |",
        "Payouts-NodeJS-SDK": "| 48 | 26 |   JavaScript   |",
        "paypal-sdk-client": "| 47 | 66 |   JavaScript   |",
        "Payouts-PHP-SDK": "| 45 | 31 |   PHP   |",
        "marketplaces-connectedpath-php-demo": "| 43 | 36 |   PHP   |",
        "paypal-checkout-demo": "| 42 | 48 |   JavaScript   |",
        "digraph-parser": "| 39 | 22 |   Java   |",
        "tech-talks": "| 38 | 93 |   ColdFusion   |",
        "Illuminator": "| 38 | 26 |   Swift   |",
        "ionet": "| 37 | 14 |   Go   |",
        "PayPal-REST-API-issues": "| 37 | 12 |   None   |",
        "paypal-access": "| 36 | 42 |   Python   |",
        "adaptivepayments-sdk-java": "| 36 | 34 |   Java   |",
        "genio": "| 36 | 21 |   Ruby   |",
        "horizon": "| 36 | 19 |   Scala   |",
        "butterfly": "| 36 | 61 |   Java   |",
        "paypalhttp_php": "| 32 | 18 |   PHP   |",
        "openapilint": "| 30 | 10 |   JavaScript   |",
        "paypal-sdk-release": "| 30 | 54 |   JavaScript   |",
        "Payouts-Java-SDK": "| 29 | 32 |   Java   |",
        "Android-SDK": "| 29 | 22 |   Kotlin   |",
        "sdk-core-ruby": "| 27 | 46 |   Ruby   |",
        "go.crypto": "| 26 | 19 |   Go   |",
        "Gibberish-Detector-Java": "| 26 | 24 |   Java   |",
        "iOS-SDK": "| 26 | 20 |   Swift   |",
        "here-sideloader-api-samples": "| 25 | 32 |   Objective-C   |",
        "nemo-view": "| 25 | 44 |   JavaScript   |",
        "nemo-accessibility": "| 25 | 15 |   JavaScript   |",
        "paypal-messaging-components": "| 24 | 58 |   JavaScript   |",
        "couchbasekafka": "| 23 | 23 |   Java   |",
        "baler": "| 22 | 12 |   Python   |",
        "mirakl-hyperwallet-connector": "| 22 | 24 |   Java   |",
        "Payouts-Python-SDK": "| 21 | 25 |   Python   |",
        "invoice-sdk-php": "| 20 | 23 |   PHP   |",
        "squbs-scala-seed.g8": "| 20 | 23 |   Scala   |",
        "adaptivepayments-sdk-dotnet": "| 19 | 30 |   C#   |",
        "buttonmanager-sdk-php": "| 19 | 18 |   PHP   |",
        "Payouts-DotNet-SDK": "| 19 | 20 |   C#   |",
        "permissions-sdk-php": "| 18 | 32 |   PHP   |",
        "nemo-docs": "| 18 | 29 |   None   |",
        "generator-react-engine": "| 17 | 20 |   JavaScript   |",
        "buttonmanager-sdk-ruby": "| 16 | 22 |   Ruby   |",
        "manticore-native": "| 16 | 20 |   C#   |",
        "paypal-sdk-constants": "| 16 | 54 |   JavaScript   |",
        "adaptiveaccounts-sdk-ruby": "| 15 | 19 |   Ruby   |",
        "permissions-sdk-ruby": "| 15 | 23 |   Ruby   |",
        "paypal-card-components": "| 15 | 39 |   JavaScript   |",
        "junodb": "| 15 | 10 |   Go   |",
        "paypal-retail-node": "| 14 | 31 |   JavaScript   |",
        "hacktoberfest": "| 14 | 14 |   None   |",
        "PayPalHere-Sample": "| 13 | 20 |   Objective-C   |",
        "adaptiveaccounts-sdk-php": "| 13 | 27 |   PHP   |",
        "paypal.github.com": "| 13 | 28 |   HTML   |",
        "amcharts-accessibility-plugin": "| 13 | 17 |   JavaScript   |",
        "seazme": "| 13 | 9 |   None   |",
        "spring-social-paypal-openidconnect": "| 12 | 35 |   Java   |",
        "squbs-java-seed.g8": "| 12 | 13 |   Java   |",
        "paypal-funding-components": "| 12 | 45 |   JavaScript   |",
        "mocca": "| 12 | 16 |   Java   |",
        "nemo-screenshot": "| 11 | 25 |   JavaScript   |",
        "seif-protocol": "| 11 | 8 |   JavaScript   |",
        "marketplaces-managedpath-php-demo": "| 11 | 16 |   PHP   |",
        "Payouts-Ruby-SDK": "| 11 | 23 |   Ruby   |",
        "invoice-sdk-dotnet": "| 10 | 23 |   C#   |",
        "adaptiveaccounts-sdk-dotnet": "| 10 | 23 |   C#   |",
        "invoice-sdk-ruby": "| 10 | 15 |   Ruby   |",
        "cloudminion": "| 10 | 14 |   Perl   |",
        "paypal-common-components": "| 10 | 36 |   JavaScript   |",
        "integration-packs": "| 10 | 11 |   JavaScript   |",
        "adaptiveaccounts-sdk-java": "| 9 | 26 |   Java   |",
        "docker-selion": "| 9 | 19 |   Shell   |",
        "paypalcheckout-android": "| 9 | 16 |   None   |",
        "seazme-hub": "| 9 | 11 |   Clojure   |",
        "seazme-sources": "| 9 | 10 |   Clojure   |",
        "paypal-sdk-logos": "| 9 | 44 |   JavaScript   |",
        "invoice-sdk-java": "| 8 | 19 |   Java   |",
        "permissions-sdk-dotnet": "| 8 | 23 |   C#   |",
        "genio-parser": "| 8 | 16 |   Ruby   |",
        "seifrng": "| 8 | 16 |   C++   |",
        "releasinator": "| 8 | 12 |   Ruby   |",
        "nemo": "| 8 | 7 |   None   |",
        "buttonmanager-sdk-dotnet": "| 7 | 15 |   C#   |",
        "IgniteTraining": "| 7 | 16 |   HTML   |",
        "fixo": "| 7 | 12 |   JavaScript   |",
        "ios-sdk-legacy": "| 7 | 4 |   Swift   |",
        "katbox": "| 7 | 9 |   Go   |",
        "permissions-sdk-java": "| 6 | 22 |   Java   |",
        "MrGerkins": "| 6 | 20 |   Java   |",
        "nemo-runner": "| 6 | 18 |   JavaScript   |",
        "seazme-search": "| 6 | 8 |   CSS   |",
        "paypal-example-components": "| 6 | 25 |   JavaScript   |",
        "paypal-muse-components": "| 6 | 37 |   HTML   |",
        "paypal-identity-components": "| 6 | 28 |   JavaScript   |",
        "jspaypal-2021": "| 6 | 9 |   None   |",
        "gators": "| 6 | 7 |   HTML   |",
        "paypal-googlepay-component": "| 6 | 7 |   JavaScript   |",
        "mocksy": "| 5 | 18 |   Java   |",
        "spring-social-security-paypal-openidconnect-quickstart": "| 5 | 18 |   Java   |",
        "openstack-performance-test": "| 5 | 11 |   Go   |",
        "generator-nemo": "| 5 | 4 |   JavaScript   |",
        "cbflume": "| 5 | 12 |   Java   |",
        "ec-via-braintreesdk-php-demo": "| 5 | 7 |   PHP   |",
        "paypal-here-sdk-web-distribution": "| 5 | 16 |   None   |",
        "paypalhttp_dotnet": "| 5 | 13 |   C#   |",
        "paypalhttp_java": "| 5 | 23 |   Java   |",
        "paypal-sdk-e2e-tests": "| 5 | 11 |   TypeScript   |",
        "buttonmanager-sdk-java": "| 4 | 21 |   Java   |",
        "oa_html-js-templates": "| 4 | 18 |   CSS   |",
        "Gander": "| 4 | 4 |   JavaScript   |",
        "a11y": "| 4 | 12 |   CSS   |",
        "paypalcheckout-android-sample": "| 4 | 23 |   Java   |",
        "ec-via-braintreesdk-java-demo": "| 4 | 8 |   HTML   |",
        "clover": "| 4 | 9 |   Clojure   |",
        "paypalhttp_python": "| 4 | 14 |   Python   |",
        "paypalhttp_node": "| 4 | 13 |   JavaScript   |",
        "paypal-risk-data-collector": "| 4 | 15 |   JavaScript   |",
        "android-sdk-legacy": "| 4 | 8 |   Java   |",
        "paypalcheckout-samples-ios": "| 4 | 9 |   Objective-C   |",
        "postman-collections": "| 4 | 5 |   None   |",
        "express-checkout-apache-plugin": "| 3 | 13 |   C   |",
        "genio-sample": "| 3 | 12 |   PHP   |",
        "cloudinfo": "| 3 | 11 |   Perl   |",
        "nemo-drivex": "| 3 | 21 |   JavaScript   |",
        "paypalcheckout-ios-sample": "| 3 | 14 |   Objective-C   |",
        "homebrew-butterfly": "| 3 | 10 |   Ruby   |",
        "paypalhttp_ruby": "| 3 | 40 |   Ruby   |",
        "PayPal-FPTI-Analytics": "| 3 | 5 |   Objective-C   |",
        "Web-SDK": "| 3 | 6 |   TypeScript   |",
        "adaptivepayments-sdk-ruby-deprecated": "| 2 | 5 |   Ruby   |",
        "keystone": "| 2 | 12 |   Python   |",
        "nemo-example-app": "| 2 | 3 |   JavaScript   |",
        "nemo-firefox-profile": "| 2 | 3 |   JavaScript   |",
        "PayPal-Legacy-Java-SDK": "| 2 | 9 |   None   |",
        "mock-meddleware": "| 2 | 10 |   JavaScript   |",
        "paypal-bttn": "| 2 | 14 |   PHP   |",
        "generator-kraken-react": "| 2 | 3 |   JavaScript   |",
        "paypal-here-ios-instrument-interface": "| 2 | 8 |   Objective-C   |",
        "paypal-installments": "| 2 | 10 |   JavaScript   |",
        "psmx": "| 2 | 5 |   None   |",
        "paypal-personalization": "| 2 | 12 |   JavaScript   |",
        "paypal-applepay-components": "| 2 | 5 |   JavaScript   |",
        "conventionalcommits-plugin": "| 2 | 1 |   Java   |",
        "aurora": "| 1 | 4 |   JavaScript   |",
        "dustjs-onload-context": "| 1 | 3 |   JavaScript   |",
        "nemo-mocha-factory": "| 1 | 18 |   JavaScript   |",
        "nemo-locatex": "| 1 | 13 |   JavaScript   |",
        "nemo-plugin-registry": "| 1 | 13 |   None   |",
        "appsforhere": "| 1 | 3 |   JavaScript   |",
        "nemo-browsermob-proxy": "| 1 | 3 |   JavaScript   |",
        "selenium-drivex": "| 1 | 6 |   JavaScript   |",
        "rallyslack": "| 1 | 4 |   JavaScript   |",
        "nemo-fixo": "| 1 | 3 |   JavaScript   |",
        "paypal-here-ios-nimbus": "| 1 | 9 |   Objective-C   |",
        "HidLibrary": "| 1 | 4 |   C#   |",
        "PayPalClientBridge": "| 0 | 3 |   JavaScript   |",
        "nemo-cucumberjs": "| 0 | 3 |   JavaScript   |",
        "shopping-cart-lite": "| 0 | 5 |   JavaScript   |",
        "nemo-wd-bridge": "| 0 | 3 |   JavaScript   |",
        "nemo-appium": "| 0 | 5 |   JavaScript   |",
        "REST-code-samples": "| 0 | 3 |   JavaScript   |",
        "paypal-here-ios-jasidepanels": "| 0 | 5 |   Objective-C   |",
        "mobile-checkout-docs": "| 0 | 0 |   HTML   |",
        "paypal-sample-merchant-server": "| 0 | 7 |   Java   |",
        "card-fields-tasks": "| 0 | 4 |   None   |",
        "paypal-sdk-samples": "| 0 | 5 |   HTML   |",
        "Iguanas-docs": "| 0 | 4 |   HTML   |",
        "paypal-legal-components": "| 0 | 4 |   JavaScript   |"
    }
}