{
    "company": "Paytm",
    "h-index": 7,
    "repo count": 120,
    "contributor count": 876,
    "size": "todo",
    "employee count": "todo",
    "country": "Noida",
    "top language": "JavaScript",
    "repos": {
        "youknowwho": "| 13 | 8 |   JavaScript   |",
        "Paytm_PHP_Checksum": "| 13 | 57 |   PHP   |",
        "Paytm_Payments_Android_Sample_Apps": "| 9 | 37 |   Java   |",
        "Paytm_Node_Checksum": "| 9 | 66 |   JavaScript   |",
        "paytm-pg-php-sdk": "| 8 | 19 |   PHP   |",
        "paytm-allinonesdk-flutter": "| 8 | 5 |   Dart   |",
        "django-supermigrate": "| 7 | 4 |   Python   |",
        "paytm-all-in-one-sample-app": "| 6 | 5 |   Swift   |",
        "Paytm_JAVA_Checksum": "| 5 | 7 |   Java   |",
        "Paytm_Python_Checksum": "| 5 | 24 |   Python   |",
        "Paytm_iOS_All_in_One_SDK": "| 5 | 5 |   Objective-C   |",
        "paytm-blink-checkout-react": "| 5 | 11 |   JavaScript   |",
        "paytm-mini-programs-nodejs-sdk": "| 5 | 6 |   JavaScript   |",
        "paytm-allinonesdk-react-native": "| 5 | 6 |   JavaScript   |",
        "kapacitor-grafana-datasource-plugin": "| 4 | 3 |   JavaScript   |",
        "paytm-pg-node-sdk-sample": "| 4 | 5 |   TypeScript   |",
        "resizer": "| 3 | 4 |   Go   |",
        "django-paytm-oauth": "| 3 | 3 |   Python   |",
        "dj-j-ka-bachcha-field": "| 3 | 3 |   Python   |",
        "paytm-pg-java-sdk-sample": "| 3 | 1 |   Java   |",
        "paytm-pg-php-sdk-sample": "| 3 | 2 |   PHP   |",
        "paytm-pg-python-sdk-sample": "| 3 | 4 |   Python   |",
        "Paytm_Woocommerce_Plugin": "| 3 | 5 |   PHP   |",
        "Paytm_DotNet_Checksum": "| 3 | 7 |   C#   |",
        "Paytm_PHP_Sample": "| 3 | 6 |   PHP   |",
        "paytm-pg-node-sdk": "| 3 | 6 |   TypeScript   |",
        "Paytm_Go_Checksum": "| 3 | 7 |   Go   |",
        "paytm-blink-checkout-angular": "| 3 | 6 |   TypeScript   |",
        "grace": "| 2 | 14 |   Go   |",
        "lgr": "| 2 | 6 |   JavaScript   |",
        "dj-myghanta": "| 2 | 3 |   Python   |",
        "Paytm_Magento_Plugin": "| 2 | 8 |   PHP   |",
        "Paytm_Ruby_Checksum": "| 2 | 9 |   Ruby   |",
        "Paytm_nopCommerce_Plugin": "| 2 | 5 |   C#   |",
        "Paytm_Moodle_Plugin": "| 2 | 1 |   PHP   |",
        "express-rate": "| 1 | 2 |   JavaScript   |",
        "node-sql": "| 1 | 3 |   JavaScript   |",
        "logging": "| 1 | 3 |   Go   |",
        "obcache": "| 1 | 3 |   JavaScript   |",
        "tiny-range-binarysearch": "| 1 | 3 |   JavaScript   |",
        "mysequel": "| 1 | 6 |   JavaScript   |",
        "node-bloem": "| 1 | 1 |   JavaScript   |",
        "node-bitbuffer": "| 1 | 1 |   JavaScript   |",
        "es": "| 1 | 5 |   JavaScript   |",
        "paytm.github.io": "| 1 | 1 |   CSS   |",
        "get-lodash-template-vars": "| 1 | 2 |   JavaScript   |",
        "django-s3-filefield": "| 1 | 2 |   None   |",
        "kue": "| 1 | 2 |   JavaScript   |",
        "paytm-pg-python-sdk": "| 1 | 3 |   Python   |",
        "paytm-pg-java-sdk": "| 1 | 4 |   Java   |",
        "kapacitor-html-gui": "| 1 | 0 |   None   |",
        "Paytm_Prestashop_Plugin": "| 1 | 3 |   PHP   |",
        "Paytm_AbanteCart_Plugin": "| 1 | 1 |   PHP   |",
        "Paytm_DotNet_Sample": "| 1 | 0 |   None   |",
        "Paytm_Node_Express_Sample": "| 1 | 2 |   JavaScript   |",
        "paytm-custom-ui-sdk": "| 1 | 7 |   Swift   |",
        "paytm-allinonesdk-ionic-cordova": "| 1 | 1 |   Objective-C   |",
        "ionic-native": "| 1 | 2 |   TypeScript   |",
        "paytm-customuisdk-cordova": "| 1 | 3 |   Swift   |",
        "paytm-allinonesdk-xamarin": "| 1 | 4 |   C#   |",
        "imgserver": "| 0 | 2 |   Go   |",
        "anydb-sql": "| 0 | 3 |   JavaScript   |",
        "excel-parser": "| 0 | 2 |   Python   |",
        "gor": "| 0 | 2 |   Go   |",
        "osin": "| 0 | 4 |   Go   |",
        "minreload": "| 0 | 4 |   JavaScript   |",
        "qtable": "| 0 | 1 |   JavaScript   |",
        "ejs": "| 0 | 2 |   JavaScript   |",
        "jarvis": "| 0 | 3 |   CoffeeScript   |",
        "npmlog": "| 0 | 1 |   JavaScript   |",
        "django-fixture-magic": "| 0 | 2 |   Python   |",
        "node-maxwell": "| 0 | 1 |   None   |",
        "django-youknowho-app": "| 0 | 4 |   Python   |",
        "courier-plugin-sdk-nodejs": "| 0 | 3 |   JavaScript   |",
        "hubot": "| 0 | 1 |   CoffeeScript   |",
        "orchestrator": "| 0 | 0 |   Go   |",
        "orchestrator-agent": "| 0 | 0 |   Go   |",
        "orchestrator-test": "| 0 | 1 |   None   |",
        "alerta-dingtalk-plugin": "| 0 | 0 |   None   |",
        "Paytm_CSCart_Plugin": "| 0 | 0 |   PHP   |",
        "Paytm_Drupal_Commerce_Plugin": "| 0 | 0 |   PHP   |",
        "Paytm_Ubercart_Plugin": "| 0 | 0 |   PHP   |",
        "Paytm_EasyDigitalDownloads_Plugin": "| 0 | 1 |   PHP   |",
        "Paytm_GravityForm_Plugin": "| 0 | 1 |   PHP   |",
        "Paytm_Joomla_Plugin": "| 0 | 0 |   None   |",
        "Paytm_Opencart_Plugin": "| 0 | 4 |   PHP   |",
        "Paytm_Oscommerce_Plugin": "| 0 | 0 |   PHP   |",
        "Paytm_ViArt_Plugin": "| 0 | 0 |   PHP   |",
        "Paytm_Virtuemart_Plugin": "| 0 | 0 |   PHP   |",
        "Paytm_WHMCS_Plugin": "| 0 | 2 |   PHP   |",
        "Paytm_Wordpress_Plugin": "| 0 | 1 |   PHP   |",
        "Paytm_Zencart_Plugin": "| 0 | 0 |   PHP   |",
        "Paytm_Google_App_Engine": "| 0 | 0 |   None   |",
        "Paytm_Gratification": "| 0 | 1 |   Python   |",
        "Paytm_Logo_Images": "| 0 | 0 |   None   |",
        "Paytm_Apex_Sample": "| 0 | 0 |   None   |",
        "Paytm_Java_Sample": "| 0 | 1 |   Java   |",
        "Paytm_Node_Sample": "| 0 | 0 |   JavaScript   |",
        "Paytm_Ruby_Sample": "| 0 | 0 |   Ruby   |",
        "Paytm_Python_Sample": "| 0 | 2 |   Python   |",
        "Paytm_Perl_Sample": "| 0 | 0 |   Perl 6   |",
        "Paytm_Wallet_Staging_APK": "| 0 | 0 |   None   |",
        "Paytm_Native": "| 0 | 2 |   Java   |",
        "Paytm_Perl_Checksum": "| 0 | 0 |   Raku   |",
        "paytm-app-invoke-ios": "| 0 | 0 |   None   |",
        "Paytm_Payments_iOS_Sample_Apps": "| 0 | 1 |   Objective-C   |",
        "Paytm_WPeCommerce_Plugin": "| 0 | 0 |   PHP   |",
        "paytm-customuisdk-react-native": "| 0 | 1 |   Swift   |",
        "paytm-customuisdk-react-native-sample": "| 0 | 2 |   TypeScript   |",
        "paytm-customuisdk-cordova-sample": "| 0 | 2 |   TypeScript   |",
        "paytm-allinonesdk-ionic-capacitor": "| 0 | 2 |   TypeScript   |",
        "paytm-laravel-js-checkout": "| 0 | 4 |   PHP   |",
        "paytm-upi-smart-intent-android-sample-app": "| 0 | 0 |   None   |",
        "paytm-wpforms": "| 0 | 0 |   None   |",
        "paytm-blink-checkout-vue": "| 0 | 2 |   Vue   |",
        "paytm-allinonesdk-ionic-cordova-sampleapp": "| 0 | 2 |   TypeScript   |",
        "miniapp-frontend-demo": "| 0 | 1 |   None   |",
        "miniapp-backend-demo": "| 0 | 1 |   None   |",
        "Fastag": "| 0 | 1 |   None   |",
        "paytm-network-ios": "| 0 | 0 |   None   |"
    }
}