{
    "company": "Pegasystems",
    "h-index": 10,
    "repo count": 28,
    "contributor count": 167,
    "size": "todo",
    "employee count": "todo",
    "country": "Cambridge, MA",
    "top language": "Java",
    "repos": {
        "pega-helm-charts": "| 100 | 163 |   Go   |",
        "docker-pega-web-ready": "| 49 | 94 |   Shell   |",
        "pega-tracerviewer": "| 41 | 12 |   Java   |",
        "uplus-wss": "| 35 | 36 |   JavaScript   |",
        "pega-logviewer": "| 28 | 7 |   Java   |",
        "pega-datascientist-tools": "| 20 | 22 |   Python   |",
        "react-sdk": "| 12 | 18 |   JavaScript   |",
        "api2swagger": "| 11 | 4 |   Java   |",
        "mashup-webcomponent": "| 10 | 8 |   JavaScript   |",
        "mmock": "| 10 | 0 |   Kotlin   |",
        "postgres-pljava-openjdk": "| 8 | 15 |   Dockerfile   |",
        "pega-alertanalyzer": "| 8 | 5 |   Java   |",
        "pega-api": "| 6 | 4 |   RAML   |",
        "somaria": "| 6 | 2 |   JavaScript   |",
        "dx-flutter-demo": "| 6 | 2 |   Dart   |",
        "charlatan": "| 5 | 1 |   Java   |",
        "dataset-integrations": "| 4 | 5 |   Java   |",
        "angular-sdk": "| 4 | 2 |   TypeScript   |",
        "fringeutils-common": "| 3 | 2 |   Java   |",
        "offline-diagnostic-tool": "| 3 | 0 |   JavaScript   |",
        "docker-mock-web-service": "| 2 | 1 |   Python   |",
        "nlp-model-containers": "| 2 | 2 |   Jupyter Notebook   |",
        "web-components-sdk": "| 2 | 1 |   TypeScript   |",
        "coffeescript-mockable-http-proxy": "| 1 | 1 |   CoffeeScript   |",
        "mobile-app-testing": "| 1 | 1 |   Ruby   |",
        "docker-mock-grpc-service": "| 1 | 0 |   Java   |",
        "k8s-wait-for": "| 1 | 3 |   Shell   |",
        "srs-docker-image-builder": "| 0 | 2 |   Dockerfile   |"
    }
}