{
    "company": "Pinterest",
    "h-index": 43,
    "repo count": 78,
    "contributor count": 3631,
    "size": "todo",
    "employee count": "todo",
    "country": "San Francisco, California",
    "top language": "Java",
    "repos": {
        "ktlint": "| 5551 | 471 |   Kotlin   |",
        "gestalt": "| 4108 | 340 |   JavaScript   |",
        "PINRemoteImage": "| 3977 | 520 |   C   |",
        "PINCache": "| 2606 | 367 |   Objective-C   |",
        "secor": "| 1798 | 543 |   Java   |",
        "teletraan": "| 1786 | 266 |   JavaScript   |",
        "querybook": "| 1429 | 174 |   TypeScript   |",
        "knox": "| 1159 | 110 |   Go   |",
        "pinball": "| 1049 | 143 |   JavaScript   |",
        "mysql_utils": "| 875 | 144 |   Python   |",
        "elixometer": "| 818 | 64 |   Elixir   |",
        "snappass": "| 748 | 220 |   JavaScript   |",
        "bonsai": "| 734 | 45 |   JavaScript   |",
        "pymemcache": "| 699 | 181 |   Python   |",
        "esprint": "| 646 | 51 |   JavaScript   |",
        "bender": "| 639 | 67 |   Go   |",
        "DoctorK": "| 633 | 95 |   Java   |",
        "rocksplicator": "| 588 | 111 |   C++   |",
        "plank": "| 463 | 48 |   Swift   |",
        "riffed": "| 300 | 36 |   Elixir   |",
        "thrift-tools": "| 217 | 49 |   Python   |",
        "elixir-thrift": "| 206 | 44 |   Elixir   |",
        "widgets": "| 180 | 85 |   JavaScript   |",
        "terrapin": "| 175 | 22 |   Java   |",
        "singer": "| 162 | 35 |   Java   |",
        "jbender": "| 154 | 37 |   Java   |",
        "git-stacktrace": "| 153 | 29 |   Python   |",
        "react-pinterest": "| 152 | 25 |   JavaScript   |",
        "ptracer": "| 147 | 24 |   Python   |",
        "pinlater": "| 128 | 42 |   Java   |",
        "it-cpe-cookbooks": "| 113 | 24 |   Ruby   |",
        "pinterest-api-demo": "| 103 | 67 |   JavaScript   |",
        "PINOperation": "| 99 | 45 |   Objective-C   |",
        "soundwave": "| 97 | 16 |   Java   |",
        "PINFuture": "| 78 | 17 |   Objective-C   |",
        "orion": "| 77 | 27 |   Java   |",
        "api-quickstart": "| 73 | 37 |   Python   |",
        "kingpin": "| 67 | 23 |   Python   |",
        "arcanist-linters": "| 64 | 43 |   PHP   |",
        "memq": "| 61 | 12 |   Java   |",
        "pagerduty-monit": "| 60 | 23 |   Shell   |",
        "pinrepo": "| 57 | 18 |   Python   |",
        "quasar-thrift": "| 45 | 25 |   Java   |",
        "yuvi": "| 42 | 15 |   Java   |",
        "pinterest-python-sdk": "| 24 | 11 |   Python   |",
        "slackminion": "| 21 | 12 |   Python   |",
        "urlnorm": "| 15 | 17 |   Python   |",
        "arcanist-owners": "| 15 | 7 |   PHP   |",
        "l10nmessages": "| 14 | 6 |   Java   |",
        "api-description": "| 13 | 13 |   None   |",
        "thriftcheck": "| 9 | 5 |   Go   |",
        "homebrew-tap": "| 8 | 12 |   Ruby   |",
        ".github": "| 8 | 10 |   None   |",
        "wheeljack": "| 7 | 12 |   Python   |",
        "tulsi": "| 7 | 13 |   Swift   |",
        "pinterest-python-generated-api-client": "| 7 | 4 |   Python   |",
        "vscode-gestalt": "| 6 | 6 |   TypeScript   |",
        "mcd": "| 5 | 12 |   Erlang   |",
        "ffffound": "| 5 | 5 |   HTML   |",
        "dht_ring": "| 4 | 8 |   Erlang   |",
        "vscode-package-watcher": "| 4 | 5 |   TypeScript   |",
        "corman": "| 2 | 7 |   Erlang   |",
        "bazel": "| 2 | 2 |   Java   |",
        "graphql-lint-rules": "| 1 | 6 |   TypeScript   |",
        "druid": "| 1 | 3 |   Java   |",
        "transformer_user_action": "| 1 | 0 |   Python   |",
        "thrifty": "| 0 | 4 |   None   |",
        "iceberg": "| 0 | 4 |   Java   |",
        "airflow": "| 0 | 1 |   Python   |",
        "debezium": "| 0 | 3 |   None   |",
        "superset": "| 0 | 2 |   TypeScript   |",
        "starrocks": "| 0 | 2 |   Java   |",
        "XcodeGen": "| 0 | 3 |   Swift   |",
        "ss-gtm-template": "| 0 | 1 |   Smarty   |",
        "ijkplayer": "| 0 | 3 |   C   |",
        "slate": "| 0 | 3 |   Java   |",
        "pinterest-magento2-extension": "| 0 | 0 |   PHP   |",
        "FFmpeg": "| 0 | 0 |   None   |"
    }
}