{
    "company": "Pivotal",
    "h-index": 11,
    "repo count": 44,
    "contributor count": 2151,
    "size": "todo",
    "employee count": "todo",
    "country": "San Francisco, CA",
    "top language": "Go",
    "repos": {
        "LicenseFinder": "| 1592 | 323 |   Ruby   |",
        "kpack": "| 800 | 147 |   Go   |",
        "workstation-setup": "| 307 | 242 |   Shell   |",
        "paving": "| 40 | 44 |   HCL   |",
        "blog": "| 37 | 51 |   CSS   |",
        "credhub-release": "| 36 | 47 |   Ruby   |",
        "docs-tap": "| 35 | 240 |   None   |",
        "cf-onboarding": "| 34 | 68 |   Go   |",
        "skenario": "| 26 | 8 |   Go   |",
        "docs-platform-automation": "| 14 | 11 |   Shell   |",
        "hammer": "| 13 | 6 |   Go   |",
        "Realtime-scoring-for-MADlib": "| 10 | 7 |   Java   |",
        "docs-platform-automation-reference-pipeline-config": "| 10 | 6 |   Shell   |",
        "TPC-DS": "| 7 | 11 |   C   |",
        "spring-authorization-server": "| 4 | 1 |   Java   |",
        "gp-gpdb-dev": "| 3 | 5 |   C   |",
        "docs-tas-adapter": "| 3 | 4 |   Shell   |",
        "fluent-bit": "| 2 | 0 |   C   |",
        "cloud-cache-examples": "| 2 | 5 |   Java   |",
        "docs-book-tanzu-buildpacks": "| 2 | 1 |   JavaScript   |",
        "concourse-for-platform-automation": "| 2 | 2 |   HCL   |",
        "pas-nsx-t-deployment-locks": "| 1 | 1 |   None   |",
        "deck": "| 1 | 3 |   TypeScript   |",
        "gp-pxf-dev": "| 1 | 0 |   Python   |",
        "sso-api-docs": "| 1 | 0 |   JavaScript   |",
        "istio": "| 1 | 0 |   Go   |",
        "mkdocs-pivotal-theme": "| 1 | 0 |   HTML   |",
        "mkdocs-plugins": "| 1 | 1 |   Python   |",
        "harbor-helm": "| 1 | 0 |   HTML   |",
        "docs-credhub-service-broker": "| 0 | 4 |   HTML   |",
        "fortune-teller-demo-config-repo": "| 0 | 1 |   None   |",
        "gate": "| 0 | 0 |   Groovy   |",
        "git-resource-oslo": "| 0 | 1 |   Shell   |",
        "pez-pcf-pipelines--OLD_Delete_Me": "| 0 | 0 |   Shell   |",
        "pez-haas-pynsxv-old": "| 0 | 0 |   Python   |",
        "proxy": "| 0 | 0 |   C++   |",
        "harbor": "| 0 | 0 |   Go   |",
        "TPC-H": "| 0 | 0 |   Roff   |",
        "outsourcer": "| 0 | 0 |   None   |",
        "xtd": "| 0 | 0 |   None   |",
        "hawqeye": "| 0 | 0 |   None   |",
        "scripts": "| 0 | 0 |   None   |",
        "demos": "| 0 | 0 |   None   |",
        "docs-cluster-essentials": "| 0 | 4 |   None   |"
    }
}