{
    "company": "Polymer",
    "h-index": 27,
    "repo count": 55,
    "contributor count": 485,
    "size": "todo",
    "employee count": "todo",
    "country": null,
    "top language": "TypeScript",
    "repos": {
        "polymer": "| 21940 | 2029 |   HTML   |",
        "polymer-starter-kit": "| 2453 | 672 |   JavaScript   |",
        "pwa-starter-kit": "| 2379 | 439 |   JavaScript   |",
        "polymer-bundler": "| 1202 | 137 |   TypeScript   |",
        "old-docs-site": "| 1014 | 2501 |   HTML   |",
        "shop": "| 947 | 484 |   JavaScript   |",
        "designer": "| 832 | 310 |   JavaScript   |",
        "web-component-tester": "| 565 | 187 |   TypeScript   |",
        "polymer-cli": "| 507 | 140 |   JavaScript   |",
        "pwa-helpers": "| 437 | 50 |   TypeScript   |",
        "prpl-server": "| 429 | 35 |   TypeScript   |",
        "tools": "| 422 | 203 |   TypeScript   |",
        "news": "| 259 | 87 |   HTML   |",
        "polycasts": "| 221 | 143 |   HTML   |",
        "polyserve": "| 191 | 54 |   TypeScript   |",
        "polymer-analyzer": "| 159 | 65 |   TypeScript   |",
        "hn-polymer-2": "| 158 | 23 |   HTML   |",
        "polymer-modulizer": "| 143 | 27 |   HTML   |",
        "polymer-build": "| 105 | 40 |   TypeScript   |",
        "polymer-decorators": "| 93 | 25 |   TypeScript   |",
        "polymer-editor-service": "| 77 | 12 |   TypeScript   |",
        "vscode-plugin": "| 76 | 13 |   TypeScript   |",
        "pwa-starter-kit-hn": "| 68 | 19 |   TypeScript   |",
        "lazy-imports": "| 62 | 11 |   HTML   |",
        "polymer-css-build": "| 39 | 13 |   JavaScript   |",
        "polymer-linter": "| 34 | 13 |   TypeScript   |",
        "atom-plugin": "| 31 | 8 |   JavaScript   |",
        "wct-local": "| 21 | 37 |   TypeScript   |",
        "polymer-library-docs": "| 21 | 101 |   HTML   |",
        "gen-typescript-declarations": "| 20 | 13 |   TypeScript   |",
        "dom5": "| 19 | 10 |   TypeScript   |",
        "polymer-resin": "| 18 | 6 |   JavaScript   |",
        "wct-sauce": "| 17 | 21 |   JavaScript   |",
        "browser-capabilities": "| 14 | 5 |   TypeScript   |",
        "koa-node-resolve": "| 14 | 7 |   TypeScript   |",
        "polymer-project.org": "| 13 | 12 |   HTML   |",
        "tattoo": "| 12 | 4 |   TypeScript   |",
        "koa-esm-transform": "| 9 | 2 |   TypeScript   |",
        "polymer-project-config": "| 8 | 10 |   JavaScript   |",
        "polymer-workspaces": "| 8 | 6 |   TypeScript   |",
        "ar-logo": "| 7 | 8 |   JavaScript   |",
        "css-select-parse5-adapter": "| 7 | 5 |   TypeScript   |",
        "polymer.github.io": "| 6 | 28 |   HTML   |",
        "tools-common": "| 6 | 7 |   JavaScript   |",
        "benchmarks": "| 6 | 3 |   JavaScript   |",
        "plylog": "| 4 | 8 |   TypeScript   |",
        "tools-sample-projects": "| 4 | 10 |   HTML   |",
        "koa-karma-proxy": "| 4 | 3 |   TypeScript   |",
        "elements": "| 3 | 5 |   None   |",
        "sinon.js": "| 3 | 7 |   JavaScript   |",
        "mocha-suite-child": "| 2 | 2 |   None   |",
        "polygit": "| 1 | 4 |   TypeScript   |",
        "tools-team": "| 1 | 4 |   None   |",
        ".allstar": "| 1 | 0 |   None   |",
        ".github": "| 1 | 0 |   None   |"
    }
}