{
    "company": "PostCSS",
    "h-index": 38,
    "repo count": 54,
    "contributor count": 797,
    "size": "todo",
    "employee count": "todo",
    "country": null,
    "top language": "JavaScript",
    "repos": {
        "postcss": "| 27465 | 1564 |   TypeScript   |",
        "autoprefixer": "| 20982 | 1299 |   JavaScript   |",
        "postcss-import": "| 1292 | 131 |   JavaScript   |",
        "postcss-nested": "| 1072 | 65 |   JavaScript   |",
        "postcss-100vh-fix": "| 886 | 10 |   JavaScript   |",
        "postcss-cli": "| 770 | 102 |   JavaScript   |",
        "gulp-postcss": "| 768 | 74 |   JavaScript   |",
        "sugarss": "| 681 | 40 |   JavaScript   |",
        "postcss-js": "| 632 | 28 |   JavaScript   |",
        "postcss-scss": "| 622 | 37 |   JavaScript   |",
        "postcss-custom-properties": "| 595 | 87 |   JavaScript   |",
        "postcss-load-config": "| 575 | 65 |   JavaScript   |",
        "postcss-bem-linter": "| 549 | 38 |   JavaScript   |",
        "postcss-mixins": "| 437 | 46 |   JavaScript   |",
        "postcss-simple-vars": "| 403 | 41 |   JavaScript   |",
        "postcss-url": "| 362 | 70 |   JavaScript   |",
        "postcss-color-function": "| 321 | 30 |   JavaScript   |",
        "postcss-media-minmax": "| 279 | 25 |   JavaScript   |",
        "postcss-plugin-boilerplate": "| 216 | 54 |   JavaScript   |",
        "postcss-calc": "| 203 | 33 |   JavaScript   |",
        "postcss-selector-parser": "| 190 | 47 |   JavaScript   |",
        "postcss-reporter": "| 153 | 17 |   JavaScript   |",
        "postcss-use": "| 145 | 15 |   JavaScript   |",
        "postcss-easings": "| 140 | 6 |   JavaScript   |",
        "postcss-dark-theme-class": "| 120 | 9 |   JavaScript   |",
        "postcss-focus": "| 115 | 14 |   JavaScript   |",
        "benchmark": "| 113 | 17 |   JavaScript   |",
        "postcss-safe-parser": "| 111 | 11 |   JavaScript   |",
        "postcss-devtools": "| 93 | 6 |   JavaScript   |",
        "postcss.org": "| 79 | 49 |   JavaScript   |",
        "postcss-browser-reporter": "| 74 | 12 |   JavaScript   |",
        "postcss-color-rebeccapurple": "| 62 | 7 |   JavaScript   |",
        "postcss-deno": "| 54 | 5 |   JavaScript   |",
        "postcss-brand-colors": "| 53 | 7 |   JavaScript   |",
        "postcss-size": "| 52 | 5 |   JavaScript   |",
        "postcss-will-change": "| 51 | 8 |   JavaScript   |",
        "postcss-color-rgba-fallback": "| 50 | 8 |   JavaScript   |",
        "postcss-selector-matches": "| 44 | 10 |   JavaScript   |",
        "postcss-plugin-context": "| 33 | 9 |   JavaScript   |",
        "postcss-color-hex-alpha": "| 28 | 10 |   JavaScript   |",
        "postcss-color-gray": "| 26 | 9 |   JavaScript   |",
        "postcss-font-variant": "| 25 | 10 |   JavaScript   |",
        "brand": "| 24 | 9 |   JavaScript   |",
        "postcss-filter-plugins": "| 23 | 10 |   JavaScript   |",
        "postcss-color-hwb": "| 21 | 4 |   JavaScript   |",
        "postcss-parser-tests": "| 21 | 8 |   JavaScript   |",
        "eslint-config-postcss": "| 18 | 3 |   JavaScript   |",
        "postcss-plugin-suggestion-box": "| 14 | 2 |   None   |",
        "fly-postcss": "| 10 | 5 |   None   |",
        "postcss-fail-on-warn": "| 7 | 3 |   JavaScript   |",
        "postcss-sharec-config": "| 6 | 3 |   None   |",
        "postcss-color": "| 5 | 3 |   JavaScript   |",
        "postcss-deno-import": "| 4 | 2 |   JavaScript   |",
        "postcss-at-rule-parser": "| 4 | 4 |   TypeScript   |"
    }
}