{
    "company": "Prettier",
    "h-index": 23,
    "repo count": 37,
    "contributor count": 1231,
    "size": "todo",
    "employee count": "todo",
    "country": null,
    "top language": "JavaScript",
    "repos": {
        "prettier": "| 45552 | 3873 |   JavaScript   |",
        "prettier-vscode": "| 4679 | 430 |   TypeScript   |",
        "eslint-config-prettier": "| 4573 | 261 |   JavaScript   |",
        "prettier-eslint": "| 3760 | 197 |   JavaScript   |",
        "eslint-plugin-prettier": "| 2820 | 187 |   JavaScript   |",
        "vim-prettier": "| 1675 | 124 |   Vim script   |",
        "plugin-php": "| 1593 | 111 |   PHP   |",
        "plugin-ruby": "| 1403 | 98 |   JavaScript   |",
        "tslint-config-prettier": "| 1229 | 42 |   TypeScript   |",
        "prettier-atom": "| 767 | 103 |   JavaScript   |",
        "plugin-python": "| 520 | 45 |   JavaScript   |",
        "prettier-eslint-cli": "| 514 | 83 |   JavaScript   |",
        "stylelint-config-prettier": "| 370 | 24 |   JavaScript   |",
        "prettier-emacs": "| 361 | 49 |   Emacs Lisp   |",
        "stylelint-prettier": "| 285 | 20 |   JavaScript   |",
        "plugin-swift": "| 277 | 13 |   JavaScript   |",
        "tslint-plugin-prettier": "| 234 | 14 |   TypeScript   |",
        "prettier-browser-extension": "| 195 | 17 |   JavaScript   |",
        "plugin-xml": "| 176 | 27 |   JavaScript   |",
        "plugin-pug": "| 173 | 42 |   TypeScript   |",
        "plugin-lua": "| 76 | 22 |   Lua   |",
        "prettier-logo": "| 36 | 12 |   JavaScript   |",
        "angular-html-parser": "| 35 | 10 |   TypeScript   |",
        "prettier-printer": "| 21 | 5 |   JavaScript   |",
        "yaml-unist-parser": "| 21 | 8 |   TypeScript   |",
        "prettier-linter-helpers": "| 16 | 7 |   JavaScript   |",
        "prettier-rpc": "| 14 | 7 |   JavaScript   |",
        "angular-estree-parser": "| 13 | 11 |   TypeScript   |",
        "stylelint-config-prettier-scss": "| 13 | 5 |   JavaScript   |",
        "prettier-regression-testing": "| 9 | 9 |   TypeScript   |",
        "pre-commit": "| 5 | 6 |   JavaScript   |",
        "plugin-haml": "| 5 | 3 |   JavaScript   |",
        "parse-srcset": "| 4 | 2 |   JavaScript   |",
        "core-test-fixtures": "| 2 | 3 |   JavaScript   |",
        "prettier-synchronized": "| 2 | 2 |   JavaScript   |",
        "is-es5-identifier-name": "| 2 | 2 |   JavaScript   |",
        "eslint-plugin-prettier-internal-rules": "| 1 | 3 |   JavaScript   |"
    }
}