{
    "company": "prisma",
    "h-index": 32,
    "repo count": 101,
    "contributor count": 1682,
    "size": "todo",
    "employee count": "todo",
    "country": "Berlin & Worldwide",
    "top language": "TypeScript",
    "repos": {
        "prisma": "| 31303 | 1129 |   TypeScript   |",
        "prisma1": "| 16706 | 909 |   Scala   |",
        "prisma-examples": "| 5027 | 1313 |   TypeScript   |",
        "studio": "| 1495 | 36 |   None   |",
        "prisma-client-js": "| 1467 | 69 |   TypeScript   |",
        "prisma-client-go": "| 1465 | 79 |   Go   |",
        "prisma-engines": "| 852 | 138 |   Rust   |",
        "docs": "| 815 | 635 |   TypeScript   |",
        "migrate": "| 770 | 26 |   TypeScript   |",
        "quaint": "| 585 | 57 |   Rust   |",
        "server-components-demo": "| 298 | 18 |   JavaScript   |",
        "lens": "| 283 | 15 |   TypeScript   |",
        "tiberius": "| 217 | 89 |   Rust   |",
        "language-tools": "| 210 | 29 |   TypeScript   |",
        "awesome-links": "| 164 | 142 |   TypeScript   |",
        "ecosystem-tests": "| 161 | 19 |   TypeScript   |",
        "database-schema-examples": "| 123 | 45 |   TSQL   |",
        "dataguide": "| 122 | 41 |   TypeScript   |",
        "prisma-test-utils": "| 103 | 8 |   TypeScript   |",
        "specs": "| 86 | 16 |   Go   |",
        "blogr-nextjs-prisma": "| 86 | 53 |   TypeScript   |",
        "blog-backend-rest-api-nestjs-prisma": "| 77 | 18 |   TypeScript   |",
        "faunadb-rust": "| 62 | 7 |   Rust   |",
        "deployment-example-vercel": "| 59 | 20 |   JavaScript   |",
        "text-editors": "| 57 | 10 |   TypeScript   |",
        "prisma-templates": "| 51 | 41 |   None   |",
        "upgrade": "| 50 | 6 |   TypeScript   |",
        "prisma-client-extensions": "| 47 | 3 |   TypeScript   |",
        "women-world-wide": "| 43 | 25 |   JavaScript   |",
        "fullstack-prisma-nextjs-blog": "| 42 | 11 |   TypeScript   |",
        "try-prisma": "| 41 | 0 |   TypeScript   |",
        "codemods": "| 34 | 2 |   JavaScript   |",
        "engines-wrapper": "| 20 | 7 |   TypeScript   |",
        "deployment-example-netlify": "| 17 | 73 |   JavaScript   |",
        "vim-prisma": "| 17 | 1 |   Vim Script   |",
        "nestjs-workshop-prisma-day-22": "| 17 | 4 |   TypeScript   |",
        "studio-vercel-guide": "| 13 | 4 |   JavaScript   |",
        "reflector": "| 12 | 1 |   TypeScript   |",
        "ent": "| 11 | 3 |   TypeScript   |",
        "prisma1-json-schema": "| 10 | 3 |   TypeScript   |",
        "connection-string": "| 10 | 3 |   Rust   |",
        "templates": "| 10 | 2 |   TypeScript   |",
        "eslint-config-prisma": "| 9 | 0 |   JavaScript   |",
        "mobc": "| 7 | 4 |   Rust   |",
        "engine-images": "| 6 | 6 |   Shell   |",
        "prisma-content-feedback": "| 6 | 2 |   None   |",
        "prisma-admin-feedback": "| 6 | 1 |   None   |",
        "prisma-admin-custom-components": "| 6 | 1 |   JavaScript   |",
        "prisma1-examples": "| 6 | 6 |   TypeScript   |",
        "sublimeText3": "| 6 | 1 |   None   |",
        "opentls": "| 6 | 1 |   Rust   |",
        "prisma-1-cloud-feedback": "| 5 | 4 |   None   |",
        "pris.ly": "| 5 | 0 |   None   |",
        "accelerate-speed-test": "| 5 | 2 |   TypeScript   |",
        "prisma-day": "| 4 | 1 |   None   |",
        "p1-to-p2-upgrade-path-feedback": "| 4 | 1 |   None   |",
        "binding-argument-transform": "| 4 | 4 |   TypeScript   |",
        "migrate-from-typeorm-to-prisma": "| 4 | 2 |   TypeScript   |",
        "migrate-from-sequelize-to-prisma": "| 4 | 4 |   JavaScript   |",
        "prisma-fundamentals": "| 4 | 1 |   Shell   |",
        "presskit": "| 3 | 2 |   None   |",
        "milestone-check": "| 3 | 2 |   JavaScript   |",
        "mysql_async": "| 3 | 2 |   Rust   |",
        "prisma-example-starter-template": "| 3 | 1 |   None   |",
        "benching_setup": "| 2 | 3 |   TypeScript   |",
        "graphql-parser": "| 2 | 1 |   Rust   |",
        "barrel": "| 2 | 1 |   None   |",
        ".github": "| 2 | 9 |   None   |",
        "db-push-non-idempotent-schemas": "| 2 | 0 |   Nix   |",
        "ci-reports": "| 2 | 0 |   HTML   |",
        "test-vercel-access": "| 2 | 0 |   HTML   |",
        "cuid-rust": "| 1 | 3 |   Rust   |",
        "ci-info": "| 1 | 1 |   JavaScript   |",
        "auto": "| 1 | 0 |   None   |",
        "pdp-spike-nextjs-opentelemetry": "| 1 | 0 |   TypeScript   |",
        "prisma-read-replica-middleware": "| 1 | 0 |   TypeScript   |",
        "action-node-cache-dependencies": "| 1 | 1 |   None   |",
        "migrate-from-mongoose-to-prisma": "| 1 | 0 |   JavaScript   |",
        "tracing-tutorial-prisma": "| 1 | 1 |   TypeScript   |",
        "docs-tools": "| 1 | 1 |   Python   |",
        "google-cloud-pubsub-rs": "| 1 | 2 |   Rust   |",
        "metrics-tutorial-prisma": "| 1 | 1 |   TypeScript   |",
        "prisma-client-lib-go": "| 0 | 1 |   Go   |",
        "build-cli": "| 0 | 0 |   Ruby   |",
        "minimal-mongodb-binary": "| 0 | 0 |   Rust   |",
        "middleware-examples": "| 0 | 1 |   TypeScript   |",
        "language-tools-gitpod": "| 0 | 1 |   Shell   |",
        "demo-upgrade-prisma-4": "| 0 | 0 |   None   |",
        "challenge-sqlite-database": "| 0 | 0 |   None   |",
        "gcp-bigquery-client": "| 0 | 0 |   Rust   |",
        "orm-labels": "| 0 | 0 |   None   |",
        "slackin-extended": "| 0 | 0 |   JavaScript   |",
        "tree-sitter-prisma": "| 0 | 0 |   None   |",
        "helix": "| 0 | 0 |   None   |",
        "prisma-client-generated-cache-repro": "| 0 | 0 |   JavaScript   |",
        "issue-15395-reproduction": "| 0 | 0 |   None   |",
        "reproduction-16897": "| 0 | 0 |   None   |",
        "repro-prisma-client-cloud-flare-pages": "| 0 | 0 |   TypeScript   |",
        "repro-remix-tree-shaking": "| 0 | 0 |   TypeScript   |",
        "rust-postgres": "| 0 | 0 |   Rust   |",
        "reproduction-7085-eeve": "| 0 | 0 |   JavaScript   |"
    }
}