{
    "company": "Procore",
    "h-index": 11,
    "repo count": 95,
    "contributor count": 2766,
    "size": "todo",
    "employee count": "todo",
    "country": null,
    "top language": "Ruby",
    "repos": {
        "blueprinter": "| 941 | 91 |   Ruby   |",
        "sift": "| 133 | 8 |   Ruby   |",
        "nox": "| 96 | 3 |   Go   |",
        "handcuffs": "| 87 | 3 |   Ruby   |",
        "migration-lock-timeout": "| 31 | 9 |   Ruby   |",
        "pgnetdetective": "| 20 | 2 |   Go   |",
        "js-sdk-sample-app": "| 15 | 17 |   JavaScript   |",
        "registrar": "| 14 | 1 |   Ruby   |",
        "js-sdk": "| 13 | 7 |   TypeScript   |",
        "circumstance": "| 13 | 0 |   Ruby   |",
        "lerna-git-flow-deploy": "| 12 | 1 |   JavaScript   |",
        "ruby-sdk": "| 9 | 3 |   Ruby   |",
        "elixir-sdk": "| 7 | 3 |   Elixir   |",
        "site-reliability-scripts": "| 6 | 3 |   Ruby   |",
        "omniauth-procore": "| 6 | 2 |   Ruby   |",
        "prop-types-docs": "| 6 | 4 |   JavaScript   |",
        "procore-iframe-helpers": "| 6 | 1 |   TypeScript   |",
        "Procore-Sample-Python": "| 6 | 4 |   Python   |",
        "puppet-dnsmasq": "| 4 | 1 |   Puppet   |",
        "documentation": "| 4 | 10 |   HTML   |",
        "bulk_insert": "| 3 | 0 |   Ruby   |",
        "Procore-Sample-ROR": "| 3 | 2 |   Ruby   |",
        "gaia": "| 3 | 1 |   Go   |",
        "js-sdk-endpoints": "| 2 | 3 |   JavaScript   |",
        "integrations-core": "| 2 | 1 |   Python   |",
        "open-api-spec": "| 2 | 0 |   None   |",
        "honestbuildings.github.io": "| 1 | 1 |   CSS   |",
        "databasedotcom": "| 1 | 0 |   Ruby   |",
        "react-widgets": "| 1 | 0 |   JavaScript   |",
        "procore-oauth-ruby": "| 1 | 1 |   Ruby   |",
        "paranoia": "| 1 | 0 |   Ruby   |",
        "nvd3": "| 1 | 1 |   JavaScript   |",
        "homebrew-formulae": "| 1 | 0 |   Ruby   |",
        "terraform-aws-msk-module": "| 1 | 2 |   HCL   |",
        "jQuery.Gantt": "| 0 | 0 |   JavaScript   |",
        "omnicontacts": "| 0 | 0 |   None   |",
        "doctrine2-spatial": "| 0 | 0 |   PHP   |",
        "sprockets-commonjs": "| 0 | 0 |   Ruby   |",
        "closure_tree": "| 0 | 0 |   Ruby   |",
        "diffract": "| 0 | 1 |   JavaScript   |",
        "redux-optimist": "| 0 | 0 |   JavaScript   |",
        "redux-simple-promise": "| 0 | 0 |   JavaScript   |",
        "with_advisory_lock": "| 0 | 1 |   Ruby   |",
        "react-slick": "| 0 | 1 |   JavaScript   |",
        "react-lazyload": "| 0 | 0 |   JavaScript   |",
        "uncontrollable": "| 0 | 1 |   JavaScript   |",
        "patroni": "| 0 | 0 |   Python   |",
        "coreos-kubernetes": "| 0 | 0 |   Go   |",
        "redux-react-local": "| 0 | 0 |   JavaScript   |",
        "f5-icontrol": "| 0 | 0 |   Ruby   |",
        "postgrex": "| 0 | 0 |   Elixir   |",
        "ment.io": "| 0 | 0 |   JavaScript   |",
        "ecto": "| 0 | 0 |   Elixir   |",
        "pg_partman": "| 0 | 0 |   PLpgSQL   |",
        "sidekiq-datadog": "| 0 | 0 |   Ruby   |",
        "puppet-squid": "| 0 | 0 |   Ruby   |",
        "eslint-plugin-chai-expect": "| 0 | 0 |   JavaScript   |",
        "makara": "| 0 | 0 |   Ruby   |",
        "unparser": "| 0 | 0 |   Ruby   |",
        "phoenix_swagger": "| 0 | 0 |   Elixir   |",
        "ForTea": "| 0 | 0 |   C#   |",
        "plug_statsd": "| 0 | 1 |   Elixir   |",
        "ex_statsd": "| 0 | 0 |   Elixir   |",
        "bugsnag-js": "| 0 | 0 |   JavaScript   |",
        "pgbouncer": "| 0 | 0 |   C   |",
        "octodns": "| 0 | 1 |   Python   |",
        "perf_check": "| 0 | 1 |   Ruby   |",
        "puppet-datadog-agent": "| 0 | 0 |   Ruby   |",
        "bugsnag-ruby": "| 0 | 0 |   Ruby   |",
        "tinymce": "| 0 | 0 |   JavaScript   |",
        "puppet-vault": "| 0 | 0 |   Ruby   |",
        "zuora_restful_python": "| 0 | 0 |   Python   |",
        "puppet-luarocks": "| 0 | 0 |   Puppet   |",
        "angular-google-maps": "| 0 | 0 |   CoffeeScript   |",
        "angular-jquery-timepicker": "| 0 | 0 |   JavaScript   |",
        "highcharts-ng": "| 0 | 0 |   JavaScript   |",
        "ngToast": "| 0 | 0 |   JavaScript   |",
        "Sortable": "| 0 | 0 |   JavaScript   |",
        "spin.js": "| 0 | 0 |   HTML   |",
        "doorkeeper": "| 0 | 0 |   Ruby   |",
        "jbuilder": "| 0 | 0 |   Ruby   |",
        "jquery-rails": "| 0 | 0 |   Ruby   |",
        "rubocop": "| 0 | 0 |   Ruby   |",
        "terraform-null-label": "| 0 | 0 |   HCL   |",
        "redix": "| 0 | 0 |   Elixir   |",
        "CLTokenInputViewarch": "| 0 | 0 |   Objective-C   |",
        "chamber": "| 0 | 0 |   Go   |",
        "bulldozer": "| 0 | 0 |   None   |",
        "policy-bot": "| 0 | 0 |   None   |",
        "terragrunt-github-actions": "| 0 | 0 |   Shell   |",
        "juniper": "| 0 | 0 |   None   |",
        "EarlGrey": "| 0 | 0 |   Objective-C   |",
        "atlantis-helm-chart": "| 0 | 0 |   Python   |",
        "sassc-ruby": "| 0 | 0 |   Ruby   |",
        "select2-rails": "| 0 | 0 |   None   |"
    }
}