{
    "company": "Prometheus",
    "h-index": 35,
    "repo count": 45,
    "contributor count": 2062,
    "size": "todo",
    "employee count": "todo",
    "country": null,
    "top language": "Go",
    "repos": {
        "prometheus": "| 48125 | 8139 |   Go   |",
        "node_exporter": "| 8843 | 2078 |   Go   |",
        "alertmanager": "| 5678 | 1994 |   Go   |",
        "client_golang": "| 4588 | 1075 |   Go   |",
        "blackbox_exporter": "| 3623 | 941 |   Go   |",
        "client_python": "| 3354 | 729 |   Python   |",
        "jmx_exporter": "| 2621 | 1146 |   Java   |",
        "pushgateway": "| 2574 | 421 |   Go   |",
        "client_java": "| 1972 | 737 |   Java   |",
        "mysqld_exporter": "| 1764 | 694 |   Go   |",
        "snmp_exporter": "| 1243 | 539 |   Go   |",
        "statsd_exporter": "| 833 | 219 |   Go   |",
        "cloudwatch_exporter": "| 778 | 306 |   Java   |",
        "procfs": "| 637 | 278 |   Go   |",
        "haproxy_exporter": "| 599 | 217 |   Go   |",
        "docs": "| 566 | 940 |   SCSS   |",
        "client_ruby": "| 464 | 151 |   Ruby   |",
        "consul_exporter": "| 402 | 163 |   Go   |",
        "promlens": "| 354 | 20 |   TypeScript   |",
        "prom2json": "| 307 | 86 |   Go   |",
        "graphite_exporter": "| 304 | 93 |   Go   |",
        "client_rust": "| 293 | 45 |   Rust   |",
        "promu": "| 244 | 74 |   Go   |",
        "common": "| 233 | 267 |   Go   |",
        "collectd_exporter": "| 231 | 68 |   Go   |",
        "influxdb_exporter": "| 225 | 61 |   Go   |",
        "exporter-toolkit": "| 191 | 60 |   Go   |",
        "memcached_exporter": "| 159 | 93 |   Go   |",
        "test-infra": "| 133 | 53 |   Go   |",
        "compliance": "| 112 | 35 |   Go   |",
        "nagios_plugins": "| 103 | 44 |   Shell   |",
        "demo-site": "| 79 | 54 |   HTML   |",
        "golang-builder": "| 69 | 37 |   Shell   |",
        "client_model": "| 62 | 68 |   Makefile   |",
        "codemirror-promql": "| 35 | 12 |   TypeScript   |",
        "busybox": "| 33 | 35 |   Makefile   |",
        "prometheus_api_client_ruby": "| 33 | 21 |   Ruby   |",
        "talks": "| 19 | 12 |   None   |",
        "lezer-promql": "| 10 | 7 |   JavaScript   |",
        "host_exporter": "| 7 | 11 |   None   |",
        "circleci": "| 7 | 15 |   None   |",
        "snmp_exporter_mibs": "| 3 | 4 |   None   |",
        "promci": "| 3 | 1 |   None   |",
        "proposals": "| 1 | 0 |   Makefile   |",
        "kube-demo-site": "| 0 | 2 |   Go   |"
    }
}