{
    "company": "Puppeteer",
    "h-index": 7,
    "repo count": 9,
    "contributor count": 704,
    "size": "todo",
    "employee count": "todo",
    "country": null,
    "top language": "TypeScript",
    "repos": {
        "puppeteer": "| 83145 | 8924 |   TypeScript   |",
        "examples": "| 2276 | 308 |   JavaScript   |",
        "replay": "| 560 | 117 |   TypeScript   |",
        "recorder": "| 249 | 36 |   TypeScript   |",
        "juggler": "| 64 | 14 |   None   |",
        "pptr.dev": "| 50 | 22 |   JavaScript   |",
        "ispuppeteerwebdriverbidiready": "| 33 | 7 |   JavaScript   |",
        "ispuppeteerfirefoxready": "| 2 | 1 |   None   |",
        ".allstar": "| 1 | 0 |   None   |"
    }
}