{
    "company": "Python Packaging Authority",
    "h-index": 32,
    "repo count": 52,
    "contributor count": 1933,
    "size": "todo",
    "employee count": "todo",
    "country": "United States of America",
    "top language": "Python",
    "repos": {
        "pipenv": "| 23844 | 1840 |   Python   |",
        "pip": "| 8739 | 2928 |   Python   |",
        "pipx": "| 6408 | 295 |   Python   |",
        "sampleproject": "| 4675 | 1678 |   Python   |",
        "virtualenv": "| 4461 | 996 |   Python   |",
        "hatch": "| 4014 | 199 |   Python   |",
        "pipfile": "| 3187 | 157 |   Python   |",
        "setuptools": "| 2027 | 1016 |   Python   |",
        "flit": "| 1948 | 116 |   Python   |",
        "cibuildwheel": "| 1451 | 193 |   Python   |",
        "twine": "| 1417 | 298 |   Python   |",
        "packaging.python.org": "| 1232 | 628 |   Python   |",
        "manylinux": "| 1191 | 214 |   Shell   |",
        "pip-audit": "| 782 | 53 |   Python   |",
        "setuptools_scm": "| 715 | 195 |   Python   |",
        "gh-action-pypi-publish": "| 666 | 64 |   Python   |",
        "get-pip": "| 585 | 265 |   Python   |",
        "build": "| 492 | 98 |   Python   |",
        "packaging": "| 491 | 223 |   Python   |",
        "wheel": "| 407 | 129 |   Python   |",
        "bandersnatch": "| 365 | 140 |   Python   |",
        "auditwheel": "| 348 | 127 |   Python   |",
        "python-manylinux-demo": "| 214 | 94 |   C   |",
        "advisory-database": "| 191 | 36 |   None   |",
        "sample-namespace-packages": "| 159 | 69 |   Python   |",
        "readme_renderer": "| 142 | 95 |   Python   |",
        "packaging-problems": "| 126 | 34 |   None   |",
        "trove-classifiers": "| 100 | 80 |   Python   |",
        "pyproject-hooks": "| 89 | 45 |   Python   |",
        "installer": "| 86 | 41 |   Python   |",
        "scripttest": "| 58 | 22 |   Python   |",
        "gh-action-pip-audit": "| 51 | 6 |   Python   |",
        "distlib": "| 32 | 28 |   Python   |",
        "distutils": "| 30 | 59 |   Python   |",
        ".github": "| 22 | 55 |   None   |",
        "pypa.io": "| 21 | 63 |   Python   |",
        "interoperability-peps": "| 20 | 32 |   Python   |",
        "integration-test": "| 15 | 7 |   None   |",
        "pkg_resources": "| 14 | 21 |   Python   |",
        "get-virtualenv": "| 12 | 10 |   None   |",
        "ssl": "| 10 | 25 |   Python   |",
        "history": "| 6 | 6 |   Python   |",
        "wheel-builders": "| 6 | 12 |   None   |",
        "easy_install": "| 6 | 11 |   Python   |",
        "browntruck": "| 5 | 19 |   Python   |",
        "docker-python": "| 4 | 10 |   None   |",
        "pypa-docs-theme": "| 4 | 16 |   Python   |",
        "pip-test-package": "| 3 | 13 |   Python   |",
        "copr": "| 3 | 7 |   None   |",
        "pep470": "| 3 | 5 |   Python   |",
        "pypa-bot": "| 2 | 3 |   None   |",
        "bot-test": "| 0 | 5 |   None   |"
    }
}