{
    "company": "Qihoo 360",
    "h-index": 39,
    "repo count": 62,
    "contributor count": 383,
    "size": "todo",
    "employee count": "todo",
    "country": "Beijing, China",
    "top language": "C++",
    "repos": {
        "RePlugin": "| 7133 | 1511 |   Java   |",
        "Atlas": "| 4647 | 1174 |   C   |",
        "wayne": "| 3689 | 835 |   TypeScript   |",
        "evpp": "| 3266 | 921 |   C++   |",
        "ArgusAPM": "| 2613 | 414 |   Java   |",
        "DroidPlugin": "| 2057 | 525 |   Java   |",
        "Quicksql": "| 1995 | 566 |   Java   |",
        "poseidon": "| 1911 | 436 |   Go   |",
        "QConf": "| 1859 | 548 |   C++   |",
        "XLearning": "| 1731 | 400 |   Java   |",
        "phptrace": "| 1678 | 405 |   C   |",
        "safe-rules": "| 1529 | 211 |   None   |",
        "huststore": "| 822 | 180 |   C   |",
        "mysql-sniffer": "| 813 | 297 |   C   |",
        "doraemon": "| 638 | 207 |   JavaScript   |",
        "logkafka": "| 493 | 120 |   C++   |",
        "zeppelin": "| 397 | 81 |   C++   |",
        "tensornet": "| 297 | 69 |   C++   |",
        "qbusbridge": "| 288 | 68 |   C++   |",
        "XSQL": "| 207 | 62 |   Scala   |",
        "zendAPI": "| 183 | 31 |   C++   |",
        "mongosync": "| 153 | 58 |   C++   |",
        "floyd": "| 147 | 52 |   C++   |",
        "artdumper": "| 139 | 48 |   C++   |",
        "Lipland": "| 132 | 21 |   Java   |",
        "kmemcache": "| 125 | 44 |   C   |",
        "influx-proxy": "| 124 | 41 |   Go   |",
        "XLearning-XDML": "| 119 | 37 |   Scala   |",
        "nemo": "| 116 | 66 |   C++   |",
        "simcc": "| 112 | 61 |   C++   |",
        "ngx_http_subrange_module": "| 106 | 49 |   C   |",
        "QNAT": "| 84 | 34 |   C   |",
        "Mario": "| 78 | 46 |   C++   |",
        "pink": "| 75 | 48 |   C++   |",
        "blackwidow": "| 75 | 27 |   C++   |",
        "thinkjs": "| 67 | 19 |   JavaScript   |",
        "mpic": "| 47 | 23 |   C++   |",
        "dgl-operator": "| 46 | 7 |   Go   |",
        "nemo-rocksdb": "| 43 | 31 |   C++   |",
        "ironwill": "| 38 | 10 |   Objective-C   |",
        "openresty-best-practices": "| 36 | 17 |   None   |",
        "elog": "| 29 | 8 |   C++   |",
        "slash": "| 26 | 27 |   C++   |",
        "rust-jsonnet": "| 24 | 5 |   Rust   |",
        "zeppelin-gateway": "| 24 | 14 |   C++   |",
        "zeppelin-client": "| 21 | 10 |   C++   |",
        "luajit-jsonnet": "| 16 | 5 |   C++   |",
        "HTTPSLayer": "| 16 | 2 |   PHP   |",
        "spritejs": "| 14 | 4 |   JavaScript   |",
        "beanstalkd-win": "| 13 | 3 |   C   |",
        "wayne-backend-plugins": "| 13 | 14 |   Go   |",
        "CReSS": "| 12 | 3 |   Python   |",
        "nginx-openresty-windows": "| 10 | 1 |   C   |",
        "gpstall": "| 8 | 9 |   C++   |",
        "cloud-website": "| 8 | 14 |   PHP   |",
        "wayne-frontend-plugins": "| 7 | 14 |   TypeScript   |",
        "chimee": "| 5 | 3 |   JavaScript   |",
        "glog": "| 2 | 12 |   C++   |",
        "wiki": "| 2 | 0 |   None   |",
        "jepsen": "| 0 | 0 |   Clojure   |",
        "firekylin": "| 0 | 1 |   JavaScript   |",
        "r2d2": "| 0 | 0 |   None   |"
    }
}