{
    "company": "Qiniu Cloud",
    "h-index": 40,
    "repo count": 144,
    "contributor count": 1215,
    "size": "todo",
    "employee count": "todo",
    "country": "Shanghai",
    "top language": "Go",
    "repos": {
        "js-sdk": "| 1361 | 516 |   JavaScript   |",
        "logkit": "| 1295 | 253 |   Go   |",
        "qmgo": "| 1116 | 138 |   Go   |",
        "qshell": "| 961 | 198 |   Go   |",
        "php-sdk": "| 805 | 430 |   PHP   |",
        "goc": "| 664 | 95 |   Go   |",
        "android-sdk": "| 618 | 227 |   Java   |",
        "httptest": "| 603 | 53 |   Go   |",
        "nodejs-sdk": "| 579 | 188 |   JavaScript   |",
        "java-sdk": "| 540 | 487 |   Java   |",
        "python-sdk": "| 535 | 262 |   Python   |",
        "happy-dns-objc": "| 481 | 80 |   Objective-C   |",
        "iconv": "| 465 | 112 |   Go   |",
        "objc-sdk": "| 436 | 197 |   Objective-C   |",
        "arch": "| 397 | 155 |   Go   |",
        "cerl": "| 373 | 94 |   C++   |",
        "gobook": "| 362 | 146 |   Go   |",
        "py": "| 321 | 58 |   Go   |",
        "qetag": "| 309 | 86 |   Erlang   |",
        "happy-dns-android": "| 277 | 59 |   Java   |",
        "QSunSync": "| 265 | 53 |   C#   |",
        "api.v7": "| 264 | 111 |   Go   |",
        "csharp-sdk": "| 171 | 146 |   C#   |",
        "qpaint": "| 168 | 80 |   JavaScript   |",
        "ruby-sdk": "| 163 | 138 |   Ruby   |",
        "kodo-browser": "| 143 | 37 |   TypeScript   |",
        "iOS-netdiag": "| 140 | 41 |   Objective-C   |",
        "android-netdiag": "| 136 | 35 |   Java   |",
        "webhook": "| 131 | 52 |   Go   |",
        "checkstyle": "| 127 | 17 |   Go   |",
        "go-sdk": "| 110 | 50 |   Go   |",
        "legacy-ios-sdk": "| 103 | 62 |   Objective-C   |",
        "QStreaming": "| 99 | 18 |   Scala   |",
        "audio": "| 71 | 6 |   Go   |",
        "api.v6": "| 68 | 37 |   Go   |",
        "c-sdk": "| 59 | 91 |   C   |",
        "qfetch": "| 59 | 18 |   Go   |",
        "http": "| 58 | 13 |   Go   |",
        "qplayer-sdk": "| 56 | 24 |   Java   |",
        "x": "| 55 | 19 |   Go   |",
        "qiniutest": "| 37 | 8 |   Go   |",
        "builder": "| 36 | 32 |   TypeScript   |",
        "formstate-x": "| 33 | 7 |   TypeScript   |",
        "developer.qiniu.com": "| 32 | 45 |   JavaScript   |",
        "ip17mon-java": "| 32 | 15 |   Java   |",
        "node-qiniu": "| 30 | 4 |   JavaScript   |",
        "mockhttp.v1": "| 30 | 6 |   Go   |",
        "form-upload": "| 28 | 23 |   Python   |",
        "text": "| 27 | 9 |   Go   |",
        "happy-dns-java": "| 26 | 5 |   Java   |",
        "qiniu-logging-plugin": "| 25 | 9 |   Java   |",
        "sdkspec": "| 23 | 15 |   None   |",
        "rust-sdk": "| 22 | 2 |   Rust   |",
        "pandora-go-sdk": "| 21 | 30 |   Go   |",
        "doxygen.io": "| 20 | 3 |   Go   |",
        "dart-sdk": "| 20 | 18 |   Dart   |",
        "go_dep_search": "| 18 | 7 |   Go   |",
        "mockhttp.v2": "| 16 | 5 |   Go   |",
        "QiniuLiveWX": "| 16 | 6 |   JavaScript   |",
        "qlive": "| 15 | 4 |   Go   |",
        "typed-less-modules": "| 15 | 7 |   TypeScript   |",
        "objc-DownloadSDK": "| 14 | 3 |   Objective-C   |",
        "dyn": "| 11 | 1 |   Go   |",
        "pandora-java-sdk": "| 11 | 21 |   Java   |",
        "c-sdk-for-windows": "| 9 | 9 |   C   |",
        "kirk": "| 9 | 16 |   Go   |",
        "pandora-docs-old": "| 9 | 18 |   CSS   |",
        "goplus-dt": "| 9 | 0 |   Go   |",
        "qwebtesttool": "| 8 | 0 |   C#   |",
        "php5.3-sdk": "| 7 | 6 |   PHP   |",
        "openacc": "| 7 | 0 |   None   |",
        "api": "| 7 | 2 |   None   |",
        "pandora-docs": "| 7 | 12 |   JavaScript   |",
        "docs.qiniu.com": "| 6 | 13 |   JavaScript   |",
        "deprecated-js-sdk": "| 6 | 3 |   JavaScript   |",
        "pandora-js-sdk": "| 6 | 8 |   JavaScript   |",
        "php5-sdk": "| 5 | 5 |   PHP   |",
        "apidoc": "| 5 | 15 |   None   |",
        "qfetch-m3u8": "| 5 | 2 |   Go   |",
        "link-c-sdk": "| 5 | 16 |   C   |",
        "version": "| 5 | 4 |   Go   |",
        "qiniu-autosync": "| 4 | 1 |   Shell   |",
        "cpp-sdk": "| 4 | 6 |   C   |",
        "objc-netinfo": "| 4 | 0 |   Objective-C   |",
        "pfop": "| 4 | 2 |   Go   |",
        "pandora-python-sdk": "| 4 | 4 |   Python   |",
        "raven": "| 4 | 2 |   TypeScript   |",
        "eslint-config": "| 4 | 4 |   JavaScript   |",
        "QNLiveKit_Android": "| 4 | 5 |   Kotlin   |",
        "httpping": "| 4 | 1 |   Go   |",
        "perl-sdk": "| 3 | 2 |   Perl   |",
        "wp-sdk": "| 3 | 1 |   C#   |",
        "qiniulab": "| 3 | 5 |   C#   |",
        "Android-Universal-Image-Loader-HappyDns": "| 3 | 2 |   Java   |",
        "pandora-php-sdk": "| 3 | 4 |   PHP   |",
        "pandora-nodejs-sdk": "| 3 | 3 |   JavaScript   |",
        "kodo-enterprise-image": "| 3 | 2 |   Shell   |",
        "goja": "| 3 | 0 |   Go   |",
        "goplus-play": "| 3 | 0 |   Go   |",
        "stack-go": "| 3 | 7 |   Go   |",
        "pandora-python-sdk.v2": "| 3 | 18 |   Python   |",
        "distribution": "| 2 | 2 |   Go   |",
        "pandora-c-sdk": "| 2 | 2 |   C   |",
        "tracing-agent": "| 2 | 1 |   Java   |",
        "Redis-Transmission": "| 2 | 0 |   Go   |",
        "ebiten": "| 2 | 1 |   Go   |",
        "oksvg": "| 2 | 1 |   Go   |",
        "gopher-lua": "| 2 | 2 |   Go   |",
        "rust-download-sdk": "| 2 | 4 |   Rust   |",
        "api-specs": "| 2 | 1 |   None   |",
        "open": "| 2 | 0 |   Shell   |",
        "uip": "| 2 | 0 |   Go   |",
        "c-sdk-wdeps": "| 1 | 3 |   C   |",
        "ufop-golang": "| 1 | 4 |   Go   |",
        "android-DownloadSDK": "| 1 | 0 |   Java   |",
        "raven-docs": "| 1 | 0 |   HTML   |",
        "kirk-python-sdk": "| 1 | 0 |   None   |",
        "cdnprovider_auth": "| 1 | 2 |   Go   |",
        "gplv2-example": "| 1 | 0 |   Go   |",
        "percona-server-mongodb": "| 1 | 7 |   C++   |",
        "terraform-provider-qiniu": "| 1 | 1 |   Go   |",
        "gopherjs": "| 1 | 0 |   None   |",
        "oto": "| 1 | 0 |   Go   |",
        "kubernetes-csi-driver": "| 1 | 2 |   Go   |",
        "lua-sdk": "| 0 | 3 |   None   |",
        "clj.qiniu": "| 0 | 0 |   None   |",
        "nodejs-sdk.v7": "| 0 | 1 |   None   |",
        "carrierwave-qiniu": "| 0 | 0 |   Ruby   |",
        "ufop-java": "| 0 | 1 |   None   |",
        "transform-plugin-sdk": "| 0 | 1 |   Java   |",
        "qlogfetch": "| 0 | 1 |   None   |",
        "pandora-ruby-sdk": "| 0 | 1 |   Ruby   |",
        "mongo-rocks": "| 0 | 3 |   C++   |",
        "qvm-mq-java-sdk": "| 0 | 1 |   None   |",
        "qiniu-jenkins-plugin": "| 0 | 5 |   Java   |",
        "snippets": "| 0 | 1 |   Go   |",
        "ios-network-diagnose-app": "| 0 | 2 |   Objective-C   |",
        "rust-upload-sdk": "| 0 | 0 |   Rust   |",
        "qiniu-android-curl-plugin": "| 0 | 1 |   C   |",
        "dflib": "| 0 | 0 |   Java   |",
        "QNCube_iOS": "| 0 | 3 |   Objective-C   |",
        "rust-sdk-python-bindings": "| 0 | 0 |   Rust   |",
        "rust-atelier": "| 0 | 0 |   Rust   |",
        "hadoop": "| 0 | 1 |   Java   |"
    }
}