{
    "company": "Qorvo, Inc.",
    "h-index": 1,
    "repo count": 6,
    "contributor count": 361,
    "size": "todo",
    "employee count": "todo",
    "country": "Greensboro, North Carolina",
    "top language": "C",
    "repos": {
        "QMatter": "| 14 | 10 |   C   |",
        "connectedhomeip": "| 1 | 1 |   C++   |",
        "QGateway": "| 1 | 1 |   C   |",
        "qpg-openthread": "| 0 | 7 |   None   |",
        "qpg-artifacts": "| 0 | 1 |   None   |",
        "DPT-on-MSO6": "| 0 | 0 |   Python   |"
    }
}