{
    "company": "Qualtrics",
    "h-index": 2,
    "repo count": 10,
    "contributor count": 206,
    "size": "todo",
    "employee count": "todo",
    "country": null,
    "top language": "TypeScript",
    "repos": {
        "jaeger-client-php": "| 6 | 4 |   PHP   |",
        "PublicAPIDocsHosting": "| 3 | 1 |   TypeScript   |",
        "PublicAPIDocsImages": "| 2 | 0 |   None   |",
        "qualtrics-digital-ios-sdk": "| 2 | 1 |   Objective-C   |",
        "XMExtensionsDocsImages": "| 0 | 0 |   None   |",
        "xm-extensions-sample-code": "| 0 | 1 |   JavaScript   |",
        "openwhisk": "| 0 | 0 |   Scala   |",
        "PublicAPIDocsHostingV2": "| 0 | 0 |   TypeScript   |",
        "APIDocsHostingV2": "| 0 | 0 |   TypeScript   |",
        "APIDocsWebsite": "| 0 | 0 |   TypeScript   |"
    }
}