{
    "company": "Quill",
    "h-index": 6,
    "repo count": 7,
    "contributor count": 170,
    "size": "todo",
    "employee count": "todo",
    "country": null,
    "top language": "JavaScript",
    "repos": {
        "quill": "| 35574 | 3023 |   JavaScript   |",
        "awesome-quill": "| 874 | 78 |   None   |",
        "delta": "| 735 | 117 |   TypeScript   |",
        "parchment": "| 538 | 138 |   JavaScript   |",
        "docs-old": "| 47 | 25 |   CSS   |",
        "webpack-example": "| 24 | 23 |   JavaScript   |",
        "cdn": "| 3 | 8 |   JavaScript   |"
    }
}