{
    "company": "Ruby on Rails",
    "h-index": 67,
    "repo count": 116,
    "contributor count": 2134,
    "size": "todo",
    "employee count": "todo",
    "country": null,
    "top language": "Ruby",
    "repos": {
        "rails": "| 52793 | 21107 |   Ruby   |",
        "webpacker": "| 5323 | 1484 |   Ruby   |",
        "thor": "| 4977 | 553 |   Ruby   |",
        "jbuilder": "| 4219 | 425 |   Ruby   |",
        "spring": "| 2758 | 337 |   Ruby   |",
        "jquery-ujs": "| 2612 | 519 |   JavaScript   |",
        "arel": "| 2071 | 396 |   Ruby   |",
        "rails-dev-box": "| 2047 | 600 |   Shell   |",
        "web-console": "| 1341 | 169 |   Ruby   |",
        "strong_parameters": "| 1282 | 169 |   Ruby   |",
        "activeresource": "| 1260 | 365 |   Ruby   |",
        "kredis": "| 1246 | 68 |   Ruby   |",
        "docked": "| 1189 | 46 |   Dockerfile   |",
        "tailwindcss-rails": "| 1181 | 144 |   Ruby   |",
        "actioncable": "| 1091 | 122 |   None   |",
        "globalid": "| 1080 | 114 |   Ruby   |",
        "jquery-rails": "| 938 | 415 |   Ruby   |",
        "sprockets": "| 889 | 805 |   Ruby   |",
        "importmap-rails": "| 863 | 100 |   Ruby   |",
        "sass-rails": "| 853 | 346 |   Ruby   |",
        "exception_notification": "| 850 | 602 |   Ruby   |",
        "sdoc": "| 803 | 111 |   JavaScript   |",
        "rails-perftest": "| 764 | 56 |   Ruby   |",
        "activejob": "| 748 | 51 |   Ruby   |",
        "activestorage": "| 737 | 64 |   None   |",
        "pjax_rails": "| 676 | 115 |   Ruby   |",
        "jsbundling-rails": "| 676 | 121 |   Ruby   |",
        "actioncable-examples": "| 652 | 241 |   Ruby   |",
        "cache_digests": "| 643 | 46 |   Ruby   |",
        "propshaft": "| 614 | 68 |   Ruby   |",
        "sprockets-rails": "| 558 | 251 |   Ruby   |",
        "rails-observers": "| 503 | 121 |   Ruby   |",
        "activerecord-session_store": "| 488 | 180 |   Ruby   |",
        "cssbundling-rails": "| 468 | 66 |   Ruby   |",
        "execjs": "| 461 | 285 |   Ruby   |",
        "rails_upgrade": "| 439 | 60 |   Ruby   |",
        "actiontext": "| 404 | 59 |   None   |",
        "acts_as_list": "| 385 | 79 |   Ruby   |",
        "marcel": "| 358 | 62 |   Ruby   |",
        "actionpack-page_caching": "| 340 | 73 |   Ruby   |",
        "commands": "| 339 | 21 |   Ruby   |",
        "ssl_requirement": "| 318 | 160 |   Ruby   |",
        "request.js": "| 304 | 27 |   JavaScript   |",
        "open_id_authentication": "| 285 | 63 |   Ruby   |",
        "rails-controller-testing": "| 285 | 57 |   Ruby   |",
        "acts_as_tree": "| 278 | 160 |   Ruby   |",
        "rails-html-sanitizer": "| 271 | 76 |   Ruby   |",
        "actionpack-action_caching": "| 259 | 97 |   Ruby   |",
        "coffee-rails": "| 232 | 66 |   Ruby   |",
        "in_place_editing": "| 230 | 62 |   Ruby   |",
        "protected_attributes": "| 228 | 94 |   Ruby   |",
        "journey": "| 223 | 57 |   Ruby   |",
        "auto_complete": "| 212 | 75 |   Ruby   |",
        "dynamic_form": "| 194 | 116 |   Ruby   |",
        "country_select": "| 178 | 67 |   Ruby   |",
        "dartsass-rails": "| 161 | 26 |   Ruby   |",
        "routing_concerns": "| 155 | 11 |   Ruby   |",
        "esbuild-rails": "| 148 | 2 |   Ruby   |",
        "rails-dom-testing": "| 135 | 58 |   Ruby   |",
        "rails-contributors": "| 132 | 148 |   Ruby   |",
        "actionmailbox": "| 125 | 12 |   None   |",
        "rails_xss": "| 106 | 19 |   Ruby   |",
        "activemodel-globalid": "| 90 | 12 |   Ruby   |",
        "requestjs-rails": "| 76 | 7 |   JavaScript   |",
        "account_location": "| 72 | 13 |   Ruby   |",
        "acts_as_nested_set": "| 71 | 13 |   Ruby   |",
        "iso-3166-country-select": "| 70 | 85 |   Ruby   |",
        "activerecord-deprecated_finders": "| 67 | 23 |   Ruby   |",
        "weblog": "| 65 | 63 |   HTML   |",
        "prototype-ujs": "| 62 | 16 |   JavaScript   |",
        "spring-watcher-listen": "| 62 | 36 |   Ruby   |",
        "prototype_legacy_helper": "| 60 | 52 |   Ruby   |",
        "verification": "| 59 | 33 |   Ruby   |",
        "prototype-rails": "| 55 | 142 |   Ruby   |",
        "conductor": "| 54 | 13 |   Ruby   |",
        "activemodel-serializers-xml": "| 50 | 18 |   Ruby   |",
        "activesupport-json_encoder": "| 49 | 54 |   Ruby   |",
        "homepage": "| 49 | 87 |   HTML   |",
        "actionpack-xml_parser": "| 48 | 20 |   Ruby   |",
        "rollupjs-rails": "| 48 | 1 |   Ruby   |",
        "record_tag_helper": "| 46 | 24 |   Ruby   |",
        "etagger": "| 40 | 5 |   Ruby   |",
        "upload_progress": "| 39 | 11 |   Ruby   |",
        "render_component": "| 39 | 52 |   Ruby   |",
        "atom_feed_helper": "| 38 | 7 |   Ruby   |",
        "gsoc2014": "| 37 | 3 |   None   |",
        "website": "| 33 | 49 |   HTML   |",
        "gsoc2013": "| 31 | 0 |   None   |",
        "homepage-2011": "| 27 | 40 |   HTML   |",
        "deadlock_retry": "| 26 | 55 |   Ruby   |",
        "asset_server": "| 26 | 3 |   Ruby   |",
        "ruby-coffee-script": "| 26 | 54 |   Ruby   |",
        "token_generator": "| 25 | 9 |   Ruby   |",
        "rails-docs-server": "| 25 | 18 |   Ruby   |",
        "http_authentication": "| 22 | 7 |   Ruby   |",
        "irs_process_scripts": "| 22 | 6 |   None   |",
        "javascript_test": "| 19 | 9 |   JavaScript   |",
        "rails_fast_attributes": "| 19 | 8 |   Rust   |",
        "scriptaculous_slider": "| 18 | 11 |   JavaScript   |",
        "scaffolding": "| 17 | 7 |   Ruby   |",
        "request_profiler": "| 17 | 3 |   Ruby   |",
        "rails-ujs": "| 15 | 11 |   None   |",
        "buildkite-config": "| 15 | 21 |   Ruby   |",
        "tzinfo_timezone": "| 13 | 5 |   Ruby   |",
        "rails-bot": "| 13 | 11 |   Python   |",
        "localization": "| 12 | 3 |   Ruby   |",
        "rails-probot": "| 9 | 7 |   JavaScript   |",
        "tztime": "| 8 | 4 |   Ruby   |",
        "rails-deprecated_sanitizer": "| 8 | 6 |   Ruby   |",
        "continuous_builder": "| 7 | 4 |   Ruby   |",
        "discourse-rubyonrails-theme": "| 6 | 7 |   HTML   |",
        "rails-master-hook": "| 5 | 4 |   Ruby   |",
        "hide_action": "| 4 | 3 |   Ruby   |",
        "sqlite2_adapter": "| 3 | 2 |   Ruby   |",
        "gem-buildkite-config": "| 3 | 4 |   Ruby   |",
        "fcgi_handler": "| 2 | 2 |   None   |"
    }
}