{
    "company": "Rancher",
    "h-index": 62,
    "repo count": 522,
    "contributor count": 6252,
    "size": "todo",
    "employee count": "todo",
    "country": null,
    "top language": "Go",
    "repos": {
        "rancher": "| 21028 | 2800 |   Go   |",
        "os": "| 6433 | 680 |   Go   |",
        "k3os": "| 3364 | 395 |   Go   |",
        "rke": "| 2960 | 575 |   Go   |",
        "rio": "| 2281 | 229 |   Go   |",
        "local-path-provisioner": "| 1581 | 366 |   Go   |",
        "convoy": "| 1309 | 135 |   Go   |",
        "fleet": "| 1288 | 196 |   Go   |",
        "rke2": "| 965 | 215 |   Go   |",
        "old-vm": "| 649 | 139 |   Go   |",
        "cattle": "| 575 | 187 |   Java   |",
        "k3c": "| 572 | 22 |   Go   |",
        "ui": "| 562 | 510 |   JavaScript   |",
        "system-upgrade-controller": "| 482 | 67 |   Go   |",
        "community-catalog": "| 385 | 653 |   Smarty   |",
        "dapper": "| 343 | 82 |   Go   |",
        "charts": "| 341 | 660 |   Smarty   |",
        "quickstart": "| 341 | 297 |   HCL   |",
        "install-docker": "| 340 | 190 |   Shell   |",
        "cli": "| 330 | 156 |   Go   |",
        "kim": "| 324 | 19 |   Go   |",
        "terraform-provider-rke": "| 322 | 143 |   Go   |",
        "trash": "| 297 | 56 |   Go   |",
        "terraform-controller": "| 290 | 43 |   Go   |",
        "dashboard": "| 283 | 183 |   Vue   |",
        "opni": "| 256 | 45 |   Go   |",
        "remotedialer": "| 246 | 81 |   Go   |",
        "terraform-provider-rancher2": "| 219 | 176 |   Go   |",
        "rancher-compose": "| 215 | 61 |   Go   |",
        "wrangler": "| 199 | 78 |   Go   |",
        "elemental-toolkit": "| 189 | 35 |   Shell   |",
        "os-vagrant": "| 175 | 45 |   Ruby   |",
        "rancher-catalog": "| 153 | 239 |   Smarty   |",
        "elemental": "| 153 | 31 |   TypeScript   |",
        "docs": "| 142 | 1165 |   SCSS   |",
        "catalog-dockerfiles": "| 130 | 105 |   Shell   |",
        "fleet-examples": "| 130 | 377 |   Shell   |",
        "api-spec": "| 120 | 53 |   None   |",
        "ansible-playbooks": "| 113 | 45 |   Python   |",
        "k8s-intro-training": "| 112 | 100 |   HTML   |",
        "sherdock": "| 111 | 13 |   JavaScript   |",
        "docker-from-scratch": "| 107 | 15 |   Go   |",
        "norman": "| 102 | 119 |   Go   |",
        "pipeline": "| 96 | 38 |   Go   |",
        "lb-controller": "| 95 | 60 |   Go   |",
        "container-crontab": "| 88 | 24 |   Go   |",
        "os2": "| 88 | 15 |   Go   |",
        "terraform-modules": "| 85 | 40 |   HCL   |",
        "system-charts": "| 83 | 176 |   Mustache   |",
        "rancher-dns": "| 80 | 28 |   Go   |",
        "vagrant": "| 79 | 58 |   Shell   |",
        "giddyup": "| 78 | 21 |   Go   |",
        "kontainer-engine": "| 78 | 83 |   Go   |",
        "go-rancher": "| 74 | 69 |   Go   |",
        "go-skel": "| 72 | 42 |   Shell   |",
        "backup-restore-operator": "| 71 | 55 |   Go   |",
        "machine": "| 70 | 94 |   Go   |",
        "runc-cve": "| 69 | 15 |   Dockerfile   |",
        "rancher-cleanup": "| 67 | 28 |   Shell   |",
        "terraform-k3s-aws-cluster": "| 66 | 49 |   HCL   |",
        "agent": "| 64 | 63 |   Shell   |",
        "external-dns": "| 63 | 82 |   Go   |",
        "terraform-provider-rancher2-archive": "| 62 | 30 |   Go   |",
        "rancher.github.io": "| 58 | 285 |   HTML   |",
        "types": "| 58 | 146 |   Go   |",
        "ui-driver-skel": "| 57 | 223 |   JavaScript   |",
        "kontainer-driver-metadata": "| 56 | 109 |   Go   |",
        "os-services": "| 55 | 93 |   Shell   |",
        "gitjob": "| 50 | 26 |   Go   |",
        "client-python": "| 49 | 32 |   Python   |",
        "rke2-charts": "| 47 | 60 |   Shell   |",
        "rancher-cloud-controller-manager": "| 44 | 14 |   Go   |",
        "rodeo": "| 44 | 53 |   Smarty   |",
        "10acre-ranch": "| 42 | 32 |   Shell   |",
        "steve": "| 41 | 52 |   Go   |",
        "secrets-bridge": "| 40 | 10 |   Go   |",
        "storage": "| 40 | 65 |   Shell   |",
        "rancherd": "| 40 | 21 |   Go   |",
        "rancher-docs": "| 40 | 103 |   JavaScript   |",
        "hyperkube": "| 39 | 46 |   None   |",
        "terraform-rancher-server": "| 39 | 23 |   HCL   |",
        "os-packer": "| 38 | 40 |   Shell   |",
        "k8s-sql": "| 38 | 8 |   Go   |",
        "pipeline-example-go": "| 37 | 283 |   Go   |",
        "server-chart": "| 37 | 69 |   Shell   |",
        "partner-charts": "| 37 | 144 |   Mustache   |",
        "system-tools": "| 33 | 13 |   Go   |",
        "cis-operator": "| 33 | 25 |   Go   |",
        "lasso": "| 32 | 32 |   Go   |",
        "os-base": "| 31 | 48 |   Shell   |",
        "rancher-metadata": "| 31 | 30 |   Go   |",
        "pipeline-example-maven": "| 31 | 187 |   Java   |",
        "websocket-proxy": "| 29 | 21 |   Go   |",
        "rke-tools": "| 29 | 69 |   Go   |",
        "gdapi-python": "| 28 | 20 |   Python   |",
        "helm-unittest": "| 28 | 18 |   Go   |",
        "wins": "| 28 | 23 |   Go   |",
        "migration-tools": "| 27 | 7 |   Go   |",
        "os-kernel": "| 25 | 57 |   Shell   |",
        "external-lb": "| 25 | 31 |   Go   |",
        "cluster-template-examples": "| 25 | 72 |   None   |",
        "api-ui": "| 24 | 18 |   JavaScript   |",
        "rancher-net": "| 24 | 24 |   Shell   |",
        "k3os-kernel": "| 23 | 36 |   Shell   |",
        "rke2-build": "| 23 | 13 |   HCL   |",
        "rancher-auth-service": "| 22 | 21 |   Go   |",
        "ingress-nginx": "| 22 | 43 |   Go   |",
        "security-scan": "| 22 | 45 |   Go   |",
        "image-mirror": "| 22 | 77 |   Shell   |",
        "wrangler-cli": "| 22 | 7 |   Go   |",
        "wharfie": "| 22 | 7 |   Go   |",
        "os-installer": "| 21 | 18 |   Shell   |",
        "jenkins-slave": "| 21 | 22 |   Shell   |",
        "rancher-ecr-credentials": "| 21 | 10 |   Go   |",
        "rdns-server": "| 21 | 14 |   Go   |",
        "os-images": "| 20 | 22 |   None   |",
        "onboarding-content": "| 19 | 12 |   None   |",
        "webhook": "| 19 | 45 |   Go   |",
        "cattle-cli": "| 18 | 11 |   Python   |",
        "elemental-operator": "| 18 | 10 |   Go   |",
        "host-api": "| 17 | 21 |   Go   |",
        "go-machine-service": "| 17 | 29 |   Go   |",
        "scheduler": "| 17 | 26 |   Go   |",
        "hello-world": "| 17 | 34 |   Go   |",
        "prometheus-auth": "| 17 | 19 |   Go   |",
        "docker-dind-base": "| 16 | 21 |   Shell   |",
        "kubernetes-agent": "| 16 | 15 |   Go   |",
        "webhook-service": "| 16 | 19 |   Go   |",
        "kubernetes-package": "| 16 | 41 |   Shell   |",
        "ipsec": "| 16 | 6 |   Go   |",
        "rancher2-scaling": "| 16 | 11 |   HCL   |",
        "elemental-cli": "| 16 | 14 |   Go   |",
        "eks-operator": "| 15 | 28 |   Go   |",
        "noVNC": "| 14 | 3 |   JavaScript   |",
        "pipeline-example-php": "| 14 | 85 |   CSS   |",
        "wrangler-sample": "| 14 | 11 |   Go   |",
        "rke2-selinux": "| 14 | 14 |   Shell   |",
        "ember-api-store": "| 13 | 16 |   JavaScript   |",
        "buildroot": "| 13 | 15 |   Makefile   |",
        "support-bundle-kit": "| 13 | 22 |   Go   |",
        "jenkins-master": "| 12 | 15 |   Shell   |",
        "go-rancher-metadata": "| 12 | 35 |   Go   |",
        "kubectld": "| 12 | 15 |   Shell   |",
        "strato": "| 11 | 4 |   Go   |",
        "dynamiclistener": "| 11 | 41 |   Go   |",
        "helm3-charts": "| 11 | 44 |   Mustache   |",
        "apiserver": "| 11 | 25 |   Go   |",
        "shell": "| 11 | 31 |   Shell   |",
        "system-agent": "| 11 | 27 |   Go   |",
        "agent-instance": "| 10 | 22 |   Shell   |",
        "jenkins-rancher": "| 10 | 17 |   None   |",
        "demo-compose-templates": "| 10 | 5 |   PHP   |",
        "helm": "| 10 | 26 |   Go   |",
        "gitwatcher": "| 10 | 6 |   Go   |",
        "kubectl": "| 10 | 10 |   Shell   |",
        "etcdb": "| 9 | 1 |   Go   |",
        "kubernetes-provider-detector": "| 9 | 10 |   Go   |",
        "gke-operator": "| 9 | 18 |   Go   |",
        "charts-build-scripts": "| 9 | 21 |   Go   |",
        "windows": "| 9 | 4 |   HCL   |",
        "console-agent": "| 8 | 5 |   JavaScript   |",
        "netconf": "| 8 | 6 |   Go   |",
        "rancher-catalog-service": "| 8 | 21 |   None   |",
        "healthcheck": "| 8 | 18 |   Go   |",
        "plugin-manager": "| 8 | 18 |   Go   |",
        "longhorn-manager-old": "| 8 | 5 |   Go   |",
        "best-practice-guide": "| 8 | 8 |   CSS   |",
        "fluentd": "| 8 | 33 |   Shell   |",
        "channelserver": "| 8 | 17 |   Go   |",
        "cowsay": "| 8 | 1 |   Dockerfile   |",
        "ui-plugin-examples": "| 8 | 11 |   Smarty   |",
        "ssh-host-container": "| 7 | 7 |   Shell   |",
        "socat-test": "| 7 | 8 |   Shell   |",
        "rancher-compose-executor": "| 7 | 24 |   Go   |",
        "kubernetes": "| 7 | 20 |   Go   |",
        "cluster-manager": "| 7 | 5 |   Go   |",
        "openstack-catalog": "| 7 | 3 |   Python   |",
        "telemetry": "| 7 | 27 |   Go   |",
        "pipeline-ui": "| 7 | 10 |   JavaScript   |",
        "pipeline-tools": "| 7 | 10 |   Shell   |",
        "rio-autoscaler": "| 7 | 4 |   Go   |",
        "rancher-operator": "| 7 | 17 |   Go   |",
        "aks-operator": "| 7 | 24 |   Go   |",
        "prometheus-federator": "| 7 | 18 |   Smarty   |",
        "python-agent": "| 6 | 23 |   Python   |",
        "validation-tests": "| 6 | 33 |   Python   |",
        "kubernetes-model": "| 6 | 6 |   Go   |",
        "rancher-docker-api-proxy": "| 6 | 7 |   Go   |",
        "confd-base": "| 6 | 4 |   None   |",
        "vxlan": "| 6 | 9 |   Go   |",
        "metadata": "| 6 | 10 |   Go   |",
        "kontainer-engine-driver-aliyun": "| 6 | 12 |   Go   |",
        "webhook-receiver": "| 6 | 9 |   Go   |",
        "istio-installer": "| 6 | 16 |   Shell   |",
        "rke2-upgrade": "| 6 | 11 |   Shell   |",
        "migration-agent": "| 6 | 4 |   Go   |",
        "ecm-distro-tools": "| 6 | 17 |   Go   |",
        "host-proxy": "| 5 | 4 |   Go   |",
        "convoy-agent": "| 5 | 18 |   Go   |",
        "secrets-api": "| 5 | 8 |   Go   |",
        "cluster-agent": "| 5 | 10 |   Go   |",
        "validation": "| 5 | 31 |   Python   |",
        "kubernetes-windows-dockerfiles": "| 5 | 5 |   Dockerfile   |",
        "kube-api-auth": "| 5 | 15 |   Go   |",
        "stern": "| 5 | 6 |   Go   |",
        "rke2-packaging": "| 5 | 11 |   Shell   |",
        "system-agent-installer-rke2": "| 5 | 15 |   PowerShell   |",
        "elemental-ui": "| 5 | 9 |   Vue   |",
        "build-master": "| 4 | 13 |   Shell   |",
        "icons": "| 4 | 12 |   EJS   |",
        "confd": "| 4 | 6 |   Go   |",
        "infra-catalog": "| 4 | 16 |   Python   |",
        "catalog-service": "| 4 | 18 |   Go   |",
        "kubernetes-auth": "| 4 | 6 |   Go   |",
        "rancher-etcd": "| 4 | 8 |   Shell   |",
        "log-aggregator": "| 4 | 15 |   Go   |",
        "kontainer-engine-driver-huawei": "| 4 | 12 |   Go   |",
        "eio-charts": "| 4 | 9 |   Mustache   |",
        "rio-demo": "| 4 | 42 |   Go   |",
        "dqlite-build": "| 4 | 12 |   Dockerfile   |",
        "PushProx": "| 4 | 2 |   Go   |",
        "rke2-docs": "| 4 | 32 |   JavaScript   |",
        "externalip-webhook": "| 4 | 3 |   Go   |",
        "opni-docs": "| 4 | 6 |   Shell   |",
        "opni-charts": "| 4 | 0 |   Mustache   |",
        "vsphere-charts": "| 4 | 22 |   Go   |",
        "opni-monitoring": "| 4 | 4 |   Go   |",
        "s390x-charts": "| 4 | 3 |   Shell   |",
        "barn": "| 4 | 4 |   HCL   |",
        "hull": "| 4 | 2 |   Go   |",
        "fleet-docs": "| 4 | 14 |   CSS   |",
        "docker-java": "| 3 | 2 |   Java   |",
        "boxen": "| 3 | 4 |   Ruby   |",
        "docker": "| 3 | 3 |   Go   |",
        "zookeeper": "| 3 | 6 |   Shell   |",
        "rancher-mesos-executor": "| 3 | 2 |   Go   |",
        "rancher-mesos-scheduler": "| 3 | 3 |   Go   |",
        "qind": "| 3 | 4 |   Shell   |",
        "leader": "| 3 | 4 |   Go   |",
        "strongswan": "| 3 | 3 |   C   |",
        "machine-package": "| 3 | 26 |   Shell   |",
        "qa-catalog": "| 3 | 19 |   None   |",
        "ui-example-addon-machine": "| 3 | 2 |   None   |",
        "ui-driver-rackhd": "| 3 | 3 |   JavaScript   |",
        "rancher-cni-ipam": "| 3 | 11 |   Go   |",
        "event-subscriber": "| 3 | 13 |   Go   |",
        "os-engines": "| 3 | 5 |   None   |",
        "lacsso": "| 3 | 3 |   JavaScript   |",
        "training-exercises": "| 3 | 3 |   Shell   |",
        "liblonghorn": "| 3 | 15 |   C   |",
        "network-diagnostics": "| 3 | 4 |   Go   |",
        "cluster-controller": "| 3 | 9 |   Go   |",
        "management-api": "| 3 | 10 |   Python   |",
        "flannel-cni": "| 3 | 5 |   Shell   |",
        "old-vm-ui": "| 3 | 2 |   JavaScript   |",
        "magellan": "| 3 | 4 |   JavaScript   |",
        "wmi_exporter-package": "| 3 | 4 |   PowerShell   |",
        "mesh-metrics": "| 3 | 2 |   Go   |",
        "rio-stack-demo": "| 3 | 3 |   Go   |",
        "rancher-tv": "| 3 | 1 |   None   |",
        "hyperkube-base": "| 3 | 11 |   Dockerfile   |",
        "build-tekton": "| 3 | 10 |   Shell   |",
        "fluent-bit-package": "| 3 | 4 |   Makefile   |",
        "rancher-selinux": "| 3 | 4 |   Shell   |",
        "project-assets": "| 3 | 3 |   None   |",
        "opni-kibana-dashboard": "| 3 | 2 |   Shell   |",
        "opni-drain-service": "| 3 | 3 |   Python   |",
        "terraform-rancher-project-collection": "| 3 | 7 |   HCL   |",
        "vagrant-rke2": "| 3 | 2 |   Ruby   |",
        "terraform-module-drone-repository": "| 3 | 1 |   HCL   |",
        "helm-project-operator": "| 3 | 10 |   Go   |",
        "ui-plugin-server": "| 3 | 7 |   Shell   |",
        "build-tools": "| 2 | 13 |   Shell   |",
        "loadbalancer": "| 2 | 2 |   None   |",
        "drone-sd": "| 2 | 4 |   Shell   |",
        "rancher-swarm": "| 2 | 2 |   Shell   |",
        "runc": "| 2 | 5 |   Go   |",
        "term.js": "| 2 | 2 |   JavaScript   |",
        "git-mirror": "| 2 | 3 |   Smarty   |",
        "windows-scheduler": "| 2 | 2 |   Go   |",
        "netes-agent": "| 2 | 7 |   Go   |",
        "share-mnt": "| 2 | 14 |   Go   |",
        "cluster-register": "| 2 | 3 |   Go   |",
        "per-host-subnet": "| 2 | 6 |   Go   |",
        "netes": "| 2 | 5 |   Go   |",
        "loglevel": "| 2 | 13 |   Go   |",
        "machine-controller": "| 2 | 8 |   Go   |",
        "auth": "| 2 | 5 |   Go   |",
        "pre-pull-images": "| 2 | 4 |   Shell   |",
        "pipeline-jenkins-server": "| 2 | 16 |   Groovy   |",
        "kontainer-engine-driver-tencent": "| 2 | 8 |   Go   |",
        "k3os-rootfs": "| 2 | 4 |   Shell   |",
        "mapper": "| 2 | 6 |   Go   |",
        "wrangler-api": "| 2 | 8 |   Go   |",
        "image-build-kubernetes": "| 2 | 21 |   Dockerfile   |",
        "dev-charts": "| 2 | 13 |   Shell   |",
        "spur": "| 2 | 2 |   Go   |",
        "systemd-node": "| 2 | 2 |   Dockerfile   |",
        "opni-preprocessing-service": "| 2 | 2 |   Python   |",
        "image-build-rke2-cloud-provider": "| 2 | 10 |   Go   |",
        "virus-scanning": "| 2 | 1 |   Shell   |",
        "opni-ui": "| 2 | 5 |   Vue   |",
        "helm-locker": "| 2 | 3 |   Go   |",
        "agent-binaries": "| 1 | 5 |   Shell   |",
        "drone": "| 1 | 1 |   Go   |",
        "cadvisor": "| 1 | 0 |   None   |",
        "node-agent": "| 1 | 6 |   JavaScript   |",
        "rancher-node-simulator": "| 1 | 3 |   Shell   |",
        "cadvisor-package": "| 1 | 9 |   Shell   |",
        "coreos-cloudinit": "| 1 | 1 |   Go   |",
        "go-dockerclient": "| 1 | 1 |   Go   |",
        "swarm": "| 1 | 3 |   Go   |",
        "linux": "| 1 | 7 |   C   |",
        "thin-provisioning-tools": "| 1 | 3 |   C++   |",
        "docker-alpine-stunnel": "| 1 | 2 |   Shell   |",
        "test-images": "| 1 | 3 |   Shell   |",
        "tiny-build": "| 1 | 2 |   None   |",
        "loggly-docker": "| 1 | 1 |   Shell   |",
        "public-dns-client": "| 1 | 4 |   Go   |",
        "longhorn-catalog": "| 1 | 5 |   None   |",
        "orchestrating-docker": "| 1 | 2 |   Python   |",
        "selinux": "| 1 | 4 |   Go   |",
        "refpolicy": "| 1 | 2 |   Python   |",
        "v2-api": "| 1 | 4 |   Go   |",
        "yaml": "| 1 | 0 |   Go   |",
        "os-vbox": "| 1 | 3 |   None   |",
        "mesos-catalog": "| 1 | 2 |   Shell   |",
        "docker-longhorn-driver": "| 1 | 3 |   Go   |",
        "rancher-flexvol": "| 1 | 5 |   Go   |",
        "weave": "| 1 | 4 |   Go   |",
        "rancher-tools-catalog": "| 1 | 6 |   None   |",
        "api-filter-proxy": "| 1 | 4 |   Go   |",
        "network-policy-manager": "| 1 | 4 |   Go   |",
        "namespace-manager": "| 1 | 1 |   Go   |",
        "network-diagnostics-agent": "| 1 | 3 |   Shell   |",
        "smoketest": "| 1 | 1 |   Shell   |",
        "cihelper": "| 1 | 1 |   Go   |",
        "cni-driver": "| 1 | 2 |   Go   |",
        "go-winnat": "| 1 | 4 |   Go   |",
        "connectivity-check": "| 1 | 3 |   Go   |",
        "workload-controller": "| 1 | 3 |   Go   |",
        "alertmanager-helper": "| 1 | 2 |   Go   |",
        "multi-cluster-app": "| 1 | 3 |   Go   |",
        "cert-manager": "| 1 | 1 |   Go   |",
        "favorite-tweets": "| 1 | 1 |   JavaScript   |",
        "k3os-initrdfs": "| 1 | 5 |   Shell   |",
        "axe": "| 1 | 1 |   Go   |",
        "k3os-aws-kernel": "| 1 | 1 |   Shell   |",
        "istio-sample-charts": "| 1 | 1 |   None   |",
        "linkerd-install": "| 1 | 3 |   Dockerfile   |",
        "metrics-server": "| 1 | 4 |   None   |",
        "github-release-downloads": "| 1 | 1 |   JavaScript   |",
        "image-build-coredns": "| 1 | 12 |   Makefile   |",
        "istio-1.5-migration": "| 1 | 3 |   Shell   |",
        "image-build-crictl": "| 1 | 10 |   Shell   |",
        "containerd-repackaging": "| 1 | 1 |   Shell   |",
        "kubevirt-containerized-data-importer": "| 1 | 2 |   None   |",
        "git-auto-commit-action": "| 1 | 1 |   None   |",
        "tasks": "| 1 | 1 |   None   |",
        "harvester-server": "| 1 | 5 |   None   |",
        "qa-tasks": "| 1 | 1 |   None   |",
        "opni-training-controller": "| 1 | 3 |   Python   |",
        "opni-payload-receiver-service": "| 1 | 1 |   Python   |",
        "opni-inference-service": "| 1 | 2 |   Python   |",
        "opni-nats-wrapper": "| 1 | 1 |   Python   |",
        "windows-runtime-base": "| 1 | 0 |   None   |",
        "rke2-windows-runtime": "| 1 | 0 |   None   |",
        "sonobuoy-plugins": "| 1 | 1 |   None   |",
        "rke1-docs": "| 1 | 4 |   JavaScript   |",
        "ui-plugin-operator": "| 1 | 7 |   Go   |",
        "partner-rancher-extensions": "| 1 | 0 |   None   |",
        "gdapi-java-server": "| 0 | 6 |   Java   |",
        "test-agent": "| 0 | 1 |   JavaScript   |",
        "docker-py": "| 0 | 0 |   Python   |",
        "libcompose": "| 0 | 5 |   Go   |",
        "tcmu-runner": "| 0 | 0 |   C   |",
        "strongswan-package": "| 0 | 5 |   Shell   |",
        "goStrongswanVici": "| 0 | 1 |   Go   |",
        "refpolicy-contrib": "| 0 | 1 |   None   |",
        "swarm-agent": "| 0 | 2 |   Go   |",
        "candiedyaml": "| 0 | 3 |   Go   |",
        "go-fibmap": "| 0 | 1 |   Go   |",
        "vm-net": "| 0 | 3 |   Go   |",
        "kolla": "| 0 | 3 |   Python   |",
        "cniglue": "| 0 | 3 |   Go   |",
        "cni": "| 0 | 7 |   Go   |",
        "etc-host-updater": "| 0 | 5 |   Go   |",
        "websocket-client": "| 0 | 3 |   Python   |",
        "cli-1": "| 0 | 1 |   Go   |",
        "tgt": "| 0 | 10 |   C   |",
        "docker-package": "| 0 | 2 |   Shell   |",
        "secrets-flexvol": "| 0 | 3 |   Go   |",
        "swarmkit-operator": "| 0 | 2 |   Shell   |",
        "engine-api": "| 0 | 1 |   Go   |",
        "register-tool": "| 0 | 3 |   Go   |",
        "rancher-cni-bridge": "| 0 | 8 |   Go   |",
        "rancher-catalog-v1.1": "| 0 | 2 |   Python   |",
        "windows-bootstrap": "| 0 | 2 |   None   |",
        "strato-packages": "| 0 | 2 |   None   |",
        "rancher-auth-filter-service": "| 0 | 1 |   Go   |",
        "rancher-domain-validation-service": "| 0 | 1 |   Go   |",
        "jenkins-rancher-validations": "| 0 | 9 |   Python   |",
        "test-catalog": "| 0 | 5 |   None   |",
        "flavor-machine-driver": "| 0 | 4 |   Go   |",
        "portainer-agent": "| 0 | 1 |   Go   |",
        "brand-guidelines": "| 0 | 2 |   CSS   |",
        "saml": "| 0 | 1 |   Go   |",
        "gc-manager": "| 0 | 2 |   Go   |",
        "git-container": "| 0 | 2 |   None   |",
        "etcd-operator": "| 0 | 1 |   Go   |",
        "slack-irc": "| 0 | 1 |   JavaScript   |",
        "jenkins-boot": "| 0 | 2 |   JavaScript   |",
        "goautoneg": "| 0 | 1 |   Go   |",
        "client": "| 0 | 2 |   Go   |",
        "log": "| 0 | 1 |   Go   |",
        "log-example": "| 0 | 1 |   Shell   |",
        "rancher-host-local-ipam": "| 0 | 2 |   Go   |",
        "pod-setup": "| 0 | 1 |   Go   |",
        "network-healthcheck": "| 0 | 2 |   None   |",
        "rancher-flat-ipam": "| 0 | 2 |   Go   |",
        "win-route-netsh": "| 0 | 1 |   Go   |",
        "coredns": "| 0 | 3 |   Go   |",
        "secrets-bridge-v2": "| 0 | 2 |   Go   |",
        "windows-binaries": "| 0 | 1 |   None   |",
        "server-base": "| 0 | 3 |   Shell   |",
        "cluster-api-legacy": "| 0 | 8 |   Go   |",
        "catalog-controller": "| 0 | 2 |   Go   |",
        "management-auth-controller": "| 0 | 2 |   Go   |",
        "norman-rbac": "| 0 | 3 |   Go   |",
        "rke-nginx-proxy": "| 0 | 4 |   Shell   |",
        "rke-service-sidekick": "| 0 | 7 |   Shell   |",
        "rke-cert-deployer": "| 0 | 5 |   Shell   |",
        "settings": "| 0 | 0 |   Go   |",
        "fluentd-helper": "| 0 | 5 |   Go   |",
        "os-system-docker": "| 0 | 3 |   Shell   |",
        "pipeline-docker-publish": "| 0 | 2 |   Go   |",
        "pipeline-kube-apply": "| 0 | 2 |   Shell   |",
        "ivy-codemirror": "| 0 | 1 |   JavaScript   |",
        "os-initrd-base": "| 0 | 5 |   Shell   |",
        "ember-cookies": "| 0 | 1 |   JavaScript   |",
        "fastboot-express-middleware": "| 0 | 1 |   JavaScript   |",
        "gen-api-docs": "| 0 | 3 |   Go   |",
        "pkg": "| 0 | 4 |   Go   |",
        "docker-jnlp-slave": "| 0 | 1 |   Shell   |",
        "docker-cli": "| 0 | 2 |   Go   |",
        "docker-ce-packaging": "| 0 | 2 |   Makefile   |",
        "plugins": "| 0 | 10 |   Go   |",
        "kube-prompt": "| 0 | 1 |   Go   |",
        "ember-shared": "| 0 | 1 |   JavaScript   |",
        "moq": "| 0 | 1 |   Go   |",
        "rrl": "| 0 | 0 |   Go   |",
        "kontainer-engine-driver-rke": "| 0 | 2 |   None   |",
        "longhorn-community": "| 0 | 0 |   None   |",
        "cleanup-digitalocean-keys": "| 0 | 1 |   JavaScript   |",
        "integration-test-charts": "| 0 | 7 |   Smarty   |",
        "serving": "| 0 | 2 |   Go   |",
        "configmap-reload": "| 0 | 5 |   Go   |",
        "golang": "| 0 | 3 |   Dockerfile   |",
        "azure-cli": "| 0 | 2 |   PowerShell   |",
        "client-go": "| 0 | 14 |   Go   |",
        "crypto": "| 0 | 0 |   None   |",
        "linkerd2": "| 0 | 1 |   Go   |",
        "go-dqlite": "| 0 | 1 |   None   |",
        "url-shortener": "| 0 | 4 |   JavaScript   |",
        "kustomizebuild": "| 0 | 2 |   None   |",
        "apimachinery": "| 0 | 0 |   None   |",
        "image-build-etcd": "| 0 | 12 |   Dockerfile   |",
        "drone-exporter": "| 0 | 2 |   Go   |",
        "image-build-calico": "| 0 | 18 |   Dockerfile   |",
        "image-build-containerd": "| 0 | 13 |   Dockerfile   |",
        "image-build-flannel": "| 0 | 15 |   Dockerfile   |",
        "image-build-k8s-metrics-server": "| 0 | 12 |   Dockerfile   |",
        "image-build-skel": "| 0 | 4 |   Go   |",
        "image-build-runc": "| 0 | 10 |   Makefile   |",
        "image-build-base": "| 0 | 26 |   Shell   |",
        "image-build-kube-proxy": "| 0 | 10 |   Dockerfile   |",
        "image-build-helm-controller": "| 0 | 3 |   Dockerfile   |",
        "academy": "| 0 | 1 |   None   |",
        "drone-docker-image-digests": "| 0 | 5 |   Go   |",
        "chart-testing": "| 0 | 1 |   None   |",
        "juju-to-pkg-errors": "| 0 | 2 |   Go   |",
        "kubevirt-client-go": "| 0 | 1 |   None   |",
        "containerd-packaging": "| 0 | 1 |   None   |",
        "image-build-coreos-flannel": "| 0 | 3 |   None   |",
        "rancherd-upgrade": "| 0 | 1 |   Shell   |",
        "slackin-extended": "| 0 | 0 |   None   |",
        "config-modifier": "| 0 | 2 |   Go   |",
        "image-build-multus": "| 0 | 7 |   Makefile   |",
        "image-build-sriov-cni": "| 0 | 7 |   Makefile   |",
        "image-build-sriov-network-device-plugin": "| 0 | 6 |   Makefile   |",
        "image-build-sriov-operator": "| 0 | 7 |   Makefile   |",
        "cluster-api": "| 0 | 0 |   None   |",
        "windows_exporter-package": "| 0 | 1 |   PowerShell   |",
        "image-build-sriov-network-resources-injector": "| 0 | 7 |   Makefile   |",
        "image-build-ib-sriov-cni": "| 0 | 7 |   Makefile   |",
        "rancher-jobs": "| 0 | 1 |   None   |",
        "system-agent-installer-k3s": "| 0 | 15 |   Shell   |",
        "image-build-cni-plugins": "| 0 | 14 |   Dockerfile   |",
        "opnictl": "| 0 | 0 |   None   |",
        "windows-packages": "| 0 | 1 |   None   |",
        "cri-dockerd": "| 0 | 5 |   Go   |",
        "image-build-cilium-image-tools": "| 0 | 3 |   Shell   |",
        "opni-nulog-train": "| 0 | 1 |   Python   |",
        "image-build-cilium": "| 0 | 2 |   Shell   |",
        "image-build-dns-nodecache": "| 0 | 8 |   Dockerfile   |",
        "opni-insights-service": "| 0 | 2 |   Python   |",
        "opni-metrics-service": "| 0 | 0 |   Python   |",
        "storybook": "| 0 | 1 |   None   |",
        "csp-adapter": "| 0 | 9 |   Go   |",
        "image-build-whereabouts": "| 0 | 5 |   Dockerfile   |",
        "questions-yml-examples": "| 0 | 0 |   None   |",
        "aws-iam-authenticator": "| 0 | 0 |   Go   |",
        "calico-cni": "| 0 | 5 |   None   |",
        "image-build-node-feature-discovery": "| 0 | 2 |   Dockerfile   |",
        "ui-plugin-charts": "| 0 | 6 |   Smarty   |",
        "go-test-html-report": "| 0 | 0 |   None   |",
        "elemental-docs": "| 0 | 13 |   JavaScript   |",
        "demo-renovate": "| 0 | 1 |   Dockerfile   |",
        "renovate-config": "| 0 | 1 |   None   |",
        ".github": "| 0 | 0 |   None   |",
        "fleet-test-data": "| 0 | 0 |   Smarty   |",
        "highlander": "| 0 | 0 |   None   |"
    }
}