{
    "company": "Raspberry Pi",
    "h-index": 41,
    "repo count": 53,
    "contributor count": 1624,
    "size": "todo",
    "employee count": "todo",
    "country": "Cambridge, UK",
    "top language": "C",
    "repos": {
        "linux": "| 9702 | 4496 |   C   |",
        "documentation": "| 4838 | 1947 |   Python   |",
        "firmware": "| 4804 | 1672 |   C   |",
        "pico-sdk": "| 2376 | 595 |   C   |",
        "noobs": "| 2184 | 446 |   Makefile   |",
        "userland": "| 1999 | 1098 |   C   |",
        "pico-examples": "| 1955 | 608 |   C   |",
        "tools": "| 1827 | 877 |   C   |",
        "rpi-imager": "| 1123 | 169 |   C   |",
        "rpi-eeprom": "| 1084 | 187 |   Shell   |",
        "usbboot": "| 691 | 195 |   Python   |",
        "pico-micropython-examples": "| 679 | 181 |   Python   |",
        "hats": "| 614 | 146 |   C   |",
        "Raspberry-Pi-OS-64bit": "| 468 | 20 |   None   |",
        "picoprobe": "| 417 | 115 |   C   |",
        "picamera2": "| 408 | 107 |   Python   |",
        "pico-tflmicro": "| 397 | 71 |   C++   |",
        "quake3": "| 374 | 127 |   C   |",
        "picotool": "| 366 | 59 |   C++   |",
        "pico-extras": "| 352 | 81 |   C   |",
        "maynard": "| 335 | 48 |   C   |",
        "pico-playground": "| 318 | 68 |   C   |",
        "piserver": "| 286 | 57 |   C++   |",
        "libcamera-apps": "| 239 | 127 |   C++   |",
        "raspiraw": "| 232 | 85 |   C   |",
        "pico-project-generator": "| 205 | 59 |   Python   |",
        "pico-bootrom": "| 201 | 33 |   C   |",
        "windows-drivers": "| 103 | 28 |   C   |",
        "openocd": "| 95 | 66 |   C   |",
        "rpi-firmware": "| 90 | 27 |   C   |",
        "scratch": "| 81 | 22 |   None   |",
        "rpi-update": "| 75 | 9 |   Shell   |",
        "pico-setup-windows": "| 73 | 9 |   PowerShell   |",
        "usbbootgui": "| 72 | 19 |   M4   |",
        "pico-setup": "| 72 | 36 |   Shell   |",
        "libcamera": "| 71 | 36 |   C++   |",
        "rpi-sense": "| 65 | 24 |   Assembly   |",
        "gpioexpander": "| 62 | 22 |   Makefile   |",
        "tinyusb": "| 61 | 18 |   C   |",
        "utils": "| 56 | 23 |   C   |",
        "cmprovision": "| 44 | 6 |   PHP   |",
        "target_fs": "| 38 | 36 |   Shell   |",
        "weston": "| 34 | 9 |   C   |",
        "scriptexecutor": "| 32 | 12 |   Shell   |",
        "usb-pid": "| 30 | 13 |   None   |",
        "raspberrypi.github.io": "| 22 | 13 |   HTML   |",
        "pico-feedback": "| 21 | 3 |   None   |",
        "pico-host-sdl": "| 19 | 6 |   C   |",
        "pytrack": "| 16 | 7 |   Python   |",
        "skygate": "| 15 | 8 |   Python   |",
        "style-guide": "| 11 | 8 |   None   |",
        "buildroot": "| 3 | 1 |   Makefile   |",
        "ban-hammer": "| 1 | 0 |   None   |"
    }
}