{
    "company": "React Community",
    "h-index": 47,
    "repo count": 59,
    "contributor count": 1974,
    "size": "todo",
    "employee count": "todo",
    "country": "Everywhere",
    "top language": "TypeScript",
    "repos": {
        "react-transition-group": "| 9800 | 684 |   JavaScript   |",
        "react.dev": "| 9537 | 7109 |   TypeScript   |",
        "react-router-redux": "| 7873 | 700 |   JavaScript   |",
        "react-modal": "| 7210 | 832 |   JavaScript   |",
        "react-rails": "| 6628 | 787 |   JavaScript   |",
        "react-router-tutorial": "| 5552 | 1804 |   JavaScript   |",
        "rfcs": "| 4983 | 569 |   None   |",
        "react-basic": "| 4103 | 178 |   None   |",
        "react-codemod": "| 3973 | 302 |   JavaScript   |",
        "server-components-demo": "| 3769 | 562 |   JavaScript   |",
        "react-docgen": "| 3395 | 286 |   TypeScript   |",
        "react-tutorial": "| 3300 | 2172 |   JavaScript   |",
        "react-tabs": "| 2963 | 435 |   JavaScript   |",
        "react-chartjs": "| 2943 | 315 |   JavaScript   |",
        "react-future": "| 2834 | 133 |   JavaScript   |",
        "express-react-views": "| 2742 | 276 |   JavaScript   |",
        "react-a11y": "| 2325 | 144 |   JavaScript   |",
        "React.NET": "| 2243 | 971 |   C#   |",
        "react-autocomplete": "| 2165 | 541 |   JavaScript   |",
        "react-art": "| 1994 | 176 |   JavaScript   |",
        "react-php-v8js": "| 1330 | 131 |   PHP   |",
        "react-magic": "| 932 | 100 |   JavaScript   |",
        "core-notes": "| 903 | 47 |   None   |",
        "zh-hans.react.dev": "| 713 | 1059 |   TypeScript   |",
        "ru.react.dev": "| 621 | 381 |   TypeScript   |",
        "ko.react.dev": "| 464 | 318 |   TypeScript   |",
        "react-lifecycles-compat": "| 463 | 34 |   JavaScript   |",
        "pt-br.react.dev": "| 433 | 283 |   TypeScript   |",
        "react-gradual-upgrade-demo": "| 411 | 22 |   JavaScript   |",
        "react-timer-mixin": "| 312 | 42 |   JavaScript   |",
        "es.react.dev": "| 265 | 284 |   TypeScript   |",
        "id.react.dev": "| 252 | 250 |   TypeScript   |",
        "translations.react.dev": "| 232 | 188 |   JavaScript   |",
        "react-static-container": "| 224 | 23 |   JavaScript   |",
        "ja.react.dev": "| 216 | 149 |   TypeScript   |",
        "fa.react.dev": "| 163 | 124 |   TypeScript   |",
        "tr.react.dev": "| 141 | 154 |   TypeScript   |",
        "uk.react.dev": "| 115 | 108 |   TypeScript   |",
        "hi.react.dev": "| 104 | 121 |   TypeScript   |",
        "ar.react.dev": "| 101 | 94 |   TypeScript   |",
        "zh-hant.react.dev": "| 87 | 77 |   TypeScript   |",
        "fr.react.dev": "| 82 | 157 |   TypeScript   |",
        "vi.react.dev": "| 80 | 103 |   TypeScript   |",
        "react-bower": "| 70 | 46 |   JavaScript   |",
        "legacy.reactjs.org": "| 57 | 4 |   JavaScript   |",
        "bn.react.dev": "| 57 | 18 |   TypeScript   |",
        "pl.react.dev": "| 47 | 50 |   TypeScript   |",
        "rackt-codemod": "| 40 | 6 |   JavaScript   |",
        "az.react.dev": "| 39 | 24 |   TypeScript   |",
        "mn.react.dev": "| 38 | 26 |   TypeScript   |",
        "de.react.dev": "| 32 | 49 |   TypeScript   |",
        "he.react.dev": "| 28 | 59 |   TypeScript   |",
        "it.react.dev": "| 28 | 79 |   TypeScript   |",
        "hu.react.dev": "| 22 | 19 |   TypeScript   |",
        "is.react.dev": "| 3 | 0 |   TypeScript   |",
        "reactjs.github.io": "| 2 | 3 |   HTML   |",
        "sw.react.dev": "| 2 | 2 |   TypeScript   |",
        "lo.react.dev": "| 1 | 1 |   TypeScript   |",
        "fi.react.dev": "| 0 | 0 |   TypeScript   |"
    }
}