{
    "company": "ReactiveX",
    "h-index": 36,
    "repo count": 42,
    "contributor count": 1545,
    "size": "todo",
    "employee count": "todo",
    "country": null,
    "top language": "Java",
    "repos": {
        "RxJava": "| 47000 | 7684 |   Java   |",
        "rxjs": "| 28857 | 2951 |   TypeScript   |",
        "RxSwift": "| 23315 | 4072 |   Swift   |",
        "RxAndroid": "| 19784 | 3004 |   Java   |",
        "RxKotlin": "| 6950 | 467 |   Kotlin   |",
        "RxGo": "| 4570 | 327 |   Go   |",
        "RxPY": "| 4452 | 364 |   Python   |",
        "rxdart": "| 3251 | 278 |   Dart   |",
        "RxCpp": "| 2815 | 381 |   C++   |",
        "RxPHP": "| 1656 | 139 |   PHP   |",
        "learnrx": "| 1407 | 303 |   JavaScript   |",
        "RxNetty": "| 1374 | 262 |   Java   |",
        "IxJS": "| 1243 | 71 |   TypeScript   |",
        "RxRuby": "| 953 | 73 |   Ruby   |",
        "RxScala": "| 893 | 121 |   Scala   |",
        "RxJavaFX": "| 517 | 68 |   Java   |",
        "RxRust": "| 470 | 38 |   Rust   |",
        "RxClojure": "| 353 | 40 |   Clojure   |",
        "rxjs-tslint": "| 311 | 41 |   TypeScript   |",
        "RxJavaReactiveStreams": "| 236 | 39 |   Java   |",
        "rxjs-docs": "| 164 | 66 |   TypeScript   |",
        "RxJavaDebug": "| 162 | 15 |   Java   |",
        "RxGroovy": "| 156 | 31 |   Groovy   |",
        "reactivex.github.io": "| 140 | 148 |   JavaScript   |",
        "RxJavaAsyncUtil": "| 132 | 23 |   Java   |",
        "RxJavaString": "| 129 | 25 |   Java   |",
        "RxApacheHttp": "| 117 | 35 |   Java   |",
        "RxJavaJoins": "| 100 | 14 |   Java   |",
        "RxJavaMath": "| 97 | 18 |   Java   |",
        "RxSwing": "| 93 | 22 |   Java   |",
        "rxjs-advent-2018": "| 92 | 13 |   TypeScript   |",
        "rxjs-core-notes": "| 76 | 6 |   None   |",
        "RxJavaFileUtils": "| 61 | 15 |   Java   |",
        "RxJavaComputationExpressions": "| 60 | 8 |   Java   |",
        "RxJavaParallel": "| 54 | 14 |   Java   |",
        "RxJavaGuava": "| 54 | 14 |   Java   |",
        "RxJRuby": "| 36 | 11 |   Ruby   |",
        "Rx.NET": "| 28 | 0 |   None   |",
        "RxQuasar": "| 16 | 7 |   Java   |",
        "RxRoboVM": "| 7 | 8 |   Java   |",
        "BuildInfrastructure": "| 4 | 10 |   Groovy   |",
        "RxSwing2": "| 4 | 3 |   None   |"
    }
}