{
    "company": "Realm",
    "h-index": 34,
    "repo count": 90,
    "contributor count": 1077,
    "size": "todo",
    "employee count": "todo",
    "country": null,
    "top language": "Swift",
    "repos": {
        "SwiftLint": "| 17336 | 2119 |   Swift   |",
        "realm-swift": "| 15871 | 2142 |   Objective-C   |",
        "realm-java": "| 11388 | 1781 |   Java   |",
        "jazzy": "| 7255 | 414 |   Ruby   |",
        "realm-js": "| 5237 | 545 |   TypeScript   |",
        "realm-dotnet": "| 1154 | 163 |   C#   |",
        "realm-core": "| 960 | 149 |   C++   |",
        "realm-kotlin": "| 660 | 45 |   Kotlin   |",
        "realm-dart": "| 610 | 58 |   Dart   |",
        "SwiftCov": "| 562 | 40 |   Swift   |",
        "realm-browser-osx": "| 498 | 53 |   Objective-C   |",
        "realm-android-adapters": "| 414 | 137 |   Java   |",
        "realm-tasks": "| 367 | 73 |   Swift   |",
        "summer-of-swift": "| 308 | 62 |   None   |",
        "realm-object-server": "| 295 | 41 |   Shell   |",
        "RealmContent": "| 237 | 10 |   Swift   |",
        "realm-studio": "| 236 | 37 |   TypeScript   |",
        "realm-cocoa-converter": "| 214 | 28 |   Swift   |",
        "realm-draw": "| 160 | 33 |   C#   |",
        "github-gantt": "| 152 | 47 |   JavaScript   |",
        "realm-object-store": "| 117 | 37 |   C++   |",
        "realm-graphql": "| 81 | 10 |   TypeScript   |",
        "realm-loginkit": "| 72 | 18 |   Swift   |",
        "RChat": "| 70 | 18 |   Swift   |",
        "EventKit": "| 63 | 10 |   Swift   |",
        "realm-kotlin-samples": "| 61 | 18 |   Kotlin   |",
        "realm-scanner": "| 53 | 16 |   Java   |",
        "realm-dart-samples": "| 51 | 21 |   C++   |",
        "react-realm-context": "| 49 | 11 |   TypeScript   |",
        "realm-graphql-service": "| 42 | 9 |   TypeScript   |",
        "my-first-realm-app": "| 40 | 45 |   Java   |",
        "RealmPop": "| 38 | 4 |   Java   |",
        "realm-dvdrental": "| 35 | 8 |   Swift   |",
        "realm-cpp": "| 34 | 8 |   C++   |",
        "realm-android-user-store": "| 34 | 11 |   Java   |",
        "realm-inventory": "| 34 | 12 |   Swift   |",
        "task-tracker-swiftui": "| 32 | 5 |   Swift   |",
        "realm-teamwork-MR": "| 25 | 4 |   Swift   |",
        "unity-examples": "| 20 | 2 |   C#   |",
        "node-template-project": "| 19 | 8 |   TypeScript   |",
        "realm-java-benchmarks": "| 17 | 5 |   Kotlin   |",
        "FindOurDevices": "| 17 | 3 |   JavaScript   |",
        "realm-flipper-plugin": "| 17 | 4 |   TypeScript   |",
        "realm-drawkit": "| 16 | 3 |   Swift   |",
        "roc-ios": "| 15 | 6 |   Swift   |",
        "Scrumdinger": "| 14 | 6 |   Swift   |",
        "aws-devicefarm": "| 14 | 6 |   JavaScript   |",
        "roc-ios-controller": "| 12 | 5 |   Swift   |",
        "realm-search": "| 12 | 4 |   Swift   |",
        "jazzy-integration-specs": "| 11 | 18 |   HTML   |",
        "realm-puzzle": "| 11 | 8 |   Objective-C   |",
        "awesome-realm": "| 11 | 1 |   None   |",
        "gitbook": "| 9 | 3 |   JavaScript   |",
        "charts": "| 9 | 2 |   Smarty   |",
        "realm-surveys": "| 8 | 8 |   Swift   |",
        "electron-react-samples": "| 8 | 4 |   TypeScript   |",
        "realm-sync-demos": "| 8 | 0 |   Kotlin   |",
        "BTNavigationDropdownMenu": "| 7 | 2 |   Swift   |",
        "realm-MultiUserTasksTutorial": "| 7 | 5 |   Swift   |",
        "realm-dotnet-groupedcollection": "| 7 | 1 |   C#   |",
        "realm-connectors": "| 7 | 2 |   None   |",
        "realm-cloud-functions-demo": "| 7 | 4 |   JavaScript   |",
        "RCurrency": "| 6 | 3 |   Swift   |",
        "Realm-Sweeper": "| 6 | 1 |   Swift   |",
        "FindOurDevices-backend": "| 5 | 1 |   JavaScript   |",
        "Realm-Drawing": "| 5 | 4 |   Swift   |",
        "realm-jsdoc": "| 4 | 2 |   JavaScript   |",
        "oss-fuzz": "| 4 | 1 |   Shell   |",
        "feedback-manager": "| 4 | 3 |   C#   |",
        "BarCodes-Demo": "| 4 | 1 |   Swift   |",
        "realm-qna": "| 3 | 1 |   Swift   |",
        "unity-examples-3d-chess": "| 3 | 2 |   None   |",
        "xamarin-examples-architecture": "| 3 | 3 |   C#   |",
        "realm-flexible-sync-test-api": "| 3 | 1 |   Swift   |",
        "realm-SharedTasks": "| 2 | 2 |   Swift   |",
        "realm-tools": "| 2 | 1 |   TypeScript   |",
        "middleman-blog": "| 1 | 0 |   Gherkin   |",
        "JigsawPuzzle": "| 1 | 1 |   Swift   |",
        "global-notifier-design-patterns": "| 1 | 2 |   C++   |",
        "UberSignature": "| 1 | 1 |   Objective-C   |",
        "realm-object-server-cognito-auth": "| 1 | 1 |   TypeScript   |",
        "node-addon-api": "| 1 | 0 |   C++   |",
        "Fody": "| 1 | 0 |   None   |",
        "ci-actions": "| 1 | 2 |   TypeScript   |",
        "aws-devicefarm-sample-data": "| 1 | 2 |   Java   |",
        "realm-lua-bootcamp": "| 1 | 0 |   C++   |",
        "realm-dotnet-samples": "| 1 | 2 |   C#   |",
        "realm-crowdcircle": "| 0 | 4 |   Swift   |",
        "realm-js-playground": "| 0 | 2 |   JavaScript   |",
        "realm.github.io": "| 0 | 1 |   HTML   |"
    }
}