{
    "company": "Redux",
    "h-index": 18,
    "repo count": 21,
    "contributor count": 1195,
    "size": "todo",
    "employee count": "todo",
    "country": "The Moon",
    "top language": "JavaScript",
    "repos": {
        "redux": "| 59564 | 15403 |   TypeScript   |",
        "react-redux": "| 22782 | 3345 |   TypeScript   |",
        "reselect": "| 18890 | 696 |   TypeScript   |",
        "redux-thunk": "| 17582 | 1079 |   TypeScript   |",
        "redux-devtools": "| 13510 | 1134 |   TypeScript   |",
        "redux-toolkit": "| 9474 | 960 |   TypeScript   |",
        "redux-mock-store": "| 2485 | 155 |   JavaScript   |",
        "cra-template-redux": "| 1270 | 233 |   JavaScript   |",
        "redux-templates": "| 1117 | 188 |   TypeScript   |",
        "redux-devtools-chart-monitor": "| 293 | 24 |   JavaScript   |",
        "redux-essentials-example-app": "| 262 | 632 |   CSS   |",
        "rtk-github-issues-example": "| 209 | 97 |   TypeScript   |",
        "d3-state-visualizer": "| 103 | 24 |   JavaScript   |",
        "rtk-convert-todos-example": "| 92 | 61 |   JavaScript   |",
        "react-redux-benchmarks": "| 69 | 20 |   TypeScript   |",
        "redux-fundamentals-example-app": "| 67 | 290 |   CSS   |",
        "redux-essentials-counter-example": "| 40 | 49 |   JavaScript   |",
        "examples": "| 38 | 21 |   JavaScript   |",
        "redux-devtools-extension": "| 12 | 7 |   JavaScript   |",
        "redux-devtools-instrument": "| 1 | 3 |   JavaScript   |",
        "remotedev-app": "| 1 | 5 |   JavaScript   |"
    }
}