{
    "company": "Riot.js",
    "h-index": 17,
    "repo count": 42,
    "contributor count": 335,
    "size": "todo",
    "employee count": "todo",
    "country": null,
    "top language": "JavaScript",
    "repos": {
        "riot": "| 14778 | 1014 |   JavaScript   |",
        "examples": "| 357 | 114 |   Riot   |",
        "route": "| 212 | 41 |   JavaScript   |",
        "riotify": "| 98 | 16 |   JavaScript   |",
        "observable": "| 65 | 13 |   JavaScript   |",
        "riot.github.io": "| 63 | 98 |   HTML   |",
        "compiler": "| 63 | 33 |   JavaScript   |",
        "webpack-loader": "| 56 | 10 |   JavaScript   |",
        "tmpl": "| 47 | 9 |   JavaScript   |",
        "made-with-riot": "| 47 | 54 |   JavaScript   |",
        "cli": "| 44 | 9 |   JavaScript   |",
        "animore": "| 44 | 2 |   JavaScript   |",
        "custom-elements": "| 34 | 3 |   JavaScript   |",
        "rollup-plugin-riot": "| 27 | 9 |   JavaScript   |",
        "ssr": "| 25 | 7 |   JavaScript   |",
        "karma-riot": "| 20 | 9 |   JavaScript   |",
        "dom-bindings": "| 20 | 7 |   JavaScript   |",
        "hot-reload": "| 16 | 5 |   JavaScript   |",
        "hydrate": "| 15 | 3 |   JavaScript   |",
        "babel-preset-es2015-riot": "| 14 | 4 |   JavaScript   |",
        "syntax-highlight": "| 14 | 1 |   None   |",
        "parcel-transformer-riot": "| 11 | 11 |   JavaScript   |",
        "parser": "| 10 | 1 |   JavaScript   |",
        "lazy": "| 10 | 2 |   JavaScript   |",
        "now": "| 6 | 1 |   JavaScript   |",
        "eslint-config": "| 5 | 4 |   JavaScript   |",
        "create-riot": "| 5 | 1 |   JavaScript   |",
        "online-compiler": "| 4 | 2 |   JavaScript   |",
        "dom-nodes": "| 4 | 1 |   JavaScript   |",
        "bump": "| 3 | 1 |   JavaScript   |",
        "branding": "| 3 | 4 |   None   |",
        "util": "| 3 | 1 |   JavaScript   |",
        "parcel-template": "| 2 | 1 |   JavaScript   |",
        "riotjs.com": "| 1 | 1 |   HTML   |",
        "legacy": "| 1 | 2 |   HTML   |",
        "babel-preset": "| 1 | 1 |   JavaScript   |",
        "component-template": "| 1 | 1 |   JavaScript   |",
        "webpack-template": "| 1 | 1 |   JavaScript   |",
        "rollup-template": "| 0 | 2 |   JavaScript   |",
        "webpack-spa-template": "| 0 | 1 |   Riot   |",
        "register": "| 0 | 1 |   JavaScript   |",
        "prettier-config": "| 0 | 0 |   JavaScript   |"
    }
}