{
    "company": "Riskified",
    "h-index": 4,
    "repo count": 43,
    "contributor count": 1180,
    "size": "todo",
    "employee count": "todo",
    "country": null,
    "top language": "Ruby",
    "repos": {
        "timeasure": "| 195 | 6 |   Ruby   |",
        "php_sdk": "| 5 | 17 |   PHP   |",
        "sdk_net": "| 4 | 14 |   C#   |",
        "java_sdk": "| 4 | 13 |   Java   |",
        "magento": "| 2 | 7 |   PHP   |",
        "ios_sdk": "| 2 | 6 |   Objective-C   |",
        "ps-matching": "| 2 | 0 |   Jupyter Notebook   |",
        "api_examples": "| 1 | 4 |   PHP   |",
        "magento2new": "| 1 | 10 |   PHP   |",
        "max_mind": "| 0 | 2 |   Ruby   |",
        "active_admin": "| 0 | 2 |   Ruby   |",
        "ThreeDeeCart": "| 0 | 5 |   Ruby   |",
        "authorize-net-1.5.2": "| 0 | 4 |   Ruby   |",
        "cookbook-elasticsearch": "| 0 | 3 |   Ruby   |",
        "sugarcrm": "| 0 | 2 |   Ruby   |",
        "chef-ruby_build": "| 0 | 2 |   Ruby   |",
        "PrestaShop-modules": "| 0 | 1 |   PHP   |",
        "freshdesk-api": "| 0 | 1 |   None   |",
        "geoip2": "| 0 | 2 |   Ruby   |",
        "elasticsearch-ruby": "| 0 | 2 |   Ruby   |",
        "magento2": "| 0 | 14 |   PHP   |",
        "hubspot-ruby": "| 0 | 2 |   Ruby   |",
        "closeio": "| 0 | 2 |   Ruby   |",
        "contextual_logging": "| 0 | 2 |   Ruby   |",
        "cascade-store": "| 0 | 2 |   Ruby   |",
        "gibberish_detector": "| 0 | 2 |   Ruby   |",
        "pager-duty-integration": "| 0 | 0 |   Ruby   |",
        "apiref-changelog": "| 0 | 0 |   None   |",
        "ruby_snowflake_client": "| 0 | 1 |   Makefile   |",
        "libsnowflakeclient": "| 0 | 1 |   C   |",
        "terraform-provider-kops": "| 0 | 0 |   None   |",
        "backstage": "| 0 | 0 |   None   |",
        "flagger": "| 0 | 2 |   None   |",
        "podinfo": "| 0 | 2 |   None   |",
        "applicationset": "| 0 | 2 |   Go   |",
        "magento-deco": "| 0 | 1 |   None   |",
        "notifications-engine": "| 0 | 2 |   None   |",
        "argocd-notifications-1": "| 0 | 1 |   None   |",
        "riskified-example-app-ios": "| 0 | 0 |   Swift   |",
        "action-conftest": "| 0 | 1 |   Shell   |",
        "fluent-bit-riskified": "| 0 | 1 |   None   |",
        "create-pull-request": "| 0 | 0 |   None   |",
        "riskified-ios-beacon": "| 0 | 0 |   Objective-C   |"
    }
}