{
    "company": "Rocket.Chat",
    "h-index": 31,
    "repo count": 254,
    "contributor count": 6066,
    "size": "todo",
    "employee count": "todo",
    "country": null,
    "top language": "JavaScript",
    "repos": {
        "Rocket.Chat": "| 35492 | 8527 |   TypeScript   |",
        "Rocket.Chat.ReactNative": "| 1627 | 993 |   TypeScript   |",
        "Rocket.Chat.Electron": "| 1491 | 634 |   TypeScript   |",
        "Rocket.Chat.iOS": "| 1035 | 447 |   Swift   |",
        "Rocket.Chat.Android": "| 871 | 572 |   Kotlin   |",
        "hubot-rocketchat": "| 530 | 225 |   JavaScript   |",
        "docs-old": "| 345 | 807 |   TypeScript   |",
        "Rocket.Chat.RaspberryPi": "| 322 | 60 |   Shell   |",
        "Rocket.Chat.Livechat": "| 247 | 234 |   JavaScript   |",
        "Docker.Official.Image": "| 232 | 190 |   Dockerfile   |",
        "hubot-natural": "| 140 | 44 |   CoffeeScript   |",
        "Rocket.Chat.js.SDK": "| 125 | 89 |   TypeScript   |",
        "Rocket.Chat.Ops": "| 124 | 30 |   JavaScript   |",
        "Rocket.Chat.Cordova": "| 105 | 111 |   JavaScript   |",
        "Rocket.Chat.Apps-engine": "| 98 | 95 |   TypeScript   |",
        "Rocket.Chat.Ansible": "| 94 | 82 |   Jinja   |",
        "fuselage": "| 83 | 93 |   TypeScript   |",
        "meteor-streamer": "| 82 | 26 |   JavaScript   |",
        "Rocket.Chat.PWA": "| 78 | 40 |   TypeScript   |",
        "Rocket.Chat.Kotlin.SDK": "| 63 | 62 |   Kotlin   |",
        "Rocket.Chat.Federation": "| 55 | 9 |   Shell   |",
        "Rocket.Chat.Go.SDK": "| 55 | 60 |   Go   |",
        "Rocket.Chat.Apps-cli": "| 43 | 25 |   TypeScript   |",
        "Rocket.Chat.OpenAI.Completions.App": "| 40 | 12 |   TypeScript   |",
        "RC4Community": "| 39 | 64 |   JavaScript   |",
        "EmbeddedChat": "| 39 | 87 |   JavaScript   |",
        "Rocket.Chat.PWA.React": "| 37 | 23 |   JavaScript   |",
        "hubot-rocketchat-boilerplate": "| 33 | 28 |   JavaScript   |",
        "WordPressPlugin": "| 32 | 26 |   PHP   |",
        "install.sh": "| 32 | 34 |   Shell   |",
        "helm-charts": "| 32 | 49 |   Smarty   |",
        "rocketchat-oauth2-server": "| 31 | 32 |   CoffeeScript   |",
        "rn-extensions-share": "| 30 | 19 |   Java   |",
        "Opensource-Contribution-Leaderboard": "| 29 | 42 |   JavaScript   |",
        "Rocket.Chat.Java.SDK": "| 28 | 23 |   Java   |",
        "rocketchat_nextcloud": "| 27 | 2 |   PHP   |",
        "Apps.Github22": "| 27 | 31 |   TypeScript   |",
        "botpress-channel-rocketchat": "| 25 | 10 |   JavaScript   |",
        "Rocket.Chat.Metrics": "| 25 | 26 |   None   |",
        "handbook": "| 23 | 25 |   TypeScript   |",
        "RC4Conferences": "| 23 | 40 |   JavaScript   |",
        "Rocket.Chat.Hubot": "| 22 | 15 |   CoffeeScript   |",
        "Rocket.Chat.ScreenShare.Extensions": "| 21 | 20 |   JavaScript   |",
        "iframe-auth-example": "| 21 | 19 |   JavaScript   |",
        "feature-requests": "| 21 | 9 |   None   |",
        "Rocket.Chat.Artwork": "| 19 | 18 |   HTML   |",
        "alexa-rocketchat": "| 18 | 19 |   JavaScript   |",
        "Rocket.Chat.GitHub.Action.Notification": "| 18 | 6 |   TypeScript   |",
        "rocketchat-server-snap": "| 17 | 18 |   Shell   |",
        "Rocket.Chat.Embedded.arm64": "| 17 | 15 |   Shell   |",
        "Apps.Rasa": "| 16 | 11 |   TypeScript   |",
        "Apps.Google.Calendar": "| 15 | 3 |   TypeScript   |",
        "developer-docs": "| 15 | 107 |   TypeScript   |",
        "Chat.Code.Ship": "| 14 | 10 |   CoffeeScript   |",
        "Rocket.Chat.Integrations": "| 14 | 15 |   JavaScript   |",
        "Apps.Jitsi": "| 14 | 15 |   TypeScript   |",
        "RocketChatViewController": "| 13 | 15 |   Swift   |",
        "koko": "| 12 | 9 |   TypeScript   |",
        "rn-user-defaults": "| 12 | 6 |   Java   |",
        "filestore-migrator": "| 11 | 3 |   Go   |",
        "Android-DDP": "| 10 | 8 |   Java   |",
        "Rocket.Chat.Net": "| 10 | 7 |   C#   |",
        "Rocket.Chat.Apps-ts-definition": "| 10 | 5 |   TypeScript   |",
        "Awesome-Hacking": "| 10 | 9 |   None   |",
        "hubot-freddie": "| 10 | 4 |   JavaScript   |",
        "botkit-starter-rocketchat": "| 10 | 16 |   JavaScript   |",
        "Rocket.Chat.PCL": "| 9 | 10 |   C#   |",
        "Rocket.Chat.Android.SDK": "| 9 | 10 |   Java   |",
        "botkit-rocketchat-connector": "| 9 | 12 |   JavaScript   |",
        "rocket.chat.load.tester": "| 9 | 6 |   TypeScript   |",
        "Apps.Dialogflow": "| 9 | 15 |   TypeScript   |",
        "rocketchat-botpress-lab-bot": "| 9 | 13 |   JavaScript   |",
        "Rocket.Chat.Demo.App": "| 9 | 11 |   TypeScript   |",
        "hubot-rocketchat-gitlab": "| 8 | 10 |   JavaScript   |",
        "RCMarkdownParser": "| 8 | 6 |   Swift   |",
        "rasa-kick-starter": "| 8 | 16 |   Python   |",
        "Darwiny": "| 8 | 0 |   Dockerfile   |",
        "meteor-buildpack-horse": "| 7 | 42 |   Shell   |",
        "Autolinker.js": "| 7 | 7 |   JavaScript   |",
        "Docker.Base.Image": "| 7 | 13 |   Dockerfile   |",
        "jitsi-meet": "| 7 | 14 |   TypeScript   |",
        "botpress": "| 7 | 1 |   JavaScript   |",
        "react-native-jitsi-meet": "| 7 | 21 |   Java   |",
        "rocketchat-tui": "| 7 | 2 |   Go   |",
        "Apps.Figma": "| 7 | 9 |   TypeScript   |",
        "GSoC-Community-Hub": "| 7 | 8 |   JavaScript   |",
        "java-code-styles": "| 6 | 3 |   Shell   |",
        "Rocket.Chat.Houston": "| 6 | 9 |   JavaScript   |",
        "botpress-kick-starter": "| 6 | 5 |   JavaScript   |",
        "hubot-gitsy": "| 6 | 2 |   JavaScript   |",
        "Rocket.Chat.Embedded.armhf": "| 6 | 3 |   Shell   |",
        "google-action-rocketchat": "| 6 | 9 |   JavaScript   |",
        "slack-compatibility-for-apps": "| 6 | 1 |   TypeScript   |",
        "Apps.ClickUp": "| 6 | 8 |   TypeScript   |",
        "asteroid": "| 5 | 7 |   JavaScript   |",
        "rocketchat-nagios": "| 5 | 7 |   Python   |",
        "botswana-snap": "| 5 | 4 |   Shell   |",
        "puppet-rocketchat": "| 5 | 11 |   Ruby   |",
        "monitoring": "| 5 | 3 |   JavaScript   |",
        "tsmatrixserverlib": "| 5 | 4 |   TypeScript   |",
        "RCiOSMobilePlayer": "| 5 | 6 |   Swift   |",
        "eslint-config-rocketchat": "| 5 | 5 |   JavaScript   |",
        "Apps.Cloudflare": "| 5 | 2 |   TypeScript   |",
        "Apps.GitHub": "| 5 | 7 |   TypeScript   |",
        "jitsi-meet-ios-sdk-releases": "| 5 | 10 |   Objective-C   |",
        "Apps.RocketChat.Tester": "| 5 | 6 |   TypeScript   |",
        "Apps.teams.bridge": "| 5 | 1 |   TypeScript   |",
        "ssh-container": "| 4 | 5 |   Shell   |",
        "plugin-rocketchat": "| 4 | 4 |   PHP   |",
        "Rocket.Chat.Docs.Generator": "| 4 | 9 |   CSS   |",
        "Rocket.UI": "| 4 | 7 |   JavaScript   |",
        "HackathonSerpro": "| 4 | 6 |   CoffeeScript   |",
        "Rocket.Chat.py.SDK": "| 4 | 6 |   None   |",
        "alexa-rc-multiserver-client": "| 4 | 5 |   JavaScript   |",
        "react-native-keycommands": "| 4 | 4 |   Objective-C   |",
        "Apps.Moderation": "| 4 | 6 |   TypeScript   |",
        "QA.Automation": "| 4 | 1 |   Python   |",
        "RC4Github": "| 4 | 8 |   JavaScript   |",
        "docs": "| 4 | 9 |   None   |",
        "Workshop": "| 3 | 8 |   JavaScript   |",
        "com.meteor.cordova-update": "| 3 | 8 |   Objective-C   |",
        "chef-rocketchat": "| 3 | 9 |   Ruby   |",
        "Rocket.API": "| 3 | 5 |   JavaScript   |",
        "accounts-rocketchat": "| 3 | 3 |   JavaScript   |",
        "rocketchat-node": "| 3 | 2 |   JavaScript   |",
        "Rocket.Chat.GitHub.Bot": "| 3 | 5 |   JavaScript   |",
        "bamboo-server-notification-plugin": "| 3 | 0 |   Java   |",
        "charts": "| 3 | 3 |   Go   |",
        "Apps.Salesforce.LiveAgent": "| 3 | 5 |   None   |",
        "docker-mmap-to-wiredtiger-migration": "| 3 | 3 |   Shell   |",
        "rocket.chat.app-poll": "| 3 | 11 |   TypeScript   |",
        "rocketchat-packer": "| 3 | 2 |   HCL   |",
        "Rocket.Chat.Flutter.SDK": "| 3 | 2 |   C++   |",
        "hipache": "| 2 | 5 |   JavaScript   |",
        "redoc": "| 2 | 3 |   HTML   |",
        "meteor": "| 2 | 4 |   JavaScript   |",
        "Bamboo-RocketChat": "| 2 | 3 |   Java   |",
        "emojione": "| 2 | 6 |   HTML   |",
        "bluemix-buildpack-meteor-1": "| 2 | 3 |   Shell   |",
        "Rocket.Chat.Pictures": "| 2 | 5 |   None   |",
        "Docker.Snap.Builder": "| 2 | 7 |   None   |",
        "node-gitlab": "| 2 | 3 |   JavaScript   |",
        "juju-charm": "| 2 | 5 |   Shell   |",
        "zimbra-rocket": "| 2 | 2 |   JavaScript   |",
        "Rocket.Chat.Audit": "| 2 | 3 |   Python   |",
        "rocketchat_bot_cpbr": "| 2 | 3 |   CoffeeScript   |",
        "hubot-rocketchat-support": "| 2 | 5 |   CoffeeScript   |",
        "spade": "| 2 | 4 |   Python   |",
        "docs.rocket.chat": "| 2 | 4 |   CSS   |",
        "robonaut": "| 2 | 4 |   Go   |",
        "Notify.Bot": "| 2 | 4 |   JavaScript   |",
        "push": "| 2 | 8 |   JavaScript   |",
        "botkit": "| 2 | 1 |   JavaScript   |",
        "confluence-server-rocketchat-plugin": "| 2 | 3 |   Java   |",
        "react-native-realm-path": "| 2 | 3 |   Ruby   |",
        "alexa-rocketchat-flashbriefing": "| 2 | 2 |   JavaScript   |",
        "alexa-news-publisher": "| 2 | 1 |   JavaScript   |",
        "adm-zip": "| 2 | 0 |   JavaScript   |",
        "Rocket.Chat.Apps-compiler": "| 2 | 11 |   TypeScript   |",
        "Apps.SpeechToText": "| 2 | 2 |   TypeScript   |",
        "team-mosaic": "| 2 | 1 |   JavaScript   |",
        "SlimDesktopApp": "| 2 | 4 |   TypeScript   |",
        "rocket.lab": "| 2 | 0 |   None   |",
        "react-native-jitsi": "| 2 | 0 |   Swift   |",
        "federation-airgap": "| 2 | 1 |   Shell   |",
        "pentests": "| 2 | 1 |   None   |",
        "ChatGPT-for-Rocket.Chat": "| 2 | 0 |   None   |",
        "meteor-migrations": "| 1 | 2 |   JavaScript   |",
        "meteor-ldapjs": "| 1 | 4 |   JavaScript   |",
        "do_user_scripts": "| 1 | 2 |   Shell   |",
        "Caixa.POC": "| 1 | 3 |   JavaScript   |",
        "TDC-Simple-App-Sample": "| 1 | 4 |   JavaScript   |",
        "little-doctor": "| 1 | 4 |   JavaScript   |",
        "Rocket.Chat.Electron.Builder": "| 1 | 8 |   None   |",
        "botRocketChatCPBR10": "| 1 | 2 |   CoffeeScript   |",
        "kadira-server": "| 1 | 3 |   JavaScript   |",
        "Rocket.Chat.AnsiblePlaybookBundle": "| 1 | 4 |   None   |",
        "fuzzdb": "| 1 | 2 |   PHP   |",
        "TextDrawable": "| 1 | 3 |   Java   |",
        "Starscream": "| 1 | 1 |   Swift   |",
        "cvelist": "| 1 | 1 |   None   |",
        "react-native-keyboard-tracking-view": "| 1 | 1 |   Objective-C   |",
        "google-analytics-plugin": "| 1 | 1 |   Objective-C   |",
        "Rocket.Chat.Subutai": "| 1 | 3 |   None   |",
        "react-native-markdown-renderer": "| 1 | 2 |   JavaScript   |",
        "react-native-image-crop-picker": "| 1 | 7 |   Objective-C   |",
        "rasa_core": "| 1 | 2 |   Python   |",
        "react-native-notifications": "| 1 | 3 |   Java   |",
        "react-native-navigation": "| 1 | 0 |   Java   |",
        "Rocket.Chat.Caixa": "| 1 | 1 |   JavaScript   |",
        "withObservables": "| 1 | 0 |   JavaScript   |",
        "doctest": "| 1 | 3 |   CSS   |",
        "go-fcm": "| 1 | 0 |   Go   |",
        "SimpleImageViewer": "| 1 | 1 |   Swift   |",
        "alexa-rocketchat-notification": "| 1 | 4 |   JavaScript   |",
        "vui-multiservers-proxy": "| 1 | 6 |   JavaScript   |",
        "ldap-container-for-tests": "| 1 | 5 |   JavaScript   |",
        "commonmark.js": "| 1 | 8 |   JavaScript   |",
        "Apps.Zoho": "| 1 | 2 |   TypeScript   |",
        "rn-root-view": "| 1 | 3 |   Java   |",
        "package-lock-check": "| 1 | 0 |   JavaScript   |",
        "floweditor": "| 1 | 1 |   None   |",
        "k8s-ansible-operator": "| 1 | 0 |   Dockerfile   |",
        "expo": "| 1 | 0 |   None   |",
        "content-moderation": "| 1 | 5 |   Jupyter Notebook   |",
        "react-native-simple-crypto": "| 1 | 5 |   Java   |",
        "Apps.ClamAV": "| 1 | 2 |   TypeScript   |",
        "ansible-ovhbastion": "| 1 | 0 |   Shell   |",
        "Apps.BadWords": "| 1 | 1 |   TypeScript   |",
        "Rocket.Chat.Desktop": "| 1 | 3 |   TypeScript   |",
        "Apps.Boilerplate": "| 1 | 0 |   TypeScript   |",
        "Release.Distributions": "| 1 | 0 |   Shell   |",
        "Community": "| 1 | 0 |   TypeScript   |",
        "rocketchat-cli": "| 1 | 1 |   Go   |",
        "genie": "| 1 | 0 |   TypeScript   |",
        "Apps.Notion": "| 1 | 0 |   None   |",
        "tap-i18n": "| 0 | 2 |   JavaScript   |",
        "commonmark-react-renderer": "| 0 | 5 |   JavaScript   |",
        "rocketchat-chrome-presence": "| 0 | 0 |   None   |",
        "react-native-pincode": "| 0 | 0 |   TypeScript   |",
        "react-native-keyboard-input": "| 0 | 1 |   Objective-C   |",
        "react-native-fast-image": "| 0 | 4 |   TypeScript   |",
        "meteor-jalik-ufs": "| 0 | 0 |   JavaScript   |",
        "react-native-mmkv-storage": "| 0 | 0 |   None   |",
        "WatermelonDB": "| 0 | 0 |   JavaScript   |",
        "jitsi-maven-repository": "| 0 | 12 |   None   |",
        "Press-Kit": "| 0 | 0 |   None   |",
        "react-native": "| 0 | 3 |   JavaScript   |",
        "react-native-ui-lib": "| 0 | 7 |   JavaScript   |",
        "fs-monkey": "| 0 | 0 |   JavaScript   |",
        "rocketchat-release-tests": "| 0 | 1 |   Shell   |",
        "CommunityGuide": "| 0 | 0 |   None   |",
        "official-images": "| 0 | 1 |   None   |",
        "agenda": "| 0 | 2 |   None   |",
        "one-click-apps": "| 0 | 0 |   JavaScript   |",
        "rocket.chat-1": "| 0 | 0 |   None   |",
        "Apps.Wikipedia": "| 0 | 0 |   TypeScript   |",
        "meteor-restivus": "| 0 | 0 |   CoffeeScript   |",
        "apps-contextual-bar-open-example": "| 0 | 0 |   TypeScript   |",
        "season-of-docs": "| 0 | 0 |   None   |",
        "Apps.BigBlueButton": "| 0 | 4 |   TypeScript   |",
        "ghpages-dynamic-badges-action": "| 0 | 0 |   None   |",
        "marketplace-go": "| 0 | 0 |   Go   |",
        "apps-pocs-and-tests": "| 0 | 0 |   TypeScript   |",
        "Apps.UtilitySlashcommands": "| 0 | 0 |   TypeScript   |",
        "docs-1": "| 0 | 1 |   TypeScript   |",
        "node-mongodb-native": "| 0 | 0 |   None   |",
        "Rocket.Chat.Omnichannel.Load": "| 0 | 0 |   JavaScript   |",
        "dionisio-bot": "| 0 | 1 |   TypeScript   |",
        "bitnami-containers": "| 0 | 0 |   None   |",
        "gin-inspector": "| 0 | 0 |   Go   |",
        "Apps.Miro": "| 0 | 0 |   None   |",
        "Apps.Toggl": "| 0 | 0 |   None   |",
        "Tauri.Desktop.App": "| 0 | 0 |   None   |"
    }
}