{
    "company": "RStudio",
    "h-index": 81,
    "repo count": 345,
    "contributor count": 3044,
    "size": "todo",
    "employee count": "todo",
    "country": "Boston, MA",
    "top language": "R",
    "repos": {
        "shiny": "| 5016 | 1802 |   R   |",
        "cheatsheets": "| 4959 | 1563 |   HTML   |",
        "rstudio": "| 4267 | 1045 |   Java   |",
        "bookdown": "| 3361 | 1228 |   JavaScript   |",
        "rmarkdown": "| 2665 | 960 |   R   |",
        "shiny-examples": "| 1832 | 3801 |   JavaScript   |",
        "gt": "| 1692 | 170 |   R   |",
        "blogdown": "| 1616 | 335 |   R   |",
        "reticulate": "| 1529 | 317 |   R   |",
        "webinars": "| 1503 | 1444 |   HTML   |",
        "rticles": "| 1326 | 507 |   TeX   |",
        "plumber": "| 1325 | 252 |   R   |",
        "tensorflow": "| 1288 | 322 |   R   |",
        "tinytex": "| 856 | 104 |   R   |",
        "renv": "| 836 | 104 |   R   |",
        "shinydashboard": "| 828 | 301 |   CSS   |",
        "pagedown": "| 826 | 129 |   R   |",
        "keras": "| 785 | 279 |   R   |",
        "leaflet": "| 764 | 494 |   JavaScript   |",
        "rmarkdown-book": "| 718 | 469 |   RMarkdown   |",
        "flexdashboard": "| 715 | 291 |   JavaScript   |",
        "ggvis": "| 706 | 181 |   R   |",
        "rstudio-conf": "| 676 | 355 |   HTML   |",
        "shiny-server": "| 671 | 293 |   JavaScript   |",
        "RStartHere": "| 654 | 229 |   R   |",
        "learnr": "| 610 | 234 |   R   |",
        "DT": "| 555 | 186 |   JavaScript   |",
        "rmarkdown-cookbook": "| 523 | 199 |   RMarkdown   |",
        "r2d3": "| 505 | 100 |   R   |",
        "blastula": "| 499 | 77 |   R   |",
        "bookdown-demo": "| 454 | 1297 |   CSS   |",
        "py-shiny": "| 440 | 24 |   JavaScript   |",
        "distill": "| 408 | 61 |   HTML   |",
        "hex-stickers": "| 403 | 119 |   R   |",
        "packrat": "| 391 | 94 |   R   |",
        "tufte": "| 366 | 112 |   R   |",
        "dygraphs": "| 356 | 200 |   JavaScript   |",
        "bslib": "| 318 | 36 |   SCSS   |",
        "revealjs": "| 312 | 89 |   JavaScript   |",
        "profvis": "| 276 | 40 |   JavaScript   |",
        "pins-r": "| 276 | 57 |   R   |",
        "crosstalk": "| 272 | 54 |   JavaScript   |",
        "fontawesome": "| 269 | 41 |   R   |",
        "Intro": "| 233 | 322 |   R   |",
        "config": "| 233 | 29 |   R   |",
        "thematic": "| 232 | 10 |   R   |",
        "pool": "| 227 | 32 |   R   |",
        "shinytest": "| 227 | 61 |   JavaScript   |",
        "httpuv": "| 216 | 84 |   C   |",
        "nomnoml": "| 208 | 18 |   JavaScript   |",
        "shinymeta": "| 205 | 13 |   R   |",
        "tinytex-releases": "| 197 | 23 |   PowerShell   |",
        "htmltools": "| 186 | 65 |   R   |",
        "promises": "| 183 | 18 |   R   |",
        "master-the-tidyverse": "| 156 | 64 |   None   |",
        "gradethis": "| 156 | 39 |   R   |",
        "rstudioapi": "| 155 | 35 |   R   |",
        "vetiver-r": "| 154 | 23 |   R   |",
        "concept-maps": "| 151 | 39 |   HTML   |",
        "shinythemes": "| 150 | 80 |   R   |",
        "ShinyDeveloperConference": "| 147 | 341 |   HTML   |",
        "shinyuieditor": "| 138 | 14 |   JavaScript   |",
        "chromote": "| 137 | 20 |   R   |",
        "sortable": "| 123 | 28 |   R   |",
        "shiny-gallery": "| 123 | 227 |   HTML   |",
        "redx": "| 117 | 27 |   Lua   |",
        "rsconnect": "| 115 | 76 |   R   |",
        "reactlog": "| 115 | 12 |   JavaScript   |",
        "bigdataclass": "| 112 | 58 |   R   |",
        "shinyapps": "| 110 | 114 |   None   |",
        "shinyloadtest": "| 104 | 24 |   HTML   |",
        "miniUI": "| 101 | 31 |   R   |",
        "sass": "| 99 | 16 |   C++   |",
        "shinyvalidate": "| 99 | 8 |   JavaScript   |",
        "webshot2": "| 96 | 15 |   R   |",
        "keras-customer-churn": "| 95 | 61 |   R   |",
        "shinytest2": "| 93 | 10 |   R   |",
        "r-docker": "| 92 | 24 |   Dockerfile   |",
        "r-system-requirements": "| 90 | 15 |   Shell   |",
        "websocket": "| 89 | 18 |   C++   |",
        "addinexamples": "| 83 | 66 |   R   |",
        "r-builds": "| 78 | 15 |   Shell   |",
        "r-manuals": "| 71 | 10 |   R   |",
        "R-Websockets": "| 68 | 37 |   R   |",
        "markdown": "| 68 | 78 |   R   |",
        "shinyapps-package-dependencies": "| 67 | 59 |   R   |",
        "webdriver": "| 67 | 17 |   R   |",
        "beyond-dashboard-fatigue": "| 66 | 25 |   R   |",
        "cloudml": "| 65 | 27 |   R   |",
        "rstudio-conf-2022-program": "| 61 | 60 |   R   |",
        "bookdown.org": "| 60 | 72 |   R   |",
        "tfestimators": "| 57 | 21 |   R   |",
        "education.rstudio.com": "| 57 | 36 |   CSS   |",
        "sparkDemos": "| 54 | 38 |   HTML   |",
        "tfprobability": "| 54 | 15 |   R   |",
        "shiny-incubator": "| 53 | 36 |   JavaScript   |",
        "swagger": "| 52 | 11 |   R   |",
        "shinylive": "| 51 | 4 |   TypeScript   |",
        "connections": "| 50 | 4 |   R   |",
        "leaflet.mapboxgl": "| 49 | 5 |   R   |",
        "rstudio-docker-products": "| 48 | 54 |   Just   |",
        "rmarkdown-website-examples": "| 47 | 176 |   HTML   |",
        "vetiver-python": "| 47 | 12 |   Python   |",
        "ai-blog": "| 46 | 33 |   HTML   |",
        "r-community-survey": "| 46 | 8 |   CSS   |",
        "sparkxgb": "| 42 | 13 |   R   |",
        "shinytableau": "| 39 | 6 |   JavaScript   |",
        "gridlayout": "| 37 | 1 |   HTML   |",
        "graphframes": "| 36 | 11 |   R   |",
        "hugo-graphite": "| 36 | 11 |   CSS   |",
        "shinycoreci-apps": "| 36 | 4 |   JavaScript   |",
        "tfruns": "| 34 | 26 |   HTML   |",
        "cranwhales": "| 34 | 16 |   R   |",
        "shinycoreci": "| 34 | 5 |   HTML   |",
        "rscrypt": "| 32 | 14 |   C   |",
        "pins-python": "| 32 | 5 |   Python   |",
        "sparkapi": "| 31 | 13 |   R   |",
        "tfdatasets": "| 30 | 12 |   R   |",
        "connectapi": "| 30 | 19 |   R   |",
        "rmarkdown-website": "| 29 | 33 |   HTML   |",
        "tfhub": "| 28 | 7 |   R   |",
        "quillt": "| 27 | 7 |   SCSS   |",
        "plumbertableau": "| 27 | 2 |   R   |",
        "conf_tensorflow_training_day2": "| 25 | 28 |   HTML   |",
        "shiny_example": "| 24 | 54 |   R   |",
        "ptexamples": "| 24 | 12 |   R   |",
        "kerasjs": "| 24 | 3 |   HTML   |",
        "mleap": "| 24 | 10 |   R   |",
        "tfdeploy": "| 23 | 12 |   R   |",
        "rsconnect-jupyter": "| 23 | 6 |   Jupyter Notebook   |",
        "bundle": "| 23 | 3 |   R   |",
        "rmdexamples": "| 22 | 15 |   JavaScript   |",
        "gggeom": "| 22 | 6 |   R   |",
        "rstudio-global-2021-program": "| 22 | 45 |   R   |",
        "shiny_app_stories": "| 22 | 14 |   R   |",
        "connect-api-deploy-shiny": "| 21 | 11 |   Shell   |",
        "helm": "| 21 | 19 |   Smarty   |",
        "EDAWR": "| 20 | 36 |   R   |",
        "parsons": "| 20 | 5 |   R   |",
        "rsconnect-python": "| 20 | 17 |   Python   |",
        "shinygadgets": "| 19 | 12 |   R   |",
        "seamonster": "| 19 | 12 |   HTML   |",
        "forge": "| 19 | 5 |   R   |",
        "rscloud": "| 19 | 12 |   R   |",
        "rscontract": "| 19 | 1 |   R   |",
        "py-shinywidgets": "| 19 | 0 |   Python   |",
        "docker-r-session-complete": "| 18 | 12 |   Dockerfile   |",
        "Strata2016": "| 17 | 9 |   None   |",
        "spark-install": "| 17 | 12 |   R   |",
        "master-the-tidyverse-solutions": "| 17 | 13 |   None   |",
        "connectwidgets": "| 17 | 6 |   R   |",
        "apis-plumber": "| 16 | 32 |   R   |",
        "shinytestPackageExample": "| 16 | 6 |   R   |",
        "htmldeps": "| 16 | 6 |   R   |",
        "mlflow-original": "| 15 | 5 |   Python   |",
        "ggcheck": "| 15 | 2 |   R   |",
        "db.rstudio.com": "| 14 | 15 |   HTML   |",
        "shiny-testing-gha-example": "| 14 | 6 |   R   |",
        "RRRRMarkdown": "| 13 | 13 |   R   |",
        "shinycannon": "| 13 | 8 |   Kotlin   |",
        "sparktf": "| 13 | 8 |   R   |",
        "R4ArtSundays": "| 13 | 6 |   HTML   |",
        "remarker": "| 13 | 1 |   R   |",
        "spark.rstudio.com": "| 12 | 19 |   JavaScript   |",
        "rstudio-connections-example": "| 12 | 5 |   R   |",
        "py-shinylive": "| 12 | 2 |   Python   |",
        "expert": "| 11 | 8 |   R   |",
        "shiny-server-client": "| 11 | 15 |   JavaScript   |",
        "dbtest": "| 11 | 5 |   R   |",
        "shiny-workflows": "| 11 | 3 |   None   |",
        "rstudioaddins": "| 10 | 9 |   JavaScript   |",
        "IntroToShiny": "| 10 | 17 |   CSS   |",
        "RQuickstart": "| 10 | 11 |   R   |",
        "meetup_roadshow": "| 10 | 13 |   C++   |",
        "bigD": "| 9 | 0 |   R   |",
        "leaflet.providers": "| 9 | 7 |   R   |",
        "team-admin.rstudio.com": "| 9 | 8 |   HTML   |",
        "tblcheck": "| 9 | 1 |   R   |",
        "shinybootstrap2": "| 8 | 12 |   R   |",
        "reportsWS": "| 8 | 14 |   R   |",
        "rstudio-cloud-tools": "| 8 | 5 |   Shell   |",
        "jquerylib": "| 8 | 5 |   R   |",
        "bsicons": "| 8 | 0 |   R   |",
        "reactnb": "| 7 | 2 |   JavaScript   |",
        "shiny-testapp": "| 7 | 7 |   R   |",
        "shinytest-ci-example": "| 7 | 8 |   R   |",
        "environments.rstudio.com": "| 7 | 5 |   HTML   |",
        "cs_protips": "| 7 | 1 |   R   |",
        "platform-lib": "| 7 | 1 |   Go   |",
        "tensorflow.rstudio.com": "| 7 | 9 |   Jupyter Notebook   |",
        "reactivity-tutorial": "| 6 | 10 |   HTML   |",
        "gitdown": "| 6 | 3 |   R   |",
        "rstudio-launcher-plugin-sdk": "| 6 | 2 |   C++   |",
        "py-htmltools": "| 6 | 1 |   Python   |",
        "vetiver.rstudio.com": "| 6 | 6 |   HTML   |",
        "package-manager-demo": "| 6 | 1 |   R   |",
        "pdf.js": "| 5 | 6 |   JavaScript   |",
        "RMarkdownReports": "| 5 | 7 |   R   |",
        "pro_admin_training_assets": "| 5 | 7 |   HTML   |",
        "tfds": "| 5 | 3 |   R   |",
        "sol-eng-demo-server": "| 5 | 4 |   Dockerfile   |",
        "rsformat": "| 5 | 1 |   R   |",
        "fuzzbucket": "| 5 | 2 |   Python   |",
        "education-workflows": "| 5 | 2 |   R   |",
        "py-shinyswatch": "| 5 | 1 |   CSS   |",
        "jslider": "| 4 | 3 |   JavaScript   |",
        "giza": "| 4 | 7 |   JavaScript   |",
        "manipulate": "| 4 | 7 |   R   |",
        "shiny-tutorial-videos": "| 4 | 7 |   None   |",
        "mlflow-example": "| 4 | 3 |   R   |",
        "rmarkdown-and-dashboards": "| 4 | 7 |   HTML   |",
        "visual-markdown-editing": "| 4 | 1 |   CSS   |",
        "enabling-remote-data-science-teams": "| 4 | 2 |   None   |",
        "actions": "| 4 | 4 |   TypeScript   |",
        "fastapitableau": "| 4 | 1 |   Python   |",
        "rskey": "| 4 | 1 |   Go   |",
        "juicyjuice": "| 4 | 0 |   R   |",
        "ambassador-webinar": "| 3 | 5 |   None   |",
        "sol-eng-public": "| 3 | 8 |   HTML   |",
        "RxODE": "| 3 | 4 |   C   |",
        "SlickQuiz": "| 3 | 1 |   JavaScript   |",
        "shinytest-ci-example-multi": "| 3 | 4 |   R   |",
        "rsc-hello-world-content": "| 3 | 4 |   Jupyter Notebook   |",
        "filequeue": "| 3 | 1 |   Go   |",
        "edge-auth": "| 3 | 1 |   Python   |",
        "pyshiny-vscode": "| 3 | 0 |   TypeScript   |",
        "goex": "| 3 | 0 |   Go   |",
        "streamlit-shiny-dash": "| 3 | 0 |   Python   |",
        "ace": "| 2 | 1 |   JavaScript   |",
        "bootstrap-daterangepicker": "| 2 | 2 |   JavaScript   |",
        "shinyBS2demo": "| 2 | 10 |   R   |",
        "influxdb_backup": "| 2 | 8 |   Python   |",
        "shiny-test-apps": "| 2 | 3 |   R   |",
        "production.rstudio.com": "| 2 | 2 |   CSS   |",
        "terminaltools": "| 2 | 2 |   R   |",
        "colourpicker": "| 2 | 2 |   JavaScript   |",
        "rstudio-shields": "| 2 | 2 |   R   |",
        "connect-examples": "| 2 | 2 |   Jupyter Notebook   |",
        "a-flexdashboard-for-google-analytics": "| 2 | 4 |   None   |",
        "fsbench": "| 2 | 4 |   R   |",
        "rviews-community": "| 2 | 2 |   HTML   |",
        "highlight.js": "| 1 | 1 |   JavaScript   |",
        "sundown": "| 1 | 3 |   C   |",
        "node-http-proxy": "| 1 | 2 |   JavaScript   |",
        "libuv": "| 1 | 2 |   C   |",
        "faye-websocket-node": "| 1 | 2 |   JavaScript   |",
        "ace-cpp-autoindent": "| 1 | 5 |   None   |",
        "AdminLTE": "| 1 | 4 |   JavaScript   |",
        "docker-registry-sweeper": "| 1 | 6 |   Python   |",
        "htmllayout": "| 1 | 3 |   R   |",
        "flights2": "| 1 | 6 |   R   |",
        "system2.5": "| 1 | 2 |   R   |",
        "supervisor": "| 1 | 1 |   Ruby   |",
        "chef-spark": "| 1 | 2 |   Ruby   |",
        "xterm.js": "| 1 | 1 |   TypeScript   |",
        "proxyrec": "| 1 | 1 |   Kotlin   |",
        "mlflow": "| 1 | 2 |   Python   |",
        "checkRS-containers": "| 1 | 3 |   Dockerfile   |",
        "crashpad": "| 1 | 2 |   C++   |",
        "UCL-RMarkdown-Talk": "| 1 | 2 |   None   |",
        "pkgs.rstudio.com": "| 1 | 1 |   HTML   |",
        "connectapiR6": "| 1 | 1 |   R   |",
        "k8s-http-auth": "| 1 | 1 |   Go   |",
        "python-builds": "| 1 | 0 |   Shell   |",
        "checkrs-tew": "| 1 | 2 |   Dockerfile   |",
        "issuetriager": "| 1 | 0 |   R   |",
        "node-unixgroups": "| 0 | 2 |   C++   |",
        "node-client-sessions": "| 0 | 3 |   JavaScript   |",
        "vagrant-logplex": "| 0 | 5 |   Ruby   |",
        "logplex-cookbook": "| 0 | 6 |   Ruby   |",
        "redx-cookbook": "| 0 | 5 |   Ruby   |",
        "libclang-binaries": "| 0 | 1 |   C   |",
        "libclang-builtin-headers": "| 0 | 1 |   C   |",
        "ion.rangeSlider": "| 0 | 2 |   JavaScript   |",
        "node-authenticate-pam": "| 0 | 2 |   C++   |",
        "MyDemo": "| 0 | 2 |   R   |",
        "CustomerSuccessWebinars": "| 0 | 1 |   None   |",
        "chef-openresty": "| 0 | 2 |   Ruby   |",
        "ansi-regex": "| 0 | 1 |   JavaScript   |",
        "rabbitmq-cookbook": "| 0 | 0 |   Ruby   |",
        "sol-eng-landscape": "| 0 | 2 |   HTML   |",
        "logplex": "| 0 | 0 |   Erlang   |",
        "nloptr": "| 0 | 2 |   R   |",
        "chef-application": "| 0 | 1 |   Ruby   |",
        "websocket-driver-node": "| 0 | 0 |   JavaScript   |",
        "redux-mock-store-middleware": "| 0 | 1 |   JavaScript   |",
        "batchio": "| 0 | 1 |   Erlang   |",
        "node-ldapjs": "| 0 | 1 |   JavaScript   |",
        "sigar": "| 0 | 0 |   C   |",
        "blogs.rstudio.com": "| 0 | 5 |   Shell   |",
        "cran-security-blog": "| 0 | 3 |   HTML   |",
        "webio_tut": "| 0 | 2 |   JavaScript   |",
        "template": "| 0 | 3 |   JavaScript   |",
        "gary-uml": "| 0 | 2 |   None   |",
        "passport-google-oauth2": "| 0 | 1 |   JavaScript   |",
        "radix": "| 0 | 2 |   None   |",
        "gotestcover": "| 0 | 1 |   Go   |",
        "github-authorized-keys": "| 0 | 2 |   Go   |",
        "gwt": "| 0 | 1 |   Java   |",
        "axe-selenium-python": "| 0 | 3 |   Python   |",
        "katacoda-scenarios": "| 0 | 2 |   Shell   |",
        "bootstrap-colorpicker": "| 0 | 1 |   None   |",
        "conf20-future-dse": "| 0 | 2 |   None   |",
        "rstudio-community-discourse": "| 0 | 1 |   Ruby   |",
        "checkRS-deploy": "| 0 | 1 |   Shell   |",
        "gary-support-article-source": "| 0 | 2 |   HTML   |",
        "hugo-now-ui": "| 0 | 1 |   None   |",
        "node-optimist": "| 0 | 1 |   None   |",
        "crewjam-saml": "| 0 | 0 |   Go   |",
        "ca-predict-covid": "| 0 | 1 |   HTML   |",
        "terraform-provider-credstash": "| 0 | 1 |   Go   |",
        "cs_protipstemplate": "| 0 | 1 |   TeX   |",
        "sqlite3-bin": "| 0 | 1 |   Shell   |",
        "rsconnect-ts": "| 0 | 1 |   TypeScript   |",
        "checkRS-linkto": "| 0 | 1 |   Python   |",
        "dd-trace-go": "| 0 | 0 |   None   |",
        "hello": "| 0 | 1 |   None   |",
        "customer-success": "| 0 | 1 |   None   |",
        "docs-how-tos": "| 0 | 1 |   HTML   |",
        "py-faicons": "| 0 | 0 |   Python   |",
        "rsc-sample-content": "| 0 | 0 |   None   |",
        "gcfgenv": "| 0 | 1 |   Go   |",
        "go-helm-client": "| 0 | 1 |   None   |",
        "wait-for-it": "| 0 | 0 |   None   |",
        "reg.diagnostics": "| 0 | 1 |   None   |",
        "postgresql-reserved-words": "| 0 | 1 |   Go   |",
        "lucid-kube-fledged": "| 0 | 0 |   None   |",
        "golang-migrate-source-aws-s3-v2": "| 0 | 0 |   Go   |",
        "ghoststring": "| 0 | 0 |   Go   |",
        "vscode-workbench": "| 0 | 0 |   None   |",
        "go-version": "| 0 | 0 |   Go   |",
        "go-pep440-version": "| 0 | 0 |   Go   |",
        "ps-cheatsheet-metrics": "| 0 | 0 |   JavaScript   |",
        "flair": "| 0 | 0 |   None   |",
        "repository-snapshot-format": "| 0 | 0 |   Go   |",
        "go-snyk-dependency-recursion-issue": "| 0 | 1 |   Go   |",
        "osxcross": "| 0 | 0 |   Shell   |",
        "gcc-darwin-arm64": "| 0 | 0 |   None   |",
        "cctools-port": "| 0 | 0 |   C   |",
        "rsconnect-cloud-static": "| 0 | 0 |   None   |",
        "shiny-data": "| 0 | 0 |   None   |",
        "pyshiny-multi-query-sentiment": "| 0 | 0 |   None   |",
        "hub-docs": "| 0 | 0 |   Svelte   |",
        "package-manager-rpackagerewriter": "| 0 | 1 |   Go   |",
        "shiny-streamlit-api": "| 0 | 0 |   None   |"
    }
}