{
    "company": "The Rust Programming Language",
    "h-index": 97,
    "repo count": 198,
    "contributor count": 7015,
    "size": "todo",
    "employee count": "todo",
    "country": null,
    "top language": "Rust",
    "repos": {
        "rust": "| 81392 | 10769 |   Rust   |",
        "rustlings": "| 38342 | 6638 |   Rust   |",
        "mdBook": "| 13393 | 1364 |   Rust   |",
        "book": "| 12209 | 2888 |   Rust   |",
        "rust-analyzer": "| 11972 | 1232 |   Rust   |",
        "cargo": "| 10379 | 2033 |   Rust   |",
        "rust-clippy": "| 9376 | 1232 |   Rust   |",
        "rust-by-example": "| 5768 | 1163 |   None   |",
        "rustup": "| 5333 | 812 |   Rust   |",
        "rfcs": "| 5219 | 1502 |   Markdown   |",
        "rustfmt": "| 5127 | 782 |   Rust   |",
        "futures-rs": "| 4832 | 560 |   Rust   |",
        "rls": "| 3557 | 269 |   Rust   |",
        "rust.vim": "| 3508 | 280 |   Vim Script   |",
        "rust-bindgen": "| 3437 | 595 |   Rust   |",
        "miri": "| 3202 | 259 |   Rust   |",
        "regex": "| 2870 | 378 |   Rust   |",
        "crates.io": "| 2460 | 551 |   Rust   |",
        "hashbrown": "| 1984 | 233 |   Rust   |",
        "log": "| 1742 | 227 |   Rust   |",
        "this-week-in-rust": "| 1690 | 889 |   HTML   |",
        "libc": "| 1688 | 872 |   Rust   |",
        "chalk": "| 1624 | 167 |   Rust   |",
        "async-book": "| 1461 | 209 |   Shell   |",
        "cc-rs": "| 1418 | 355 |   Rust   |",
        "vscode-rust": "| 1396 | 178 |   TypeScript   |",
        "rustc-dev-guide": "| 1387 | 415 |   HTML   |",
        "nomicon": "| 1367 | 224 |   CSS   |",
        "git2-rs": "| 1357 | 349 |   Rust   |",
        "api-guidelines": "| 1136 | 99 |   None   |",
        "polonius": "| 1026 | 67 |   Rust   |",
        "rust-playground": "| 1008 | 181 |   TypeScript   |",
        "rust-mode": "| 972 | 166 |   Emacs Lisp   |",
        "reference": "| 929 | 381 |   Rust   |",
        "docs.rs": "| 861 | 183 |   Rust   |",
        "rustfix": "| 826 | 63 |   Rust   |",
        "rustc_codegen_gcc": "| 762 | 38 |   Rust   |",
        "rust-enhanced": "| 725 | 102 |   Python   |",
        "datafrog": "| 715 | 42 |   Rust   |",
        "flate2-rs": "| 672 | 142 |   Rust   |",
        "portable-simd": "| 653 | 57 |   Rust   |",
        "rust-semverver": "| 626 | 44 |   Rust   |",
        "arewewebyet": "| 572 | 107 |   HTML   |",
        "unsafe-code-guidelines": "| 548 | 52 |   None   |",
        "stdarch": "| 542 | 228 |   HTML   |",
        "crater": "| 534 | 86 |   Rust   |",
        "socket2": "| 521 | 157 |   Rust   |",
        "rustc-perf": "| 503 | 131 |   Rust   |",
        "packed_simd": "| 487 | 63 |   Rust   |",
        "crates.io-index": "| 451 | 206 |   None   |",
        "backtrace-rs": "| 433 | 192 |   Rust   |",
        "cfg-if": "| 431 | 41 |   Rust   |",
        "style-team": "| 423 | 57 |   Rust   |",
        "libm": "| 423 | 79 |   Rust   |",
        "rust-forge": "| 368 | 161 |   Rust   |",
        "glob": "| 363 | 70 |   Rust   |",
        "docker-rust": "| 350 | 74 |   Dockerfile   |",
        "compiler-team": "| 337 | 66 |   HTML   |",
        "wg-async": "| 320 | 85 |   Rust   |",
        "www.rust-lang.org": "| 318 | 273 |   Fluent   |",
        "measureme": "| 296 | 45 |   Rust   |",
        "compiler-builtins": "| 295 | 173 |   Rust   |",
        "blog.rust-lang.org": "| 286 | 244 |   HTML   |",
        "glacier": "| 274 | 65 |   Rust   |",
        "team": "| 268 | 237 |   Rust   |",
        "project-error-handling": "| 260 | 17 |   None   |",
        "atom-ide-rust": "| 247 | 36 |   JavaScript   |",
        "stacker": "| 233 | 39 |   Rust   |",
        "cmake-rs": "| 230 | 92 |   Rust   |",
        "getopts": "| 224 | 59 |   Rust   |",
        "edition-guide": "| 219 | 93 |   None   |",
        "rust-roadmap-2017": "| 217 | 11 |   None   |",
        "areweasyncyet.rs": "| 206 | 29 |   Rust   |",
        "rust-playpen": "| 203 | 77 |   Rust   |",
        "rustc-hash": "| 195 | 26 |   Rust   |",
        "highfive": "| 185 | 134 |   Python   |",
        "rustc-demangle": "| 182 | 41 |   Rust   |",
        "rust-guidelines": "| 179 | 29 |   None   |",
        "wg-allocators": "| 170 | 8 |   None   |",
        "rustwide": "| 167 | 42 |   Rust   |",
        "lang-team": "| 162 | 44 |   JavaScript   |",
        "cargo-bisect-rustc": "| 156 | 53 |   Rust   |",
        "prev.rust-lang.org": "| 153 | 347 |   HTML   |",
        "rfcbot-rs": "| 153 | 58 |   Rust   |",
        "ferris-says": "| 143 | 30 |   Rust   |",
        "thanks": "| 142 | 26 |   Rust   |",
        "homu": "| 139 | 52 |   Python   |",
        "rustc-reading-club": "| 137 | 9 |   None   |",
        "pkg-config-rs": "| 133 | 73 |   Rust   |",
        "gll": "| 132 | 23 |   Rust   |",
        "triagebot": "| 131 | 62 |   Rust   |",
        "annotate-snippets-rs": "| 124 | 21 |   Rust   |",
        "ena": "| 122 | 31 |   Rust   |",
        "rust-memory-model": "| 121 | 14 |   Python   |",
        "wg-cargo-std-aware": "| 118 | 7 |   None   |",
        "simpleinfra": "| 113 | 62 |   HCL   |",
        "rust-artwork": "| 109 | 23 |   None   |",
        "rustup-components-history": "| 96 | 33 |   Rust   |",
        "async-fundamentals-initiative": "| 91 | 17 |   None   |",
        "const-eval": "| 90 | 18 |   CSS   |",
        "llvm-project": "| 90 | 84 |   None   |",
        "wg-grammar": "| 89 | 17 |   Rust   |",
        "pin-utils": "| 85 | 17 |   Rust   |",
        "foundation-faq-2020": "| 85 | 16 |   None   |",
        "project-portable-simd": "| 84 | 12 |   None   |",
        "odht": "| 82 | 11 |   Rust   |",
        "libz-sys": "| 79 | 60 |   Rust   |",
        "libs-team": "| 78 | 14 |   Rust   |",
        "rust-central-station": "| 74 | 51 |   Rust   |",
        "rust-repos": "| 74 | 30 |   Rust   |",
        "types-team": "| 72 | 17 |   None   |",
        "std-dev-guide": "| 70 | 25 |   Shell   |",
        "project-safe-transmute": "| 67 | 12 |   None   |",
        "meeting-minutes": "| 66 | 28 |   None   |",
        "keyword-generics-initiative": "| 66 | 8 |   None   |",
        "rust-wiki-backup": "| 63 | 34 |   None   |",
        "discord-mods-bot": "| 62 | 32 |   Rust   |",
        "rust-installer": "| 59 | 65 |   Shell   |",
        "docker-rust-nightly": "| 59 | 33 |   Dockerfile   |",
        "libtest": "| 58 | 19 |   Rust   |",
        "crates-build-env": "| 57 | 82 |   Dockerfile   |",
        "zsh-config": "| 41 | 10 |   None   |",
        "rust-log-analyzer": "| 38 | 23 |   Rust   |",
        "rust-marketing": "| 36 | 11 |   None   |",
        "llvm": "| 34 | 64 |   C++   |",
        "thorin": "| 34 | 8 |   Rust   |",
        "wg-governance": "| 33 | 12 |   None   |",
        "project-inline-asm": "| 32 | 7 |   None   |",
        "project-const-generics": "| 32 | 10 |   CSS   |",
        "wg-security-response": "| 29 | 18 |   Shell   |",
        "project-ffi-unwind": "| 29 | 12 |   None   |",
        "project-stable-mir": "| 24 | 9 |   None   |",
        "surveys": "| 23 | 9 |   Rust   |",
        "gedit-config": "| 22 | 10 |   None   |",
        "rustc-pr-tracking": "| 22 | 24 |   JavaScript   |",
        "nano-config": "| 17 | 10 |   None   |",
        "async-crashdump-debugging-initiative": "| 15 | 2 |   None   |",
        "gha-self-hosted": "| 14 | 12 |   Python   |",
        "lldb": "| 13 | 6 |   HTML   |",
        "relnotes": "| 13 | 14 |   Rust   |",
        "promote-release": "| 13 | 13 |   Rust   |",
        "rust-dbg-ext": "| 13 | 4 |   Rust   |",
        "ctcft": "| 12 | 5 |   None   |",
        "dyn-upcasting-coercion-initiative": "| 12 | 3 |   None   |",
        "hoedown": "| 11 | 6 |   C   |",
        "core-team": "| 11 | 11 |   Python   |",
        "sync-team": "| 11 | 9 |   Rust   |",
        "compiler-rt": "| 10 | 29 |   C   |",
        "governance": "| 10 | 4 |   None   |",
        "generic-associated-types-initiative": "| 9 | 7 |   None   |",
        "kate-config": "| 8 | 11 |   None   |",
        "crates-io-ops-bot": "| 8 | 16 |   Rust   |",
        "bors": "| 8 | 6 |   Rust   |",
        "jemalloc": "| 7 | 15 |   C   |",
        "zulip_archive": "| 7 | 8 |   HTML   |",
        "infra-team": "| 6 | 6 |   None   |",
        "release-team": "| 6 | 7 |   None   |",
        "miri-test-libstd": "| 6 | 4 |   Shell   |",
        "project-deref-patterns": "| 6 | 2 |   None   |",
        "subteams": "| 5 | 12 |   None   |",
        "moderation-team": "| 5 | 7 |   None   |",
        "staging.crates.io-index": "| 5 | 7 |   None   |",
        "monitorbot": "| 5 | 9 |   Rust   |",
        "ar_archive_writer": "| 5 | 4 |   C++   |",
        "opsem-team": "| 5 | 1 |   None   |",
        "rfc-leadership-council": "| 5 | 2 |   Markdown   |",
        "rustc-rayon": "| 4 | 10 |   Rust   |",
        "project-group-template": "| 4 | 12 |   None   |",
        "gha-runner": "| 4 | 4 |   C#   |",
        "initiative-template": "| 4 | 3 |   None   |",
        "never-type-initiative": "| 4 | 1 |   None   |",
        "rust-reach-www": "| 3 | 9 |   HTML   |",
        "crates-io-cargo-teams": "| 3 | 10 |   None   |",
        "pontoon": "| 3 | 5 |   Python   |",
        "project-thir-unsafeck": "| 3 | 3 |   None   |",
        "libbacktrace": "| 2 | 12 |   C   |",
        ".github": "| 2 | 35 |   None   |",
        "rust-gha": "| 2 | 8 |   Rust   |",
        "rust-lang.github.io": "| 2 | 8 |   HTML   |",
        "project-rfc-2229": "| 2 | 6 |   None   |",
        "impl-trait-initiative": "| 2 | 7 |   None   |",
        "negative-impls-initiative": "| 2 | 1 |   None   |",
        "wg-debugging": "| 2 | 0 |   None   |",
        "project-exploit-mitigations": "| 2 | 1 |   None   |",
        "mailgun-mailmap": "| 1 | 10 |   Rust   |",
        "generate-manifest-list": "| 1 | 8 |   Rust   |",
        "rustc-timing": "| 1 | 8 |   None   |",
        "community-localization": "| 1 | 9 |   None   |",
        "compiler-team-prioritization": "| 1 | 7 |   None   |",
        "wg-incr-comp": "| 1 | 7 |   None   |",
        "crates-io-heroku-metrics": "| 1 | 4 |   Python   |",
        "crates.io-index-archive": "| 1 | 2 |   Shell   |",
        "ghost-code-initiative": "| 1 | 1 |   None   |",
        "trait-system-refactor-initiative": "| 1 | 0 |   None   |",
        "lld": "| 0 | 6 |   C++   |",
        "mirror-google-fuchsia-zircon": "| 0 | 6 |   None   |",
        "all-hands-2020": "| 0 | 9 |   None   |",
        "web-presence-team": "| 0 | 7 |   None   |"
    }
}