{
    "company": "Salesforce",
    "h-index": 84,
    "repo count": 363,
    "contributor count": 1246,
    "size": "todo",
    "employee count": "todo",
    "country": null,
    "top language": "Python",
    "repos": {
        "LAVIS": "| 4359 | 390 |   Python   |",
        "akita": "| 3642 | 346 |   TypeScript   |",
        "CodeGen": "| 3491 | 247 |   Python   |",
        "Merlion": "| 2959 | 254 |   Python   |",
        "BLIP": "| 2584 | 381 |   Jupyter Notebook   |",
        "decaNLP": "| 2317 | 436 |   Python   |",
        "TransmogrifAI": "| 2181 | 392 |   Scala   |",
        "ja3": "| 2083 | 268 |   Python   |",
        "awd-lstm-lm": "| 1905 | 499 |   Python   |",
        "policy_sentry": "| 1822 | 131 |   Python   |",
        "ctrl": "| 1785 | 206 |   Python   |",
        "cloudsplaining": "| 1712 | 156 |   JavaScript   |",
        "lwc": "| 1387 | 323 |   JavaScript   |",
        "WikiSQL": "| 1310 | 302 |   HTML   |",
        "sloop": "| 1284 | 127 |   Go   |",
        "pytorch-qrnn": "| 1256 | 195 |   Python   |",
        "ALBEF": "| 1006 | 155 |   Python   |",
        "ai-economist": "| 997 | 206 |   Python   |",
        "jarm": "| 948 | 131 |   Python   |",
        "design-system-react": "| 862 | 393 |   JavaScript   |",
        "CodeT5": "| 821 | 150 |   Python   |",
        "tough-cookie": "| 820 | 138 |   JavaScript   |",
        "reactive-grpc": "| 775 | 118 |   Java   |",
        "OmniXAI": "| 617 | 64 |   Jupyter Notebook   |",
        "vulnreport": "| 594 | 162 |   HTML   |",
        "Argus": "| 497 | 149 |   Java   |",
        "matchbox": "| 488 | 25 |   Python   |",
        "hassh": "| 488 | 74 |   Python   |",
        "cove": "| 469 | 92 |   Python   |",
        "PCL": "| 463 | 75 |   Python   |",
        "base-components-recipes": "| 461 | 229 |   JavaScript   |",
        "progen": "| 397 | 72 |   Python   |",
        "observable-membrane": "| 374 | 27 |   TypeScript   |",
        "warp-drive": "| 368 | 69 |   Python   |",
        "CodeRL": "| 336 | 42 |   Python   |",
        "MultiHopKG": "| 276 | 72 |   Jupyter Notebook   |",
        "provis": "| 273 | 46 |   Python   |",
        "nonauto-nmt": "| 263 | 49 |   Python   |",
        "DeepTime": "| 250 | 40 |   Python   |",
        "themify": "| 217 | 17 |   TypeScript   |",
        "simpletod": "| 217 | 75 |   Python   |",
        "factCC": "| 210 | 30 |   Python   |",
        "grpc-java-contrib": "| 208 | 37 |   Java   |",
        "aws-allowlister": "| 202 | 30 |   Python   |",
        "mirus": "| 194 | 45 |   Java   |",
        "generic-sidecar-injector": "| 189 | 51 |   Go   |",
        "jaxformer": "| 189 | 26 |   Python   |",
        "runway-browser": "| 188 | 31 |   JavaScript   |",
        "GeDi": "| 187 | 47 |   Python   |",
        "glad": "| 186 | 47 |   Python   |",
        "TabularSemanticParsing": "| 183 | 56 |   Jupyter Notebook   |",
        "EDICT": "| 183 | 10 |   Jupyter Notebook   |",
        "ETSformer": "| 179 | 28 |   Python   |",
        "CodeGen2": "| 179 | 6 |   Python   |",
        "rules_spring": "| 176 | 36 |   Starlark   |",
        "densecap": "| 176 | 59 |   Jupyter Notebook   |",
        "logai": "| 173 | 16 |   Python   |",
        "cloud-guardrails": "| 169 | 19 |   HCL   |",
        "kafka-junit": "| 163 | 45 |   Java   |",
        "CoST": "| 155 | 32 |   Python   |",
        "ALPRO": "| 151 | 16 |   Python   |",
        "causalai": "| 148 | 14 |   Jupyter Notebook   |",
        "booksum": "| 142 | 29 |   Python   |",
        "cos-e": "| 141 | 18 |   Python   |",
        "sfdx-lwc-jest": "| 140 | 70 |   JavaScript   |",
        "ctrl-sum": "| 138 | 24 |   Python   |",
        "secure-filters": "| 137 | 38 |   JavaScript   |",
        "dockerfile-image-update": "| 125 | 44 |   Java   |",
        "refocus": "| 124 | 47 |   JavaScript   |",
        "metabadger": "| 123 | 14 |   Python   |",
        "Converse": "| 118 | 13 |   Python   |",
        "ULIP": "| 118 | 9 |   Python   |",
        "CoMatch": "| 113 | 21 |   Python   |",
        "bazel-eclipse": "| 111 | 16 |   Java   |",
        "hierarchicalContrastiveLearning": "| 101 | 12 |   Python   |",
        "botsim": "| 101 | 7 |   Jupyter Notebook   |",
        "bro-sysmon": "| 100 | 18 |   Zeek   |",
        "eslint-config-lwc": "| 95 | 34 |   JavaScript   |",
        "Timbermill": "| 93 | 14 |   Java   |",
        "craft": "| 90 | 13 |   Go   |",
        "MUST": "| 89 | 9 |   Python   |",
        "lobster-pot": "| 87 | 5 |   Go   |",
        "near-membrane": "| 85 | 30 |   TypeScript   |",
        "best": "| 84 | 10 |   TypeScript   |",
        "rng-kbqa": "| 83 | 13 |   Python   |",
        "ml4ir": "| 82 | 28 |   Jupyter Notebook   |",
        "eslint-plugin-lwc": "| 79 | 28 |   JavaScript   |",
        "helm-starter-istio": "| 78 | 29 |   Shell   |",
        "MoPro": "| 78 | 7 |   Python   |",
        "TaiChi": "| 76 | 9 |   Python   |",
        "QAConv": "| 75 | 9 |   Python   |",
        "lwc-rfcs": "| 74 | 24 |   None   |",
        "online_conformal": "| 72 | 6 |   Jupyter Notebook   |",
        "Providence": "| 71 | 16 |   Python   |",
        "fsnet": "| 71 | 16 |   Python   |",
        "rmux": "| 65 | 12 |   Go   |",
        "kagekiri": "| 65 | 9 |   JavaScript   |",
        "fast-influence-functions": "| 65 | 16 |   Python   |",
        "threatshell": "| 64 | 16 |   Python   |",
        "DocNLI": "| 63 | 10 |   Python   |",
        "DazedAndConfused": "| 62 | 5 |   Python   |",
        "sa11y": "| 61 | 20 |   TypeScript   |",
        "p4-fusion": "| 61 | 10 |   C++   |",
        "grammaticus": "| 59 | 17 |   Java   |",
        "GQUIC_Protocol_Analyzer": "| 58 | 21 |   Zeek   |",
        "handlebars-php": "| 57 | 29 |   PHP   |",
        "ferret": "| 57 | 9 |   Java   |",
        "AutoTriageBot": "| 56 | 18 |   Python   |",
        "corr_based_prediction": "| 53 | 9 |   Python   |",
        "coco-dst": "| 52 | 12 |   Python   |",
        "ICLRec": "| 50 | 6 |   Python   |",
        "runway-compiler": "| 48 | 11 |   JavaScript   |",
        "global-tunnel": "| 47 | 46 |   JavaScript   |",
        "apollo": "| 46 | 15 |   Java   |",
        "VD-BERT": "| 44 | 14 |   Python   |",
        "storm-dynamic-spout": "| 41 | 13 |   Java   |",
        "formula-engine": "| 41 | 24 |   Java   |",
        "codeceptjs-bdd": "| 41 | 15 |   JavaScript   |",
        "DNNC-few-shot-intent": "| 40 | 11 |   Python   |",
        "PB-OVD": "| 40 | 5 |   Python   |",
        "kylie": "| 39 | 9 |   JavaScript   |",
        "lwc-test": "| 39 | 27 |   JavaScript   |",
        "ConvSumm": "| 39 | 7 |   Python   |",
        "helm-starter": "| 38 | 18 |   Shell   |",
        "bazel-mystery": "| 37 | 4 |   Starlark   |",
        "zsync4j": "| 34 | 15 |   Java   |",
        "query-focused-sum": "| 34 | 5 |   Python   |",
        "ts-safe-access": "| 33 | 7 |   HTML   |",
        "utam-js-recipes": "| 33 | 17 |   JavaScript   |",
        "DialFact": "| 32 | 9 |   Python   |",
        "apex-mockery": "| 32 | 7 |   Apex   |",
        "cantor": "| 30 | 20 |   Java   |",
        "localization-xml-mt": "| 30 | 7 |   Python   |",
        "LayoutDETR": "| 30 | 3 |   Python   |",
        "genhance": "| 28 | 11 |   Jupyter Notebook   |",
        "bazel-vscode": "| 27 | 6 |   TypeScript   |",
        "get-you-a-license": "| 26 | 15 |   Scala   |",
        "mt-dynamo": "| 26 | 12 |   Java   |",
        "terraform-provider-policyguru": "| 26 | 8 |   Go   |",
        "django-declarative-apis": "| 25 | 13 |   Python   |",
        "pomgen": "| 25 | 9 |   Python   |",
        "gorp": "| 24 | 7 |   Java   |",
        "NeuralBayes": "| 24 | 4 |   Jupyter Notebook   |",
        "QGen": "| 24 | 6 |   Python   |",
        "bazel-maven-proxy": "| 23 | 8 |   Java   |",
        "ensemble-of-averages": "| 23 | 2 |   Python   |",
        "ImageOptimization": "| 22 | 18 |   Java   |",
        "bazel-java-sdk": "| 22 | 5 |   Java   |",
        "pam_oidc": "| 22 | 7 |   Go   |",
        "AuditNLG": "| 22 | 2 |   Python   |",
        "LinuxTelemetry": "| 21 | 12 |   Python   |",
        "zfs_defrag": "| 21 | 9 |   Shell   |",
        "centrifuge": "| 21 | 8 |   Java   |",
        "nimbus": "| 21 | 18 |   Swift   |",
        "breakout": "| 20 | 6 |   PHP   |",
        "RGRecSys": "| 20 | 5 |   Python   |",
        "QAFactEval": "| 20 | 2 |   Python   |",
        "wire-service-jest-util": "| 19 | 15 |   JavaScript   |",
        "gsoc": "| 19 | 8 |   None   |",
        "carbonj": "| 19 | 15 |   Java   |",
        "CAST": "| 19 | 4 |   Python   |",
        "Overture": "| 19 | 1 |   Python   |",
        "oss-template": "| 18 | 55 |   None   |",
        "esprit": "| 18 | 5 |   Python   |",
        "morpheus": "| 18 | 8 |   Python   |",
        "QueryBlazer": "| 18 | 8 |   C++   |",
        "HIVE": "| 18 | 1 |   Python   |",
        "dr-cla": "| 17 | 10 |   Scala   |",
        "salesforce.github.io": "| 17 | 25 |   HTML   |",
        "pyplyn": "| 17 | 8 |   Java   |",
        "pygsheetsorm": "| 17 | 9 |   Python   |",
        "salesforce-risk": "| 17 | 5 |   JavaScript   |",
        "decorator-operations": "| 17 | 8 |   Python   |",
        "paprika": "| 17 | 3 |   Python   |",
        "GlueGen": "| 17 | 0 |   Python   |",
        "utam-java": "| 16 | 14 |   Java   |",
        "fewshot_absa": "| 16 | 4 |   Python   |",
        "omakase": "| 15 | 11 |   CSS   |",
        "dialog-flow-extraction": "| 15 | 5 |   Python   |",
        "buffer-equal-constant-time": "| 14 | 5 |   JavaScript   |",
        "UniversalFewShotNLP": "| 14 | 3 |   Python   |",
        "CASPI": "| 14 | 6 |   Python   |",
        "offline-app-developer-starter-kit": "| 14 | 13 |   JavaScript   |",
        "python-argusclient": "| 13 | 35 |   Python   |",
        "RRL": "| 13 | 5 |   Python   |",
        "multithreaded-exfil-detection": "| 13 | 4 |   Zeek   |",
        "QVR-SimpleDLM": "| 13 | 3 |   Python   |",
        "burn-after-reading": "| 13 | 4 |   Python   |",
        "proto-backwards-compat-maven-plugin": "| 12 | 16 |   Java   |",
        "sibling-rivalry": "| 12 | 13 |   Python   |",
        "speech-datasets": "| 12 | 5 |   Python   |",
        "utam-java-recipes": "| 12 | 13 |   Java   |",
        "kubelet-summary-exporter": "| 12 | 4 |   Go   |",
        "pixel-captcha-project": "| 11 | 5 |   Java   |",
        "Avocat": "| 11 | 7 |   TypeScript   |",
        "ctrl-detector": "| 11 | 8 |   Python   |",
        "kube-synthetic-scaler": "| 11 | 5 |   Go   |",
        "adversarial-polyglots": "| 11 | 7 |   Python   |",
        "SRMA": "| 11 | 1 |   Python   |",
        "coyote": "| 10 | 6 |   Java   |",
        "bite": "| 10 | 3 |   Python   |",
        "policyguru": "| 10 | 6 |   Python   |",
        "BiST": "| 10 | 5 |   Python   |",
        "PR-DARTS": "| 10 | 4 |   Python   |",
        "woad-pytorch": "| 10 | 5 |   Python   |",
        "FactLM": "| 10 | 6 |   Python   |",
        "orchard": "| 10 | 9 |   Scala   |",
        "MagiQL": "| 9 | 4 |   Roff   |",
        "test-drop-in-framework": "| 9 | 11 |   Java   |",
        "MavenParent": "| 9 | 9 |   Java   |",
        "kafka-partition-availability-benchmark": "| 9 | 14 |   Java   |",
        "hydra-sum": "| 9 | 4 |   Python   |",
        "DOODL": "| 9 | 1 |   Jupyter Notebook   |",
        "cucumber-metrics": "| 8 | 4 |   Ruby   |",
        "a11y-tests": "| 8 | 4 |   JavaScript   |",
        "refocus-ldk": "| 8 | 9 |   JavaScript   |",
        "oss-request": "| 8 | 5 |   Scala   |",
        "transmogrifai-helloworld-sbt": "| 8 | 9 |   Scala   |",
        "bazel-ls-eclipse": "| 8 | 4 |   Java   |",
        "cdp-web-sdk": "| 8 | 8 |   JavaScript   |",
        "GAEA": "| 8 | 2 |   HTML   |",
        "cix": "| 8 | 3 |   JavaScript   |",
        "MPT": "| 8 | 4 |   Python   |",
        "refocus-collector": "| 7 | 7 |   JavaScript   |",
        "quick-quartz": "| 7 | 5 |   Kotlin   |",
        "bazel-java-builder-template": "| 7 | 8 |   Starlark   |",
        "xnli_extension": "| 7 | 2 |   None   |",
        "commerce-event-viewer": "| 7 | 7 |   TypeScript   |",
        "ebm_calibration_nlu": "| 7 | 3 |   Python   |",
        "BabelBot": "| 6 | 4 |   Ruby   |",
        "flo": "| 6 | 4 |   Ruby   |",
        "maligned": "| 6 | 3 |   Scala   |",
        "metro": "| 6 | 4 |   Python   |",
        "acdc": "| 6 | 7 |   Scala   |",
        "nnd_evaluation": "| 6 | 0 |   Jupyter Notebook   |",
        "CompEdit": "| 6 | 0 |   Python   |",
        "runway-model-bookkeeper": "| 5 | 4 |   JavaScript   |",
        "refocus-lens-multitable": "| 5 | 14 |   JavaScript   |",
        "o4": "| 5 | 11 |   Python   |",
        "defcon": "| 5 | 5 |   Python   |",
        "nimbus-plugin-barcode-scanner": "| 5 | 8 |   None   |",
        "SourceCrawler": "| 5 | 4 |   C#   |",
        "integrated_challenge": "| 5 | 3 |   Python   |",
        "k2v8": "| 5 | 5 |   Kotlin   |",
        "disentangled-sum": "| 5 | 6 |   Python   |",
        "iSEA": "| 5 | 2 |   Jupyter Notebook   |",
        "bazel-jdt-java-toolchain": "| 5 | 6 |   Java   |",
        "inv-cdip": "| 5 | 2 |   Python   |",
        "fieldExtractor": "| 5 | 2 |   Python   |",
        "bazoku": "| 5 | 4 |   Starlark   |",
        "ModularPrompt": "| 5 | 2 |   Python   |",
        "ImageOptimizationWeb": "| 4 | 9 |   Java   |",
        "runway-model-elevators": "| 4 | 3 |   JavaScript   |",
        "AptSpring": "| 4 | 10 |   Java   |",
        "cf2pojo": "| 4 | 4 |   Java   |",
        "refocus-utilities": "| 4 | 5 |   JavaScript   |",
        "SLD4J": "| 4 | 8 |   Java   |",
        "refocus-bot-timeline": "| 4 | 3 |   JavaScript   |",
        "refocus-bot-oncall": "| 4 | 5 |   JavaScript   |",
        "bazenv": "| 4 | 5 |   Go   |",
        "tsdb-hbase-region-finder": "| 4 | 5 |   Python   |",
        "VulnreportForBurp": "| 4 | 6 |   Java   |",
        "bazel-demo": "| 4 | 3 |   C   |",
        "lightning-burp": "| 4 | 4 |   Java   |",
        "comparison_SGD_ADAM": "| 4 | 3 |   Python   |",
        "utam-js-wdio-boilerplate": "| 4 | 4 |   JavaScript   |",
        "cms-graphql-apis": "| 4 | 5 |   Java   |",
        "kubernetes-control-plane-assessment": "| 4 | 2 |   None   |",
        "lwsec-docs-mirror": "| 4 | 4 |   None   |",
        "DataHardness": "| 4 | 2 |   Python   |",
        "lwc-webpack-plugin": "| 4 | 3 |   TypeScript   |",
        "spade": "| 4 | 4 |   Scala   |",
        "discord_questions": "| 4 | 0 |   Jupyter Notebook   |",
        "spin-test": "| 3 | 3 |   JavaScript   |",
        "language-runway": "| 3 | 4 |   None   |",
        "runway-model-toomanybananas": "| 3 | 29 |   JavaScript   |",
        "refocus-lens-tree": "| 3 | 4 |   JavaScript   |",
        "envariability": "| 3 | 4 |   JavaScript   |",
        "smartACL": "| 3 | 5 |   Python   |",
        "octoviolet": "| 3 | 4 |   JavaScript   |",
        "refocus-bdk": "| 3 | 4 |   JavaScript   |",
        "automate_my_cloud": "| 3 | 6 |   HCL   |",
        "demo-scv-connector": "| 3 | 11 |   JavaScript   |",
        "CPQ-Product-Recommendation-Demo": "| 3 | 2 |   Python   |",
        "stubborn": "| 3 | 7 |   Scala   |",
        "scv-connector-base": "| 3 | 11 |   JavaScript   |",
        "wdio-shadowdom-service": "| 3 | 6 |   JavaScript   |",
        "TransformerASR": "| 3 | 3 |   Python   |",
        "hyperion": "| 3 | 3 |   Scala   |",
        "o11y-sample-app": "| 3 | 9 |   TypeScript   |",
        "BigIssue": "| 3 | 0 |   Python   |",
        "eslint-plugin-lwc-graph-analyzer": "| 3 | 6 |   JavaScript   |",
        "sprinkler": "| 3 | 6 |   Go   |",
        "git_flo": "| 2 | 3 |   Ruby   |",
        "github_flo": "| 2 | 4 |   Ruby   |",
        "salesforce_flo": "| 2 | 3 |   Ruby   |",
        "NetStandardLibraryTemplate": "| 2 | 4 |   PowerShell   |",
        "i18n-util": "| 2 | 8 |   Java   |",
        "refocus-collector-eval": "| 2 | 5 |   JavaScript   |",
        "refocus-sample-generator-template-utils": "| 2 | 7 |   JavaScript   |",
        "refocus-lens-simplelist": "| 2 | 2 |   JavaScript   |",
        "sfgh-community-wellness-center": "| 2 | 3 |   JavaScript   |",
        "refocus-bot-notes": "| 2 | 3 |   JavaScript   |",
        "refocus-real-time": "| 2 | 6 |   JavaScript   |",
        "echo": "| 2 | 3 |   Java   |",
        "standards-explainers": "| 2 | 4 |   None   |",
        "C2J": "| 2 | 5 |   Java   |",
        "DAPC": "| 2 | 2 |   Python   |",
        "scv-partner-telephony-quickstart": "| 2 | 12 |   JavaScript   |",
        "eslint-plugin-lightning": "| 2 | 5 |   JavaScript   |",
        "ci-result-to-slack": "| 2 | 5 |   Go   |",
        "TestAdvisor": "| 2 | 2 |   Java   |",
        "telepathy": "| 2 | 5 |   Scala   |",
        "MoFE": "| 2 | 1 |   Python   |",
        "ferret-common": "| 2 | 5 |   None   |",
        "CoSeRec": "| 2 | 1 |   Python   |",
        "service-catalog-item-samples": "| 2 | 5 |   Apex   |",
        "holistic-aggregates-paper": "| 2 | 1 |   C++   |",
        "Accelerator-for-Provider-Relationship-Management": "| 2 | 0 |   None   |",
        "strategically-robust-ai": "| 2 | 1 |   Python   |",
        "cla-resources": "| 1 | 3 |   None   |",
        "refocus-sgt-trust1": "| 1 | 4 |   JavaScript   |",
        "refocus-bot-participants": "| 1 | 3 |   JavaScript   |",
        "refocus-bot-weather-tutorial": "| 1 | 3 |   JavaScript   |",
        "refocus-whitelist": "| 1 | 5 |   JavaScript   |",
        "RandomContentGenerator": "| 1 | 6 |   Java   |",
        "refocus-logging": "| 1 | 7 |   JavaScript   |",
        "simple-selective-git-client": "| 1 | 2 |   Python   |",
        "refocus-real-time-client-example": "| 1 | 3 |   JavaScript   |",
        ".github": "| 1 | 8 |   None   |",
        "ginsu": "| 1 | 5 |   Java   |",
        "trellis": "| 1 | 3 |   Java   |",
        "bazel-ls-demo-project": "| 1 | 6 |   Java   |",
        "piXnotify": "| 1 | 3 |   Python   |",
        "salesforce-mc-sample-app": "| 1 | 8 |   JavaScript   |",
        "gpl-commitment": "| 1 | 2 |   None   |",
        "remark-lint-no-empty-image-alt-text": "| 1 | 3 |   JavaScript   |",
        "starport": "| 1 | 7 |   Scala   |",
        "adversarial-polyglots-data": "| 1 | 2 |   None   |",
        "ci-brakeman": "| 1 | 3 |   Go   |",
        "pemts": "| 1 | 4 |   Java   |",
        "awesolog": "| 1 | 3 |   Java   |",
        "lwc-codemod": "| 1 | 3 |   JavaScript   |",
        "app-analytics-delivery-config-kickstart": "| 1 | 1 |   HCL   |",
        "TestAdvisor-Lib-Selenium-4": "| 1 | 1 |   Java   |",
        "UniTAO": "| 1 | 5 |   Go   |",
        "appium-inspector-salesforce": "| 1 | 3 |   JavaScript   |",
        "kineticpulse": "| 1 | 2 |   Scala   |",
        "precision-oncology-open": "| 1 | 1 |   Jupyter Notebook   |",
        "docker-phoenix-mini": "| 0 | 2 |   Java   |",
        "TestAdvisor-CLI": "| 0 | 2 |   Java   |",
        "homebrew-ferret": "| 0 | 3 |   Ruby   |",
        "RIRL": "| 0 | 1 |   Jupyter Notebook   |",
        "sshme": "| 0 | 2 |   Python   |",
        "mailific": "| 0 | 2 |   Java   |",
        "TestAdvisor-Lib-Selenium-3": "| 0 | 1 |   Java   |",
        "line-metaphors": "| 0 | 2 |   Svelte   |",
        "Accelerator-for-Patient-Services": "| 0 | 0 |   None   |",
        "MetaHistoSeg": "| 0 | 1 |   Python   |",
        "journey-builder-package-test": "| 0 | 0 |   None   |",
        "test1": "| 0 | 0 |   None   |",
        "loyalty-mc-journey-builder": "| 0 | 0 |   None   |",
        "junction-workflow": "| 0 | 2 |   Java   |"
    }
}