{
    "company": "Samsung",
    "h-index": 40,
    "repo count": 154,
    "contributor count": 2231,
    "size": "todo",
    "employee count": "todo",
    "country": null,
    "top language": "C++",
    "repos": {
        "veles": "| 899 | 188 |   C++   |",
        "rlottie": "| 864 | 175 |   C++   |",
        "netcoredbg": "| 544 | 82 |   C#   |",
        "TizenRT": "| 488 | 533 |   C   |",
        "jalangi2": "| 403 | 115 |   JavaScript   |",
        "GearVRf": "| 399 | 222 |   C++   |",
        "cotopaxi": "| 330 | 81 |   Python   |",
        "ONE": "| 323 | 108 |   C++   |",
        "ADBI": "| 286 | 80 |   C   |",
        "Tizen-CSharp-Samples": "| 221 | 223 |   C#   |",
        "TizenTVApps": "| 209 | 83 |   JavaScript   |",
        "KnowledgeSharingPlatform": "| 175 | 45 |   Java   |",
        "Tizen.NET": "| 161 | 28 |   C#   |",
        "TizenFX": "| 157 | 228 |   C#   |",
        "ChromiumGStreamerBackend": "| 141 | 54 |   None   |",
        "tizen-docs": "| 134 | 379 |   None   |",
        "libtuv": "| 126 | 78 |   C   |",
        "escargot": "| 123 | 41 |   C++   |",
        "cordova-plugin-toast": "| 118 | 64 |   JavaScript   |",
        "UTopia": "| 100 | 15 |   C++   |",
        "Wits": "| 98 | 25 |   JavaScript   |",
        "360tools": "| 94 | 45 |   C   |",
        "Tizen.CircularUI": "| 81 | 37 |   C#   |",
        "meminsight": "| 79 | 17 |   JavaScript   |",
        "CredSweeper": "| 69 | 26 |   Python   |",
        "restful": "| 57 | 44 |   Java   |",
        "Dexter": "| 57 | 33 |   HTML   |",
        "HbbPlayer": "| 57 | 22 |   CSS   |",
        "spark-cep": "| 55 | 21 |   Scala   |",
        "kv2streamer": "| 52 | 19 |   C++   |",
        "Chromium": "| 52 | 24 |   HTML   |",
        "Fluff": "| 51 | 13 |   C++   |",
        "qaboard": "| 49 | 14 |   JavaScript   |",
        "TAU": "| 46 | 42 |   JavaScript   |",
        "Castanets": "| 44 | 43 |   None   |",
        "microbit": "| 43 | 36 |   Java   |",
        "WATT": "| 43 | 22 |   JavaScript   |",
        "LexSubGen": "| 43 | 14 |   Python   |",
        "Tizen.TV.UIControls": "| 41 | 20 |   C#   |",
        "SamsungAutomationStudio": "| 40 | 25 |   HTML   |",
        "mTower": "| 38 | 15 |   C   |",
        "ONE-vscode": "| 36 | 48 |   TypeScript   |",
        "islet": "| 34 | 5 |   Rust   |",
        "SJS": "| 33 | 8 |   Java   |",
        "CAS": "| 28 | 6 |   C++   |",
        "veles.sound_feature_extraction": "| 27 | 16 |   C++   |",
        "node-jerryscript": "| 27 | 18 |   JavaScript   |",
        "veles.znicz": "| 26 | 23 |   Python   |",
        "http-parser": "| 26 | 15 |   C   |",
        "xamarin-forms-samples": "| 26 | 13 |   C#   |",
        "TAU-Design-Editor": "| 26 | 18 |   JavaScript   |",
        "create-tizen-app": "| 26 | 6 |   TypeScript   |",
        "SVIEngine": "| 24 | 15 |   C++   |",
        "vasum": "| 23 | 11 |   C++   |",
        "cynara": "| 22 | 20 |   C++   |",
        "CredData": "| 22 | 13 |   Python   |",
        "ioter": "| 22 | 1 |   Python   |",
        "cordova-tv-webos": "| 21 | 16 |   JavaScript   |",
        "afl_cc": "| 20 | 12 |   C++   |",
        "tizen-tv-webapis": "| 20 | 9 |   JavaScript   |",
        "ribon": "| 19 | 5 |   R   |",
        "appium-tizen-driver": "| 19 | 16 |   JavaScript   |",
        "auto_off_target": "| 18 | 6 |   Python   |",
        "cordova-sectv-tizen": "| 17 | 16 |   JavaScript   |",
        "grunt-cordova-sectv": "| 17 | 24 |   JavaScript   |",
        "tizen-fundamental-classes": "| 17 | 13 |   C++   |",
        "StoneNeedle": "| 17 | 16 |   C   |",
        "CordovaPlugins": "| 16 | 14 |   Java   |",
        "Universum": "| 16 | 15 |   Python   |",
        "LPVS": "| 16 | 19 |   Java   |",
        "mimic": "| 15 | 7 |   TypeScript   |",
        "cordova-sectv-orsay": "| 15 | 13 |   JavaScript   |",
        "RT-OCF": "| 15 | 10 |   C   |",
        "vscode-extension-tizentv": "| 15 | 13 |   JavaScript   |",
        "cargo": "| 14 | 9 |   C++   |",
        "tizen-extension-sample": "| 14 | 7 |   JavaScript   |",
        "skia": "| 13 | 9 |   C++   |",
        "vs-tools-cps": "| 13 | 9 |   C#   |",
        "veles.simd": "| 12 | 16 |   C++   |",
        "tizen-app-assist": "| 12 | 9 |   C++   |",
        "MeziLang": "| 12 | 6 |   Java   |",
        "vscode-tizentv-wasm": "| 12 | 5 |   JavaScript   |",
        "mixed-reality-extension-godot": "| 12 | 6 |   C#   |",
        "ColorPatternTracker": "| 11 | 8 |   HTML   |",
        "Tizen.Appium": "| 11 | 11 |   C#   |",
        "gcutil": "| 11 | 8 |   C   |",
        "walrus": "| 11 | 8 |   WebAssembly   |",
        "FFTF": "| 10 | 7 |   C++   |",
        "opencl4py": "| 10 | 12 |   Python   |",
        "security-manager": "| 10 | 14 |   C++   |",
        "veles.mastodon": "| 10 | 17 |   Java   |",
        "tizen-common-web": "| 10 | 5 |   JavaScript   |",
        "kflat": "| 10 | 1 |   C   |",
        "ckm": "| 9 | 9 |   C   |",
        "veles.nlp": "| 9 | 5 |   C++   |",
        "appium-sdb": "| 9 | 10 |   JavaScript   |",
        "webIDE-common-tizentv": "| 9 | 10 |   JavaScript   |",
        "OCLAlgo": "| 8 | 8 |   C++   |",
        "yarr": "| 8 | 4 |   C++   |",
        "TizenTemplateStudio": "| 8 | 1 |   C#   |",
        "kspp-study": "| 8 | 1 |   TeX   |",
        "udt4py": "| 7 | 4 |   Python   |",
        "SEAPT": "| 7 | 3 |   C++   |",
        "cuda4py": "| 6 | 6 |   Python   |",
        "combirepo": "| 6 | 10 |   Python   |",
        "build-task-tizen": "| 6 | 9 |   C#   |",
        "async-request-serial-processor-": "| 6 | 7 |   Java   |",
        "tizen-iot-examples": "| 6 | 11 |   C   |",
        "ci-cd-bot": "| 6 | 3 |   JavaScript   |",
        "appium": "| 5 | 8 |   JavaScript   |",
        "ErrorSanitizer": "| 5 | 3 |   C   |",
        "tools": "| 5 | 3 |   JavaScript   |",
        "Tizen.UIExtensions": "| 5 | 8 |   C#   |",
        "ENNDelegate": "| 5 | 0 |   None   |",
        "islet-asset": "| 5 | 3 |   C++   |",
        "DeathHandler": "| 4 | 5 |   C++   |",
        "icu": "| 4 | 2 |   C++   |",
        "sirius": "| 4 | 6 |   Java   |",
        "gmf-runtime": "| 4 | 6 |   Java   |",
        "lwnode": "| 4 | 6 |   C++   |",
        "iac": "| 4 | 3 |   C   |",
        "jpeg4py": "| 3 | 7 |   Python   |",
        "nice-lad": "| 3 | 6 |   C++   |",
        "trace-typing": "| 3 | 6 |   JavaScript   |",
        "appium-dotnet-driver": "| 3 | 6 |   C#   |",
        "rapidjson": "| 3 | 2 |   C++   |",
        "js_vendor_tc": "| 3 | 10 |   JavaScript   |",
        "escargot-vscode-extension": "| 3 | 7 |   TypeScript   |",
        "plug-ur-tool": "| 3 | 0 |   None   |",
        "cert-checker": "| 2 | 8 |   C++   |",
        "nether": "| 2 | 6 |   C++   |",
        "security-tests": "| 2 | 0 |   None   |",
        "askuser": "| 2 | 6 |   C++   |",
        "CONBOL": "| 2 | 7 |   C++   |",
        "checked_arithmetic": "| 2 | 3 |   C++   |",
        "double_conversion": "| 2 | 3 |   C++   |",
        "WikiQuestions": "| 2 | 2 |   None   |",
        "ADA": "| 2 | 2 |   Python   |",
        "flare_wasi_libc": "| 2 | 0 |   None   |",
        "samsung-wallet-js": "| 2 | 0 |   None   |",
        "rome": "| 2 | 0 |   None   |",
        "tedeu5": "| 2 | 0 |   None   |",
        "SupplyChainAssurance": "| 2 | 0 |   None   |",
        "TizenSchool": "| 2 | 1 |   Svelte   |",
        "appium-base-driver": "| 1 | 6 |   JavaScript   |",
        "DefinitelyTyped": "| 1 | 1 |   TypeScript   |",
        "NLC2CMD": "| 1 | 1 |   None   |",
        "SES": "| 1 | 0 |   None   |",
        "flare_V8_build": "| 1 | 0 |   None   |",
        "flare_wasi_sdk": "| 1 | 0 |   None   |",
        "flare": "| 1 | 0 |   None   |",
        "flare_llvm": "| 1 | 0 |   None   |",
        "rust-repr": "| 1 | 0 |   Rust   |",
        "veles.uima": "| 0 | 1 |   None   |"
    }
}