{
    "company": "Scrapy project",
    "h-index": 19,
    "repo count": 26,
    "contributor count": 665,
    "size": "todo",
    "employee count": "todo",
    "country": null,
    "top language": "Python",
    "repos": {
        "scrapy": "| 47156 | 9985 |   Python   |",
        "scrapyd": "| 2652 | 557 |   Python   |",
        "scrapely": "| 1830 | 267 |   HTML   |",
        "dirbot": "| 1628 | 1090 |   Python   |",
        "quotesbot": "| 1213 | 746 |   Python   |",
        "parsel": "| 918 | 132 |   Python   |",
        "scrapyd-client": "| 721 | 139 |   Python   |",
        "w3lib": "| 369 | 105 |   Python   |",
        "cssselect": "| 268 | 57 |   Python   |",
        "loginform": "| 258 | 80 |   Python   |",
        "queuelib": "| 245 | 53 |   Python   |",
        "slybot": "| 224 | 61 |   None   |",
        "scrapy.org": "| 55 | 152 |   HTML   |",
        "itemadapter": "| 53 | 9 |   Python   |",
        "protego": "| 41 | 23 |   DIGITAL Command Language   |",
        "itemloaders": "| 38 | 13 |   Python   |",
        "booksbot": "| 36 | 850 |   Python   |",
        "scrapy-bench": "| 30 | 15 |   Python   |",
        "scurl": "| 19 | 6 |   Python   |",
        "pypydispatcher": "| 15 | 4 |   Python   |",
        "xtractmime": "| 12 | 2 |   Python   |",
        "scrapy-itemloader": "| 6 | 7 |   Python   |",
        "base-chromium": "| 5 | 3 |   C++   |",
        "gsoc2014-integration-tests": "| 3 | 3 |   Shell   |",
        "scrapy-bench-speedcenter": "| 2 | 0 |   Python   |",
        "url-chromium": "| 1 | 2 |   C++   |"
    }
}