{
    "company": "Seagate Technology ",
    "h-index": 12,
    "repo count": 106,
    "contributor count": 3137,
    "size": "todo",
    "employee count": "todo",
    "country": null,
    "top language": "C",
    "repos": {
        "cortx": "| 623 | 349 |   Jupyter Notebook   |",
        "openSeaChest": "| 286 | 50 |   C   |",
        "ToolBin": "| 98 | 30 |   HTML   |",
        "SMR_FS-EXT4": "| 64 | 19 |   C   |",
        "cortx-motr": "| 53 | 140 |   C   |",
        "cortx-s3server": "| 36 | 86 |   C++   |",
        "opensea-transport": "| 19 | 22 |   C   |",
        "it8951": "| 19 | 6 |   C   |",
        "TCGstorageAPI": "| 18 | 14 |   Python   |",
        "cortx-prvsnr": "| 17 | 40 |   Python   |",
        "opensea-operations": "| 15 | 20 |   C   |",
        "cortx-hare": "| 13 | 79 |   Python   |",
        "seagate-tools": "| 11 | 15 |   Python   |",
        "cortx-test": "| 11 | 55 |   Python   |",
        "seagate-exos-x-csi": "| 10 | 5 |   Go   |",
        "SystemsRedfishPy": "| 9 | 5 |   Python   |",
        "telecentric-calibration": "| 9 | 8 |   MATLAB   |",
        "opensea-common": "| 8 | 15 |   C   |",
        "cortx-management-portal": "| 8 | 34 |   Vue   |",
        "corio": "| 8 | 17 |   Python   |",
        "opensea-parser": "| 7 | 2 |   C++   |",
        "cortx-utils": "| 7 | 87 |   Python   |",
        "terraform-provider-lyvecloud": "| 7 | 1 |   Go   |",
        "openSeaChest_LogParser": "| 6 | 1 |   C++   |",
        "cortx-experiments": "| 6 | 41 |   Shell   |",
        "cortx-manager": "| 6 | 47 |   Python   |",
        "cortx-k8s": "| 6 | 48 |   Shell   |",
        "cortx-re": "| 5 | 52 |   Groovy   |",
        "softsensing_data": "| 5 | 3 |   None   |",
        "cortx-rgw": "| 5 | 32 |   C++   |",
        "fio": "| 4 | 3 |   C   |",
        "opensea-api": "| 4 | 1 |   Makefile   |",
        "propeller": "| 4 | 5 |   C   |",
        "cortx-monitor": "| 4 | 38 |   Python   |",
        "cortx-ha": "| 4 | 45 |   Python   |",
        "s3bench": "| 4 | 15 |   Go   |",
        "cortx-multisite": "| 4 | 13 |   Python   |",
        "Lyve-Cloud-Solutions-Samples": "| 4 | 22 |   Python   |",
        "pm8001": "| 3 | 2 |   C   |",
        "smartmontools": "| 3 | 2 |   C++   |",
        "cortx-posix": "| 3 | 14 |   C   |",
        "cortx-fs": "| 3 | 12 |   C   |",
        "csiclvm": "| 3 | 0 |   Go   |",
        "SoftSensingTransformer": "| 3 | 0 |   Jupyter Notebook   |",
        "swift": "| 2 | 1 |   Python   |",
        "lvm2-idm": "| 2 | 1 |   C   |",
        "ocores-udc": "| 2 | 2 |   C   |",
        "cortx-motr-apps": "| 2 | 12 |   C   |",
        "linux-bfq-updates": "| 2 | 1 |   None   |",
        "cortx-rgw-integration": "| 2 | 19 |   Python   |",
        "cortx-halo": "| 2 | 22 |   Vue   |",
        "YCSB": "| 1 | 0 |   Java   |",
        "iometer": "| 1 | 1 |   C++   |",
        "wingetopt": "| 1 | 7 |   C   |",
        "nvme-cli": "| 1 | 3 |   C   |",
        "halon": "| 1 | 0 |   Haskell   |",
        "cortx-nsal": "| 1 | 7 |   C   |",
        "cortx-dsal": "| 1 | 6 |   C   |",
        "cortx-fs-ganesha": "| 1 | 7 |   C   |",
        "cortx-motr-galois": "| 1 | 42 |   C   |",
        "cortx-mio": "| 1 | 11 |   C   |",
        "seagate-exos-x-api-go": "| 1 | 2 |   Go   |",
        "csi-lib-sas": "| 1 | 1 |   Go   |",
        "AutoPerf": "| 1 | 0 |   JavaScript   |",
        "s3-tests": "| 1 | 5 |   Python   |",
        "gofish": "| 1 | 1 |   Go   |",
        "libjson": "| 0 | 2 |   C++   |",
        "SQLiteCpp": "| 0 | 0 |   C   |",
        "curl": "| 0 | 0 |   C   |",
        "zxcvbn-c": "| 0 | 0 |   C   |",
        "node-slp": "| 0 | 2 |   C++   |",
        "openslp": "| 0 | 1 |   C   |",
        "edk2-libc": "| 0 | 0 |   None   |",
        "lvm2": "| 0 | 0 |   None   |",
        "GPL-Commitment": "| 0 | 0 |   None   |",
        "gplcc": "| 0 | 0 |   HTML   |",
        "nfs-ganesha": "| 0 | 0 |   None   |",
        "jsoncpp": "| 0 | 1 |   None   |",
        "libevent": "| 0 | 0 |   None   |",
        "libevhtp": "| 0 | 0 |   None   |",
        "s3cmd": "| 0 | 0 |   None   |",
        "googletest": "| 0 | 0 |   None   |",
        ".github": "| 0 | 3 |   None   |",
        "embench-iot": "| 0 | 0 |   C   |",
        "cortx-images": "| 0 | 2 |   None   |",
        "node_exporter": "| 0 | 0 |   Go   |",
        "github-writer": "| 0 | 0 |   None   |",
        "riscv-trace-spec": "| 0 | 0 |   TeX   |",
        "csi-lib-iscsi": "| 0 | 1 |   Go   |",
        "SoftSensingConvolver": "| 0 | 0 |   None   |",
        "SoftSensingGraph": "| 0 | 0 |   None   |",
        "SoftSensingFeature": "| 0 | 0 |   None   |",
        "SoftSensingRegressor": "| 0 | 0 |   None   |",
        "kmip-go": "| 0 | 1 |   Go   |",
        "actions-dco": "| 0 | 0 |   JavaScript   |",
        "action-alex": "| 0 | 0 |   Shell   |",
        "repository-dispatch": "| 0 | 0 |   TypeScript   |",
        "action-shellcheck": "| 0 | 1 |   None   |",
        "auto-assign-issue": "| 0 | 0 |   None   |",
        "uds-deploy-k8s": "| 0 | 0 |   Shell   |",
        "lyve-pilot-examples": "| 0 | 1 |   Python   |",
        "csi-lib-fc": "| 0 | 0 |   None   |",
        "setup-helm": "| 0 | 0 |   None   |",
        "chart-testing-action": "| 0 | 0 |   None   |",
        "pr-title-checker": "| 0 | 0 |   None   |",
        "management-controller-api-client-samples": "| 0 | 0 |   Python   |"
    }
}