{
    "company": "Segment",
    "h-index": 67,
    "repo count": 500,
    "contributor count": 8559,
    "size": "todo",
    "employee count": "todo",
    "country": "San Francisco, CA",
    "top language": "Go",
    "repos": {
        "nightmare": "| 19377 | 1160 |   JavaScript   |",
        "evergreen": "| 12141 | 853 |   JavaScript   |",
        "kafka-go": "| 6115 | 676 |   Go   |",
        "analytics.js": "| 4780 | 771 |   JavaScript   |",
        "myth": "| 4348 | 156 |   JavaScript   |",
        "ksuid": "| 4059 | 161 |   Go   |",
        "daydream": "| 2760 | 200 |   JavaScript   |",
        "chamber": "| 2278 | 167 |   Go   |",
        "stack": "| 2099 | 429 |   HCL   |",
        "ui-box": "| 1045 | 62 |   TypeScript   |",
        "encoding": "| 908 | 51 |   Go   |",
        "asm": "| 793 | 35 |   Go   |",
        "golines": "| 601 | 44 |   Go   |",
        "analytics-node": "| 590 | 160 |   JavaScript   |",
        "aws-okta": "| 540 | 239 |   Go   |",
        "niffy": "| 536 | 31 |   JavaScript   |",
        "topicctl": "| 501 | 42 |   Go   |",
        "analytics-ios": "| 384 | 330 |   Objective-C   |",
        "analytics-android": "| 377 | 227 |   Java   |",
        "analytics-ruby": "| 374 | 129 |   Ruby   |",
        "analytics-react-native": "| 331 | 175 |   TypeScript   |",
        "consent-manager": "| 325 | 134 |   TypeScript   |",
        "ts-mysql-plugin": "| 312 | 11 |   TypeScript   |",
        "parquet-go": "| 304 | 59 |   Go   |",
        "analytics-next": "| 287 | 93 |   TypeScript   |",
        "specs": "| 273 | 46 |   JavaScript   |",
        "fasthash": "| 261 | 17 |   Go   |",
        "ware": "| 255 | 31 |   JavaScript   |",
        "analytics-php": "| 245 | 132 |   PHP   |",
        "analytics-python": "| 230 | 140 |   Python   |",
        "ctlstore": "| 230 | 18 |   Go   |",
        "chrome-sidebar": "| 205 | 59 |   JavaScript   |",
        "typewriter": "| 205 | 55 |   TypeScript   |",
        "nsq.js": "| 204 | 40 |   JavaScript   |",
        "stats": "| 200 | 32 |   Go   |",
        "threat-modeling-training": "| 195 | 27 |   None   |",
        "in-eu": "| 180 | 16 |   JavaScript   |",
        "yal": "| 171 | 14 |   JavaScript   |",
        "go-prompt": "| 167 | 40 |   Go   |",
        "kubectl-curl": "| 167 | 14 |   Go   |",
        "analytics-react": "| 160 | 23 |   JavaScript   |",
        "is-url": "| 159 | 45 |   JavaScript   |",
        "cwlogs": "| 141 | 10 |   Go   |",
        "kubeapply": "| 139 | 16 |   Go   |",
        "analytics-go": "| 137 | 84 |   Go   |",
        "analytics.js-core": "| 132 | 93 |   TypeScript   |",
        "dependency-report": "| 127 | 20 |   JavaScript   |",
        "ecs-logs": "| 115 | 18 |   Go   |",
        "analytics-java": "| 111 | 94 |   Java   |",
        "analytics.js-integrations": "| 111 | 144 |   JavaScript   |",
        "Analytics.NET": "| 106 | 68 |   C#   |",
        "go-athena": "| 106 | 61 |   Go   |",
        "go-queue": "| 105 | 11 |   Go   |",
        "xml-parser": "| 100 | 39 |   JavaScript   |",
        "backo": "| 99 | 20 |   JavaScript   |",
        "analytics-vue": "| 98 | 11 |   Vue   |",
        "nsq-go": "| 93 | 22 |   Go   |",
        "consul-go": "| 89 | 10 |   Go   |",
        "superagent-retry": "| 86 | 41 |   JavaScript   |",
        "frictionless-signup": "| 86 | 15 |   JavaScript   |",
        "pg-escape": "| 84 | 30 |   JavaScript   |",
        "conf": "| 81 | 12 |   Go   |",
        "orbital": "| 80 | 8 |   Go   |",
        "functions-library": "| 75 | 29 |   JavaScript   |",
        "inbound": "| 72 | 30 |   JavaScript   |",
        "decibel": "| 68 | 21 |   Swift   |",
        "analytics-angular": "| 68 | 9 |   TypeScript   |",
        "events": "| 62 | 14 |   Go   |",
        "pingdummy": "| 61 | 13 |   JavaScript   |",
        "go-loggly": "| 60 | 29 |   Go   |",
        "glue": "| 60 | 4 |   Go   |",
        "analytics-swift": "| 59 | 43 |   Swift   |",
        "analytics-rust": "| 56 | 11 |   Rust   |",
        "nsq_to_redis": "| 53 | 5 |   Go   |",
        "retrofit-jsonrpc": "| 53 | 23 |   Java   |",
        "snippet": "| 52 | 20 |   JavaScript   |",
        "segment-proxy": "| 51 | 36 |   Go   |",
        "statsy": "| 50 | 7 |   JavaScript   |",
        "is-email": "| 49 | 16 |   JavaScript   |",
        "objconv": "| 49 | 10 |   Go   |",
        "facade": "| 48 | 25 |   JavaScript   |",
        "sherlock": "| 48 | 4 |   JavaScript   |",
        "cli": "| 47 | 10 |   Go   |",
        "agecache": "| 46 | 14 |   Go   |",
        "go-stats": "| 45 | 5 |   Go   |",
        "validate-form": "| 44 | 6 |   JavaScript   |",
        "go-snakecase": "| 43 | 4 |   Go   |",
        "utm-params": "| 42 | 9 |   JavaScript   |",
        "aws-billing": "| 40 | 13 |   JavaScript   |",
        "testdemo": "| 38 | 5 |   Go   |",
        "action-destinations": "| 38 | 130 |   TypeScript   |",
        "http_to_nsq": "| 36 | 4 |   Go   |",
        "redis-go": "| 36 | 13 |   Go   |",
        "feature": "| 36 | 4 |   Go   |",
        "analytics.js-integration": "| 35 | 35 |   JavaScript   |",
        "segment-docs": "| 35 | 198 |   HTML   |",
        "ebs-backup": "| 34 | 8 |   Go   |",
        "go-hll": "| 34 | 9 |   Go   |",
        "terraform-segment-data-lakes": "| 34 | 33 |   HCL   |",
        "data-digger": "| 34 | 6 |   Go   |",
        "Analytics.Xamarin": "| 33 | 30 |   C#   |",
        "errors-go": "| 32 | 5 |   Go   |",
        "analytics-kotlin": "| 32 | 16 |   Kotlin   |",
        "s3-lister": "| 31 | 6 |   JavaScript   |",
        "batch-stream": "| 31 | 8 |   JavaScript   |",
        "load-script": "| 30 | 10 |   JavaScript   |",
        "localstorage-retry": "| 30 | 15 |   JavaScript   |",
        "pprof-server": "| 28 | 7 |   Perl   |",
        "textio": "| 28 | 6 |   Go   |",
        "rate-limiting-log-proxy": "| 25 | 6 |   Go   |",
        "coredns-plugins": "| 24 | 5 |   Go   |",
        "commute-heatmap": "| 23 | 10 |   JavaScript   |",
        "chunk-date-range": "| 22 | 9 |   JavaScript   |",
        "netsec": "| 22 | 3 |   Go   |",
        "mongo-key-escape": "| 20 | 4 |   JavaScript   |",
        "segment-import": "| 20 | 18 |   JavaScript   |",
        "jsonrpc.js": "| 20 | 4 |   JavaScript   |",
        "backo-go": "| 20 | 5 |   Go   |",
        "load-iframe": "| 19 | 7 |   JavaScript   |",
        "timers": "| 18 | 5 |   Go   |",
        "analytics-pico8": "| 18 | 5 |   HTML   |",
        "prompt-for": "| 17 | 8 |   JavaScript   |",
        "jsonrpc2.js": "| 17 | 9 |   JavaScript   |",
        "new-date": "| 16 | 9 |   JavaScript   |",
        "go-interpolate": "| 16 | 2 |   Go   |",
        "stripe-cohort": "| 15 | 8 |   JavaScript   |",
        "go-tableize": "| 15 | 6 |   Go   |",
        "go-camelcase": "| 14 | 5 |   Go   |",
        "top-domain": "| 13 | 10 |   JavaScript   |",
        "integration": "| 13 | 9 |   JavaScript   |",
        "go-ec2": "| 13 | 2 |   Go   |",
        "objects-go": "| 13 | 5 |   Go   |",
        "isodate-traverse": "| 12 | 10 |   JavaScript   |",
        "datastructures": "| 12 | 2 |   Go   |",
        "when": "| 11 | 3 |   JavaScript   |",
        "helpscout": "| 11 | 22 |   JavaScript   |",
        "go-loggly-search": "| 11 | 4 |   Go   |",
        "go-route53": "| 11 | 2 |   Go   |",
        "rpc-cli": "| 11 | 5 |   Go   |",
        "topk": "| 11 | 0 |   Go   |",
        "isodate": "| 10 | 5 |   JavaScript   |",
        "validator": "| 10 | 5 |   JavaScript   |",
        "autofill-form": "| 10 | 6 |   JavaScript   |",
        "ec2-exec": "| 10 | 2 |   Go   |",
        "dog-statsy": "| 10 | 7 |   JavaScript   |",
        "ecs-logs-js": "| 10 | 7 |   TypeScript   |",
        "robo": "| 10 | 4 |   Go   |",
        "sovran-react-native": "| 10 | 9 |   TypeScript   |",
        "obj-case": "| 9 | 8 |   JavaScript   |",
        "nsq-lookup": "| 9 | 11 |   JavaScript   |",
        "stripe-charges": "| 9 | 5 |   JavaScript   |",
        "cartographer": "| 9 | 5 |   Java   |",
        "eslint-config": "| 9 | 8 |   JavaScript   |",
        "send-json": "| 9 | 10 |   JavaScript   |",
        "Analytics-CSharp": "| 9 | 3 |   C#   |",
        "extend": "| 8 | 9 |   JavaScript   |",
        "analytics.js-integration-tester": "| 8 | 13 |   JavaScript   |",
        "script-onload": "| 8 | 4 |   JavaScript   |",
        "logspout-fluentd": "| 8 | 28 |   Go   |",
        "go-forward-ssh": "| 8 | 5 |   Go   |",
        "jutil": "| 8 | 1 |   Go   |",
        "awsbilling": "| 8 | 4 |   JavaScript   |",
        "stmtcacher": "| 8 | 1 |   Go   |",
        "emissary": "| 8 | 7 |   Go   |",
        "analytics-roku": "| 8 | 8 |   Brightscript   |",
        "fastrand": "| 8 | 1 |   Go   |",
        "Sovran-Swift": "| 8 | 8 |   Swift   |",
        "analytics_flutter": "| 8 | 1 |   Dart   |",
        "terraform-provider-kubeapply": "| 8 | 6 |   Go   |",
        "canonical": "| 7 | 6 |   JavaScript   |",
        "store.js": "| 7 | 3 |   JavaScript   |",
        "analytics-events": "| 7 | 14 |   JavaScript   |",
        "integration-sdk": "| 7 | 4 |   TypeScript   |",
        "vpcinfo": "| 7 | 4 |   Go   |",
        "fs": "| 7 | 1 |   Go   |",
        "bind-all": "| 6 | 4 |   JavaScript   |",
        "request-retry": "| 6 | 4 |   JavaScript   |",
        "to-iso-string": "| 6 | 4 |   JavaScript   |",
        "submit-form": "| 6 | 5 |   JavaScript   |",
        "protocol": "| 6 | 5 |   JavaScript   |",
        "health-app": "| 6 | 4 |   JavaScript   |",
        "ory-hydra": "| 6 | 15 |   Go   |",
        "react-tiny-virtual-list": "| 6 | 7 |   TypeScript   |",
        "atlantis": "| 6 | 6 |   Go   |",
        "react-example": "| 6 | 62 |   TypeScript   |",
        "analytics-edge": "| 6 | 3 |   TypeScript   |",
        "alias": "| 5 | 3 |   JavaScript   |",
        "isostring": "| 5 | 4 |   JavaScript   |",
        "response-summary": "| 5 | 3 |   JavaScript   |",
        "nightmarejs.org": "| 5 | 5 |   CSS   |",
        "icons": "| 5 | 5 |   JavaScript   |",
        "trigger-event": "| 5 | 3 |   JavaScript   |",
        "replay-logs": "| 5 | 1 |   Go   |",
        "byo-data-pipeline": "| 5 | 3 |   HCL   |",
        "Sovran-Kotlin": "| 5 | 4 |   Kotlin   |",
        "is-meta": "| 4 | 5 |   JavaScript   |",
        "unix-time": "| 4 | 3 |   JavaScript   |",
        "global-queue": "| 4 | 6 |   JavaScript   |",
        "request-summary": "| 4 | 4 |   JavaScript   |",
        "integration-tester": "| 4 | 8 |   JavaScript   |",
        "ad-params": "| 4 | 5 |   JavaScript   |",
        "go-slacker": "| 4 | 3 |   Go   |",
        "patchwork": "| 4 | 3 |   Go   |",
        "ccache": "| 4 | 3 |   Go   |",
        "trample": "| 4 | 5 |   JavaScript   |",
        "analytics-test-apps": "| 4 | 4 |   Swift   |",
        "gorocksdb": "| 4 | 0 |   Go   |",
        "bellows": "| 4 | 2 |   Go   |",
        "nap": "| 4 | 2 |   Go   |",
        "profiles-sync-dbt": "| 4 | 2 |   None   |",
        "on-error": "| 3 | 3 |   HTML   |",
        "hbs-json": "| 3 | 5 |   JavaScript   |",
        "noop-logger": "| 3 | 1 |   JavaScript   |",
        "highlight-json": "| 3 | 3 |   JavaScript   |",
        "pointer": "| 3 | 3 |   Go   |",
        "datadog": "| 3 | 2 |   Go   |",
        "pgx": "| 3 | 2 |   Go   |",
        "ecs-logs-go": "| 3 | 3 |   Go   |",
        "docker-image": "| 3 | 1 |   None   |",
        "gevent-ticker": "| 3 | 4 |   Python   |",
        "terraform-provider-aws": "| 3 | 3 |   Go   |",
        "direct-integration-tester": "| 3 | 5 |   Go   |",
        "terrafile": "| 3 | 4 |   Go   |",
        "mock": "| 3 | 7 |   TypeScript   |",
        "segment-braze-mobile-middleware": "| 3 | 5 |   Objective-C   |",
        "opslevel-go": "| 3 | 1 |   Go   |",
        "substrata-swift": "| 3 | 0 |   Swift   |",
        "public-api-sdk-typescript": "| 3 | 3 |   TypeScript   |",
        "on-body": "| 2 | 6 |   JavaScript   |",
        "convert-dates": "| 2 | 3 |   JavaScript   |",
        "to-unix-timestamp": "| 2 | 3 |   Makefile   |",
        "use-https": "| 2 | 3 |   JavaScript   |",
        "media-block": "| 2 | 3 |   CSS   |",
        "storage": "| 2 | 4 |   JavaScript   |",
        "go-simplejson": "| 2 | 0 |   Go   |",
        "java-code-styles": "| 2 | 1 |   Shell   |",
        "highlight-sql": "| 2 | 3 |   JavaScript   |",
        "gorilla-rpc": "| 2 | 1 |   Go   |",
        "typography": "| 2 | 3 |   CSS   |",
        "datadog-go": "| 2 | 0 |   Go   |",
        "mapstructure": "| 2 | 1 |   Go   |",
        "node-hubspot": "| 2 | 4 |   JavaScript   |",
        "logrus-cli": "| 2 | 1 |   Go   |",
        "deku-copy-button": "| 2 | 3 |   JavaScript   |",
        "fast-csv": "| 2 | 3 |   JavaScript   |",
        "deku-checklist": "| 2 | 3 |   JavaScript   |",
        "node-csv-parse": "| 2 | 2 |   CoffeeScript   |",
        "prevent-default": "| 2 | 6 |   JavaScript   |",
        "create-event": "| 2 | 3 |   JavaScript   |",
        "sqlparser": "| 2 | 2 |   Go   |",
        "connect": "| 2 | 5 |   Go   |",
        "python-source-resource": "| 2 | 6 |   Python   |",
        "go-waitgroup": "| 2 | 1 |   Go   |",
        "sarama": "| 2 | 2 |   Go   |",
        "gevent-semaphore-decorator": "| 2 | 4 |   Python   |",
        "gevent-timer": "| 2 | 4 |   Python   |",
        "go-burrow": "| 2 | 4 |   Go   |",
        "atlas": "| 2 | 2 |   JavaScript   |",
        "oauth2_proxy": "| 2 | 1 |   Go   |",
        "mysql": "| 2 | 1 |   Go   |",
        "cycle": "| 2 | 1 |   Go   |",
        "glob": "| 2 | 2 |   Go   |",
        "yakbak": "| 2 | 3 |   JavaScript   |",
        "functions-cli-bin": "| 2 | 2 |   Shell   |",
        "jenks": "| 2 | 2 |   Go   |",
        "goss": "| 2 | 3 |   None   |",
        "bloom": "| 2 | 6 |   Go   |",
        "analytics-android-integrations": "| 2 | 5 |   Java   |",
        "flink-state-management": "| 2 | 1 |   Scala   |",
        "desktop-csv-uploader": "| 2 | 4 |   TypeScript   |",
        "analytics-react-native-ecommerce-samples": "| 2 | 6 |   TypeScript   |",
        "openapi-generator": "| 2 | 2 |   Java   |",
        "clone": "| 1 | 2 |   JavaScript   |",
        "type": "| 1 | 3 |   JavaScript   |",
        "hbs-analyticsjs-snippet": "| 1 | 4 |   JavaScript   |",
        "aphrodite-plans": "| 1 | 2 |   CSS   |",
        "spy": "| 1 | 4 |   JavaScript   |",
        "stub": "| 1 | 6 |   JavaScript   |",
        "clear-images": "| 1 | 3 |   JavaScript   |",
        "clear-cookies": "| 1 | 4 |   JavaScript   |",
        "clear-listeners": "| 1 | 3 |   JavaScript   |",
        "clear-scripts": "| 1 | 3 |   JavaScript   |",
        "clear-globals": "| 1 | 3 |   JavaScript   |",
        "clear-env": "| 1 | 5 |   JavaScript   |",
        "blocked-stats": "| 1 | 4 |   JavaScript   |",
        "clear-ajax": "| 1 | 3 |   JavaScript   |",
        "amazon-ecs-agent": "| 1 | 2 |   Go   |",
        "gddo": "| 1 | 0 |   Go   |",
        "testing-forking": "| 1 | 1 |   None   |",
        "jsonrpc-client": "| 1 | 0 |   Go   |",
        "redsync": "| 1 | 1 |   Go   |",
        "node-time": "| 1 | 3 |   JavaScript   |",
        "httpdown": "| 1 | 1 |   Go   |",
        "concurrent-map": "| 1 | 1 |   Go   |",
        "godep": "| 1 | 1 |   Go   |",
        "object.pick": "| 1 | 3 |   JavaScript   |",
        "parsely-ios": "| 1 | 1 |   Objective-C   |",
        "analytics-android-simulator": "| 1 | 3 |   Go   |",
        "deku-sheet": "| 1 | 3 |   JavaScript   |",
        "duo-babel": "| 1 | 3 |   JavaScript   |",
        "direct-integration-go": "| 1 | 1 |   Go   |",
        "logo-1": "| 1 | 3 |   CSS   |",
        "gohbase": "| 1 | 3 |   Go   |",
        "deku-dropdown": "| 1 | 3 |   JavaScript   |",
        "call-tracking-node": "| 1 | 4 |   JavaScript   |",
        "golang-levenshtein": "| 1 | 1 |   Go   |",
        "deku-loader": "| 1 | 3 |   JavaScript   |",
        "deku-tabs": "| 1 | 3 |   JavaScript   |",
        "analytics.js-karma-sauce-labs-launchers": "| 1 | 3 |   JavaScript   |",
        "fmt": "| 1 | 4 |   JavaScript   |",
        "equals": "| 1 | 3 |   JavaScript   |",
        "assert": "| 1 | 3 |   JavaScript   |",
        "clear-intervals": "| 1 | 3 |   JavaScript   |",
        "clear-timeouts": "| 1 | 3 |   JavaScript   |",
        "golang-set": "| 1 | 1 |   Go   |",
        "amphtml": "| 1 | 1 |   JavaScript   |",
        "hdfs": "| 1 | 3 |   Go   |",
        "logrus": "| 1 | 1 |   Go   |",
        "gotunnelme": "| 1 | 1 |   Go   |",
        "node-marketo": "| 1 | 2 |   JavaScript   |",
        "go-zookeeper": "| 1 | 1 |   Go   |",
        "redlock": "| 1 | 3 |   Go   |",
        "base64-encode": "| 1 | 3 |   JavaScript   |",
        "gziphandler": "| 1 | 0 |   Go   |",
        "godepq": "| 1 | 0 |   Go   |",
        "analytics-python-cli": "| 1 | 1 |   Python   |",
        "elastic": "| 1 | 4 |   Go   |",
        "objects-node": "| 1 | 4 |   JavaScript   |",
        "nested-object-values": "| 1 | 3 |   JavaScript   |",
        "sarama-cluster": "| 1 | 3 |   Go   |",
        "go-pg-escape": "| 1 | 3 |   Go   |",
        "stripe-go": "| 1 | 2 |   Go   |",
        "TestAppSwiftUseFrameworksStaticLib": "| 1 | 2 |   Objective-C   |",
        "analytics-ios-iads-attribution": "| 1 | 8 |   Objective-C   |",
        "intercom-go": "| 1 | 0 |   Go   |",
        "jardiff": "| 1 | 1 |   Python   |",
        "success-feedback": "| 1 | 1 |   HTML   |",
        "fault-tolerant-jsonrpc": "| 1 | 5 |   JavaScript   |",
        "eip-manage": "| 1 | 3 |   Go   |",
        "migrate": "| 1 | 2 |   Go   |",
        "hey": "| 1 | 0 |   Go   |",
        "library-e2e-tester": "| 1 | 5 |   Go   |",
        "terraform-enterprise-go": "| 1 | 2 |   Go   |",
        "sample-app-crash-tracking": "| 1 | 4 |   JavaScript   |",
        "aws-lambda-go-api-proxy": "| 1 | 3 |   Go   |",
        "tsub-js": "| 1 | 4 |   TypeScript   |",
        "deploy-sourcegraph": "| 1 | 2 |   Shell   |",
        "badger": "| 1 | 1 |   Go   |",
        "use-persisted-state": "| 1 | 8 |   JavaScript   |",
        "kafka-type-gen": "| 1 | 4 |   Java   |",
        "kafka-kit": "| 1 | 1 |   Go   |",
        "analytics-java-high-throughput-example": "| 1 | 4 |   Java   |",
        "mysql-wait": "| 1 | 1 |   Go   |",
        "murmur3": "| 1 | 3 |   Go   |",
        "flinkk8soperator": "| 1 | 2 |   None   |",
        "dynamo-audit-filter": "| 1 | 3 |   Python   |",
        "aurora": "| 1 | 1 |   Go   |",
        "git-diff-conditional-buildkite-plugin": "| 1 | 1 |   Python   |",
        "gogo-protobuf": "| 1 | 2 |   None   |",
        "kotlin-destination-templates": "| 1 | 1 |   Kotlin   |",
        "substrata-kotlin": "| 1 | 2 |   Kotlin   |",
        "EdgeFn-Swift": "| 1 | 0 |   Swift   |",
        "datadog-integrations-core": "| 1 | 0 |   None   |",
        "command-line-training": "| 1 | 0 |   Go   |",
        "json3": "| 0 | 3 |   JavaScript   |",
        "fn-node-starter": "| 0 | 1 |   HTML   |",
        "docker-zk-exhibitor": "| 0 | 0 |   Shell   |",
        "marketo-rest-python": "| 0 | 4 |   Python   |",
        "Burrow": "| 0 | 1 |   Go   |",
        "GoGuru": "| 0 | 1 |   Python   |",
        "logshim": "| 0 | 1 |   None   |",
        "go-desk": "| 0 | 2 |   Go   |",
        "pino-ecslogs": "| 0 | 1 |   Go   |",
        "go-force": "| 0 | 0 |   Go   |",
        "gads": "| 0 | 5 |   Go   |",
        "SwiftTryCatch": "| 0 | 2 |   Objective-C   |",
        "react-router-match-as-promised": "| 0 | 4 |   JavaScript   |",
        "rump": "| 0 | 0 |   Go   |",
        "query-data": "| 0 | 3 |   JavaScript   |",
        "loosely-validate-event": "| 0 | 9 |   JavaScript   |",
        "react-storybook": "| 0 | 3 |   JavaScript   |",
        "storybook-ui": "| 0 | 3 |   JavaScript   |",
        "tf-credstash": "| 0 | 2 |   HCL   |",
        "ecs-blox": "| 0 | 3 |   Go   |",
        "squirrel": "| 0 | 0 |   Go   |",
        "prune-pending-tasks": "| 0 | 1 |   None   |",
        "nsscache": "| 0 | 3 |   Python   |",
        "cloudflare-segment-app": "| 0 | 4 |   JavaScript   |",
        "hydra-js": "| 0 | 3 |   JavaScript   |",
        "grafana-datasource-datadog": "| 0 | 3 |   JavaScript   |",
        "logdna-cli": "| 0 | 2 |   JavaScript   |",
        "dd-agent": "| 0 | 2 |   Python   |",
        "realitycheck": "| 0 | 1 |   None   |",
        "reverse-proxy-interview": "| 0 | 2 |   PHP   |",
        "statsdclient": "| 0 | 0 |   Go   |",
        "docker-redis-cluster": "| 0 | 5 |   Makefile   |",
        "google-cloud-go": "| 0 | 3 |   Go   |",
        "go-sqlite3": "| 0 | 2 |   C   |",
        "go-bindata": "| 0 | 2 |   Go   |",
        "tf_aws_redshift": "| 0 | 2 |   HCL   |",
        "analytics.js-integrations-testing-public": "| 0 | 3 |   JavaScript   |",
        "gopacket": "| 0 | 0 |   Go   |",
        "snyk_helpers": "| 0 | 3 |   Shell   |",
        "clickhouse-go": "| 0 | 3 |   Go   |",
        "minimarketo": "| 0 | 2 |   Go   |",
        "go-keychain": "| 0 | 0 |   Go   |",
        "mdast-util-to-hast": "| 0 | 4 |   JavaScript   |",
        "circleci-notifications": "| 0 | 2 |   Shell   |",
        "bamboo": "| 0 | 1 |   Elixir   |",
        "jest-file-snapshot": "| 0 | 5 |   JavaScript   |",
        "lightstep-tracer-go": "| 0 | 3 |   Go   |",
        "envoy": "| 0 | 3 |   C++   |",
        "lyft-ratelimit": "| 0 | 3 |   Go   |",
        "mergo": "| 0 | 1 |   Go   |",
        "cloudflare-go": "| 0 | 0 |   Go   |",
        "fql-ts": "| 0 | 3 |   TypeScript   |",
        "DefinitelyTyped": "| 0 | 0 |   TypeScript   |",
        "gobpf": "| 0 | 1 |   Go   |",
        "tdigest": "| 0 | 2 |   Go   |",
        "foundationdb": "| 0 | 2 |   C++   |",
        "analytics-android-mcvid": "| 0 | 7 |   Java   |",
        "analytics-ios-mcvid": "| 0 | 6 |   Objective-C   |",
        "jass": "| 0 | 4 |   Go   |",
        "semver": "| 0 | 4 |   Go   |",
        "ClickHouse": "| 0 | 1 |   C++   |",
        "analytics.js-integration-snap-pixel": "| 0 | 9 |   JavaScript   |",
        "ajs-multiple-writekeys-demo": "| 0 | 5 |   JavaScript   |",
        "proto-parse": "| 0 | 4 |   JavaScript   |",
        "xxhash": "| 0 | 1 |   Go   |",
        "libs-signals-editor-be-demo": "| 0 | 4 |   JavaScript   |",
        "analytics-ios-integrations": "| 0 | 4 |   Objective-C   |",
        "envoy-consul-sds": "| 0 | 4 |   Go   |",
        "debezium": "| 0 | 3 |   None   |",
        "docker-compose-buildkite-plugin": "| 0 | 1 |   None   |",
        "schemats": "| 0 | 4 |   None   |",
        "apimachinery": "| 0 | 0 |   None   |",
        "typescript-template-language-service-decorator": "| 0 | 3 |   JavaScript   |",
        "cookie": "| 0 | 4 |   JavaScript   |",
        "query-string": "| 0 | 2 |   JavaScript   |",
        "domaintesting": "| 0 | 1 |   HTML   |",
        "buildkite-agent-scaler": "| 0 | 2 |   Go   |",
        "vm2": "| 0 | 2 |   None   |",
        "node-expat": "| 0 | 3 |   JavaScript   |",
        "node-snappy": "| 0 | 3 |   JavaScript   |",
        "jsforce": "| 0 | 2 |   JavaScript   |",
        "kafka-node": "| 0 | 2 |   None   |",
        "amazon-vpc-cni-k8s": "| 0 | 0 |   None   |",
        "docker-patching-test-public": "| 0 | 1 |   Dockerfile   |",
        "snowflake-usage-block": "| 0 | 1 |   LookML   |",
        "go-audit": "| 0 | 2 |   None   |",
        "pkgsite": "| 0 | 2 |   Go   |",
        "aws-alb-ingress-controller": "| 0 | 2 |   None   |",
        "yet-another-cloudwatch-exporter": "| 0 | 3 |   Go   |",
        "prometheus-operator": "| 0 | 2 |   None   |",
        "typewriter-config-api-nodejs-sample": "| 0 | 6 |   JavaScript   |",
        "buildkite-pipeline-schema": "| 0 | 2 |   None   |",
        "local-kms": "| 0 | 1 |   None   |",
        "avo": "| 0 | 1 |   None   |",
        "domify": "| 0 | 2 |   JavaScript   |",
        "profile-api-lambda-proxy-sample": "| 0 | 3 |   JavaScript   |",
        "cloud-custodian-forked": "| 0 | 0 |   Python   |",
        "terraform-exec": "| 0 | 0 |   Go   |",
        "sample-go-test-app-vaibhav": "| 0 | 3 |   Go   |",
        "clickhouse-backups": "| 0 | 1 |   None   |",
        "wazero": "| 0 | 3 |   Go   |",
        "parca": "| 0 | 2 |   TypeScript   |",
        "godotenv": "| 0 | 0 |   None   |",
        "ts-mysql-parser": "| 0 | 3 |   None   |",
        "gospel": "| 0 | 1 |   Go   |",
        "sourcegraph-testing1": "| 0 | 0 |   None   |",
        "cron": "| 0 | 2 |   None   |",
        "EdgeFn-Kotlin": "| 0 | 2 |   Kotlin   |",
        "frostdb": "| 0 | 4 |   Go   |",
        "gosnowflake": "| 0 | 2 |   Go   |",
        "a1-notation": "| 0 | 2 |   JavaScript   |",
        "arrow": "| 0 | 0 |   C++   |",
        "hello_world_jonathan": "| 0 | 2 |   Go   |",
        "minhash-lsh": "| 0 | 0 |   None   |",
        "hello-world-jonathan": "| 0 | 2 |   Go   |",
        "go-mssqldb": "| 0 | 1 |   None   |",
        "Coroutine.NET": "| 0 | 2 |   C#   |",
        "Serialization.NET": "| 0 | 2 |   C#   |",
        "Sovran.NET": "| 0 | 2 |   C#   |",
        "DestinationFilters-Kotlin": "| 0 | 2 |   Kotlin   |",
        "public-api-sdk-go": "| 0 | 0 |   None   |",
        "aws-sigv4-proxy": "| 0 | 0 |   Go   |",
        "sentry-go": "| 0 | 0 |   Go   |",
        "go-u2fhost": "| 0 | 0 |   None   |",
        "DestinationFilters-Swift": "| 0 | 0 |   Swift   |",
        "terracode-hzhou-test-repo-init": "| 0 | 2 |   HCL   |",
        "parquet-go-benchmarks": "| 0 | 0 |   Go   |",
        "ddqp": "| 0 | 0 |   Go   |",
        "sonobuoy": "| 0 | 2 |   None   |",
        "public-api-sdk-java": "| 0 | 3 |   Java   |",
        "cross-fetch": "| 0 | 2 |   JavaScript   |",
        "public-api-sdk-swift": "| 0 | 0 |   Swift   |",
        "terraform-aws-github-runner": "| 0 | 2 |   TypeScript   |",
        "vector": "| 0 | 3 |   None   |",
        "react-json-lens": "| 0 | 0 |   TypeScript   |",
        "veneur": "| 0 | 0 |   None   |"
    }
}