{
    "company": "Selenium",
    "h-index": 13,
    "repo count": 18,
    "contributor count": 1117,
    "size": "todo",
    "employee count": "todo",
    "country": null,
    "top language": "Java",
    "repos": {
        "selenium": "| 26550 | 7546 |   Java   |",
        "docker-selenium": "| 6751 | 2389 |   Shell   |",
        "selenium-ide": "| 2366 | 673 |   TypeScript   |",
        "seleniumhq.github.io": "| 561 | 917 |   HTML   |",
        "selenium-google-code-issue-archive": "| 346 | 208 |   None   |",
        "htmlunit-driver": "| 214 | 84 |   Java   |",
        "www.seleniumhq.org": "| 183 | 422 |   HTML   |",
        "fluent-selenium": "| 150 | 72 |   Java   |",
        "docs": "| 127 | 167 |   HTML   |",
        "mobile-spec": "| 85 | 34 |   Java   |",
        "ansible-selenium": "| 64 | 41 |   Python   |",
        "buck": "| 16 | 18 |   Java   |",
        "selbot2": "| 14 | 30 |   Ruby   |",
        "selenium-assistant": "| 10 | 2 |   JavaScript   |",
        "irc-logs": "| 6 | 8 |   Shell   |",
        "selenium-maven-release-test": "| 4 | 9 |   Java   |",
        "heroku-selenium": "| 4 | 4 |   CSS   |",
        ".github": "| 3 | 1 |   None   |"
    }
}