{
    "company": "Semantic Org",
    "h-index": 16,
    "repo count": 76,
    "contributor count": 743,
    "size": "todo",
    "employee count": "todo",
    "country": "New York",
    "top language": "JavaScript",
    "repos": {
        "Semantic-UI": "| 50559 | 5102 |   JavaScript   |",
        "Semantic-UI-React": "| 13051 | 4030 |   JavaScript   |",
        "Semantic-UI-Angular": "| 559 | 124 |   TypeScript   |",
        "Semantic-UI-CSS": "| 465 | 376 |   JavaScript   |",
        "Semantic-UI-Ember": "| 332 | 117 |   JavaScript   |",
        "Semantic-UI-Docs": "| 301 | 1410 |   JavaScript   |",
        "Semantic-UI-Meteor": "| 225 | 34 |   JavaScript   |",
        "Semantic-UI-LESS": "| 203 | 122 |   JavaScript   |",
        "Semantic-UI-pt-br": "| 153 | 37 |   JavaScript   |",
        "example-github": "| 149 | 86 |   CSS   |",
        "Semantic-UI-Rails-LESS": "| 124 | 36 |   JavaScript   |",
        "Semantic-UI-ar": "| 42 | 11 |   JavaScript   |",
        "Example-External-Gulpfile": "| 28 | 47 |   JavaScript   |",
        "Learn-Semantic": "| 24 | 12 |   JavaScript   |",
        "UI-Dropdown": "| 24 | 51 |   JavaScript   |",
        "Semantic-UI-Angular2": "| 20 | 0 |   None   |",
        "UI-Icon": "| 14 | 20 |   CSS   |",
        "UI-Modal": "| 13 | 14 |   JavaScript   |",
        "UI-Sidebar": "| 13 | 8 |   JavaScript   |",
        "Semantic-UI-SASS": "| 13 | 0 |   None   |",
        "UI-Transition": "| 12 | 22 |   JavaScript   |",
        "UI-Card": "| 10 | 28 |   CSS   |",
        "UI-Button": "| 9 | 13 |   CSS   |",
        "UI-Flag": "| 8 | 7 |   CSS   |",
        "UI-Form": "| 8 | 14 |   JavaScript   |",
        "UI-Popup": "| 8 | 10 |   JavaScript   |",
        "UI-Menu": "| 8 | 7 |   CSS   |",
        "UI-Loader": "| 8 | 6 |   CSS   |",
        "UI-Search": "| 8 | 13 |   JavaScript   |",
        "Module-Examples": "| 7 | 2 |   JavaScript   |",
        "UI-Table": "| 6 | 9 |   CSS   |",
        "UI-Visibility": "| 6 | 8 |   JavaScript   |",
        "Semantic-UI-Meteor-Data": "| 6 | 8 |   JavaScript   |",
        "UI-Checkbox": "| 5 | 8 |   JavaScript   |",
        "UI-Grid": "| 5 | 10 |   CSS   |",
        "UI-Progress": "| 5 | 9 |   JavaScript   |",
        "UI-Site": "| 5 | 4 |   JavaScript   |",
        "UI-Embed": "| 5 | 4 |   JavaScript   |",
        "UI-Api": "| 4 | 8 |   JavaScript   |",
        "UI-Item": "| 4 | 4 |   CSS   |",
        "UI-Label": "| 4 | 7 |   CSS   |",
        "UI-Reset": "| 4 | 7 |   CSS   |",
        "UI-Rating": "| 4 | 6 |   JavaScript   |",
        "UI-Tab": "| 4 | 5 |   JavaScript   |",
        "UI-Step": "| 4 | 7 |   CSS   |",
        "UI-Sticky": "| 4 | 5 |   JavaScript   |",
        "UI-Placeholder": "| 4 | 5 |   CSS   |",
        "UI-Divider": "| 3 | 6 |   CSS   |",
        "UI-Message": "| 3 | 4 |   CSS   |",
        "UI-Nag": "| 3 | 6 |   JavaScript   |",
        "UI-Reveal": "| 3 | 3 |   CSS   |",
        "UI-Statistic": "| 3 | 2 |   CSS   |",
        "UI-Segment": "| 3 | 6 |   CSS   |",
        "UI-Video": "| 3 | 6 |   JavaScript   |",
        "UI-Accordion": "| 3 | 9 |   JavaScript   |",
        "UI-Container": "| 3 | 5 |   CSS   |",
        "UI-Breadcrumb": "| 2 | 4 |   CSS   |",
        "UI-Comment": "| 2 | 4 |   CSS   |",
        "UI-Dimmer": "| 2 | 6 |   JavaScript   |",
        "UI-Feed": "| 2 | 3 |   CSS   |",
        "UI-List": "| 2 | 5 |   CSS   |",
        "UI-Image": "| 2 | 4 |   CSS   |",
        "UI-Shape": "| 2 | 4 |   JavaScript   |",
        "Semantic-UI-Docs-Api": "| 2 | 3 |   JavaScript   |",
        "UI-Ad": "| 2 | 3 |   CSS   |",
        "Semantic-UI-Legacy": "| 2 | 3 |   JavaScript   |",
        "Semantic-UI-1.0-Docs": "| 2 | 4 |   JavaScript   |",
        "gulp-prompt": "| 2 | 1 |   JavaScript   |",
        "UI-Header": "| 1 | 4 |   CSS   |",
        "UI-Input": "| 1 | 6 |   CSS   |",
        "UI-Rail": "| 1 | 5 |   CSS   |",
        "Semantic-UI-Beta-Docs": "| 1 | 6 |   JavaScript   |",
        "Semantic-UI-nl": "| 0 | 6 |   JavaScript   |",
        "wrench-js": "| 0 | 1 |   JavaScript   |",
        "Semantic-UI-Meteorize": "| 0 | 4 |   JavaScript   |",
        "docpad": "| 0 | 1 |   None   |"
    }
}