{
    "company": "Sequelize",
    "h-index": 14,
    "repo count": 25,
    "contributor count": 745,
    "size": "todo",
    "employee count": "todo",
    "country": null,
    "top language": "JavaScript",
    "repos": {
        "sequelize": "| 27867 | 4194 |   JavaScript   |",
        "sequelize-auto": "| 2766 | 497 |   TypeScript   |",
        "sequelize-typescript": "| 2578 | 276 |   TypeScript   |",
        "express-example": "| 2460 | 786 |   JavaScript   |",
        "cli": "| 2434 | 531 |   JavaScript   |",
        "umzug": "| 1799 | 149 |   TypeScript   |",
        "sequelize-restful": "| 295 | 62 |   JavaScript   |",
        "sequelize-admin": "| 49 | 8 |   JavaScript   |",
        "sequelize-sscce": "| 33 | 311 |   TypeScript   |",
        "doc": "| 32 | 43 |   None   |",
        "sequelize-pool": "| 31 | 18 |   TypeScript   |",
        "website": "| 22 | 114 |   HTML   |",
        "sequelize-performance": "| 20 | 8 |   Ruby   |",
        "sequelize-authentication": "| 17 | 1 |   JavaScript   |",
        "gulp-sequelize": "| 12 | 2 |   JavaScript   |",
        "sequelize.org": "| 6 | 1 |   JavaScript   |",
        "doclets": "| 4 | 1 |   JavaScript   |",
        "sequelize-utils": "| 3 | 0 |   JavaScript   |",
        "sequelize-contrib-dockerfile": "| 3 | 2 |   Shell   |",
        "sequelize-cli": "| 3 | 0 |   None   |",
        "bluebird": "| 1 | 2 |   JavaScript   |",
        "meetings": "| 0 | 0 |   TypeScript   |",
        "proxy-release-to-open-collective": "| 0 | 0 |   JavaScript   |",
        "sequelize-postgres": "| 0 | 0 |   Dockerfile   |",
        "toposort": "| 0 | 0 |   JavaScript   |"
    }
}