{
    "company": "ServiceNow",
    "h-index": 22,
    "repo count": 151,
    "contributor count": 2291,
    "size": "todo",
    "employee count": "todo",
    "country": null,
    "top language": "JavaScript",
    "repos": {
        "N-BEATS": "| 373 | 97 |   Python   |",
        "HighRes-net": "| 256 | 48 |   Jupyter Notebook   |",
        "picard": "| 256 | 104 |   Haskell   |",
        "embedding-propagation": "| 194 | 25 |   Python   |",
        "LCFCN": "| 166 | 47 |   Python   |",
        "azimuth": "| 159 | 21 |   Python   |",
        "seasonal-contrast": "| 112 | 14 |   Python   |",
        "stl-decomp-4j": "| 106 | 44 |   Java   |",
        "TADAM": "| 100 | 24 |   Jupyter Notebook   |",
        "example-restclient-myworkapp-nodejs": "| 93 | 111 |   JavaScript   |",
        "osaka": "| 90 | 11 |   Python   |",
        "tactis": "| 68 | 10 |   Python   |",
        "am3": "| 62 | 20 |   Python   |",
        "multithreaded-estimators": "| 54 | 14 |   Python   |",
        "PySNC": "| 54 | 20 |   Python   |",
        "duorat": "| 54 | 22 |   Python   |",
        "synbols": "| 41 | 4 |   Python   |",
        "app-dev-methodology": "| 37 | 34 |   None   |",
        "devtraining-needit-quebec": "| 25 | 6501 |   None   |",
        "bilevel_augment": "| 24 | 6 |   Jupyter Notebook   |",
        "devtraining-needit-rome": "| 24 | 6774 |   None   |",
        "wise_ils": "| 23 | 9 |   Python   |",
        "example-restclient-myworkapp-ios": "| 20 | 53 |   Objective-C   |",
        "ALM": "| 20 | 19 |   None   |",
        "sncicd_githubworkflow": "| 19 | 33 |   None   |",
        "devtraining-needit-sandiego": "| 19 | 6053 |   None   |",
        "HypE": "| 18 | 7 |   Python   |",
        "devtraining-needit-tokyo": "| 18 | 4973 |   None   |",
        "avenue": "| 14 | 2 |   Python   |",
        "servicenow-cli": "| 14 | 7 |   None   |",
        "atf-headless-runner": "| 13 | 6 |   RobotFramework   |",
        "sncicd-apply-changes": "| 11 | 6 |   TypeScript   |",
        "sncicd-instance-scan": "| 11 | 10 |   TypeScript   |",
        "synbols-benchmarks": "| 10 | 2 |   Python   |",
        "typed-dag": "| 10 | 1 |   Python   |",
        "better-ui": "| 9 | 9 |   None   |",
        "beyond-trivial-explanations": "| 9 | 2 |   Python   |",
        "servicenow-cicd-azure-extension": "| 8 | 15 |   JavaScript   |",
        "MiniTouch": "| 8 | 5 |   Python   |",
        "bytesteady": "| 8 | 1 |   C++   |",
        "servicenow-devops-change": "| 8 | 13 |   JavaScript   |",
        "data-augmentation-with-llms": "| 8 | 0 |   Python   |",
        "a-day-in-the-life-of-a-ux-engineer": "| 7 | 12 |   JavaScript   |",
        "sncicd-publish-app": "| 7 | 8 |   TypeScript   |",
        "sncicd-install-app": "| 7 | 5 |   TypeScript   |",
        "active-fairness": "| 7 | 1 |   Jupyter Notebook   |",
        "K15APIDemo": "| 6 | 13 |   Swift   |",
        "fashiongen-challenge-template": "| 6 | 4 |   Dockerfile   |",
        "devtraining-createnotes-orlando": "| 6 | 529 |   None   |",
        "sncicd-tests-run": "| 6 | 12 |   TypeScript   |",
        "sncicd-plugin-activate": "| 6 | 9 |   TypeScript   |",
        "sncicd-gitlab-docker": "| 6 | 3 |   JavaScript   |",
        "THANOS": "| 6 | 0 |   Jupyter Notebook   |",
        "radar.apple.com": "| 5 | 5 |   Objective-C   |",
        "Alpha-UX": "| 5 | 4 |   HTML   |",
        "build-pynini-wheels": "| 5 | 6 |   Dockerfile   |",
        "sncicd-batch-install": "| 5 | 5 |   TypeScript   |",
        "angularjs-workshop-3-day": "| 4 | 13 |   JavaScript   |",
        "sncicd-plugin-rollback": "| 4 | 5 |   TypeScript   |",
        "sncicd-rollback-app": "| 4 | 5 |   TypeScript   |",
        "K16-dd-order-tracking": "| 3 | 160 |   None   |",
        "SISR": "| 3 | 1 |   Python   |",
        "mousetrap": "| 2 | 0 |   JavaScript   |",
        "search-index": "| 2 | 1 |   JavaScript   |",
        "CodeMirror": "| 2 | 4 |   JavaScript   |",
        "AFOAuth2Manager": "| 2 | 4 |   Objective-C   |",
        "UIColor-HTMLColors": "| 2 | 4 |   Objective-C   |",
        "todomvc": "| 2 | 1 |   JavaScript   |",
        "react-tooltip": "| 2 | 4 |   JavaScript   |",
        "VA-iOS-SDK": "| 2 | 3 |   None   |",
        "dir_lines_streamer": "| 2 | 0 |   Rust   |",
        "mid-cyberark-external-credential-resolver": "| 2 | 10 |   Java   |",
        "ExperienceHub": "| 2 | 0 |   HTML   |",
        "devtraining-needit-utah": "| 2 | 503 |   None   |",
        "twilio-java": "| 1 | 4 |   Java   |",
        "riveter": "| 1 | 1 |   JavaScript   |",
        "lunr.js": "| 1 | 1 |   JavaScript   |",
        "jgit": "| 1 | 5 |   Java   |",
        "postal.js": "| 1 | 3 |   JavaScript   |",
        "sn_ss_api_matrix": "| 1 | 11 |   None   |",
        "tabbable": "| 1 | 3 |   JavaScript   |",
        "neighbour-distance": "| 1 | 2 |   Jupyter Notebook   |",
        "synbols-resources": "| 1 | 1 |   PureBasic   |",
        "devtraining-application-release": "| 1 | 249 |   None   |",
        "devtraining-createnotes-quebec": "| 1 | 532 |   None   |",
        "devtraining-createnotes-rome": "| 1 | 488 |   None   |",
        "opentelemetry-collector": "| 1 | 0 |   Go   |",
        "candy-machine-mint": "| 1 | 1 |   None   |",
        "servicenow-devops-sonar": "| 1 | 4 |   JavaScript   |",
        "servicenow-devops-test-report": "| 1 | 4 |   JavaScript   |",
        "lightstep-incident-response": "| 1 | 5 |   Java   |",
        "devtraining-createnotes-tokyo": "| 1 | 291 |   None   |",
        "workflow-discovery": "| 1 | 0 |   Python   |",
        "angular-snc-training": "| 0 | 10 |   JavaScript   |",
        "postal.request-response": "| 0 | 1 |   JavaScript   |",
        "postal.xframe": "| 0 | 1 |   JavaScript   |",
        "postal.federation": "| 0 | 1 |   JavaScript   |",
        "postal.diagnostics": "| 0 | 1 |   JavaScript   |",
        "MTLManagedObjectAdapter": "| 0 | 1 |   Objective-C   |",
        "tern": "| 0 | 3 |   JavaScript   |",
        "TransformerKit": "| 0 | 2 |   Objective-C   |",
        "CocoaPodsSpecs": "| 0 | 5 |   Ruby   |",
        "JLRoutes": "| 0 | 2 |   Objective-C   |",
        "Mantle": "| 0 | 2 |   Objective-C   |",
        "spring-boot-multi-module-maven": "| 0 | 3 |   Java   |",
        "backup-utils": "| 0 | 4 |   Shell   |",
        "demospokes": "| 0 | 0 |   None   |",
        "ipinfo-spoke-london": "| 0 | 5 |   None   |",
        "random-user-spoke": "| 0 | 8 |   None   |",
        "VA-iOS-Client-Example": "| 0 | 3 |   None   |",
        "react-motion": "| 0 | 3 |   JavaScript   |",
        "trashrepo1": "| 0 | 1 |   None   |",
        "cicd-jenkins-plugin_CI-app": "| 0 | 2 |   None   |",
        "cicd-azuredevops-extension_CI-app": "| 0 | 1 |   None   |",
        "cicd-gitlab_CI-app": "| 0 | 1 |   None   |",
        "cicd-github-actions_CI-app": "| 0 | 1 |   None   |",
        "mid-hashicorp-external-credential-resolver": "| 0 | 2 |   Java   |",
        "AppAuth-Android": "| 0 | 0 |   None   |",
        "opentelemetry-proto": "| 0 | 0 |   Makefile   |",
        "itom-grafana-api-app": "| 0 | 1 |   None   |",
        "itom-grafana-plugin": "| 0 | 1 |   Shell   |",
        "DELETE-itom-grafana-ds": "| 0 | 1 |   None   |",
        "itom-grafana-datasource": "| 0 | 1 |   None   |",
        "pgjdbc": "| 0 | 1 |   None   |",
        "devtraining-createnotes-sandiego": "| 0 | 448 |   None   |",
        "ITAM-Smartsheet": "| 0 | 1 |   None   |",
        "ITAM-Pagerduty": "| 0 | 0 |   None   |",
        "ITAM-Zendesk": "| 0 | 1 |   None   |",
        "ITAM-Adobe-Workfront": "| 0 | 0 |   None   |",
        "ITAM-Trello": "| 0 | 0 |   None   |",
        "ITAM-Monday.com": "| 0 | 1 |   None   |",
        "ITAM-Aha": "| 0 | 1 |   None   |",
        "ITAM-Roadmunk": "| 0 | 1 |   None   |",
        "servicenow-devops-register-artifact": "| 0 | 3 |   JavaScript   |",
        "servicenow-devops-register-package": "| 0 | 7 |   JavaScript   |",
        "servicenow-devtraining-welcome": "| 0 | 13 |   None   |",
        "research": "| 0 | 1 |   None   |",
        "kafka-go": "| 0 | 0 |   Go   |",
        "test": "| 0 | 0 |   None   |",
        "wal-g": "| 0 | 0 |   None   |",
        "project_vilnius": "| 0 | 0 |   Jupyter Notebook   |",
        "devtraining-todo-tokyo": "| 0 | 3 |   None   |",
        "opentelemetry-specification": "| 0 | 0 |   None   |",
        "mid-thycotic-external-credentials-resolver": "| 0 | 0 |   None   |",
        "project_blicket": "| 0 | 0 |   Python   |",
        "research-tritonclient": "| 0 | 0 |   None   |",
        "opentelemetry-operator": "| 0 | 0 |   Go   |",
        "devtraining-createnotes-utah": "| 0 | 30 |   None   |",
        "ARCHIVE-lm-evaluation-harness": "| 0 | 0 |   None   |",
        "regions-of-reliability": "| 0 | 2 |   Python   |",
        "rci-agent": "| 0 | 0 |   HTML   |"
    }
}