{
    "company": "Servo",
    "h-index": 37,
    "repo count": 183,
    "contributor count": 3486,
    "size": "todo",
    "employee count": "todo",
    "country": null,
    "top language": "Rust",
    "repos": {
        "servo": "| 23019 | 2708 |   None   |",
        "pathfinder": "| 3177 | 177 |   Rust   |",
        "webrender": "| 2839 | 265 |   Rust   |",
        "html5ever": "| 1769 | 201 |   Rust   |",
        "rust-url": "| 1035 | 284 |   Rust   |",
        "rust-smallvec": "| 984 | 116 |   Rust   |",
        "core-foundation-rs": "| 740 | 178 |   Rust   |",
        "ipc-channel": "| 642 | 108 |   Rust   |",
        "rust-cssparser": "| 599 | 117 |   Rust   |",
        "font-kit": "| 527 | 83 |   Rust   |",
        "euclid": "| 401 | 98 |   Rust   |",
        "gaol": "| 327 | 41 |   Rust   |",
        "homu": "| 312 | 51 |   Python   |",
        "rust-mozjs": "| 294 | 122 |   Rust   |",
        "cocoa-rs": "| 282 | 71 |   Rust   |",
        "rust-fnv": "| 271 | 26 |   Rust   |",
        "highfive": "| 238 | 57 |   Python   |",
        "tendril": "| 226 | 28 |   Rust   |",
        "project": "| 225 | 7 |   None   |",
        "uluru": "| 176 | 19 |   Rust   |",
        "string-cache": "| 175 | 76 |   Rust   |",
        "surfman": "| 154 | 74 |   Rust   |",
        "mozjs": "| 140 | 95 |   JavaScript   |",
        "skia": "| 105 | 61 |   C++   |",
        "rust-webvr": "| 105 | 23 |   Rust   |",
        "heapsize": "| 99 | 34 |   Rust   |",
        "gleam": "| 82 | 63 |   Rust   |",
        "webxr": "| 69 | 21 |   Rust   |",
        "media": "| 66 | 45 |   Rust   |",
        "rust-stb-image": "| 64 | 33 |   C   |",
        "rust-harfbuzz": "| 63 | 56 |   C++   |",
        "unicode-bidi": "| 60 | 35 |   Rust   |",
        "servo-starters": "| 59 | 41 |   JavaScript   |",
        "rust-layers": "| 58 | 43 |   Rust   |",
        "rust-azure": "| 57 | 59 |   C++   |",
        "saltfs": "| 49 | 105 |   SaltStack   |",
        "rust-opengles": "| 42 | 30 |   Rust   |",
        "rust-selectors": "| 37 | 25 |   None   |",
        "smallbitvec": "| 37 | 13 |   Rust   |",
        "pixman": "| 30 | 18 |   C   |",
        "rust-png": "| 27 | 41 |   C   |",
        "mozangle": "| 27 | 15 |   C++   |",
        "rust-freetype": "| 25 | 36 |   Rust   |",
        "rust-http-client": "| 24 | 18 |   C   |",
        "core-graphics-rs": "| 22 | 38 |   Rust   |",
        "rust-xlib": "| 22 | 27 |   Rust   |",
        "rust-glut": "| 20 | 20 |   Rust   |",
        "glutin": "| 20 | 33 |   Rust   |",
        "rustc-test": "| 19 | 17 |   Rust   |",
        "devices": "| 19 | 19 |   Rust   |",
        "core-text-rs": "| 18 | 26 |   Rust   |",
        "rust-fontconfig": "| 16 | 27 |   Rust   |",
        "rust-quicksort": "| 16 | 10 |   Rust   |",
        "hyper_serde": "| 15 | 14 |   Rust   |",
        "doc.servo.org": "| 13 | 13 |   None   |",
        "servo.org_2014-2020": "| 13 | 31 |   JavaScript   |",
        "osmesa-src": "| 12 | 21 |   C   |",
        "servo-warc-tests": "| 12 | 18 |   Shell   |",
        "libcss": "| 11 | 8 |   C   |",
        "nss": "| 11 | 18 |   C   |",
        "rust-icu": "| 11 | 6 |   C++   |",
        "homebrew-servo": "| 11 | 10 |   Ruby   |",
        "libhubbub": "| 10 | 10 |   C   |",
        "libexpat": "| 10 | 21 |   C   |",
        "blog.servo.org": "| 10 | 33 |   CSS   |",
        "futf": "| 10 | 10 |   Rust   |",
        "dwrote-rs": "| 10 | 14 |   Rust   |",
        "plane-split": "| 10 | 12 |   Rust   |",
        "io-surface-rs": "| 9 | 23 |   Rust   |",
        "cairo": "| 9 | 14 |   C   |",
        "libfontconfig": "| 9 | 42 |   C   |",
        "libgstreamer_android_gen": "| 9 | 6 |   Shell   |",
        "fontsan": "| 8 | 12 |   Rust   |",
        "libfreetype2": "| 7 | 39 |   C   |",
        "rust-glx": "| 7 | 13 |   Rust   |",
        "unicode-script": "| 7 | 12 |   Rust   |",
        "sparkle": "| 7 | 3 |   Rust   |",
        "servo.org": "| 7 | 9 |   HTML   |",
        "rust-hubbub": "| 6 | 12 |   Rust   |",
        "cgl-rs": "| 6 | 17 |   Rust   |",
        "android-rs-glue": "| 6 | 3 |   Rust   |",
        "gecko-media": "| 6 | 9 |   C   |",
        "surfman-chains": "| 6 | 10 |   Rust   |",
        "libparserutils": "| 5 | 13 |   C   |",
        "rust-css": "| 5 | 17 |   Rust   |",
        "nspr": "| 5 | 9 |   C   |",
        "rust-egl": "| 5 | 14 |   Rust   |",
        "hyper": "| 5 | 5 |   Rust   |",
        "download.servo.org": "| 5 | 26 |   HTML   |",
        "rust-http": "| 4 | 12 |   Rust   |",
        "crowbot": "| 4 | 24 |   JavaScript   |",
        "webrender_traits": "| 4 | 28 |   Rust   |",
        "wayland-client-rs": "| 4 | 3 |   Rust   |",
        "servo-viewer": "| 3 | 4 |   Rust   |",
        "glfw-rs": "| 3 | 11 |   Rust   |",
        "libpng": "| 3 | 9 |   C   |",
        "rust-encoding": "| 3 | 7 |   Rust   |",
        "image": "| 3 | 4 |   Rust   |",
        "servoexperiments.com": "| 3 | 10 |   JavaScript   |",
        "app_units": "| 3 | 16 |   Rust   |",
        "layout-zoo": "| 3 | 0 |   None   |",
        "backtrace-rs": "| 3 | 1 |   None   |",
        "display-link": "| 3 | 0 |   None   |",
        "rust-netsurfcss": "| 2 | 17 |   Rust   |",
        "rust-cairo": "| 2 | 5 |   Rust   |",
        "servo-android-glue": "| 2 | 9 |   C   |",
        "bors": "| 2 | 6 |   Python   |",
        "gcc-rs": "| 2 | 5 |   Rust   |",
        "jquery": "| 2 | 3 |   JavaScript   |",
        "content-blocker": "| 2 | 8 |   Rust   |",
        "gecko-dev": "| 2 | 2 |   None   |",
        "intermittent-tracker": "| 2 | 6 |   Python   |",
        "servo-with-rust-nightly": "| 2 | 6 |   None   |",
        "upstream-wpt-sync-webhook": "| 2 | 2 |   Python   |",
        "rand": "| 2 | 1 |   None   |",
        "winapi-rs": "| 2 | 1 |   None   |",
        "raqote": "| 2 | 0 |   None   |",
        "immeta": "| 2 | 1 |   None   |",
        "servo-nightly-builds": "| 2 | 0 |   None   |",
        "sharegl": "| 1 | 12 |   Rust   |",
        "libwapcaplet": "| 1 | 4 |   C   |",
        "rust-wapcaplet": "| 1 | 9 |   Rust   |",
        "rust-alert": "| 1 | 14 |   Rust   |",
        "glfw": "| 1 | 10 |   C   |",
        "fontconfig": "| 1 | 10 |   C   |",
        "rust": "| 1 | 0 |   Rust   |",
        "nelson": "| 1 | 4 |   Python   |",
        "cookie-rs": "| 1 | 4 |   Rust   |",
        "time": "| 1 | 2 |   Rust   |",
        "angle": "| 1 | 17 |   C++   |",
        "wayland-kbd": "| 1 | 4 |   Rust   |",
        "servo-org-stats": "| 1 | 12 |   HTML   |",
        "gecko-atom": "| 1 | 6 |   Rust   |",
        "nix": "| 1 | 4 |   Rust   |",
        "rust-har": "| 1 | 3 |   Rust   |",
        "serde": "| 1 | 1 |   Rust   |",
        "servo-taskcluster-experiments": "| 1 | 1 |   None   |",
        "HLServo": "| 1 | 1 |   C++   |",
        "mio": "| 1 | 1 |   Rust   |",
        "remove_dir_all": "| 1 | 1 |   Rust   |",
        "ms-angle": "| 1 | 3 |   C++   |",
        "openssl-windows-build": "| 1 | 1 |   Rust   |",
        "autocfg": "| 1 | 1 |   None   |",
        "taskcluster-config": "| 1 | 2 |   Python   |",
        "async-tungstenite": "| 1 | 1 |   None   |",
        "crash-reporter": "| 1 | 1 |   Python   |",
        "release-tests": "| 1 | 1 |   HTML   |",
        "internal-wpt-dashboard": "| 1 | 1 |   JavaScript   |",
        "web-platform-tests": "| 0 | 4 |   JavaScript   |",
        "testharness.js": "| 0 | 0 |   JavaScript   |",
        "rust-phf": "| 0 | 6 |   Rust   |",
        "rust-openssl": "| 0 | 4 |   Rust   |",
        "lazy-static.rs": "| 0 | 4 |   None   |",
        "green-rs": "| 0 | 3 |   Rust   |",
        "csswg-test": "| 0 | 2 |   JavaScript   |",
        "rfcs": "| 0 | 2 |   None   |",
        "rust-clipboard": "| 0 | 3 |   Rust   |",
        "rust-errno": "| 0 | 3 |   Rust   |",
        "rust-tenacious": "| 0 | 3 |   Rust   |",
        "skia-snapshots": "| 0 | 5 |   C++   |",
        "servo-nightly": "| 0 | 4 |   Python   |",
        "servo-specs": "| 0 | 4 |   CSS   |",
        "rust-websocket": "| 0 | 4 |   Rust   |",
        "intermittent-failure-tracker": "| 0 | 3 |   Python   |",
        "rust-xcb": "| 0 | 2 |   Python   |",
        "buildbotstatus": "| 0 | 6 |   JavaScript   |",
        "rust_libloading": "| 0 | 2 |   Rust   |",
        "clang-sys": "| 0 | 1 |   Rust   |",
        "taskcluster-bootstrap-docker-images": "| 0 | 1 |   None   |",
        "standups": "| 0 | 1 |   Python   |",
        "taskcluster-infrastructure": "| 0 | 1 |   HCL   |",
        "docker-worker": "| 0 | 1 |   JavaScript   |",
        "treeherder": "| 0 | 1 |   Python   |",
        "victor": "| 0 | 1 |   Rust   |",
        "rust-brotli-decompressor": "| 0 | 0 |   Rust   |",
        "iovec": "| 0 | 1 |   Rust   |",
        "openxrs": "| 0 | 2 |   Rust   |",
        "openssl": "| 0 | 1 |   C   |",
        "openssl-src-rs": "| 0 | 1 |   Rust   |",
        "spirv_cross": "| 0 | 1 |   None   |",
        "botzilla": "| 0 | 1 |   JavaScript   |",
        "hubs": "| 0 | 1 |   None   |",
        "servo-build-deps": "| 0 | 0 |   None   |"
    }
}