{
    "company": "SoundThinking",
    "h-index": 1,
    "repo count": 38,
    "contributor count": 1913,
    "size": "todo",
    "employee count": "todo",
    "country": null,
    "top language": "C",
    "repos": {
        "research.accuracy-of-gunshot-location": "| 2 | 3 |   None   |",
        "meta-openembedded": "| 1 | 0 |   BitBake   |",
        "linux": "| 1 | 0 |   C   |",
        "wwan-helper": "| 1 | 0 |   Shell   |",
        "xmos_sw_usb_audio": "| 1 | 1 |   C   |",
        "meta-oe": "| 0 | 0 |   BlitzBasic   |",
        "poky": "| 0 | 0 |   Python   |",
        "am335x_pru_package": "| 0 | 0 |   C   |",
        "openembedded-core": "| 0 | 0 |   Python   |",
        "meta-micropython": "| 0 | 0 |   BitBake   |",
        "u-boot": "| 0 | 0 |   C   |",
        "paho.mqtt.m2mqtt": "| 0 | 0 |   C#   |",
        "electron-notifications": "| 0 | 0 |   JavaScript   |",
        "linux-scepter1": "| 0 | 1 |   C   |",
        "rabbot": "| 0 | 0 |   JavaScript   |",
        "fann": "| 0 | 0 |   C++   |",
        "linux-scepter": "| 0 | 0 |   C   |",
        "utm": "| 0 | 0 |   Python   |",
        "linux-scepter-1": "| 0 | 0 |   C   |",
        "linux-stable": "| 0 | 0 |   C   |",
        "cordova-plugin-wkwebviewxhrfix": "| 0 | 0 |   None   |",
        "meta-renesas-ai": "| 0 | 0 |   C++   |",
        "node-pureimage": "| 0 | 0 |   JavaScript   |",
        "linux-yocto": "| 0 | 0 |   None   |",
        "howler.js": "| 0 | 0 |   JavaScript   |",
        "meta-perl-ssti": "| 0 | 0 |   BitBake   |",
        "Ne10": "| 0 | 0 |   None   |",
        "ReSpeaker_Microphone_Array_Firmware": "| 0 | 0 |   None   |",
        "mic_array_dfu": "| 0 | 0 |   C   |",
        "bsp-venice": "| 0 | 0 |   None   |",
        "buildroot": "| 0 | 0 |   Makefile   |",
        "atinout": "| 0 | 0 |   None   |",
        "acme.sh": "| 0 | 0 |   None   |",
        "xcore_sdk": "| 0 | 0 |   C   |",
        "xmos_usb_mems_interface": "| 0 | 1 |   C   |",
        "xmos_dfu": "| 0 | 0 |   None   |",
        "research.source-location-shotspotter-audio": "| 0 | 0 |   Python   |",
        "rapidjson": "| 0 | 0 |   None   |"
    }
}