{
    "company": "Signal",
    "h-index": 35,
    "repo count": 107,
    "contributor count": 2442,
    "size": "todo",
    "employee count": "todo",
    "country": "Everywhere and nowhere",
    "top language": "Java",
    "repos": {
        "Signal-Android": "| 23615 | 5766 |   Java   |",
        "Signal-Desktop": "| 13280 | 2424 |   TypeScript   |",
        "Signal-iOS": "| 9853 | 2728 |   Swift   |",
        "Signal-Server": "| 8237 | 1979 |   Java   |",
        "libsignal-protocol-javascript": "| 1976 | 326 |   JavaScript   |",
        "libsignal": "| 1967 | 251 |   Rust   |",
        "libsignal-protocol-java": "| 1785 | 445 |   Java   |",
        "libsignal-protocol-c": "| 1394 | 296 |   C   |",
        "BitHub": "| 985 | 209 |   Java   |",
        "libsignal-service-java": "| 565 | 269 |   Java   |",
        "Signal-TLS-Proxy": "| 498 | 89 |   Dockerfile   |",
        "ringrtc": "| 484 | 110 |   Rust   |",
        "Signal-Calling-Service": "| 391 | 46 |   Rust   |",
        "Flock": "| 355 | 79 |   Java   |",
        "SecureValueRecovery": "| 277 | 36 |   Rust   |",
        "ContactDiscoveryService": "| 270 | 91 |   C   |",
        "gradle-witness": "| 230 | 67 |   Groovy   |",
        "curve25519-java": "| 218 | 93 |   C   |",
        "SignalProtocolKit": "| 217 | 90 |   Objective-C   |",
        "PushServer": "| 115 | 108 |   Java   |",
        "webrtc": "| 108 | 51 |   C++   |",
        "WhisperYAFFS": "| 104 | 38 |   C   |",
        "jobmanager": "| 103 | 44 |   Java   |",
        "WebSocket-Resources": "| 92 | 67 |   Java   |",
        "SignalServiceKit": "| 70 | 72 |   Objective-C   |",
        "libwebrtc-android": "| 59 | 40 |   Java   |",
        "Signal-Pods": "| 52 | 66 |   C   |",
        "gcm-sender-async": "| 48 | 48 |   Java   |",
        "embedded-redis": "| 48 | 17 |   Java   |",
        "signal-ringrtc-node": "| 45 | 33 |   TypeScript   |",
        "better-sqlite3": "| 44 | 33 |   C++   |",
        "zkgroup": "| 42 | 26 |   None   |",
        "libsignal-protocol-rust": "| 38 | 12 |   Rust   |",
        "Curve25519Kit": "| 37 | 32 |   C   |",
        "Signal-Design": "| 35 | 26 |   None   |",
        "signal-webrtc-ios": "| 33 | 31 |   Python   |",
        "JSQMessagesViewController": "| 31 | 33 |   Objective-C   |",
        "blurhash": "| 30 | 15 |   C   |",
        "Argon2": "| 29 | 16 |   Java   |",
        "curve25519-dalek": "| 29 | 18 |   Rust   |",
        "libpastelog": "| 27 | 24 |   Java   |",
        "maven": "| 26 | 50 |   None   |",
        "SignalCoreKit": "| 25 | 40 |   Swift   |",
        "storage-service": "| 25 | 32 |   Java   |",
        "CLAServer": "| 22 | 21 |   Java   |",
        "dropwizard-simpleauth": "| 22 | 26 |   Java   |",
        "AES-GCM-Provider": "| 20 | 10 |   Java   |",
        "mio": "| 20 | 7 |   Rust   |",
        "YapDatabase": "| 19 | 18 |   Objective-C   |",
        "ContactDiscoveryService-Icelake": "| 18 | 1 |   C   |",
        "libaxolotl-j2me": "| 17 | 20 |   Java   |",
        "signal-webrtc-ios-artifacts": "| 17 | 27 |   Objective-C   |",
        "GRKOpenSSLFramework": "| 16 | 17 |   C   |",
        "ShortcutBadger": "| 15 | 23 |   Java   |",
        "SQLCipherVsSharedData": "| 15 | 11 |   Objective-C   |",
        "dropwizard-wavefront": "| 14 | 18 |   Java   |",
        "libPhoneNumber-iOS": "| 14 | 10 |   Objective-C   |",
        "SignalMetadataKit": "| 13 | 23 |   Swift   |",
        "sgx_common": "| 13 | 12 |   Rust   |",
        "Signal-Carthage": "| 12 | 30 |   Objective-C   |",
        "l10n_lint": "| 12 | 10 |   Rust   |",
        "libsignal-client-node": "| 12 | 12 |   None   |",
        "Mock-Signal-Server": "| 12 | 4 |   TypeScript   |",
        "HKDFKit": "| 11 | 13 |   Objective-C   |",
        "redis-dispatch": "| 11 | 14 |   Java   |",
        "BOLT": "| 11 | 6 |   C++   |",
        "SocketRocket": "| 10 | 20 |   Objective-C   |",
        "libsignal-metadata-java": "| 10 | 13 |   Java   |",
        "YYImage": "| 10 | 9 |   Objective-C   |",
        "Signal-Art-Creator": "| 10 | 0 |   TypeScript   |",
        "poksho": "| 9 | 12 |   None   |",
        "signal-zkgroup-node": "| 9 | 18 |   TypeScript   |",
        "registration-service": "| 8 | 2 |   Java   |",
        "PastelogKit": "| 7 | 12 |   Objective-C   |",
        "jekyll-simple-i18n": "| 7 | 7 |   Ruby   |",
        "libmobilecoin-ios-artifacts": "| 7 | 5 |   Swift   |",
        "emoji-search-index": "| 7 | 2 |   None   |",
        "SecureValueRecovery2": "| 7 | 0 |   C++   |",
        "OpenSSL-Pod": "| 6 | 15 |   Ruby   |",
        "Starscream": "| 6 | 7 |   Swift   |",
        "snow": "| 6 | 4 |   Rust   |",
        "s3-upload-maven-plugin": "| 6 | 2 |   Java   |",
        "AccountStream": "| 6 | 1 |   Java   |",
        "ObjC-CollapsingFutures": "| 5 | 13 |   Objective-C   |",
        "Mantle": "| 5 | 10 |   Objective-C   |",
        "MobileCoin-Swift": "| 5 | 3 |   None   |",
        "boring": "| 5 | 5 |   Rust   |",
        "signal-zkgroup-swift": "| 4 | 9 |   Swift   |",
        "AFNetworking": "| 4 | 6 |   None   |",
        "libsignal-ffi": "| 4 | 6 |   Rust   |",
        "HsmEnclave": "| 4 | 1 |   C   |",
        "GRDB.swift": "| 3 | 5 |   Swift   |",
        "cocoapods-binary": "| 3 | 6 |   Ruby   |",
        "neon": "| 3 | 1 |   None   |",
        "serde_json": "| 2 | 3 |   Rust   |",
        "libsignal-protocol-swift": "| 2 | 10 |   Swift   |",
        "noise-java": "| 2 | 0 |   Java   |",
        "rust-openssl": "| 1 | 3 |   Rust   |",
        "prost": "| 1 | 3 |   Rust   |",
        "ring": "| 1 | 4 |   Assembly   |",
        "PromiseKit": "| 1 | 0 |   None   |",
        "Signal-FTS5-Extension": "| 1 | 1 |   Rust   |",
        "sqlcipher": "| 1 | 0 |   C   |",
        "sqlcipher-android": "| 1 | 0 |   C   |",
        "ZXingObjC": "| 0 | 6 |   None   |",
        "coturn": "| 0 | 0 |   C   |",
        "opus": "| 0 | 0 |   C   |"
    }
}