{
    "company": "SimilarWeb",
    "h-index": 6,
    "repo count": 48,
    "contributor count": 1584,
    "size": "todo",
    "employee count": "todo",
    "country": "Tel Aviv",
    "top language": "JavaScript",
    "repos": {
        "finala": "| 690 | 49 |   Go   |",
        "statusbay": "| 398 | 17 |   Go   |",
        "kubectl-ipick": "| 29 | 2 |   Go   |",
        "statusbay-helm": "| 21 | 4 |   Mustache   |",
        "puppet-airflow": "| 19 | 19 |   Puppet   |",
        "gru": "| 8 | 1 |   Python   |",
        "puppet-go_carbon": "| 6 | 13 |   Puppet   |",
        "silent-normalizer": "| 5 | 1 |   Java   |",
        "api-tools": "| 3 | 4 |   JavaScript   |",
        "TerraView": "| 2 | 1 |   None   |",
        "client-notifier": "| 2 | 1 |   Go   |",
        "finala-helm": "| 2 | 3 |   Mustache   |",
        "airflow": "| 1 | 1 |   JavaScript   |",
        "angular-browserify-gulp-starter": "| 0 | 2 |   JavaScript   |",
        "login-register-sdk": "| 0 | 0 |   None   |",
        "StyleGuide": "| 0 | 1 |   HTML   |",
        "sw-primer": "| 0 | 0 |   CSS   |",
        "GeoJSONToSVG": "| 0 | 1 |   JavaScript   |",
        "wordpress-developer-test": "| 0 | 1 |   PHP   |",
        "angular.js": "| 0 | 0 |   JavaScript   |",
        "sw-duration-selector": "| 0 | 1 |   JavaScript   |",
        "yglf": "| 0 | 1 |   None   |",
        "sw-table": "| 0 | 0 |   JavaScript   |",
        "nanoScrollerJS": "| 0 | 0 |   JavaScript   |",
        "bootstrap": "| 0 | 1 |   JavaScript   |",
        "angular-nanoscroller": "| 0 | 1 |   JavaScript   |",
        "angular-gridster": "| 0 | 3 |   JavaScript   |",
        "color-thief": "| 0 | 0 |   JavaScript   |",
        "javascript-detect-element-resize": "| 0 | 0 |   JavaScript   |",
        "sample-app-ng1": "| 0 | 0 |   JavaScript   |",
        "ui-select": "| 0 | 0 |   JavaScript   |",
        "curly": "| 0 | 4 |   C#   |",
        "TwoStepsAuthenticator": "| 0 | 0 |   C#   |",
        "Polly": "| 0 | 0 |   C#   |",
        "NLog.Targets.Gelf": "| 0 | 0 |   C#   |",
        "devopsdays": "| 0 | 0 |   None   |",
        "authy.net": "| 0 | 0 |   C#   |",
        "sendwithus_csharp": "| 0 | 0 |   C#   |",
        "tcSlackBuildNotifier": "| 0 | 0 |   Java   |",
        "consul-rx": "| 0 | 0 |   C#   |",
        "Winton.Extensions.Configuration.Consul": "| 0 | 0 |   C#   |",
        "linq2db": "| 0 | 0 |   C#   |",
        "pleco": "| 0 | 0 |   Go   |",
        "veneur": "| 0 | 0 |   None   |",
        "firebolt-dotnet-sdk": "| 0 | 0 |   None   |",
        "argo-cd": "| 0 | 0 |   None   |",
        "httprouter": "| 0 | 0 |   None   |",
        "http-add-on": "| 0 | 0 |   None   |"
    }
}