{
    "company": "Skillz",
    "h-index": 5,
    "repo count": 100,
    "contributor count": 2410,
    "size": "todo",
    "employee count": "todo",
    "country": "San Francisco, CA",
    "top language": "Objective-C",
    "repos": {
        "opvic": "| 18 | 2 |   Go   |",
        "integration-examples": "| 7 | 24 |   C   |",
        "skillz-swiftris-example": "| 6 | 3 |   Objective-C   |",
        "missile-intercept": "| 5 | 3 |   Java   |",
        "skillz-example-sync-client": "| 5 | 0 |   C#   |",
        "skillz-example-sync-server": "| 5 | 1 |   Groovy   |",
        "3d-cave-runner": "| 4 | 4 |   C++   |",
        "ejabberd": "| 4 | 1 |   Erlang   |",
        "BlockBreaker": "| 3 | 1 |   C#   |",
        "Unity-Pinball": "| 3 | 6 |   C++   |",
        "XCodeEditor-for-Unity": "| 2 | 0 |   C#   |",
        "Cookie-Crunch-Adventure": "| 2 | 1 |   Objective-C   |",
        "2048": "| 2 | 1 |   Objective-C   |",
        "react-native-paypal": "| 2 | 0 |   Objective-C   |",
        "2048-1": "| 2 | 1 |   Java   |",
        "react-native-mentions": "| 2 | 1 |   JavaScript   |",
        "example-ios-integration": "| 1 | 0 |   Objective-C   |",
        "objective-c-style-guide": "| 1 | 0 |   None   |",
        "SprityBird": "| 1 | 5 |   Objective-C   |",
        "react-native": "| 1 | 0 |   JavaScript   |",
        "etbloom": "| 1 | 0 |   Erlang   |",
        "code-review-analysis": "| 1 | 0 |   JavaScript   |",
        "sync-server-go": "| 1 | 1 |   Go   |",
        "sync-server-go-unity-sample": "| 1 | 0 |   C#   |",
        "skillz-integration-tutorial-unity": "| 1 | 2 |   ShaderLab   |",
        "JDFlipNumberView": "| 0 | 0 |   Objective-C   |",
        "CustomBadge": "| 0 | 1 |   Objective-C   |",
        "mopub-ios-sdk": "| 0 | 0 |   Objective-C   |",
        "iCarousel": "| 0 | 0 |   Objective-C   |",
        "FXLabel": "| 0 | 0 |   Objective-C   |",
        "MBProgressHUD": "| 0 | 0 |   Objective-C   |",
        "CoreDataManager-iOS": "| 0 | 0 |   Objective-C   |",
        "AFNetworking": "| 0 | 0 |   Objective-C   |",
        "JASidePanels": "| 0 | 0 |   Objective-C   |",
        "macho": "| 0 | 1 |   Ruby   |",
        "grails-jaxrs": "| 0 | 0 |   Java   |",
        "card.io-iOS-SDK": "| 0 | 0 |   Objective-C   |",
        "ImgGlyph": "| 0 | 1 |   Objective-C   |",
        "mosql": "| 0 | 2 |   Ruby   |",
        "KIF": "| 0 | 0 |   Objective-C   |",
        "kochava-bin": "| 0 | 0 |   Objective-C   |",
        "plcrashreporter": "| 0 | 0 |   Objective-C   |",
        "appsflyer-bin": "| 0 | 0 |   Objective-C   |",
        "jmxterm": "| 0 | 0 |   Java   |",
        "atmosphere-extensions": "| 0 | 0 |   Java   |",
        "blocslot": "| 0 | 1 |   C++   |",
        "grails-rabbitmq": "| 0 | 0 |   Groovy   |",
        "IQKeyboardManager": "| 0 | 0 |   Objective-C   |",
        "grails-spring-security-oauth2-provider": "| 0 | 0 |   Groovy   |",
        "grails-database-migration": "| 0 | 0 |   Groovy   |",
        "SkillzPod": "| 0 | 0 |   Objective-C   |",
        "redmine": "| 0 | 0 |   Ruby   |",
        "Mocktrofit": "| 0 | 0 |   Java   |",
        "libstreaming": "| 0 | 0 |   Java   |",
        "mopub-android-sdk": "| 0 | 0 |   Java   |",
        "react-native-refresh-infinite-listview": "| 0 | 1 |   JavaScript   |",
        "react-native-fancy-label": "| 0 | 0 |   Objective-C   |",
        "AFOAuth2Manager": "| 0 | 0 |   Objective-C   |",
        "JGMethodSwizzler": "| 0 | 0 |   Objective-C   |",
        "react-native-tab-navigator": "| 0 | 1 |   JavaScript   |",
        "CocoaMarkdown": "| 0 | 0 |   Objective-C   |",
        "react-native-gifted-chat": "| 0 | 0 |   JavaScript   |",
        "react-native-randombytes": "| 0 | 0 |   Java   |",
        "react-native-credit-card-input": "| 0 | 1 |   JavaScript   |",
        "react-native-scrollable-tab-view": "| 0 | 0 |   JavaScript   |",
        "react-native-tag-input": "| 0 | 0 |   JavaScript   |",
        "elbow": "| 0 | 0 |   Ruby   |",
        "yojimbo-public": "| 0 | 0 |   C   |",
        "netcode.io-public": "| 0 | 0 |   C   |",
        "react-native-material-dropdown": "| 0 | 0 |   JavaScript   |",
        "react-native-image-picker": "| 0 | 0 |   Java   |",
        "react-native-circular-progress": "| 0 | 0 |   JavaScript   |",
        "react-native-fast-image": "| 0 | 0 |   Java   |",
        "react-native-haptic-feedback": "| 0 | 0 |   Objective-C   |",
        "react-native-actionsheet": "| 0 | 0 |   JavaScript   |",
        "2048-Cordova": "| 0 | 0 |   Objective-C   |",
        "react-native-material-textfield": "| 0 | 0 |   JavaScript   |",
        "react-native-custom-components": "| 0 | 0 |   JavaScript   |",
        "lottie-react-native": "| 0 | 0 |   Java   |",
        "lottie-ios": "| 0 | 0 |   Swift   |",
        "react-native-largelist": "| 0 | 0 |   JavaScript   |",
        "react-native-spring-scrollview": "| 0 | 0 |   JavaScript   |",
        "aws-sdk-ios": "| 0 | 0 |   Objective-C   |",
        "react-native-optional": "| 0 | 0 |   JavaScript   |",
        "react-native-confetti-emitter": "| 0 | 0 |   Java   |",
        "react-native-webview": "| 0 | 0 |   TypeScript   |",
        "react-native-markdown-renderer": "| 0 | 0 |   JavaScript   |",
        "card.io-dmz": "| 0 | 0 |   None   |",
        "card.io-iOS-source": "| 0 | 0 |   Objective-C   |",
        "card.io-Android-source": "| 0 | 0 |   C++   |",
        "card.io-Android-SDK": "| 0 | 0 |   Java   |",
        "react-native-awesome-card-io": "| 0 | 0 |   Objective-C   |",
        "react-native-braintree-custom-ui": "| 0 | 0 |   Java   |",
        "react-native-v8": "| 0 | 0 |   None   |",
        "v8-android-buildscripts": "| 0 | 0 |   None   |",
        "elastalert": "| 0 | 0 |   Python   |",
        "argo-helm": "| 0 | 0 |   HTML   |",
        "argo-rollouts": "| 0 | 0 |   Go   |",
        "dynein": "| 0 | 0 |   None   |",
        "ingress-nginx": "| 0 | 0 |   Go   |"
    }
}