{
    "company": "Smartsheet",
    "h-index": 2,
    "repo count": 7,
    "contributor count": 197,
    "size": "todo",
    "employee count": "todo",
    "country": "Bellevue, WA",
    "top language": "JavaScript",
    "repos": {
        "smartsheet-python-sdk": "| 10 | 9 |   Python   |",
        "smartsheet-javascript-sdk": "| 4 | 6 |   JavaScript   |",
        "smartsheet-csharp-sdk": "| 2 | 5 |   C#   |",
        "cloudenv": "| 1 | 1 |   Dockerfile   |",
        "smartsheet-java-sdk": "| 1 | 6 |   Java   |",
        "terraform-provider-snowflake": "| 0 | 3 |   Go   |",
        "smartsheet-sdk-tests": "| 0 | 3 |   JavaScript   |"
    }
}