{
    "company": "Sony",
    "h-index": 26,
    "repo count": 57,
    "contributor count": 462,
    "size": "todo",
    "employee count": "todo",
    "country": "Minato-ku, Tokyo, Japan",
    "top language": "Python",
    "repos": {
        "sonyflake": "| 3129 | 270 |   Go   |",
        "nnabla": "| 2618 | 335 |   Python   |",
        "gobreaker": "| 2404 | 176 |   Go   |",
        "flutter-embedded-linux": "| 973 | 95 |   C++   |",
        "v8eval": "| 390 | 36 |   C++   |",
        "ai-research-code": "| 304 | 54 |   Python   |",
        "nnabla-examples": "| 272 | 88 |   Python   |",
        "flutter-elinux": "| 247 | 28 |   Dart   |",
        "model_optimization": "| 166 | 26 |   Python   |",
        "easyhttpcpp": "| 151 | 29 |   C++   |",
        "sqvae": "| 128 | 13 |   Python   |",
        "nmos-cpp": "| 111 | 73 |   C++   |",
        "mapray-js": "| 111 | 20 |   TypeScript   |",
        "nnabla-rl": "| 109 | 5 |   Python   |",
        "nnabla-ext-cuda": "| 91 | 33 |   Cuda   |",
        "meta-flutter": "| 61 | 16 |   BitBake   |",
        "creativeai": "| 50 | 1 |   CSS   |",
        "FxNorm-automix": "| 48 | 4 |   Python   |",
        "appsync-client-go": "| 45 | 13 |   Go   |",
        "DiffRoll": "| 42 | 3 |   Jupyter Notebook   |",
        "nnabla-nas": "| 41 | 7 |   Python   |",
        "huis-ui-creator": "| 38 | 18 |   JavaScript   |",
        "nnabla-c-runtime": "| 38 | 14 |   C   |",
        "NDJIR": "| 33 | 2 |   Python   |",
        "flutter-elinux-plugins": "| 30 | 16 |   C++   |",
        "nmos-js": "| 26 | 14 |   JavaScript   |",
        "openocd-nuttx": "| 25 | 13 |   C   |",
        "pyIEOE": "| 25 | 2 |   Python   |",
        "pdaf-library": "| 22 | 21 |   C   |",
        "cdp-js": "| 20 | 7 |   TypeScript   |",
        "CLIPSep": "| 19 | 0 |   Python   |",
        "cordova-plugin-cdp-nativebridge": "| 16 | 10 |   JavaScript   |",
        "polar-densification": "| 16 | 0 |   Python   |",
        "generator-cordova-plugin-devbed": "| 14 | 4 |   JavaScript   |",
        "nnc-plugin": "| 13 | 5 |   Python   |",
        "audio-visual-seld-dcase2023": "| 13 | 1 |   Python   |",
        "dolp-colorconstancy": "| 11 | 2 |   Python   |",
        "typescript-fsa-redux-middleware": "| 9 | 3 |   TypeScript   |",
        "cdn-purge-control-php": "| 8 | 3 |   PHP   |",
        "smarttennissensorsdk": "| 8 | 7 |   Java   |",
        "isren": "| 8 | 2 |   JavaScript   |",
        "micro-notifier": "| 8 | 2 |   Go   |",
        "nnabla-browser": "| 8 | 2 |   TypeScript   |",
        "cdp-cli": "| 7 | 9 |   HTML   |",
        "cdp-lib": "| 6 | 6 |   JavaScript   |",
        "aibo-development-tutorial": "| 6 | 4 |   None   |",
        "smarttennissensormp4meta": "| 4 | 4 |   Java   |",
        "node-win-usbdev": "| 3 | 3 |   C++   |",
        "evsCluster": "| 3 | 0 |   Python   |",
        "nnabla-doc": "| 1 | 1 |   None   |",
        "nnabla-js": "| 1 | 0 |   TypeScript   |",
        "Instruct3Dto3D-doc": "| 1 | 0 |   HTML   |",
        "nnabla-dataset-uploader": "| 0 | 1 |   Python   |",
        "lensless-wide-aspect-iccp2021": "| 0 | 1 |   Python   |",
        "ds-research-code": "| 0 | 0 |   Python   |",
        "ARCv2_Ghidra": "| 0 | 0 |   None   |",
        "mct_quantizers": "| 0 | 0 |   None   |"
    }
}