{
    "company": "SoundHound",
    "h-index": 3,
    "repo count": 8,
    "contributor count": 11,
    "size": "todo",
    "employee count": "todo",
    "country": null,
    "top language": "Java",
    "repos": {
        "houndify-sdk-go": "| 22 | 8 |   Go   |",
        "houndify-smart-mirror": "| 11 | 3 |   Java   |",
        "hound-sdk-web-example": "| 6 | 4 |   JavaScript   |",
        "houndify-sdk-ios": "| 3 | 0 |   Objective-C   |",
        "Call-Houndify": "| 3 | 3 |   JavaScript   |",
        "houndify-sdk-ios-phrasespotter": "| 0 | 0 |   Objective-C   |",
        "houndify-unity-example": "| 0 | 1 |   C#   |",
        "houndify-react-native-demo-app": "| 0 | 0 |   Java   |"
    }
}