{
    "company": "Spirent Communications",
    "h-index": 6,
    "repo count": 19,
    "contributor count": 51,
    "size": "todo",
    "employee count": "todo",
    "country": "Global",
    "top language": "Python",
    "repos": {
        "py-stcrestclient": "| 25 | 21 |   Python   |",
        "openperf": "| 18 | 15 |   C++   |",
        "stc-automation-sample-scripts": "| 9 | 7 |   Tcl   |",
        "iTest-assets": "| 7 | 25 |   Python   |",
        "avalanche-python-api": "| 6 | 3 |   Python   |",
        "Velocity-assets": "| 6 | 17 |   Python   |",
        "cf-netsecopen-tests": "| 6 | 2 |   Python   |",
        "stc-ansible": "| 6 | 8 |   Python   |",
        "nfv-solutions": "| 4 | 5 |   Python   |",
        "Landslide-5GC": "| 4 | 3 |   None   |",
        "Spirent-iTest-Jenkins-Plugin": "| 3 | 5 |   Java   |",
        "SDWAN-Functional-Test-Suite": "| 2 | 2 |   None   |",
        "cloudsure-nimbus": "| 1 | 0 |   None   |",
        "spirent-plugins": "| 0 | 0 |   None   |",
        "openstack-puppet-samples": "| 0 | 1 |   Puppet   |",
        "cloudstress": "| 0 | 0 |   Zimpl   |",
        "stcv_deployment_templates": "| 0 | 0 |   None   |",
        "Landslide-5GC-Example-SUT-Library": "| 0 | 0 |   None   |",
        "workflows": "| 0 | 0 |   Python   |"
    }
}