{
    "company": "Spotify",
    "h-index": 92,
    "repo count": 255,
    "contributor count": 4120,
    "size": "todo",
    "employee count": "todo",
    "country": "Stockholm, Sweden",
    "top language": "Java",
    "repos": {
        "luigi": "| 16534 | 2371 |   Python   |",
        "annoy": "| 11313 | 1096 |   C++   |",
        "docker-gc": "| 5077 | 455 |   Shell   |",
        "pedalboard": "| 4172 | 183 |   C++   |",
        "chartify": "| 3328 | 303 |   Python   |",
        "dockerfile-maven": "| 2698 | 490 |   Java   |",
        "docker-maven-plugin": "| 2648 | 583 |   Java   |",
        "scio": "| 2453 | 501 |   Scala   |",
        "helios": "| 2094 | 252 |   Java   |",
        "basic-pitch": "| 1915 | 127 |   Python   |",
        "HubFramework": "| 1866 | 154 |   Objective-C   |",
        "web-api-examples": "| 1801 | 1544 |   HTML   |",
        "apollo": "| 1651 | 221 |   Java   |",
        "dh-virtualenv": "| 1562 | 190 |   Python   |",
        "docker-client": "| 1428 | 552 |   Java   |",
        "docker-kafka": "| 1395 | 655 |   Shell   |",
        "SPTPersistentCache": "| 1245 | 84 |   Objective-C   |",
        "mobius": "| 1149 | 84 |   Java   |",
        "XCMetrics": "| 1024 | 69 |   Swift   |",
        "sparkey": "| 1004 | 77 |   C   |",
        "web-api": "| 979 | 89 |   RAML   |",
        "echoprint-codegen": "| 944 | 288 |   C++   |",
        "ruler": "| 943 | 48 |   Kotlin   |",
        "snakebite": "| 862 | 221 |   Python   |",
        "heroic": "| 844 | 110 |   Java   |",
        "klio": "| 774 | 51 |   Python   |",
        "XCRemoteCache": "| 774 | 43 |   Swift   |",
        "SPTDataLoader": "| 624 | 79 |   Objective-C   |",
        "apps-tutorial": "| 622 | 151 |   None   |",
        "postgresql-metrics": "| 574 | 52 |   Python   |",
        "JniHelpers": "| 566 | 108 |   C++   |",
        "ios-sdk": "| 550 | 178 |   Objective-C   |",
        "reactochart": "| 535 | 56 |   JavaScript   |",
        "Mobius.swift": "| 494 | 42 |   Swift   |",
        "dockerfile-mode": "| 493 | 77 |   Emacs Lisp   |",
        "threaddump-analyzer": "| 468 | 86 |   JavaScript   |",
        "featran": "| 465 | 74 |   Scala   |",
        "android-sdk": "| 417 | 120 |   HTML   |",
        "echoprint-server": "| 388 | 95 |   Java   |",
        "web-scripts": "| 365 | 68 |   TypeScript   |",
        "completable-futures": "| 353 | 50 |   Java   |",
        "SpotifyLogin": "| 343 | 41 |   Swift   |",
        "ratatool": "| 329 | 60 |   Scala   |",
        "trickle": "| 284 | 20 |   Java   |",
        "big-data-rosetta-code": "| 283 | 35 |   Scala   |",
        "fmt-maven-plugin": "| 274 | 63 |   Java   |",
        "coordinator": "| 273 | 24 |   HTML   |",
        "styx": "| 267 | 56 |   Java   |",
        "pythonflow": "| 266 | 47 |   Python   |",
        "cstar": "| 252 | 36 |   Python   |",
        "netty-zmtp": "| 243 | 60 |   Java   |",
        "ios-style": "| 239 | 37 |   None   |",
        "cassandra-reaper": "| 234 | 64 |   None   |",
        "docker-cassandra": "| 219 | 74 |   Shell   |",
        "terraform-gke-kubeflow-cluster": "| 210 | 33 |   HCL   |",
        "git-test": "| 200 | 45 |   Shell   |",
        "dns-java": "| 197 | 45 |   Java   |",
        "SPStackedNav": "| 197 | 24 |   Objective-C   |",
        "linux": "| 195 | 265 |   C   |",
        "quickstart": "| 194 | 9 |   JavaScript   |",
        "spotify-json": "| 185 | 39 |   C++   |",
        "dbeam": "| 174 | 54 |   Java   |",
        "confidence": "| 165 | 17 |   Python   |",
        "bazel-tools": "| 162 | 16 |   Java   |",
        "lingon": "| 161 | 26 |   JavaScript   |",
        "async-google-pubsub-client": "| 156 | 41 |   Java   |",
        "spark-bigquery": "| 153 | 52 |   Scala   |",
        "flink-on-k8s-operator": "| 153 | 64 |   Go   |",
        "dataenum": "| 151 | 15 |   Java   |",
        "gcp-audit": "| 150 | 32 |   Python   |",
        "magnolify": "| 150 | 27 |   Scala   |",
        "flo": "| 146 | 32 |   Java   |",
        "zoltar": "| 142 | 38 |   Java   |",
        "folsom": "| 138 | 64 |   Java   |",
        "missinglink": "| 136 | 27 |   Java   |",
        "android-auth": "| 134 | 66 |   Java   |",
        "annoy-java": "| 132 | 44 |   Java   |",
        "spydra": "| 132 | 34 |   Java   |",
        "should-up": "| 132 | 8 |   JavaScript   |",
        "proto-registry": "| 132 | 17 |   TypeScript   |",
        "futures-extra": "| 131 | 31 |   Java   |",
        "basic-pitch-ts": "| 124 | 8 |   TypeScript   |",
        "docker-stress": "| 123 | 21 |   Python   |",
        "spotify-tensorflow": "| 120 | 28 |   Python   |",
        "crtauth": "| 115 | 18 |   Python   |",
        "redux-location-state": "| 115 | 27 |   JavaScript   |",
        "sparkey-java": "| 114 | 28 |   Java   |",
        "web-playback-sdk": "| 109 | 7 |   None   |",
        "rspec-dns": "| 107 | 23 |   Ruby   |",
        "ffwd-ruby": "| 106 | 16 |   Ruby   |",
        "gimme": "| 103 | 7 |   Python   |",
        "super-smash-brogp": "| 99 | 19 |   Python   |",
        "noether": "| 90 | 16 |   Scala   |",
        "python-graphwalker": "| 87 | 28 |   Python   |",
        "realbook": "| 86 | 5 |   Python   |",
        "spotify-js-challenge": "| 85 | 18 |   JavaScript   |",
        "github-java-client": "| 85 | 66 |   Java   |",
        "moob": "| 84 | 22 |   Ruby   |",
        "spotify-web-playback-sdk-example": "| 84 | 97 |   JavaScript   |",
        "java-hamcrest": "| 81 | 15 |   Java   |",
        "visualizer-app": "| 80 | 31 |   None   |",
        "lighthouse-audit-service": "| 79 | 32 |   TypeScript   |",
        "boilerplate-app": "| 78 | 32 |   None   |",
        "ffwd": "| 78 | 33 |   Java   |",
        "gcp-firewall-enforcer": "| 76 | 14 |   Python   |",
        "hdfs2cass": "| 75 | 21 |   Java   |",
        "async-datastore-client": "| 72 | 29 |   Java   |",
        "docker-bigtable": "| 71 | 10 |   Go   |",
        "gcs-tools": "| 69 | 15 |   Scala   |",
        "bigtable-autoscaler": "| 69 | 23 |   Java   |",
        "mobius-android-sample": "| 68 | 20 |   Java   |",
        "polly-jest-presets": "| 63 | 10 |   TypeScript   |",
        "debify": "| 62 | 20 |   Shell   |",
        "spotify.github.io": "| 62 | 23 |   HTML   |",
        "lyceum": "| 60 | 11 |   Clojure   |",
        "semantic-metrics": "| 60 | 36 |   Java   |",
        "pyschema": "| 59 | 20 |   Python   |",
        "comet": "| 58 | 12 |   Python   |",
        "tfreader": "| 58 | 17 |   Scala   |",
        "pyfg": "| 57 | 59 |   Python   |",
        "cassandra-opstools": "| 55 | 8 |   Java   |",
        "ieee-spm-vocals-tutorial": "| 55 | 6 |   Jupyter Notebook   |",
        "terraform-google-grr": "| 51 | 11 |   HCL   |",
        "homebrew-public": "| 48 | 26 |   Ruby   |",
        "syslog-redirector": "| 42 | 12 |   Go   |",
        "diffuser": "| 42 | 10 |   Swift   |",
        "ios-ci": "| 41 | 4 |   Shell   |",
        "duck": "| 38 | 10 |   Ruby   |",
        "gordon": "| 38 | 6 |   Python   |",
        "sparkey-python": "| 36 | 7 |   Python   |",
        "simple-bigtable": "| 36 | 20 |   Java   |",
        "hype": "| 36 | 3 |   Java   |",
        "docker_interface": "| 36 | 16 |   Python   |",
        "testing-game": "| 33 | 11 |   Python   |",
        "scio-idea-plugin": "| 28 | 20 |   Scala   |",
        "scio.g8": "| 28 | 22 |   Scala   |",
        "crunch-lib": "| 26 | 2 |   Java   |",
        "talos": "| 26 | 6 |   Ruby   |",
        "code-of-conduct": "| 26 | 10 |   None   |",
        "spotify-checkstyle-config": "| 26 | 17 |   None   |",
        "jsconfeu-2013": "| 25 | 12 |   JavaScript   |",
        "web-audio-bench": "| 25 | 4 |   JavaScript   |",
        "cassandra-medusa": "| 25 | 6 |   Python   |",
        "cookiecutter-golang": "| 25 | 33 |   Go   |",
        "pywk": "| 24 | 8 |   Python   |",
        "terraform-google-aws-hybrid-cloud-vpn": "| 24 | 15 |   HCL   |",
        "ts-interface-loader": "| 23 | 5 |   TypeScript   |",
        "flume-syslog-source2": "| 21 | 7 |   Java   |",
        "comet-core": "| 21 | 19 |   Python   |",
        "logging-java": "| 20 | 23 |   Java   |",
        "bucket-runner": "| 20 | 6 |   JavaScript   |",
        "elitzur": "| 20 | 19 |   Scala   |",
        "elasticsearch-index-window": "| 18 | 5 |   Java   |",
        "spawn": "| 18 | 2 |   Java   |",
        "flyte-flink-plugin": "| 18 | 11 |   Go   |",
        "hadoop-openpgp-codec": "| 17 | 6 |   Java   |",
        "docgenerator": "| 17 | 4 |   Java   |",
        "web-scripts-library-template": "| 17 | 2 |   TypeScript   |",
        "wasd": "| 16 | 6 |   Java   |",
        "vdisk": "| 16 | 8 |   Python   |",
        "daemon-java": "| 16 | 3 |   Java   |",
        "crtauth-java": "| 16 | 6 |   Java   |",
        "pyeos": "| 16 | 17 |   Python   |",
        "spotify-heroic-datasource": "| 16 | 7 |   TypeScript   |",
        "griffin": "| 15 | 6 |   Python   |",
        "jenkins-coverage-poster": "| 14 | 16 |   Groovy   |",
        "gordon-gcp": "| 13 | 7 |   Python   |",
        "protoman": "| 13 | 3 |   Java   |",
        "docker-alpine": "| 11 | 6 |   None   |",
        "Vandelay": "| 11 | 1 |   Java   |",
        "spotify-web-api-ts-sdk": "| 11 | 0 |   TypeScript   |",
        "sprunch": "| 10 | 3 |   Scala   |",
        "hornet": "| 10 | 5 |   Scala   |",
        "comet-common": "| 10 | 13 |   Python   |",
        "tutter-jenkins": "| 9 | 5 |   Ruby   |",
        "ssh-agent-proxy": "| 9 | 5 |   Java   |",
        "ssh-agent-tls": "| 9 | 3 |   Java   |",
        "ulogger": "| 9 | 8 |   Python   |",
        "tfexample-derive": "| 9 | 5 |   Scala   |",
        "futuristic-feline": "| 9 | 9 |   Java   |",
        "mlockexec": "| 8 | 4 |   Python   |",
        "ffwd-client-java": "| 8 | 8 |   Java   |",
        "drserv": "| 8 | 3 |   Python   |",
        "cartography": "| 8 | 2 |   Python   |",
        "puppet-talos": "| 7 | 6 |   Puppet   |",
        "dataproc-java-submitter": "| 7 | 3 |   Java   |",
        "dataprocxy": "| 7 | 9 |   Python   |",
        "scio-contrib": "| 7 | 4 |   Scala   |",
        "certcheck": "| 6 | 3 |   Python   |",
        "helios-skydns": "| 6 | 3 |   Java   |",
        "etcd": "| 6 | 0 |   Go   |",
        "skydns": "| 6 | 0 |   None   |",
        "cassandra-extra": "| 6 | 1 |   Java   |",
        "react-native-lookback": "| 6 | 1 |   Objective-C   |",
        "collectd": "| 5 | 2 |   C   |",
        "rspec-dnsruby": "| 5 | 0 |   Ruby   |",
        "kairosdb": "| 5 | 1 |   Java   |",
        "limbo": "| 5 | 2 |   Scala   |",
        "mace": "| 4 | 7 |   None   |",
        "backup-utils": "| 4 | 4 |   Shell   |",
        "phpconf-argentina-2014": "| 4 | 1 |   JavaScript   |",
        "shumway": "| 4 | 8 |   Python   |",
        "squashing-census-exporter": "| 4 | 1 |   Kotlin   |",
        "android-store-service": "| 4 | 5 |   Python   |",
        "sekexe": "| 3 | 4 |   Shell   |",
        "kafka": "| 3 | 0 |   Scala   |",
        "google-http-java-client": "| 3 | 3 |   Java   |",
        "requests-crtauth": "| 3 | 4 |   Python   |",
        "DataflowJavaSDK": "| 3 | 1 |   Java   |",
        "netty-batch-flusher": "| 3 | 1 |   Java   |",
        "hyperflo": "| 3 | 1 |   Scala   |",
        "gordon-janitor": "| 3 | 3 |   Python   |",
        "aioshumway": "| 3 | 2 |   Python   |",
        "ffwd-http-client": "| 3 | 11 |   Java   |",
        "beam": "| 3 | 1 |   Java   |",
        "proto-requests": "| 3 | 4 |   TypeScript   |",
        "PeqBank": "| 3 | 3 |   C   |",
        "volcano": "| 3 | 2 |   Go   |",
        "soa-reference-integration": "| 3 | 2 |   TypeScript   |",
        "condor": "| 2 | 1 |   Java   |",
        "robolectric": "| 2 | 3 |   Java   |",
        "container-agent": "| 2 | 2 |   Python   |",
        "skygc": "| 2 | 3 |   Python   |",
        "flink": "| 2 | 0 |   Java   |",
        "flink-docker": "| 2 | 2 |   None   |",
        "java-lkk": "| 1 | 1 |   Java   |",
        "jira-lkk-bridge": "| 1 | 2 |   Java   |",
        "metrics-munin-reporter": "| 1 | 3 |   Java   |",
        "syslog-redirector-golang": "| 1 | 2 |   Go   |",
        "spymaster": "| 1 | 2 |   Python   |",
        "s3mper": "| 1 | 4 |   Java   |",
        "foss-root": "| 1 | 6 |   None   |",
        "apollo-elide": "| 1 | 2 |   Java   |",
        "gordon-janitor-gcp": "| 1 | 4 |   Python   |",
        "heroic-client-go": "| 1 | 2 |   Go   |",
        "eslint-config-oss": "| 1 | 4 |   JavaScript   |",
        "druid": "| 1 | 1 |   None   |",
        "batty": "| 0 | 1 |   Python   |",
        "helios-go": "| 0 | 2 |   Go   |",
        "ghelog": "| 0 | 2 |   Python   |",
        "crtauth-java-agent-signer-apache": "| 0 | 1 |   Java   |",
        "perf-map-agent": "| 0 | 2 |   C   |",
        "apollo-metrics": "| 0 | 3 |   None   |",
        "hush-tab": "| 0 | 3 |   JavaScript   |",
        "okta-sdk-python": "| 0 | 2 |   Python   |",
        "gordon-introspection": "| 0 | 2 |   Python   |",
        "scanctl": "| 0 | 4 |   Python   |",
        ".github": "| 0 | 8 |   None   |",
        "heroic-client-java": "| 0 | 6 |   Java   |",
        "lemur": "| 0 | 4 |   Python   |",
        "tfx": "| 0 | 0 |   Python   |",
        "swupdate": "| 0 | 1 |   None   |",
        "kernel-common": "| 0 | 0 |   None   |",
        "uboot": "| 0 | 0 |   None   |",
        "platform-external-bluetooth-bluez": "| 0 | 0 |   None   |"
    }
}