{
    "company": "Spring",
    "h-index": 59,
    "repo count": 80,
    "contributor count": 2643,
    "size": "todo",
    "employee count": "todo",
    "country": "United States of America",
    "top language": "Java",
    "repos": {
        "spring-boot": "| 67189 | 38594 |   Java   |",
        "spring-framework": "| 51768 | 36114 |   Java   |",
        "spring-security": "| 7661 | 5437 |   Java   |",
        "spring-petclinic": "| 6456 | 19708 |   CSS   |",
        "spring-data-examples": "| 4781 | 3264 |   Java   |",
        "spring-authorization-server": "| 4308 | 1076 |   Java   |",
        "spring-data-elasticsearch": "| 2783 | 1280 |   Java   |",
        "spring-loaded": "| 2688 | 513 |   Java   |",
        "spring-data-jpa": "| 2655 | 1275 |   Java   |",
        "spring-batch": "| 2374 | 2181 |   Java   |",
        "spring-integration-samples": "| 2195 | 2544 |   Java   |",
        "spring-retry": "| 1910 | 469 |   Java   |",
        "spring-kafka": "| 1887 | 1382 |   Java   |",
        "spring-session": "| 1780 | 1076 |   Java   |",
        "spring-data-redis": "| 1585 | 1052 |   Java   |",
        "spring-data-mongodb": "| 1513 | 1017 |   Java   |",
        "spring-integration": "| 1404 | 1034 |   Java   |",
        "spring-statemachine": "| 1379 | 563 |   Java   |",
        "spring-graphql": "| 1365 | 241 |   Java   |",
        "spring-data-book": "| 1356 | 1150 |   Java   |",
        "spring-restdocs": "| 1099 | 743 |   Java   |",
        "spring-hateoas": "| 1007 | 465 |   Java   |",
        "spring-data-rest": "| 858 | 524 |   Java   |",
        "spring-cloud": "| 819 | 263 |   None   |",
        "spring-security-samples": "| 818 | 483 |   Java   |",
        "spring-net": "| 804 | 366 |   C#   |",
        "spring-data-neo4j": "| 785 | 612 |   Java   |",
        "spring-amqp": "| 766 | 583 |   Java   |",
        "sts4": "| 746 | 186 |   Java   |",
        "spring-data-r2dbc": "| 699 | 128 |   None   |",
        "spring-data-commons": "| 691 | 617 |   Java   |",
        "spring-data-relational": "| 663 | 295 |   Java   |",
        "spring-shell": "| 641 | 367 |   Java   |",
        "spring-amqp-samples": "| 565 | 392 |   Java   |",
        "spring-plugin": "| 401 | 107 |   Java   |",
        "spring-webflow-samples": "| 393 | 588 |   CSS   |",
        "spring-data-solr": "| 385 | 265 |   Java   |",
        "spring-data-cassandra": "| 351 | 302 |   Java   |",
        "spring-hateoas-examples": "| 343 | 175 |   Java   |",
        "spring-modulith": "| 336 | 33 |   Java   |",
        "spring-ldap": "| 316 | 474 |   Java   |",
        "spring-webflow": "| 299 | 215 |   Java   |",
        "spring-ws": "| 288 | 285 |   Java   |",
        "spring-flo": "| 274 | 96 |   TypeScript   |",
        "spring-integration-extensions": "| 268 | 263 |   Java   |",
        "spring-data-envers": "| 260 | 96 |   None   |",
        "spring-vault": "| 248 | 168 |   Java   |",
        "spring-data-couchbase": "| 218 | 178 |   Java   |",
        "spring-batch-extensions": "| 197 | 237 |   Java   |",
        "spring-integration-aws": "| 173 | 157 |   Java   |",
        "spring-guice": "| 161 | 60 |   Java   |",
        "spring-security-kerberos": "| 157 | 210 |   Java   |",
        "gradle-plugins": "| 138 | 54 |   Groovy   |",
        "spring-ws-samples": "| 130 | 123 |   Java   |",
        "spring-pulsar": "| 114 | 31 |   Java   |",
        "spring-data-keyvalue": "| 112 | 65 |   Java   |",
        "spring-data-gemfire": "| 97 | 106 |   Java   |",
        "spring-data-build": "| 84 | 129 |   Shell   |",
        "spring-data": "| 78 | 78 |   None   |",
        "spring-data-ldap": "| 57 | 49 |   Java   |",
        "spring-data-geode": "| 47 | 36 |   Java   |",
        "spring-session-data-mongodb": "| 44 | 29 |   Java   |",
        "spring-boot-data-geode": "| 41 | 41 |   Java   |",
        "spring-data-dev-tools": "| 38 | 30 |   Java   |",
        "spring-aot-smoke-tests": "| 32 | 27 |   Java   |",
        "spring-session-bom": "| 30 | 26 |   Java   |",
        "spring-credhub": "| 22 | 35 |   Java   |",
        "spring-integration-splunk": "| 21 | 28 |   Java   |",
        "spring-session-data-geode": "| 18 | 22 |   Java   |",
        "spring-test-data-geode": "| 17 | 18 |   Java   |",
        "spring-session-data-mongodb-examples": "| 15 | 14 |   Java   |",
        "spring-restdocs-samples": "| 15 | 12 |   JavaScript   |",
        "spring-data-bom": "| 13 | 10 |   None   |",
        "eclipse-integration-tcserver": "| 12 | 16 |   Java   |",
        "gh-pages": "| 8 | 20 |   JavaScript   |",
        "spring-integration-flow": "| 8 | 19 |   Java   |",
        ".github": "| 6 | 15 |   None   |",
        "spring-graphql-examples": "| 2 | 1 |   None   |",
        "sts-thirdparty-p2-repo": "| 0 | 8 |   None   |",
        "spring-data-release": "| 0 | 4 |   Java   |"
    }
}