{
    "company": "Square",
    "h-index": 107,
    "repo count": 268,
    "contributor count": 2593,
    "size": "todo",
    "employee count": "todo",
    "country": null,
    "top language": "Ruby",
    "repos": {
        "okhttp": "| 43964 | 9097 |   Kotlin   |",
        "retrofit": "| 41519 | 7262 |   Java   |",
        "leakcanary": "| 28443 | 3931 |   Kotlin   |",
        "picasso": "| 18518 | 4014 |   Kotlin   |",
        "javapoet": "| 10215 | 1330 |   Java   |",
        "moshi": "| 8930 | 735 |   Kotlin   |",
        "okio": "| 8351 | 1185 |   Kotlin   |",
        "dagger": "| 7298 | 3086 |   Java   |",
        "crossfilter": "| 6218 | 1347 |   JavaScript   |",
        "PonyDebugger": "| 5871 | 618 |   Objective-C   |",
        "maximum-awesome": "| 5674 | 989 |   Ruby   |",
        "otto": "| 5186 | 905 |   Java   |",
        "cubism": "| 4929 | 574 |   JavaScript   |",
        "sqlbrite": "| 4599 | 431 |   Java   |",
        "android-times-square": "| 4434 | 1205 |   Java   |",
        "wire": "| 4005 | 560 |   Kotlin   |",
        "cube": "| 3916 | 440 |   JavaScript   |",
        "Valet": "| 3854 | 225 |   Swift   |",
        "kotlinpoet": "| 3515 | 269 |   Kotlin   |",
        "java-code-styles": "| 2929 | 789 |   Shell   |",
        "flow": "| 2789 | 262 |   Java   |",
        "spoon": "| 2701 | 492 |   HTML   |",
        "keywhiz": "| 2583 | 222 |   Java   |",
        "tape": "| 2419 | 296 |   Java   |",
        "mortar": "| 2166 | 169 |   Java   |",
        "certstrap": "| 2017 | 207 |   Go   |",
        "go-jose": "| 1985 | 367 |   None   |",
        "Cleanse": "| 1733 | 88 |   Swift   |",
        "assertj-android": "| 1580 | 167 |   Java   |",
        "haha": "| 1427 | 180 |   Java   |",
        "phrase": "| 1398 | 129 |   Java   |",
        "cane": "| 1328 | 79 |   Ruby   |",
        "seismic": "| 1209 | 176 |   Java   |",
        "sudo_pair": "| 1202 | 55 |   Rust   |",
        "spacecommander": "| 1127 | 187 |   Objective-C   |",
        "anvil": "| 1116 | 58 |   Kotlin   |",
        "workflow": "| 1063 | 76 |   Shell   |",
        "square.github.io": "| 1047 | 265 |   CSS   |",
        "workflow-kotlin": "| 888 | 100 |   Kotlin   |",
        "certigo": "| 870 | 75 |   Go   |",
        "logcat": "| 854 | 18 |   Kotlin   |",
        "whorlwind": "| 817 | 49 |   Java   |",
        "dagger-intellij-plugin": "| 801 | 46 |   Java   |",
        "cycler": "| 788 | 27 |   Kotlin   |",
        "apropos": "| 767 | 37 |   Ruby   |",
        "Paralayout": "| 765 | 41 |   Swift   |",
        "radiography": "| 743 | 28 |   Kotlin   |",
        "shift": "| 731 | 52 |   Ruby   |",
        "coordinators": "| 707 | 49 |   Java   |",
        "shuttle": "| 658 | 105 |   Ruby   |",
        "subzero": "| 658 | 96 |   Java   |",
        "gifencoder": "| 645 | 73 |   Java   |",
        "Blueprint": "| 638 | 47 |   Swift   |",
        "pollexor": "| 630 | 90 |   Java   |",
        "kochiku": "| 607 | 51 |   Ruby   |",
        "intro-to-d3": "| 604 | 167 |   CSS   |",
        "curtains": "| 555 | 30 |   Kotlin   |",
        "RxIdler": "| 504 | 44 |   Java   |",
        "burst": "| 463 | 28 |   Java   |",
        "field-kit": "| 460 | 36 |   JavaScript   |",
        "otto-intellij-plugin": "| 455 | 46 |   Java   |",
        "SuperDelegate": "| 454 | 28 |   Swift   |",
        "js-jose": "| 421 | 97 |   JavaScript   |",
        "sharkey": "| 381 | 30 |   Go   |",
        "fdoc": "| 380 | 57 |   Ruby   |",
        "ETL": "| 374 | 32 |   Ruby   |",
        "lgtm": "| 365 | 40 |   JavaScript   |",
        "svelte-store": "| 356 | 17 |   TypeScript   |",
        "connect-api-examples": "| 355 | 773 |   JavaScript   |",
        "laravel-hyrule": "| 336 | 9 |   PHP   |",
        "in-app-payments-flutter-plugin": "| 320 | 120 |   Objective-C   |",
        "rails-auth": "| 290 | 29 |   Ruby   |",
        "pysurvival": "| 289 | 91 |   HTML   |",
        "pylink": "| 275 | 118 |   Python   |",
        "papa": "| 270 | 13 |   Kotlin   |",
        "workflow-swift": "| 265 | 37 |   Swift   |",
        "inspect": "| 263 | 41 |   Go   |",
        "cocoapods-generate": "| 262 | 42 |   Ruby   |",
        "WaxSim": "| 260 | 63 |   None   |",
        "Aardvark": "| 258 | 48 |   Objective-C   |",
        "jetpack": "| 249 | 30 |   Ruby   |",
        "luhnybin": "| 232 | 173 |   Shell   |",
        "auto-value-redacted": "| 212 | 15 |   Java   |",
        "protoparser": "| 205 | 50 |   Java   |",
        "mimecraft": "| 195 | 34 |   Java   |",
        "squalor": "| 194 | 47 |   Go   |",
        "p2": "| 194 | 51 |   Go   |",
        "gradle-dependencies-sorter": "| 190 | 7 |   Kotlin   |",
        "zapp": "| 179 | 19 |   Objective-C   |",
        "git-fastclone": "| 177 | 29 |   Ruby   |",
        "metrics": "| 169 | 27 |   Go   |",
        "Listable": "| 154 | 31 |   Swift   |",
        "wire-gradle-plugin": "| 153 | 23 |   Groovy   |",
        "goprotowrap": "| 148 | 9 |   Go   |",
        "quotaservice": "| 144 | 31 |   Go   |",
        "beancounter": "| 138 | 22 |   Go   |",
        "ruby-rrule": "| 132 | 22 |   Ruby   |",
        "cocoapods-check": "| 129 | 18 |   Ruby   |",
        "womeng_handbook": "| 129 | 12 |   None   |",
        "point-of-sale-android-sdk": "| 114 | 63 |   Java   |",
        "rce-agent": "| 114 | 37 |   Go   |",
        "connect-php-sdk": "| 113 | 54 |   PHP   |",
        "border_patrol": "| 111 | 28 |   Ruby   |",
        "keywhiz-fs": "| 111 | 24 |   Go   |",
        "spincycle": "| 111 | 22 |   Go   |",
        "in-app-payments-react-native-plugin": "| 108 | 52 |   Objective-C   |",
        "qunit-bdd": "| 107 | 19 |   JavaScript   |",
        "gssh": "| 104 | 10 |   Go   |",
        "react-native-square-reader-sdk": "| 104 | 36 |   Java   |",
        "cocoapods-pack": "| 104 | 7 |   Ruby   |",
        "bionic": "| 100 | 24 |   Python   |",
        "workflow-kotlin-compose": "| 100 | 4 |   None   |",
        "jirafy": "| 99 | 30 |   HTML   |",
        "StringTemplate": "| 94 | 9 |   Swift   |",
        "pjson": "| 94 | 5 |   PHP   |",
        "SquarePointOfSaleSDK-iOS": "| 93 | 46 |   Objective-C   |",
        "PJFDataSource": "| 87 | 4 |   Objective-C   |",
        "square-python-sdk": "| 85 | 46 |   Python   |",
        "osstrich": "| 83 | 11 |   Java   |",
        "connect-nodejs-sdk": "| 81 | 48 |   JavaScript   |",
        "reader-sdk-flutter-plugin": "| 81 | 31 |   Dart   |",
        "objc-borderpatrol": "| 78 | 10 |   Objective-C   |",
        "lambda-secrets-prefetch": "| 78 | 7 |   Go   |",
        "protob": "| 77 | 12 |   JavaScript   |",
        "square-nodejs-sdk": "| 76 | 40 |   TypeScript   |",
        "workflow-android-template": "| 75 | 3 |   Kotlin   |",
        "xcknife": "| 73 | 7 |   Ruby   |",
        "kochiku-worker": "| 71 | 16 |   Ruby   |",
        "pagerduty-incidents": "| 70 | 29 |   Java   |",
        "connect-api-specification": "| 68 | 41 |   Mustache   |",
        "square-ruby-sdk": "| 68 | 43 |   Ruby   |",
        "maven-archeologist": "| 67 | 9 |   Kotlin   |",
        "keysync": "| 63 | 19 |   Go   |",
        "prodeng": "| 62 | 21 |   JavaScript   |",
        "square-php-sdk": "| 60 | 50 |   PHP   |",
        "jna-gmp": "| 59 | 23 |   Java   |",
        "rails-service": "| 59 | 8 |   Ruby   |",
        "mongo-lock": "| 57 | 16 |   Go   |",
        "maker": "| 57 | 18 |   Vue   |",
        "pair": "| 56 | 5 |   Go   |",
        "cascading-helpers": "| 54 | 19 |   Java   |",
        "toggle": "| 53 | 12 |   Ruby   |",
        "web-payments-quickstart": "| 53 | 104 |   HTML   |",
        "orbit": "| 51 | 7 |   Vue   |",
        "rack-servlet": "| 49 | 15 |   Java   |",
        "mssh": "| 49 | 7 |   Ruby   |",
        "find-yarn-workspace-root": "| 48 | 10 |   JavaScript   |",
        "square-dotnet-sdk": "| 48 | 32 |   C#   |",
        "square-java-sdk": "| 47 | 30 |   Java   |",
        "connect-python-sdk": "| 44 | 34 |   Python   |",
        "ThumborURL": "| 43 | 26 |   Objective-C   |",
        "react-square-payment-form": "| 43 | 40 |   TypeScript   |",
        "JIRAFoundation": "| 42 | 8 |   Objective-C   |",
        "connect-ruby-sdk": "| 41 | 25 |   Ruby   |",
        "grange": "| 40 | 22 |   Go   |",
        "in-app-payments-android-quickstart": "| 40 | 42 |   Java   |",
        "connect-java-sdk": "| 39 | 23 |   Java   |",
        "react-field-kit": "| 37 | 6 |   JavaScript   |",
        "bazel_maven_repository": "| 36 | 11 |   Kotlin   |",
        "fde-rekey": "| 33 | 3 |   Python   |",
        "luks2crypt": "| 33 | 10 |   Go   |",
        "in-app-payments-server-quickstart": "| 32 | 35 |   JavaScript   |",
        "in-app-payments-ios-quickstart": "| 31 | 10 |   Swift   |",
        "server-to-server-gtm-client": "| 30 | 11 |   Smarty   |",
        "spice": "| 30 | 2 |   Kotlin   |",
        "resque-graphite": "| 29 | 4 |   JavaScript   |",
        "Ackbar": "| 29 | 3 |   Swift   |",
        "libcrange": "| 28 | 15 |   C   |",
        "sqeduler": "| 28 | 10 |   Ruby   |",
        "connect-csharp-sdk": "| 28 | 25 |   C#   |",
        "blocks": "| 28 | 15 |   Python   |",
        "rbs_protobuf": "| 28 | 2 |   Ruby   |",
        "repotoddy": "| 26 | 4 |   Python   |",
        "ast_builder": "| 26 | 2 |   Ruby   |",
        "spiffe-aws-assume-role": "| 26 | 4 |   Go   |",
        "dependentree": "| 26 | 4 |   JavaScript   |",
        "rack-time-zone-header": "| 25 | 4 |   Ruby   |",
        "AQGridView": "| 25 | 5 |   None   |",
        "squickpic": "| 25 | 5 |   Java   |",
        "plastic": "| 24 | 10 |   Ruby   |",
        "mysql-parser": "| 24 | 12 |   Ruby   |",
        "reader-sdk-android-quickstart": "| 24 | 14 |   Java   |",
        "refinement": "| 24 | 6 |   Ruby   |",
        "pilgrim": "| 23 | 5 |   JavaScript   |",
        "active_record-sql_analyzer": "| 23 | 6 |   Ruby   |",
        "eslint-plugin-square": "| 22 | 17 |   JavaScript   |",
        "simplerrd": "| 21 | 5 |   Ruby   |",
        "square-market-embeds": "| 21 | 10 |   HTML   |",
        "etre": "| 20 | 12 |   Go   |",
        "reader-sdk-ios-quickstart": "| 20 | 7 |   Swift   |",
        "sqpaymentform-nodejs-starterkit": "| 20 | 28 |   CSS   |",
        "droidcon-nyc-2019-workflow-game": "| 20 | 5 |   Kotlin   |",
        "okhttp-icu": "| 20 | 0 |   Kotlin   |",
        "rack-geo": "| 19 | 6 |   Ruby   |",
        "cascading2-protobufs": "| 18 | 15 |   Java   |",
        "sq-dbsync": "| 18 | 10 |   Ruby   |",
        "rough": "| 18 | 9 |   Ruby   |",
        "gh-unit": "| 17 | 6 |   None   |",
        "TTTAttributedLabel": "| 17 | 7 |   None   |",
        "chrometric": "| 17 | 7 |   JavaScript   |",
        "vermillion": "| 17 | 5 |   PHP   |",
        "JSONKit": "| 16 | 5 |   None   |",
        "lifecycle.js": "| 15 | 5 |   JavaScript   |",
        "stround": "| 14 | 5 |   JavaScript   |",
        "MimicAndRephrase": "| 14 | 6 |   Python   |",
        "password-rotation-lambda": "| 14 | 6 |   Go   |",
        "cocoapods-why": "| 14 | 2 |   Ruby   |",
        "exit": "| 14 | 3 |   Go   |",
        "gcmd": "| 13 | 5 |   None   |",
        "gpgmeh": "| 13 | 4 |   Ruby   |",
        "web-sdk": "| 13 | 14 |   TypeScript   |",
        "pam_krb5_ccache": "| 12 | 8 |   C   |",
        "grange-server": "| 12 | 12 |   Go   |",
        "erg": "| 12 | 20 |   Go   |",
        "in-app-payments-ios": "| 12 | 9 |   Objective-C   |",
        "ember-square-payment-form": "| 12 | 5 |   JavaScript   |",
        "ftpfxp": "| 11 | 11 |   Ruby   |",
        "callback-as-promised": "| 11 | 4 |   JavaScript   |",
        "squarectf": "| 10 | 6 |   HTML   |",
        "debug_socket": "| 9 | 4 |   Ruby   |",
        "ember-computable": "| 9 | 2 |   JavaScript   |",
        "pydocker": "| 9 | 4 |   Python   |",
        "FetchRequests": "| 9 | 7 |   Swift   |",
        "yajl-objc": "| 8 | 4 |   None   |",
        "fundraiser": "| 8 | 7 |   Java   |",
        "squab": "| 8 | 2 |   CSS   |",
        "pyfu-usb": "| 8 | 1 |   Python   |",
        "hoptoad-ios": "| 7 | 6 |   None   |",
        "status-collector": "| 7 | 5 |   JavaScript   |",
        "catalog-api-demo": "| 7 | 3 |   Java   |",
        "active_merchant_square": "| 7 | 11 |   Ruby   |",
        "ttcache": "| 7 | 5 |   PHP   |",
        "rails": "| 6 | 7 |   Ruby   |",
        "pem-parser": "| 6 | 4 |   None   |",
        "build_execution": "| 6 | 2 |   Ruby   |",
        "sidekiq-killswitch": "| 6 | 3 |   Ruby   |",
        "reader-sdk-ios-sample-apps": "| 6 | 4 |   Swift   |",
        "square-connect-go-sdk": "| 6 | 11 |   Go   |",
        "rangeclient": "| 5 | 7 |   Ruby   |",
        "notify": "| 5 | 2 |   Go   |",
        "async_task": "| 5 | 2 |   Ruby   |",
        "cocoapods-query": "| 5 | 3 |   Ruby   |",
        "sqldelight_bazel_rules": "| 5 | 5 |   Starlark   |",
        "range-spec": "| 4 | 11 |   Ruby   |",
        "ruby-tree_filter": "| 4 | 3 |   Ruby   |",
        "go-sq-metrics": "| 4 | 2 |   Go   |",
        "microsite": "| 4 | 11 |   SCSS   |",
        "rubymine-extensions": "| 3 | 5 |   Ruby   |",
        "reqpi": "| 3 | 4 |   Python   |",
        "kazoo-client": "| 3 | 7 |   Ruby   |",
        "cocoapods-repo-sq": "| 3 | 2 |   Ruby   |",
        "prettier-config": "| 3 | 3 |   None   |",
        "httpurl": "| 3 | 4 |   Go   |",
        "rubygems.org": "| 2 | 3 |   Ruby   |",
        "rubygems": "| 2 | 5 |   Ruby   |",
        "arthur": "| 2 | 3 |   Ruby   |",
        "homebrew-bottles": "| 2 | 4 |   None   |",
        "stash_core_api": "| 2 | 6 |   Ruby   |",
        "extension-policy-helper": "| 2 | 2 |   JavaScript   |",
        "maker-icons": "| 2 | 2 |   JavaScript   |",
        "cla-test": "| 1 | 2 |   None   |",
        "etre-client-ruby": "| 1 | 4 |   Ruby   |",
        "mail_delivery_task": "| 1 | 2 |   Ruby   |",
        "java-vitess-launcher": "| 1 | 2 |   None   |",
        "orbit-icons": "| 1 | 2 |   JavaScript   |",
        "square-test-sdk": "| 1 | 2 |   Python   |",
        "uC-USBH": "| 0 | 2 |   C   |"
    }
}