{
    "company": "styled-components",
    "h-index": 27,
    "repo count": 35,
    "contributor count": 898,
    "size": "todo",
    "employee count": "todo",
    "country": null,
    "top language": "JavaScript",
    "repos": {
        "styled-components": "| 38822 | 2445 |   TypeScript   |",
        "polished": "| 7486 | 247 |   JavaScript   |",
        "awesome-styled-components": "| 3195 | 282 |   None   |",
        "xstyled": "| 2159 | 101 |   TypeScript   |",
        "jest-styled-components": "| 1566 | 160 |   JavaScript   |",
        "vue-styled-components": "| 1332 | 105 |   JavaScript   |",
        "styled-theming": "| 1166 | 40 |   JavaScript   |",
        "css-to-react-native": "| 1078 | 89 |   JavaScript   |",
        "babel-plugin-styled-components": "| 1046 | 148 |   JavaScript   |",
        "vscode-styled-components": "| 883 | 124 |   JavaScript   |",
        "stylelint-processor-styled-components": "| 660 | 63 |   JavaScript   |",
        "styled-components-website": "| 584 | 424 |   JavaScript   |",
        "webstorm-styled-components": "| 370 | 21 |   Kotlin   |",
        "vim-styled-components": "| 295 | 26 |   Vim script   |",
        "comparison": "| 183 | 22 |   JavaScript   |",
        "elm-styled": "| 180 | 8 |   Elm   |",
        "babel-plugin-polished": "| 139 | 13 |   JavaScript   |",
        "styled-elements": "| 89 | 11 |   JavaScript   |",
        "stylelint-config-styled-components": "| 70 | 10 |   JavaScript   |",
        "spec": "| 61 | 3 |   None   |",
        "color-schemer": "| 56 | 7 |   JavaScript   |",
        "styled-components-codemods": "| 51 | 5 |   JavaScript   |",
        "styled-components-experimentation": "| 31 | 11 |   JavaScript   |",
        "stylis-plugin-rtl": "| 31 | 16 |   TypeScript   |",
        "s-c.sh": "| 30 | 2 |   None   |",
        "typescript-styled-plugin": "| 28 | 2 |   JavaScript   |",
        "styled-components-native-code-mod": "| 27 | 6 |   JavaScript   |",
        "styled-components.github.io": "| 22 | 8 |   JavaScript   |",
        "brand": "| 11 | 12 |   None   |",
        "benchmark": "| 9 | 5 |   JavaScript   |",
        "todomvc": "| 6 | 2 |   JavaScript   |",
        "babel-plugin-styled-components-ssr": "| 2 | 1 |   JavaScript   |",
        "use-styled-hook": "| 1 | 1 |   None   |",
        "storybook-dark-mode": "| 1 | 1 |   TypeScript   |",
        "addon-jsx": "| 0 | 0 |   TypeScript   |"
    }
}