{
    "company": "Super Micro Computer Inc.",
    "h-index": 0,
    "repo count": 6,
    "contributor count": 65,
    "size": "todo",
    "employee count": "todo",
    "country": "United States of America",
    "top language": "Makefile",
    "repos": {
        "arcconf": "| 0 | 0 |   None   |",
        "p9dsu-xml": "| 0 | 0 |   None   |",
        "p8dtu-xml": "| 0 | 0 |   None   |",
        "p8dtu-op-build": "| 0 | 0 |   Makefile   |",
        "p9dsu-op-build": "| 0 | 0 |   Makefile   |",
        "redfish": "| 0 | 2 |   None   |"
    }
}