{
    "company": "The Syncthing Project",
    "h-index": 11,
    "repo count": 22,
    "contributor count": 524,
    "size": "todo",
    "employee count": "todo",
    "country": null,
    "top language": "Go",
    "repos": {
        "syncthing": "| 51642 | 3758 |   Go   |",
        "syncthing-android": "| 2439 | 333 |   Java   |",
        "syncthing-macos": "| 2092 | 126 |   Objective-C   |",
        "syncthing-inotify": "| 363 | 41 |   Go   |",
        "discosrv": "| 223 | 60 |   None   |",
        "docs": "| 198 | 424 |   Python   |",
        "relaysrv": "| 173 | 40 |   None   |",
        "syncthing-lite": "| 115 | 21 |   Kotlin   |",
        "syncthing-cli": "| 88 | 17 |   None   |",
        "notify": "| 27 | 14 |   Go   |",
        "old-web": "| 19 | 21 |   HTML   |",
        "apt-web": "| 11 | 18 |   HTML   |",
        "syncthing-java": "| 10 | 12 |   Kotlin   |",
        "utp": "| 9 | 6 |   Go   |",
        "downloads": "| 8 | 9 |   Go   |",
        "release-tools": "| 6 | 9 |   Shell   |",
        "website": "| 6 | 21 |   HTML   |",
        "foundation": "| 4 | 4 |   None   |",
        "tech-ui": "| 4 | 2 |   TypeScript   |",
        "github-release-tool": "| 3 | 5 |   Go   |",
        "roadmap-votes": "| 0 | 4 |   Go   |",
        "docs-pre-rendered": "| 0 | 3 |   HTML   |"
    }
}