{
    "company": "Taobao, Inc.",
    "h-index": 0,
    "repo count": 7,
    "contributor count": 36,
    "size": "todo",
    "employee count": "todo",
    "country": "Hangzhou, China",
    "top language": "Java",
    "repos": {
        "nginx-book": "| 6671 | 2030 |   Python   |",
        "sqlautoreview": "| 205 | 122 |   Java   |",
        "TBSchedule": "| 204 | 80 |   None   |",
        "nginx-docs-cn": "| 116 | 48 |   Ruby   |",
        "ADFS": "| 109 | 53 |   Java   |",
        "BugFree": "| 103 | 71 |   None   |",
        "tsar-mod_nginx": "| 49 | 12 |   C   |"
    }
}