{
    "company": "Tauri",
    "h-index": 34,
    "repo count": 99,
    "contributor count": 1486,
    "size": "todo",
    "employee count": "todo",
    "country": null,
    "top language": "Rust",
    "repos": {
        "tauri": "| 63373 | 1707 |   Rust   |",
        "wry": "| 2509 | 161 |   Rust   |",
        "awesome-tauri": "| 1979 | 123 |   None   |",
        "tao": "| 1052 | 97 |   Rust   |",
        "tauri-mobile": "| 711 | 33 |   Rust   |",
        "create-tauri-app": "| 602 | 51 |   Rust   |",
        "tauri-docs": "| 557 | 325 |   JavaScript   |",
        "tauri-action": "| 449 | 89 |   TypeScript   |",
        "vue-cli-plugin-tauri": "| 363 | 23 |   JavaScript   |",
        "tauri-vscode": "| 328 | 13 |   TypeScript   |",
        "window-vibrancy": "| 284 | 23 |   Rust   |",
        "tauri-egui": "| 243 | 12 |   Rust   |",
        "tauri-plugin-sql": "| 217 | 44 |   Rust   |",
        "tauri-plugin-store": "| 175 | 29 |   Rust   |",
        "plugins-workspace": "| 126 | 41 |   Rust   |",
        "webkit2gtk-rs": "| 106 | 25 |   Rust   |",
        "window-shadows": "| 96 | 5 |   Rust   |",
        "tauri-plugin-window-state": "| 89 | 16 |   Rust   |",
        "tauri-plugin-log": "| 76 | 20 |   Rust   |",
        "tauri-bindgen": "| 73 | 2 |   Rust   |",
        "smoke-tests": "| 72 | 18 |   JavaScript   |",
        "tauri-plugin-stronghold": "| 67 | 5 |   Rust   |",
        "javascriptcore-rs": "| 64 | 19 |   Rust   |",
        "tauri-plugin-authenticator": "| 57 | 3 |   Rust   |",
        "tauri-plugin-localhost": "| 55 | 8 |   Rust   |",
        "tauri-plugin-positioner": "| 54 | 3 |   Rust   |",
        "tauri-plugin-fs-watch": "| 50 | 7 |   Rust   |",
        "muda": "| 42 | 8 |   Rust   |",
        "tray-icon": "| 42 | 3 |   Rust   |",
        "libappindicator-rs": "| 39 | 17 |   Rust   |",
        "tauri-theia": "| 36 | 4 |   Rust   |",
        "tauri-plugin-fs-extra": "| 36 | 4 |   TypeScript   |",
        "tauri-plugin-websocket": "| 35 | 5 |   Rust   |",
        "tauri-plugin-autostart": "| 34 | 8 |   Rust   |",
        "tauricon": "| 28 | 4 |   TypeScript   |",
        "tauri-plugin-single-instance": "| 26 | 8 |   Rust   |",
        "global-hotkey": "| 26 | 2 |   Rust   |",
        "tauri-invoke-http": "| 23 | 2 |   Rust   |",
        "tauri-hotkey-rs": "| 18 | 4 |   Rust   |",
        "glutin": "| 18 | 4 |   Rust   |",
        "tauri-forage": "| 17 | 2 |   TypeScript   |",
        "meilisearch-docsearch": "| 17 | 0 |   TypeScript   |",
        "tauri-plugin-upload": "| 16 | 5 |   Rust   |",
        "rfcs": "| 14 | 3 |   None   |",
        "tauri-discord-bot": "| 14 | 3 |   TypeScript   |",
        "fix-path-env-rs": "| 13 | 4 |   Rust   |",
        "tauri-inliner": "| 12 | 2 |   JavaScript   |",
        "win7-notifications": "| 12 | 0 |   Rust   |",
        "egui": "| 8 | 6 |   Rust   |",
        "tauri-plugin-persisted-scope": "| 8 | 2 |   Rust   |",
        ".github": "| 7 | 7 |   None   |",
        "gipfs": "| 7 | 0 |   None   |",
        "tauri-github-bot": "| 7 | 3 |   TypeScript   |",
        "meetings": "| 7 | 0 |   None   |",
        "nsis-tauri-utils": "| 7 | 1 |   Rust   |",
        "tauri-includedir": "| 6 | 0 |   Rust   |",
        "binary-releases": "| 6 | 1 |   None   |",
        "benchmark_results": "| 6 | 1 |   None   |",
        "wry-mobile": "| 6 | 0 |   Rust   |",
        "winrt-notification": "| 6 | 3 |   Rust   |",
        "governance-and-guidance": "| 5 | 3 |   None   |",
        "tauri.studio": "| 5 | 1 |   Vue   |",
        "tauri-search": "| 5 | 1 |   TypeScript   |",
        "realworld": "| 4 | 0 |   JavaScript   |",
        "zserge-webview": "| 4 | 2 |   None   |",
        "docusaurus-meilisearch-indexer": "| 4 | 2 |   JavaScript   |",
        "rustdocusaurus": "| 3 | 0 |   JavaScript   |",
        "rust-icns": "| 3 | 0 |   Rust   |",
        "tauri-plugin-clipboard": "| 3 | 0 |   Rust   |",
        "tauri-webpack": "| 2 | 1 |   JavaScript   |",
        "create-pull-request": "| 2 | 1 |   TypeScript   |",
        "typedocusaurus": "| 2 | 1 |   TypeScript   |",
        "winit": "| 2 | 0 |   Rust   |",
        "benchmark_electron": "| 2 | 1 |   Rust   |",
        "gir-files": "| 2 | 1 |   Shell   |",
        "tauri-plugin-fs": "| 2 | 0 |   TypeScript   |",
        "tauri-dialog-rs": "| 1 | 1 |   C   |",
        "tauri-inliner-rs": "| 1 | 0 |   Rust   |",
        "linuxdeploy-plugin-gtk": "| 1 | 0 |   Shell   |",
        "soup2-rs": "| 1 | 0 |   Rust   |",
        "linuxdeploy-plugin-gstreamer": "| 1 | 0 |   None   |",
        "msedgedriver-manifest-cache": "| 1 | 0 |   Rust   |",
        "rust-xcode-plugin": "| 1 | 2 |   Shell   |",
        "winres": "| 1 | 2 |   Rust   |",
        "dns-automation": "| 1 | 1 |   None   |",
        "tauri-plugin-dialog": "| 1 | 0 |   Rust   |",
        "tauri-plugin-http": "| 1 | 0 |   Rust   |",
        "tauri-plugin-global-shortcut": "| 1 | 0 |   Rust   |",
        "tauri-plugin-shell": "| 1 | 0 |   Rust   |",
        "tauri-plugin-cli": "| 1 | 0 |   Rust   |",
        "web-view": "| 0 | 0 |   C   |",
        "tauri-toml": "| 0 | 1 |   JavaScript   |",
        "deno": "| 0 | 0 |   None   |",
        "gh-tangle-release": "| 0 | 0 |   None   |",
        "workflow-testbed": "| 0 | 0 |   None   |",
        "github-actions": "| 0 | 0 |   JavaScript   |",
        "typedoc-plugin-markdown": "| 0 | 0 |   TypeScript   |",
        "actions-netlify": "| 0 | 0 |   TypeScript   |",
        "AppRun": "| 0 | 1 |   C   |"
    }
}