{
    "company": "Ecma TC39",
    "h-index": 106,
    "repo count": 249,
    "contributor count": 918,
    "size": "todo",
    "employee count": "todo",
    "country": "The web",
    "top language": "HTML",
    "repos": {
        "proposals": "| 16868 | 730 |   None   |",
        "ecma262": "| 14098 | 1319 |   HTML   |",
        "proposal-pipeline-operator": "| 6976 | 108 |   HTML   |",
        "proposal-optional-chaining": "| 4965 | 82 |   HTML   |",
        "proposal-pattern-matching": "| 4755 | 90 |   HTML   |",
        "proposal-type-annotations": "| 3368 | 41 |   JavaScript   |",
        "proposal-observable": "| 2974 | 108 |   JavaScript   |",
        "proposal-temporal": "| 2788 | 140 |   HTML   |",
        "proposal-decorators": "| 2430 | 107 |   None   |",
        "proposal-record-tuple": "| 2255 | 65 |   HTML   |",
        "test262": "| 2016 | 455 |   JavaScript   |",
        "proposal-dynamic-import": "| 1856 | 65 |   HTML   |",
        "proposal-bind-operator": "| 1722 | 32 |   None   |",
        "proposal-class-fields": "| 1714 | 125 |   HTML   |",
        "proposal-async-await": "| 1577 | 112 |   HTML   |",
        "proposal-object-rest-spread": "| 1494 | 94 |   HTML   |",
        "proposal-nullish-coalescing": "| 1236 | 23 |   HTML   |",
        "proposal-shadowrealm": "| 1206 | 71 |   HTML   |",
        "proposal-top-level-await": "| 1066 | 51 |   HTML   |",
        "proposal-iterator-helpers": "| 1044 | 36 |   HTML   |",
        "proposal-partial-application": "| 995 | 24 |   HTML   |",
        "proposal-do-expressions": "| 968 | 13 |   HTML   |",
        "agendas": "| 932 | 194 |   JavaScript   |",
        "proposal-binary-ast": "| 922 | 24 |   None   |",
        "proposal-built-in-modules": "| 871 | 29 |   HTML   |",
        "proposal-async-iteration": "| 852 | 43 |   HTML   |",
        "proposal-bigint": "| 562 | 61 |   HTML   |",
        "ecmascript_simd": "| 534 | 69 |   JavaScript   |",
        "proposal-operator-overloading": "| 534 | 17 |   JavaScript   |",
        "proposal-string-dedent": "| 531 | 15 |   HTML   |",
        "proposal-slice-notation": "| 506 | 16 |   HTML   |",
        "proposal-class-public-fields": "| 490 | 24 |   HTML   |",
        "notes": "| 487 | 101 |   JavaScript   |",
        "ecma402": "| 474 | 124 |   HTML   |",
        "proposal-change-array-by-copy": "| 463 | 21 |   HTML   |",
        "proposal-uuid": "| 461 | 7 |   JavaScript   |",
        "proposal-set-methods": "| 432 | 21 |   HTML   |",
        "proposal-iterator.range": "| 432 | 10 |   JavaScript   |",
        "proposal-UnambiguousJavaScriptGrammar": "| 412 | 16 |   None   |",
        "proposal-explicit-resource-management": "| 410 | 21 |   JavaScript   |",
        "proposal-array-grouping": "| 410 | 16 |   HTML   |",
        "proposal-import-attributes": "| 404 | 28 |   HTML   |",
        "proposal-weakrefs": "| 399 | 49 |   HTML   |",
        "proposal-module-expressions": "| 389 | 18 |   HTML   |",
        "proposal-cancelable-promises": "| 376 | 33 |   Shell   |",
        "proposal-ecmascript-sharedmem": "| 375 | 30 |   HTML   |",
        "proposal-error-cause": "| 370 | 8 |   HTML   |",
        "proposal-relative-indexing-method": "| 351 | 18 |   HTML   |",
        "proposal-decimal": "| 350 | 13 |   None   |",
        "proposal-global": "| 346 | 16 |   HTML   |",
        "proposal-private-methods": "| 341 | 36 |   HTML   |",
        "proposal-first-class-protocols": "| 335 | 10 |   None   |",
        "proposal-numeric-separator": "| 327 | 32 |   HTML   |",
        "proposal-private-fields": "| 322 | 18 |   HTML   |",
        "proposal-throw-expressions": "| 322 | 7 |   HTML   |",
        "proposal-object-from-entries": "| 318 | 19 |   HTML   |",
        "proposal-promise-allSettled": "| 316 | 26 |   HTML   |",
        "proposal-array-last": "| 311 | 12 |   None   |",
        "proposal-await.ops": "| 302 | 8 |   HTML   |",
        "proposal-logical-assignment": "| 301 | 16 |   HTML   |",
        "tc39.github.io": "| 298 | 58 |   HTML   |",
        "proposal-export-default-from": "| 290 | 11 |   HTML   |",
        "proposal-promise-finally": "| 278 | 27 |   HTML   |",
        "proposal-regex-escaping": "| 275 | 31 |   JavaScript   |",
        "proposal-asset-references": "| 261 | 6 |   None   |",
        "proposal-cancellation": "| 259 | 11 |   HTML   |",
        "proposal-string-replaceall": "| 253 | 16 |   HTML   |",
        "proposal-async-context": "| 252 | 7 |   HTML   |",
        "proposal-export-ns-from": "| 241 | 13 |   HTML   |",
        "proposal-regexp-named-groups": "| 221 | 20 |   HTML   |",
        "proposal-intl-relative-time": "| 213 | 23 |   HTML   |",
        "proposal-flatMap": "| 213 | 18 |   HTML   |",
        "proposal-module-declarations": "| 213 | 5 |   HTML   |",
        "ecmarkup": "| 198 | 60 |   TypeScript   |",
        "proposal-promise-any": "| 197 | 26 |   HTML   |",
        "proposal-ses": "| 195 | 18 |   HTML   |",
        "proposal-decorators-previous": "| 183 | 15 |   HTML   |",
        "proposal-smart-pipelines": "| 179 | 13 |   HTML   |",
        "proposal-json-modules": "| 178 | 20 |   HTML   |",
        "proposal-json-parse-with-source": "| 170 | 8 |   HTML   |",
        "proposal-array-filtering": "| 170 | 4 |   HTML   |",
        "proposal-extractors": "| 163 | 1 |   JavaScript   |",
        "proposal-collection-methods": "| 160 | 10 |   HTML   |",
        "how-we-work": "| 159 | 28 |   None   |",
        "proposal-structs": "| 159 | 2 |   None   |",
        "proposal-ptc-syntax": "| 154 | 7 |   HTML   |",
        "proposal-Array.prototype.includes": "| 153 | 28 |   HTML   |",
        "proposal-error-stacks": "| 152 | 12 |   HTML   |",
        "proposal-upsert": "| 146 | 15 |   HTML   |",
        "proposal-import-meta": "| 143 | 18 |   HTML   |",
        "proposal-hashbang": "| 142 | 15 |   HTML   |",
        "proposal-resizablearraybuffer": "| 142 | 15 |   HTML   |",
        "proposal-array-from-async": "| 141 | 13 |   HTML   |",
        "proposal-seeded-random": "| 138 | 5 |   HTML   |",
        "proposal-intl-segmenter": "| 136 | 22 |   HTML   |",
        "proposal-promise-try": "| 133 | 12 |   JavaScript   |",
        "proposal-accessible-object-hasownproperty": "| 132 | 11 |   HTML   |",
        "proposal-regexp-unicode-property-escapes": "| 128 | 16 |   HTML   |",
        "proposal-static-class-features": "| 128 | 26 |   HTML   |",
        "proposal-extensions": "| 127 | 5 |   HTML   |",
        "proposal-array-unique": "| 122 | 6 |   TypeScript   |",
        "proposal-array-find-from-last": "| 122 | 10 |   HTML   |",
        "proposal-trailing-function-commas": "| 117 | 10 |   JavaScript   |",
        "proposal-json-superset": "| 113 | 18 |   None   |",
        "proposal-defer-import-eval": "| 113 | 9 |   HTML   |",
        "proposal-intl-duration-format": "| 110 | 16 |   HTML   |",
        "proposal-class-static-block": "| 104 | 9 |   HTML   |",
        "template-for-proposals": "| 103 | 33 |   HTML   |",
        "proposal-generator-arrow-functions": "| 99 | 4 |   HTML   |",
        "proposal-async-do-expressions": "| 99 | 2 |   HTML   |",
        "proposal-regexp-lookbehind": "| 98 | 17 |   HTML   |",
        "proposal-string-matchall": "| 97 | 11 |   None   |",
        "proposal-object-iteration": "| 93 | 5 |   HTML   |",
        "proposal-arraybuffer-base64": "| 93 | 4 |   CSS   |",
        "proposal-function-implementation-hiding": "| 92 | 6 |   HTML   |",
        "proposal-emitter": "| 91 | 5 |   None   |",
        "proposal-object-values-entries": "| 90 | 30 |   HTML   |",
        "proposal-regexp-dotall-flag": "| 89 | 13 |   HTML   |",
        "proposal-compartments": "| 89 | 9 |   HTML   |",
        "proposal-exponentiation-operator": "| 87 | 18 |   HTML   |",
        "proposal-optional-catch-binding": "| 87 | 5 |   HTML   |",
        "proposal-deep-path-properties-for-record": "| 86 | 1 |   None   |",
        "proposal-hack-pipes": "| 85 | 8 |   HTML   |",
        "proposal-import-reflection": "| 84 | 4 |   HTML   |",
        "proposal-atomics-wait-async": "| 81 | 17 |   HTML   |",
        "proposal-class-access-expressions": "| 81 | 9 |   HTML   |",
        "proposal-modules-pragma": "| 80 | 8 |   HTML   |",
        "proposal-reversible-string-split": "| 79 | 3 |   HTML   |",
        "ecmarkdown": "| 77 | 14 |   TypeScript   |",
        "proposal-symbols-as-weakmap-keys": "| 76 | 6 |   None   |",
        "proposal-Declarations-in-Conditionals": "| 75 | 2 |   None   |",
        "proposal-await-dictionary": "| 75 | 3 |   HTML   |",
        "proposal-object-pick-or-omit": "| 74 | 4 |   HTML   |",
        "proposal-string-pad-start-end": "| 71 | 14 |   CSS   |",
        "proposal-extended-numeric-literals": "| 71 | 17 |   None   |",
        "proposal-function-memo": "| 71 | 1 |   HTML   |",
        "proposal-csprng": "| 68 | 8 |   JavaScript   |",
        "proposal-well-formed-stringify": "| 66 | 14 |   None   |",
        "proposal-regexp-unicode-sequence-properties": "| 64 | 12 |   HTML   |",
        "proposal-decorator-metadata": "| 64 | 4 |   HTML   |",
        "security": "| 63 | 5 |   None   |",
        "proposal-regexp-match-indices": "| 62 | 12 |   HTML   |",
        "proposal-array-equality": "| 61 | 3 |   HTML   |",
        "proposal-deiter": "| 61 | 2 |   HTML   |",
        "proposal-number-fromstring": "| 60 | 7 |   HTML   |",
        "js-outreach-groups": "| 59 | 6 |   None   |",
        "proposal-regexp-v-flag": "| 57 | 11 |   HTML   |",
        "proposal-intl-enumeration": "| 56 | 8 |   HTML   |",
        "proposal-call-this": "| 55 | 4 |   HTML   |",
        "proposal-function-pipe-flow": "| 51 | 4 |   HTML   |",
        "proposal-intl-numberformat-v3": "| 49 | 11 |   HTML   |",
        "proposal-string-cooked": "| 47 | 3 |   HTML   |",
        "proposal-unified-intl-numberformat": "| 46 | 13 |   HTML   |",
        "proposal-for-in-order": "| 46 | 8 |   HTML   |",
        "proposal-promise-with-resolvers": "| 45 | 1 |   HTML   |",
        "proposal-intl-displaynames": "| 42 | 9 |   HTML   |",
        "proposal-wavy-dot": "| 42 | 4 |   None   |",
        "proposal-function-once": "| 42 | 2 |   HTML   |",
        "proposal-function-helpers": "| 41 | 3 |   HTML   |",
        "proposal-string-prototype-codepoints": "| 40 | 7 |   HTML   |",
        "proposal-grouped-and-auto-accessors": "| 40 | 3 |   HTML   |",
        "proposal-string-left-right-trim": "| 39 | 16 |   Shell   |",
        "proposal-eventual-send": "| 39 | 4 |   None   |",
        "proposal-faster-promise-adoption": "| 39 | 1 |   HTML   |",
        "test262-parser-tests": "| 38 | 12 |   JavaScript   |",
        "proposal-intl-locale-info": "| 38 | 9 |   HTML   |",
        "proposal-destructuring-private": "| 38 | 5 |   HTML   |",
        "proposal-template-literal-revision": "| 36 | 7 |   HTML   |",
        "proposal-setmap-offrom": "| 36 | 8 |   HTML   |",
        "proposal-regexp-legacy-features": "| 35 | 17 |   None   |",
        "proposal-idl": "| 34 | 4 |   None   |",
        "proposal-intl-messageformat": "| 34 | 2 |   HTML   |",
        "proposal-collection-normalization": "| 33 | 7 |   HTML   |",
        "proposal-standardized-debug": "| 33 | 4 |   HTML   |",
        "proposal-intl-locale": "| 32 | 16 |   HTML   |",
        "proposal-array-is-template-object": "| 32 | 7 |   HTML   |",
        "proposal-private-fields-in-in": "| 32 | 8 |   HTML   |",
        "proposal-bigint-math": "| 32 | 1 |   HTML   |",
        "proposal-richer-keys": "| 31 | 4 |   HTML   |",
        "dataset": "| 30 | 7 |   TypeScript   |",
        "proposal-symbol-proto": "| 30 | 2 |   HTML   |",
        "proposal-intl-datetime-style": "| 28 | 10 |   HTML   |",
        "proposal-intl-DateTimeFormat-formatRange": "| 28 | 8 |   HTML   |",
        "proposal-function.sent": "| 28 | 5 |   HTML   |",
        "proposal-readonly-collections": "| 28 | 2 |   None   |",
        "proposal-intl-localematcher": "| 28 | 3 |   HTML   |",
        "proposal-get-intrinsic": "| 28 | 3 |   HTML   |",
        "process-document": "| 27 | 17 |   HTML   |",
        "proposal-intl-list-format": "| 27 | 14 |   HTML   |",
        "code-of-conduct": "| 27 | 15 |   SCSS   |",
        "proposal-is-usv-string": "| 27 | 3 |   HTML   |",
        "proposal-async-explicit-resource-management": "| 27 | 2 |   JavaScript   |",
        "Function-prototype-toString-revision": "| 25 | 9 |   HTML   |",
        "proposal-intl-plural-rules": "| 25 | 12 |   HTML   |",
        "proposal-object-getownpropertydescriptors": "| 25 | 7 |   CSS   |",
        "proposal-float16array": "| 25 | 2 |   HTML   |",
        "proposal-private-declarations": "| 24 | 3 |   HTML   |",
        "proposal-module-keys": "| 23 | 7 |   JavaScript   |",
        "proposal-typedarray-stride": "| 23 | 2 |   HTML   |",
        "proposal-regexp-x-mode": "| 23 | 1 |   JavaScript   |",
        "proposal-intl-displaynames-v2": "| 22 | 2 |   HTML   |",
        "proposal-async-iterator-helpers": "| 21 | 0 |   HTML   |",
        "proposal-uniform-interchange-date-parsing": "| 20 | 9 |   HTML   |",
        "proposal-async-init": "| 20 | 2 |   HTML   |",
        "proposal-smart-unit-preferences": "| 20 | 3 |   HTML   |",
        "proposal-class-method-parameter-decorators": "| 20 | 0 |   HTML   |",
        "proposal-json-parseimmutable": "| 19 | 0 |   HTML   |",
        "proposal-duplicate-named-capturing-groups": "| 17 | 0 |   None   |",
        "proposal-canonical-tz": "| 17 | 1 |   JavaScript   |",
        "proposal-intl-formatToParts": "| 16 | 16 |   JavaScript   |",
        "proposal-class-brand-check": "| 16 | 2 |   HTML   |",
        "proposal-dynamic-import-host-adjustment": "| 15 | 2 |   HTML   |",
        "proposal-rm-builtin-subclassing": "| 15 | 4 |   None   |",
        "proposal-regexp-modifiers": "| 15 | 2 |   HTML   |",
        "proposal-dynamic-modules": "| 14 | 4 |   HTML   |",
        "proposal-Symbol-description": "| 13 | 6 |   Shell   |",
        "logo": "| 12 | 7 |   None   |",
        "proposal-freeze-prototype": "| 12 | 4 |   None   |",
        "proposal-dynamic-code-brand-checks": "| 12 | 3 |   HTML   |",
        "incubator-agendas": "| 12 | 4 |   None   |",
        "proposal-integer-and-modulus-math": "| 12 | 1 |   HTML   |",
        "proposal-policy-map-set": "| 12 | 1 |   HTML   |",
        "proposal-arraybuffer-transfer": "| 12 | 2 |   None   |",
        "proposal-cleanup-some": "| 11 | 5 |   HTML   |",
        "proposal-intl-segmenter-v2": "| 11 | 3 |   HTML   |",
        "proposal-symbol-predicates": "| 11 | 2 |   HTML   |",
        "proposal-module-get": "| 9 | 4 |   None   |",
        "proposal-oom-fails-fast": "| 9 | 3 |   None   |",
        "proposal-intl-eradisplay": "| 9 | 2 |   None   |",
        "proposal-regexp-atomic-operators": "| 9 | 0 |   JavaScript   |",
        "ecma262-6-src": "| 8 | 7 |   HTML   |",
        "proposal-intl-unit-format": "| 8 | 5 |   HTML   |",
        "proposal-reverseIterator": "| 8 | 1 |   HTML   |",
        "proposal-limited-arraybuffer": "| 8 | 4 |   HTML   |",
        "proposal-Math.signbit": "| 7 | 5 |   HTML   |",
        "proposal-intl-extend-timezonename": "| 7 | 5 |   HTML   |",
        "proposal-regexp-buffer-boundaries": "| 6 | 1 |   HTML   |",
        "proposal-intl-message-resource": "| 6 | 0 |   None   |",
        "old-site": "| 5 | 5 |   HTML   |",
        "ecma402-mdn": "| 5 | 1 |   None   |",
        "proposal-date-time-string-format": "| 4 | 4 |   HTML   |",
        "test262-integration": "| 4 | 5 |   JavaScript   |",
        "proposal-regexp-r-escape": "| 4 | 1 |   HTML   |",
        "proposal-mass-proxy-revocation": "| 3 | 0 |   HTML   |",
        "archives": "| 2 | 5 |   JavaScript   |",
        "proposal-intl-era-monthcode": "| 2 | 1 |   HTML   |",
        "test262-cla": "| 1 | 5 |   CSS   |",
        "agreements": "| 1 | 4 |   CSS   |",
        "proposal-stricter-function-tostring": "| 1 | 1 |   HTML   |"
    }
}