{
    "company": "TechTarget",
    "h-index": 1,
    "repo count": 14,
    "contributor count": 2,
    "size": "todo",
    "employee count": "todo",
    "country": "Newton, MA",
    "top language": "JavaScript",
    "repos": {
        "contentNavigationCarousel": "| 1 | 0 |   JavaScript   |",
        "contentTabs": "| 1 | 1 |   CoffeeScript   |",
        "micrositeComponentBoilerplate": "| 1 | 0 |   JavaScript   |",
        "contentAccordion": "| 1 | 0 |   JavaScript   |",
        "mew": "| 1 | 0 |   JavaScript   |",
        "micrositeTemplates": "| 1 | 0 |   CSS   |",
        "heroCarousel": "| 1 | 1 |   JavaScript   |",
        "slideProjectorCarousel": "| 0 | 0 |   JavaScript   |",
        "filmstripCarousel": "| 0 | 0 |   JavaScript   |",
        "featuredVideo": "| 0 | 0 |   CoffeeScript   |",
        "addThisShare": "| 0 | 0 |   JavaScript   |",
        "addThisBar": "| 0 | 0 |   JavaScript   |",
        "graphicResizer": "| 0 | 0 |   CSS   |",
        "contentMatrix": "| 0 | 0 |   None   |"
    }
}