{
    "company": null,
    "h-index": 90,
    "repo count": 109,
    "contributor count": 4496,
    "size": "todo",
    "employee count": "todo",
    "country": null,
    "top language": "Python",
    "repos": {
        "tensorflow": "| 174411 | 88288 |   C++   |",
        "models": "| 75768 | 46252 |   Jupyter Notebook   |",
        "tfjs": "| 17336 | 1844 |   TypeScript   |",
        "tensor2tensor": "| 13581 | 3259 |   Python   |",
        "tfjs-models": "| 12784 | 4101 |   TypeScript   |",
        "playground": "| 10992 | 2413 |   TypeScript   |",
        "tfjs-core": "| 8505 | 983 |   TypeScript   |",
        "examples": "| 7119 | 7197 |   Jupyter Notebook   |",
        "tensorboard": "| 6228 | 1591 |   TypeScript   |",
        "nmt": "| 6217 | 1978 |   Python   |",
        "tfjs-examples": "| 6115 | 2216 |   JavaScript   |",
        "swift": "| 6072 | 627 |   Jupyter Notebook   |",
        "serving": "| 5839 | 2211 |   C++   |",
        "docs": "| 5749 | 5187 |   Jupyter Notebook   |",
        "tpu": "| 5109 | 1790 |   Jupyter Notebook   |",
        "lucid": "| 4544 | 655 |   Jupyter Notebook   |",
        "rust": "| 4431 | 394 |   Rust   |",
        "probability": "| 3909 | 1071 |   Jupyter Notebook   |",
        "datasets": "| 3856 | 1430 |   Python   |",
        "adanet": "| 3440 | 535 |   Jupyter Notebook   |",
        "minigo": "| 3389 | 565 |   C++   |",
        "hub": "| 3320 | 1701 |   Python   |",
        "skflow": "| 3188 | 467 |   Python   |",
        "lingvo": "| 2720 | 432 |   Python   |",
        "graphics": "| 2712 | 365 |   Python   |",
        "ranking": "| 2632 | 460 |   Python   |",
        "agents": "| 2497 | 687 |   Python   |",
        "federated": "| 2105 | 557 |   Python   |",
        "tfx": "| 1948 | 665 |   Python   |",
        "fold": "| 1826 | 279 |   Python   |",
        "privacy": "| 1766 | 427 |   Python   |",
        "mlir": "| 1704 | 260 |   None   |",
        "addons": "| 1645 | 610 |   Python   |",
        "quantum": "| 1584 | 476 |   Python   |",
        "recommenders": "| 1574 | 234 |   Python   |",
        "haskell": "| 1521 | 205 |   Haskell   |",
        "workshops": "| 1464 | 707 |   Jupyter Notebook   |",
        "mesh": "| 1412 | 247 |   Python   |",
        "model-optimization": "| 1397 | 311 |   Python   |",
        "ecosystem": "| 1350 | 405 |   Scala   |",
        "model-analysis": "| 1200 | 266 |   Python   |",
        "community": "| 1189 | 585 |   C++   |",
        "tflite-micro": "| 1184 | 613 |   C++   |",
        "text": "| 1093 | 291 |   C++   |",
        "benchmarks": "| 1092 | 640 |   Python   |",
        "tfjs-node": "| 1041 | 120 |   TypeScript   |",
        "gnn": "| 977 | 134 |   Python   |",
        "neural-structured-learning": "| 967 | 194 |   Python   |",
        "transform": "| 956 | 212 |   Python   |",
        "similarity": "| 943 | 97 |   Python   |",
        "gan": "| 834 | 233 |   Jupyter Notebook   |",
        "swift-apis": "| 791 | 141 |   Swift   |",
        "deepmath": "| 768 | 146 |   C++   |",
        "compression": "| 744 | 240 |   Python   |",
        "runtime": "| 723 | 126 |   MLIR   |",
        "data-validation": "| 717 | 151 |   Python   |",
        "tensorrt": "| 702 | 223 |   Jupyter Notebook   |",
        "tfjs-converter": "| 695 | 151 |   TypeScript   |",
        "swift-models": "| 639 | 152 |   Jupyter Notebook   |",
        "io": "| 639 | 270 |   C++   |",
        "java": "| 630 | 156 |   Java   |",
        "docs-l10n": "| 610 | 614 |   Jupyter Notebook   |",
        "decision-forests": "| 578 | 92 |   Python   |",
        "tcav": "| 573 | 145 |   Jupyter Notebook   |",
        "lattice": "| 510 | 102 |   Python   |",
        "tfjs-wechat": "| 495 | 104 |   TypeScript   |",
        "recommenders-addons": "| 475 | 117 |   Cuda   |",
        "model-card-toolkit": "| 371 | 79 |   Python   |",
        "custom-op": "| 356 | 110 |   Smarty   |",
        "tfjs-vis": "| 355 | 79 |   TypeScript   |",
        "cloud": "| 352 | 82 |   Python   |",
        "moonlight": "| 314 | 69 |   Python   |",
        "profiler": "| 313 | 50 |   TypeScript   |",
        "tflite-support": "| 311 | 113 |   C++   |",
        "fairness-indicators": "| 308 | 78 |   Jupyter Notebook   |",
        "tfjs-tsne": "| 302 | 58 |   TypeScript   |",
        "mlir-hlo": "| 296 | 61 |   MLIR   |",
        "estimator": "| 286 | 213 |   Python   |",
        "tfjs-layers": "| 282 | 102 |   TypeScript   |",
        "embedding-projector-standalone": "| 270 | 190 |   HTML   |",
        "build": "| 214 | 80 |   Shell   |",
        "kfac": "| 190 | 42 |   Python   |",
        "ngraph-bridge": "| 139 | 69 |   C++   |",
        "profiler-ui": "| 134 | 38 |   HTML   |",
        "tensorboard-plugin-example": "| 133 | 69 |   Python   |",
        "tflite-micro-arduino-examples": "| 115 | 46 |   C++   |",
        "tfx-addons": "| 103 | 55 |   Jupyter Notebook   |",
        "flutter-tflite": "| 98 | 15 |   Dart   |",
        "metadata": "| 93 | 51 |   Python   |",
        "networking": "| 90 | 37 |   C++   |",
        "tfjs-website": "| 66 | 102 |   CSS   |",
        "tfjs-data": "| 65 | 35 |   TypeScript   |",
        "tfhub.dev": "| 62 | 46 |   Python   |",
        "java-models": "| 61 | 33 |   Java   |",
        "tfx-bsl": "| 56 | 44 |   Python   |",
        "java-ndarray": "| 55 | 13 |   Java   |",
        "autograph": "| 49 | 20 |   Python   |",
        "model-remediation": "| 41 | 19 |   Python   |",
        "swift-bindings": "| 25 | 23 |   Swift   |",
        "tensorstore": "| 24 | 25 |   C++   |",
        "tfrc": "| 23 | 15 |   None   |",
        "codelabs": "| 20 | 11 |   Jupyter Notebook   |",
        "toolchains": "| 17 | 22 |   Starlark   |",
        "dtensor-gcp-examples": "| 16 | 3 |   Python   |",
        "sig-tfjs": "| 12 | 9 |   TypeScript   |",
        "tf-build-actions": "| 3 | 0 |   C++   |",
        ".allstar": "| 2 | 1 |   None   |",
        ".github": "| 2 | 0 |   None   |",
        "oss-fuzz": "| 2 | 0 |   None   |"
    }
}