{
    "company": "The Algorithms",
    "h-index": 36,
    "repo count": 45,
    "contributor count": 2642,
    "size": "todo",
    "employee count": "todo",
    "country": "India",
    "top language": "Python",
    "repos": {
        "Python": "| 158520 | 40062 |   Python   |",
        "Java": "| 51826 | 17240 |   Java   |",
        "JavaScript": "| 26456 | 4547 |   JavaScript   |",
        "C-Plus-Plus": "| 24344 | 6292 |   C++   |",
        "C": "| 16188 | 3986 |   C   |",
        "Rust": "| 15566 | 1545 |   Rust   |",
        "Go": "| 12568 | 2202 |   Go   |",
        "C-Sharp": "| 5358 | 1184 |   C#   |",
        "Algorithms-Explanation": "| 2530 | 657 |   None   |",
        "Dart": "| 1359 | 342 |   Dart   |",
        "PHP": "| 1200 | 298 |   PHP   |",
        "Kotlin": "| 1079 | 314 |   Kotlin   |",
        "Ruby": "| 976 | 248 |   Ruby   |",
        "Scala": "| 970 | 356 |   Scala   |",
        "R": "| 688 | 250 |   R   |",
        "website": "| 688 | 118 |   TypeScript   |",
        "Jupyter": "| 646 | 258 |   Jupyter Notebook   |",
        "TypeScript": "| 494 | 112 |   TypeScript   |",
        "Swift": "| 362 | 101 |   Swift   |",
        "TheAlgorithms.github.io": "| 341 | 61 |   HTML   |",
        "Julia": "| 341 | 90 |   Julia   |",
        "Haskell": "| 338 | 82 |   Haskell   |",
        "MATLAB-Octave": "| 334 | 169 |   MATLAB   |",
        "Solidity": "| 240 | 74 |   Solidity   |",
        "Elixir": "| 193 | 49 |   Elixir   |",
        "website-old": "| 186 | 141 |   HTML   |",
        "F-Sharp": "| 181 | 42 |   F#   |",
        "Lua": "| 139 | 29 |   Lua   |",
        ".github": "| 123 | 39 |   None   |",
        "AArch64_Assembly": "| 113 | 33 |   Assembly   |",
        "algorithms-keeper": "| 109 | 47 |   Python   |",
        "OCaml": "| 82 | 40 |   OCaml   |",
        "Clojure": "| 67 | 21 |   Clojure   |",
        "Elm": "| 60 | 32 |   Elm   |",
        "scripts": "| 48 | 25 |   Python   |",
        "Zig": "| 41 | 6 |   Zig   |",
        "Nim": "| 32 | 3 |   Nim   |",
        "Google-Summer-of-Code": "| 22 | 2 |   None   |",
        "C-Plus-Plus-1": "| 8 | 1 |   None   |",
        "Zig-delete": "| 7 | 0 |   None   |",
        "contributor_covenant": "| 5 | 0 |   None   |",
        "SessionGuard.js": "| 4 | 0 |   None   |",
        "Personalised-Discounts": "| 0 | 0 |   None   |",
        "EcomEntity": "| 0 | 0 |   None   |",
        "SessionGuard-Core": "| 0 | 0 |   None   |"
    }
}