{
    "company": "THUNLP",
    "h-index": 76,
    "repo count": 195,
    "contributor count": 268,
    "size": "todo",
    "employee count": "todo",
    "country": "FIT Building, Tsinghua University, Beijing",
    "top language": "Python",
    "repos": {
        "GNNPapers": "| 14389 | 2883 |   None   |",
        "WantWords": "| 6551 | 577 |   JavaScript   |",
        "OpenNRE": "| 3986 | 1040 |   Python   |",
        "OpenKE": "| 3428 | 946 |   Python   |",
        "OpenPrompt": "| 3210 | 356 |   Python   |",
        "PromptPapers": "| 3186 | 296 |   None   |",
        "PLMpapers": "| 3116 | 428 |   None   |",
        "NRLPapers": "| 2514 | 653 |   TeX   |",
        "THULAC-Python": "| 1828 | 334 |   Python   |",
        "OpenNE": "| 1630 | 489 |   Python   |",
        "KRLPapers": "| 1503 | 252 |   TeX   |",
        "ERNIE": "| 1356 | 262 |   Python   |",
        "KB2E": "| 1352 | 454 |   C++   |",
        "TAADpapers": "| 1261 | 179 |   Python   |",
        "NREPapers": "| 1007 | 158 |   TeX   |",
        "OpenCLaP": "| 904 | 142 |   None   |",
        "RCPapers": "| 889 | 177 |   None   |",
        "NRE": "| 808 | 317 |   C++   |",
        "THULAC": "| 729 | 174 |   C++   |",
        "FewRel": "| 687 | 156 |   Python   |",
        "THUOCL": "| 678 | 185 |   None   |",
        "OpenDelta": "| 643 | 52 |   Python   |",
        "Chinese_Rumor_Dataset": "| 608 | 132 |   None   |",
        "UltraChat": "| 586 | 35 |   Python   |",
        "OpenHowNet": "| 555 | 86 |   Python   |",
        "DocRED": "| 550 | 102 |   Python   |",
        "OpenAttack": "| 548 | 110 |   Python   |",
        "TensorFlow-TransX": "| 514 | 199 |   Python   |",
        "OpenMatch": "| 443 | 47 |   Python   |",
        "BERT-KPE": "| 414 | 76 |   Python   |",
        "LegalPapers": "| 400 | 60 |   None   |",
        "TensorFlow-Summarization": "| 393 | 113 |   Python   |",
        "CAIL": "| 391 | 86 |   None   |",
        "Fast-TransX": "| 386 | 109 |   C++   |",
        "Few-NERD": "| 343 | 58 |   Python   |",
        "THULAC-Java": "| 319 | 116 |   Java   |",
        "SOS4NLP": "| 309 | 38 |   None   |",
        "NSC": "| 288 | 97 |   Python   |",
        "Chinese_NRE": "| 260 | 41 |   Python   |",
        "ToolLearningPapers": "| 213 | 12 |   None   |",
        "OpenQA": "| 206 | 48 |   Python   |",
        "PL-Marker": "| 204 | 35 |   Python   |",
        "SE-WRL": "| 197 | 57 |   C   |",
        "BMCourse": "| 194 | 32 |   Python   |",
        "THUCTC": "| 193 | 65 |   Java   |",
        "CANE": "| 192 | 77 |   Python   |",
        "SCPapers": "| 186 | 36 |   None   |",
        "JointNRE": "| 183 | 36 |   Python   |",
        "HATT-Proto": "| 174 | 36 |   Python   |",
        "KnowledgeablePromptTuning": "| 164 | 19 |   Python   |",
        "KernelGAT": "| 159 | 31 |   Python   |",
        "NLP-THU": "| 154 | 22 |   None   |",
        "EntityDuetNeuralRanking": "| 153 | 20 |   Python   |",
        "DeltaPapers": "| 151 | 11 |   None   |",
        "OOP-THU": "| 140 | 18 |   None   |",
        "PTR": "| 138 | 29 |   Python   |",
        "Auto_CLIWC": "| 127 | 44 |   Python   |",
        "attribute_charge": "| 121 | 29 |   Python   |",
        "LegalPLMs": "| 120 | 20 |   Python   |",
        "THUCKE": "| 118 | 18 |   C++   |",
        "ConceptFlow": "| 118 | 19 |   Python   |",
        "WebCPM": "| 114 | 9 |   HTML   |",
        "Neural-Snowball": "| 113 | 21 |   Python   |",
        "KR-EAR": "| 111 | 45 |   C++   |",
        "CAIL2018": "| 107 | 46 |   Python   |",
        "TransNet": "| 104 | 39 |   Jupyter Notebook   |",
        "MultiRD": "| 97 | 20 |   Python   |",
        "HNRE": "| 95 | 21 |   Python   |",
        "GEAR": "| 92 | 25 |   Python   |",
        "RE-Context-or-Names": "| 92 | 20 |   Python   |",
        "AGE": "| 87 | 14 |   Python   |",
        "TopJudge": "| 86 | 31 |   Python   |",
        "OpenBackdoor": "| 82 | 14 |   Python   |",
        "HMEAE": "| 81 | 21 |   Python   |",
        "XQA": "| 79 | 16 |   Python   |",
        "ERICA": "| 79 | 13 |   Python   |",
        "TKRL": "| 76 | 27 |   C++   |",
        "TLNN": "| 76 | 17 |   Python   |",
        "SememePSO-Attack": "| 76 | 14 |   Python   |",
        "MMDW": "| 72 | 39 |   Java   |",
        "CLAIM": "| 71 | 18 |   None   |",
        "LEVEN": "| 71 | 22 |   Python   |",
        "KNET": "| 69 | 16 |   Python   |",
        "NeuIRPapers": "| 68 | 7 |   None   |",
        "Adv-ED": "| 66 | 20 |   Python   |",
        "SelectiveMasking": "| 65 | 15 |   Python   |",
        "sememe_prediction": "| 61 | 24 |   Python   |",
        "DIAG-NRE": "| 59 | 14 |   Python   |",
        "MuGNN": "| 59 | 14 |   Python   |",
        "Prompt-Transferability": "| 59 | 9 |   Python   |",
        "KV-PLM": "| 59 | 9 |   Python   |",
        "CorefBERT": "| 58 | 6 |   Python   |",
        "topical_word_embeddings": "| 57 | 13 |   Python   |",
        "paragraph2vec": "| 56 | 24 |   Python   |",
        "ConversationQueryRewriter": "| 56 | 17 |   Roff   |",
        "QuoteR": "| 54 | 12 |   Python   |",
        "DKRL": "| 53 | 17 |   C++   |",
        "GP-GNN": "| 52 | 9 |   Python   |",
        "SE-WRL-SAT": "| 51 | 8 |   C   |",
        "TADW": "| 45 | 19 |   Matlab   |",
        "MNRE": "| 45 | 15 |   C++   |",
        "PELT": "| 44 | 8 |   Python   |",
        "PathNRE": "| 42 | 12 |   C++   |",
        "IEAJKE": "| 42 | 16 |   Jupyter Notebook   |",
        "CKRL": "| 42 | 11 |   C++   |",
        "RSN": "| 42 | 11 |   Python   |",
        "VERNet": "| 42 | 7 |   Python   |",
        "TR-BERT": "| 41 | 6 |   Python   |",
        "ConvDR": "| 39 | 7 |   Python   |",
        "IKRL": "| 38 | 9 |   C++   |",
        "relation-similarity": "| 37 | 5 |   Python   |",
        "CPT": "| 37 | 0 |   Python   |",
        "PEVL": "| 36 | 5 |   Python   |",
        "THULAC.so": "| 35 | 20 |   C++   |",
        "Sememe-SC": "| 34 | 7 |   Python   |",
        "ReInfoSelect": "| 34 | 4 |   Python   |",
        "MoEfication": "| 33 | 3 |   Python   |",
        "COS960": "| 32 | 2 |   Python   |",
        "COVID19-IRQA": "| 32 | 6 |   Python   |",
        "Knowledge-Inheritance": "| 32 | 4 |   Python   |",
        "NEU": "| 31 | 10 |   Matlab   |",
        "DSDocRE": "| 31 | 5 |   Python   |",
        "COVID19-Social-Datasets": "| 30 | 8 |   None   |",
        "jec-qa": "| 29 | 2 |   Python   |",
        "CokeBERT": "| 28 | 9 |   Python   |",
        "SDLM-pytorch": "| 26 | 6 |   Python   |",
        "Character-enhanced-Sememe-Prediction": "| 24 | 3 |   Python   |",
        "explore-and-evaluate": "| 24 | 6 |   Python   |",
        "CSSReview": "| 24 | 0 |   None   |",
        "AMNRE": "| 23 | 9 |   Python   |",
        "VisualDS": "| 23 | 3 |   Python   |",
        "CodRED": "| 23 | 4 |   Python   |",
        "ELLE": "| 23 | 2 |   Python   |",
        "QAJudge": "| 22 | 1 |   Python   |",
        "StyleAttack": "| 22 | 7 |   Python   |",
        "Seq2Seq-Prompt": "| 22 | 3 |   Python   |",
        "LME": "| 21 | 5 |   Python   |",
        "HiddenKiller": "| 21 | 7 |   Python   |",
        "ContinualRE": "| 20 | 7 |   Python   |",
        "OHRE": "| 20 | 1 |   Python   |",
        "CLSP": "| 19 | 7 |   C   |",
        "BabelNet-Sememe-Prediction": "| 19 | 4 |   Python   |",
        "MixADA": "| 19 | 3 |   Python   |",
        "NeuBA": "| 19 | 3 |   Python   |",
        "OpenGCL": "| 19 | 2 |   Python   |",
        "CLEVER": "| 19 | 2 |   Python   |",
        "CED": "| 17 | 6 |   Python   |",
        "ONION": "| 16 | 1 |   Python   |",
        "CAIL2019": "| 14 | 3 |   Python   |",
        "COVID19-CountryImage": "| 14 | 1 |   None   |",
        "DANCE": "| 14 | 0 |   Python   |",
        "CSS-LM": "| 13 | 4 |   Python   |",
        "BkdAtk-LWS": "| 13 | 5 |   Python   |",
        "thunlp.github.io": "| 12 | 3 |   HTML   |",
        "JNTM": "| 12 | 4 |   Java   |",
        "KACC": "| 12 | 0 |   None   |",
        "SememeWSD": "| 12 | 2 |   Python   |",
        "DPT": "| 12 | 2 |   Python   |",
        "Model_Emotion": "| 11 | 2 |   R   |",
        "Unified-DeltaTuning": "| 11 | 2 |   Python   |",
        "MIML": "| 10 | 2 |   Python   |",
        "Intrinsic-Prompt-Tuning": "| 10 | 1 |   Python   |",
        "Advbench": "| 10 | 0 |   Python   |",
        "oknlp": "| 9 | 0 |   C++   |",
        "SubCharTokenization": "| 9 | 3 |   Python   |",
        "FastPromptTuning": "| 8 | 0 |   Python   |",
        "CWE": "| 7 | 1 |   C   |",
        "AutoJudge": "| 7 | 2 |   Python   |",
        "SememeRNN": "| 7 | 2 |   Python   |",
        "DeepTHULAC": "| 7 | 0 |   Python   |",
        "FFD": "| 6 | 0 |   Python   |",
        "EmbeddingEntityRetrieval": "| 5 | 2 |   C   |",
        "AdversarialTaboo": "| 5 | 0 |   Python   |",
        "MetaAdaptRank": "| 5 | 2 |   Python   |",
        "CrossET": "| 5 | 0 |   Python   |",
        "Mode-Connectivity-PLM": "| 5 | 1 |   Python   |",
        "SMP": "| 4 | 1 |   Python   |",
        "STG": "| 4 | 0 |   Python   |",
        "THULAC.NET": "| 3 | 1 |   None   |",
        "SCorP": "| 3 | 0 |   Python   |",
        "DictSKB": "| 3 | 3 |   Python   |",
        "MSGI": "| 3 | 0 |   Python   |",
        "Model-Selection-Attack": "| 3 | 0 |   Python   |",
        "READIN": "| 3 | 0 |   Python   |",
        "IsOBS": "| 2 | 0 |   Python   |",
        "PretrainingRecommender": "| 2 | 0 |   Python   |",
        "S3Delta": "| 2 | 0 |   Jupyter Notebook   |",
        "Moderate-fitting": "| 1 | 0 |   Python   |",
        "DecT": "| 1 | 0 |   Python   |",
        "RobTest": "| 1 | 1 |   None   |",
        "RecyclableTuning": "| 1 | 0 |   None   |",
        "NeuDEF": "| 0 | 0 |   Python   |",
        "HLCP": "| 0 | 0 |   None   |",
        "FullyHyperbolicNN": "| 0 | 0 |   None   |",
        "chrome-script-plugin": "| 0 | 0 |   None   |"
    }
}