{
    "company": "tldr pages",
    "h-index": 8,
    "repo count": 20,
    "contributor count": 507,
    "size": "todo",
    "employee count": "todo",
    "country": null,
    "top language": "Python",
    "repos": {
        "tldr": "| 44165 | 3631 |   Markdown   |",
        "tldr-python-client": "| 512 | 89 |   Python   |",
        "tldr-node-client": "| 401 | 73 |   JavaScript   |",
        "tldr-c-client": "| 244 | 41 |   C   |",
        "tldr-pages.github.io": "| 58 | 31 |   HTML   |",
        "tldr-lint": "| 29 | 19 |   JavaScript   |",
        "tldr-bot": "| 28 | 8 |   Python   |",
        "extldr": "| 14 | 2 |   Elixir   |",
        "tldr.jsx-fork": "| 4 | 1 |   JavaScript   |",
        "tldr-labeler-action": "| 4 | 0 |   TypeScript   |",
        "tldr-bash-framework": "| 3 | 0 |   Shell   |",
        "homebrew-tldr": "| 2 | 5 |   Ruby   |",
        "tldr-code-extension": "| 2 | 0 |   None   |",
        "tldr-json-schemas": "| 2 | 0 |   None   |",
        "tldr-translation-pairs-gen": "| 2 | 2 |   TypeScript   |",
        ".github": "| 1 | 4 |   None   |",
        "tldr-emacs-extension": "| 1 | 1 |   Emacs Lisp   |",
        "tldr-editor-configs": "| 1 | 0 |   None   |",
        "tldr-neovim-extension": "| 0 | 0 |   None   |",
        "tldr-sublime-extension": "| 0 | 0 |   Python   |"
    }
}