{
    "company": "Traefik Labs",
    "h-index": 19,
    "repo count": 44,
    "contributor count": 1084,
    "size": "todo",
    "employee count": "todo",
    "country": "Earth",
    "top language": "Go",
    "repos": {
        "traefik": "| 43003 | 4602 |   Go   |",
        "yaegi": "| 5748 | 303 |   Go   |",
        "mesh": "| 1859 | 133 |   Go   |",
        "traefik-helm-chart": "| 816 | 704 |   Smarty   |",
        "whoami": "| 754 | 195 |   Go   |",
        "mocktail": "| 185 | 10 |   Go   |",
        "traefik-migration-tool": "| 143 | 34 |   Go   |",
        "plugindemo": "| 106 | 35 |   Go   |",
        "traefik-library-image": "| 97 | 36 |   Dockerfile   |",
        "blog-posts": "| 63 | 26 |   Jinja   |",
        "plugin-rewritebody": "| 42 | 14 |   Go   |",
        "paerser": "| 42 | 14 |   Go   |",
        "plugin-log4shell": "| 36 | 3 |   Go   |",
        "structor": "| 35 | 8 |   Go   |",
        "hub-agent-traefik": "| 35 | 15 |   Go   |",
        "faency": "| 34 | 12 |   TypeScript   |",
        "plugin-simplecache": "| 34 | 9 |   Go   |",
        "lobicornis": "| 26 | 7 |   Go   |",
        "hub-agent-kubernetes": "| 19 | 18 |   Go   |",
        "aloba": "| 18 | 3 |   Go   |",
        "whoamitcp": "| 15 | 13 |   Go   |",
        "mesh-helm-chart": "| 13 | 19 |   Mustache   |",
        "pluginproviderdemo": "| 12 | 6 |   Go   |",
        "plugin-blockpath": "| 11 | 8 |   Go   |",
        "gallienii": "| 8 | 4 |   Go   |",
        "whoamiudp": "| 8 | 9 |   Go   |",
        "hub-helm-chart": "| 8 | 14 |   Smarty   |",
        "bibikoffi": "| 4 | 4 |   Go   |",
        "yaegi-talk": "| 4 | 0 |   Go   |",
        "seo-doc": "| 4 | 3 |   HTML   |",
        "kutteri": "| 3 | 2 |   Go   |",
        "contributors-guide": "| 3 | 3 |   None   |",
        "homebrew-tap": "| 2 | 1 |   Ruby   |",
        "gountries": "| 2 | 0 |   Go   |",
        "traefiklabs-header-app": "| 2 | 5 |   TypeScript   |",
        "oxy": "| 1 | 3 |   None   |",
        "mkdocs-material": "| 1 | 10 |   TypeScript   |",
        "discourse-theme": "| 0 | 2 |   SCSS   |",
        "mixtus": "| 0 | 5 |   Go   |",
        "genconf": "| 0 | 1 |   Go   |",
        "gziphandler": "| 0 | 2 |   None   |",
        "microsoft-hands-on": "| 0 | 2 |   None   |",
        "go-git": "| 0 | 0 |   None   |",
        "go-kit": "| 0 | 0 |   None   |"
    }
}