{
    "company": "trainline engineering",
    "h-index": 6,
    "repo count": 23,
    "contributor count": 105,
    "size": "todo",
    "employee count": "todo",
    "country": "London, Paris, Bangalore, Porto, ...",
    "top language": "Python",
    "repos": {
        "react-skeletor": "| 555 | 29 |   TypeScript   |",
        "environment-manager": "| 97 | 16 |   JavaScript   |",
        "json-api-vanilla": "| 39 | 21 |   Ruby   |",
        "webpack-bundle-delta": "| 22 | 2 |   TypeScript   |",
        "optimus": "| 14 | 2 |   Clojure   |",
        "rabbitmq-warren-node": "| 9 | 1 |   JavaScript   |",
        "envmgr-cli": "| 6 | 7 |   Python   |",
        "upstreamr": "| 3 | 2 |   Python   |",
        "roast-lambda": "| 3 | 0 |   JavaScript   |",
        "SqlClient659": "| 2 | 2 |   C#   |",
        "consul-deployment-agent": "| 1 | 0 |   Python   |",
        "lambda-freeze-thaw": "| 1 | 1 |   Java   |",
        "python-environment_manager": "| 1 | 2 |   Python   |",
        "envmgr-lib": "| 1 | 0 |   Python   |",
        "NJsonApiCore": "| 1 | 3 |   C#   |",
        "docker-awscli": "| 1 | 0 |   None   |",
        "em-scheduler": "| 1 | 1 |   JavaScript   |",
        "docker-airflow": "| 1 | 0 |   Shell   |",
        "tangotest": "| 1 | 2 |   TypeScript   |",
        "ruby-environment_manager": "| 0 | 1 |   Ruby   |",
        "aphrodite": "| 0 | 1 |   JavaScript   |",
        "healthcheck-registrar": "| 0 | 0 |   Python   |",
        "em-deployment-monitor": "| 0 | 0 |   None   |"
    }
}