{
    "company": "Truecaller",
    "h-index": 4,
    "repo count": 19,
    "contributor count": 659,
    "size": "todo",
    "employee count": "todo",
    "country": null,
    "top language": "Java",
    "repos": {
        "android-actors-library": "| 24 | 5 |   Java   |",
        "react-native-sdk": "| 23 | 6 |   None   |",
        "flutter-sdk": "| 17 | 26 |   Dart   |",
        "ios-sdk": "| 16 | 15 |   Objective-C   |",
        "backend-sdk-validation": "| 4 | 16 |   JavaScript   |",
        "android-sdk-sample": "| 2 | 3 |   Kotlin   |",
        "AutoPlay": "| 1 | 0 |   C#   |",
        "boto": "| 1 | 0 |   Python   |",
        "onesky-screenshot-windows": "| 1 | 0 |   C#   |",
        "monk": "| 1 | 2 |   Java   |",
        "XcodeGen": "| 1 | 1 |   Swift   |",
        "asgard": "| 0 | 0 |   Groovy   |",
        "hybridauth": "| 0 | 0 |   PHP   |",
        "java-wns": "| 0 | 0 |   Java   |",
        "bosun": "| 0 | 0 |   Go   |",
        "sample_apps": "| 0 | 0 |   None   |",
        "atlassian-restrict-branch-model": "| 0 | 0 |   None   |",
        "lingver": "| 0 | 0 |   None   |",
        "truecaller-sdk": "| 0 | 0 |   None   |"
    }
}