{
    "company": "Bootstrap",
    "h-index": 21,
    "repo count": 26,
    "contributor count": 608,
    "size": "todo",
    "employee count": "todo",
    "country": "San Francisco",
    "top language": "JavaScript",
    "repos": {
        "bootstrap": "| 163514 | 78442 |   JavaScript   |",
        "ratchet": "| 14547 | 1489 |   CSS   |",
        "bootstrap-sass": "| 12677 | 3634 |   SCSS   |",
        "icons": "| 6721 | 1025 |   JavaScript   |",
        "rfs": "| 3172 | 215 |   CSS   |",
        "bootlint": "| 2401 | 326 |   JavaScript   |",
        "bootstrap-rubygem": "| 1964 | 450 |   SCSS   |",
        "bootstrap-npm-starter": "| 1197 | 496 |   HTML   |",
        "bootstrap-expo": "| 475 | 188 |   SCSS   |",
        "blog": "| 216 | 102 |   HTML   |",
        "examples": "| 195 | 134 |   HTML   |",
        "bootstrap-server": "| 176 | 85 |   JavaScript   |",
        "stylelint-config-twbs-bootstrap": "| 137 | 34 |   JavaScript   |",
        "no-carrier": "| 132 | 23 |   Scala   |",
        "rorschach": "| 106 | 17 |   Scala   |",
        "release": "| 99 | 33 |   None   |",
        "mq4-hover-shim": "| 97 | 21 |   JavaScript   |",
        "grunt-bootlint": "| 64 | 27 |   JavaScript   |",
        "savage": "| 45 | 27 |   Scala   |",
        "bootstrap-npm": "| 31 | 15 |   HTML   |",
        "grunt-css-flip": "| 23 | 15 |   JavaScript   |",
        "gruntworker": "| 18 | 12 |   Python   |",
        "bootlint-server": "| 6 | 6 |   JavaScript   |",
        ".github": "| 6 | 15 |   None   |",
        "rewire": "| 4 | 4 |   None   |",
        "fantasticon": "| 2 | 1 |   TypeScript   |"
    }
}