{
    "company": "Twitter",
    "h-index": 73,
    "repo count": 100,
    "contributor count": 1568,
    "size": "todo",
    "employee count": "todo",
    "country": null,
    "top language": "Scala",
    "repos": {
        "the-algorithm": "| 56831 | 11722 |   Scala   |",
        "typeahead.js": "| 16518 | 3302 |   JavaScript   |",
        "twemoji": "| 16009 | 1890 |   HTML   |",
        "twemproxy": "| 11788 | 2053 |   C   |",
        "the-algorithm-ml": "| 9416 | 2155 |   Python   |",
        "finagle": "| 8656 | 1467 |   Scala   |",
        "hogan.js": "| 5138 | 468 |   JavaScript   |",
        "labella.js": "| 3842 | 155 |   JavaScript   |",
        "scala_school": "| 3691 | 1150 |   HTML   |",
        "AnomalyDetection": "| 3496 | 781 |   R   |",
        "scalding": "| 3430 | 709 |   Scala   |",
        "twitter-text": "| 2983 | 508 |   HTML   |",
        "TwitterTextEditor": "| 2878 | 148 |   Swift   |",
        "util": "| 2646 | 591 |   Scala   |",
        "opensource-website": "| 2645 | 770 |   SCSS   |",
        "finatra": "| 2252 | 423 |   Scala   |",
        "algebird": "| 2243 | 345 |   Scala   |",
        "effectivescala": "| 2233 | 636 |   HTML   |",
        "summingbird": "| 2135 | 271 |   Scala   |",
        "pelikan": "| 1869 | 176 |   C   |",
        "ios-twitter-image-pipeline": "| 1845 | 115 |   C   |",
        "twurl": "| 1753 | 333 |   Ruby   |",
        "rezolus": "| 1516 | 111 |   Rust   |",
        "twitter-server": "| 1453 | 257 |   Scala   |",
        "activerecord-reputation-system": "| 1334 | 134 |   Ruby   |",
        "fatcache": "| 1304 | 186 |   C   |",
        "rsc": "| 1249 | 52 |   Scala   |",
        "compose-rules": "| 1226 | 70 |   Kotlin   |",
        "elephant-bird": "| 1137 | 402 |   Java   |",
        "cassovary": "| 1042 | 152 |   Scala   |",
        "Serial": "| 966 | 105 |   Java   |",
        "hbc": "| 962 | 386 |   Java   |",
        "twemcache": "| 928 | 163 |   C   |",
        "innovators-patent-agreement": "| 919 | 140 |   None   |",
        "vireo": "| 898 | 107 |   C++   |",
        "twitter-korean-text": "| 814 | 175 |   Scala   |",
        "scrooge": "| 774 | 255 |   Scala   |",
        "BreakoutDetection": "| 749 | 182 |   C++   |",
        "GraphJet": "| 681 | 109 |   Java   |",
        "twitter-cldr-rb": "| 659 | 95 |   Ruby   |",
        "bijection": "| 653 | 130 |   Scala   |",
        "communitynotes": "| 631 | 102 |   Python   |",
        "chill": "| 595 | 148 |   Scala   |",
        "ios-twitter-network-layer": "| 570 | 37 |   Objective-C   |",
        "hadoop-lzo": "| 542 | 335 |   Shell   |",
        "storehaus": "| 466 | 90 |   Scala   |",
        "rpc-perf": "| 460 | 79 |   Rust   |",
        "d3kit": "| 427 | 54 |   JavaScript   |",
        "scala_school2": "| 344 | 79 |   Scala   |",
        "scoot": "| 344 | 47 |   Go   |",
        "twitter-cldr-js": "| 341 | 61 |   JavaScript   |",
        "rustcommon": "| 336 | 39 |   Rust   |",
        "wordpress": "| 302 | 137 |   PHP   |",
        "ios-twitter-logging-service": "| 293 | 42 |   Objective-C   |",
        "nodes": "| 236 | 50 |   Java   |",
        "SentenTree": "| 216 | 54 |   JavaScript   |",
        "interactive": "| 212 | 79 |   HTML   |",
        "joauth": "| 206 | 67 |   Java   |",
        "thrift_client": "| 195 | 83 |   Ruby   |",
        "hpack": "| 193 | 63 |   Java   |",
        "zktraffic": "| 165 | 55 |   Python   |",
        "twemoji-parser": "| 147 | 54 |   Scala   |",
        "sbf": "| 133 | 34 |   Java   |",
        "tormenta": "| 132 | 38 |   Scala   |",
        "whiskey": "| 130 | 33 |   Java   |",
        "cache-trace": "| 129 | 26 |   Shell   |",
        "hraven": "| 127 | 76 |   Java   |",
        "netty-http2": "| 121 | 61 |   Java   |",
        "ccommon": "| 101 | 43 |   C   |",
        "sqrl": "| 98 | 22 |   TypeScript   |",
        "focus": "| 84 | 21 |   Rust   |",
        "pants": "| 83 | 33 |   Python   |",
        "dict_minimize": "| 74 | 21 |   Python   |",
        "twitter.github.io": "| 70 | 16 |   HTML   |",
        "metrics": "| 69 | 36 |   None   |",
        "go-bindata": "| 67 | 38 |   Go   |",
        "birdwatch": "| 64 | 14 |   None   |",
        "diffusion-rl": "| 60 | 12 |   Python   |",
        "cloudhopper-commons": "| 52 | 67 |   Java   |",
        "twitter-cldr-npm": "| 49 | 37 |   JavaScript   |",
        "libwatchman": "| 44 | 34 |   C   |",
        "bazel-multiversion": "| 43 | 20 |   Scala   |",
        "sslconfig": "| 41 | 28 |   None   |",
        ".github": "| 39 | 56 |   None   |",
        "ios-twitter-apache-thrift": "| 36 | 15 |   Swift   |",
        "dodo": "| 35 | 26 |   Shell   |",
        "gatekeeper-service": "| 35 | 18 |   Python   |",
        "repo-scaffolding": "| 28 | 22 |   None   |",
        "iago2": "| 25 | 16 |   Scala   |",
        "caladrius": "| 23 | 17 |   Python   |",
        "groupcache": "| 21 | 11 |   Go   |",
        "ossdecks": "| 11 | 18 |   None   |",
        "curation-style-guide": "| 10 | 13 |   None   |",
        "analytics-infra-governance": "| 9 | 14 |   None   |",
        "check-my-repo": "| 9 | 15 |   Vue   |",
        "gpl-commitment": "| 5 | 11 |   None   |",
        "second-control-probability-distributions": "| 4 | 11 |   None   |",
        "dodo-build": "| 3 | 13 |   TypeScript   |",
        "google-tag-manager-event-tag": "| 3 | 8 |   Smarty   |",
        "google-tag-manager-base-tag": "| 2 | 7 |   Smarty   |"
    }
}