{
    "company": "Uber Open Source",
    "h-index": 81,
    "repo count": 148,
    "contributor count": 4391,
    "size": "todo",
    "employee count": "todo",
    "country": "70+ countries and counting.",
    "top language": "JavaScript",
    "repos": {
        "react-vis": "| 8483 | 859 |   JavaScript   |",
        "baseweb": "| 8320 | 814 |   TypeScript   |",
        "RIBs": "| 7379 | 869 |   Kotlin   |",
        "cadence": "| 6835 | 691 |   Go   |",
        "kraken": "| 5438 | 380 |   Go   |",
        "prototool": "| 5038 | 355 |   Go   |",
        "h3": "| 4045 | 408 |   C   |",
        "causalml": "| 3967 | 648 |   Python   |",
        "NullAway": "| 3314 | 272 |   Java   |",
        "AutoDispose": "| 3298 | 228 |   Java   |",
        "aresdb": "| 2923 | 234 |   Go   |",
        "react-digraph": "| 2497 | 275 |   JavaScript   |",
        "piranha": "| 2046 | 167 |   Java   |",
        "ios-snapshot-test-case": "| 1697 | 210 |   Objective-C   |",
        "orbit": "| 1636 | 126 |   Python   |",
        "petastorm": "| 1614 | 276 |   Python   |",
        "manifold": "| 1614 | 117 |   JavaScript   |",
        "needle": "| 1549 | 127 |   Swift   |",
        "okbuck": "| 1529 | 176 |   Java   |",
        "UberSignature": "| 1270 | 172 |   Objective-C   |",
        "nanoscope": "| 1216 | 68 |   HTML   |",
        "tchannel": "| 1155 | 129 |   Thrift   |",
        "queryparser": "| 1056 | 147 |   Haskell   |",
        "fiber": "| 1016 | 116 |   Python   |",
        "neuropod": "| 922 | 79 |   C++   |",
        "uReplicator": "| 869 | 200 |   Java   |",
        "pam-ussh": "| 795 | 72 |   Go   |",
        "ringpop-go": "| 784 | 76 |   Go   |",
        "h3-js": "| 695 | 82 |   JavaScript   |",
        "react-view": "| 661 | 40 |   TypeScript   |",
        "mockolo": "| 647 | 75 |   Swift   |",
        "h3-py": "| 644 | 121 |   Python   |",
        "RxDogTag": "| 623 | 18 |   Java   |",
        "nebula.gl": "| 594 | 153 |   TypeScript   |",
        "peloton": "| 583 | 58 |   Go   |",
        "signals-ios": "| 524 | 55 |   Objective-C   |",
        "motif": "| 518 | 39 |   Kotlin   |",
        "tchannel-go": "| 470 | 75 |   Go   |",
        "marmaray": "| 468 | 111 |   Java   |",
        "grafana-dash-gen": "| 444 | 75 |   JavaScript   |",
        "clay": "| 437 | 34 |   Python   |",
        "astro": "| 422 | 29 |   Go   |",
        "NEAL": "| 419 | 31 |   OCaml   |",
        "zanzibar": "| 410 | 65 |   Go   |",
        "react-vis-force": "| 397 | 77 |   JavaScript   |",
        "arachne": "| 374 | 30 |   Go   |",
        "Python-Sample-Application": "| 362 | 607 |   Python   |",
        "rides-ios-sdk": "| 354 | 126 |   Swift   |",
        "stylist": "| 353 | 12 |   Kotlin   |",
        "cadence-web": "| 341 | 95 |   JavaScript   |",
        "storagetapper": "| 318 | 65 |   Go   |",
        "cyborg": "| 303 | 18 |   Swift   |",
        "swift-concurrency": "| 297 | 34 |   Swift   |",
        "rides-android-sdk": "| 283 | 124 |   Java   |",
        "RemoteShuffleService": "| 271 | 92 |   Java   |",
        "h3-java": "| 236 | 54 |   Java   |",
        "h3-go": "| 223 | 49 |   Go   |",
        "artist": "| 210 | 18 |   Kotlin   |",
        "tchannel-node": "| 204 | 40 |   JavaScript   |",
        "h3-py-notebooks": "| 203 | 84 |   Jupyter Notebook   |",
        "RxCentralBle": "| 198 | 21 |   Java   |",
        "uberalls": "| 189 | 14 |   Go   |",
        "SwiftCodeSan": "| 167 | 15 |   Swift   |",
        "geojson2h3": "| 165 | 21 |   JavaScript   |",
        "doubles": "| 164 | 18 |   Python   |",
        "rides-python-sdk": "| 162 | 64 |   Python   |",
        "logtron": "| 159 | 20 |   JavaScript   |",
        "UBTokenBar": "| 136 | 20 |   Swift   |",
        "cassette": "| 135 | 19 |   Python   |",
        "tchannel-java": "| 134 | 67 |   Java   |",
        "android-template": "| 125 | 61 |   Java   |",
        "athenadriver": "| 124 | 26 |   Go   |",
        "cadence-java-client": "| 123 | 97 |   Java   |",
        "crumb": "| 122 | 12 |   Kotlin   |",
        "py-find-injection": "| 117 | 36 |   Python   |",
        "bayesmark": "| 117 | 34 |   Python   |",
        "hermetic_cc_toolchain": "| 102 | 12 |   Starlark   |",
        "rides-java-sdk": "| 98 | 57 |   Java   |",
        "startup-reason-reporter": "| 98 | 10 |   Objective-C   |",
        "uber-poet": "| 92 | 12 |   Python   |",
        "charlatan": "| 89 | 13 |   Python   |",
        "simple-store": "| 81 | 11 |   Java   |",
        "swift-abstract-class": "| 79 | 6 |   Swift   |",
        "tchannel-python": "| 78 | 46 |   Python   |",
        "cadence-java-samples": "| 78 | 54 |   Java   |",
        "eight-track": "| 71 | 18 |   JavaScript   |",
        "standard": "| 70 | 8 |   JavaScript   |",
        "multidimensional_urlencode": "| 67 | 17 |   Python   |",
        "uncaught-exception": "| 66 | 8 |   JavaScript   |",
        "client-platform-engineering": "| 64 | 22 |   Ruby   |",
        "lint-checks": "| 62 | 8 |   Kotlin   |",
        "swift-common": "| 60 | 20 |   Swift   |",
        "sentry-logger": "| 55 | 9 |   JavaScript   |",
        "uberscriptquery": "| 55 | 29 |   Java   |",
        "graph.gl": "| 48 | 15 |   JavaScript   |",
        "mutornadomon": "| 47 | 10 |   Python   |",
        "assume-role-cli": "| 47 | 11 |   Go   |",
        "airlock": "| 45 | 8 |   JavaScript   |",
        "nanoscope-art": "| 45 | 14 |   C++   |",
        "kafka-logger": "| 44 | 11 |   JavaScript   |",
        "uber-ngen": "| 43 | 10 |   JavaScript   |",
        "denial-by-dns": "| 41 | 6 |   Shell   |",
        "sevnup": "| 38 | 9 |   JavaScript   |",
        "hypothesis-gufunc": "| 34 | 5 |   Python   |",
        "sublime-phabricator": "| 32 | 10 |   Python   |",
        "bufrw": "| 32 | 18 |   JavaScript   |",
        "json-schema-filter": "| 31 | 7 |   JavaScript   |",
        "trucking-labor-analysis": "| 31 | 8 |   Stata   |",
        "RxCBCentral": "| 30 | 10 |   Swift   |",
        "tcap": "| 28 | 5 |   JavaScript   |",
        "uber-graph-benchmark": "| 25 | 9 |   Java   |",
        "gonduit": "| 24 | 23 |   Go   |",
        "base-design-docs": "| 24 | 7 |   TypeScript   |",
        "arcanist": "| 23 | 29 |   PHP   |",
        "uber-licence": "| 21 | 11 |   JavaScript   |",
        "build-changelog": "| 18 | 4 |   JavaScript   |",
        "py-look-for-timeouts": "| 18 | 8 |   Python   |",
        "xviz-data": "| 18 | 12 |   None   |",
        "ringpop-ui": "| 17 | 7 |   JavaScript   |",
        "cache-dir": "| 16 | 3 |   JavaScript   |",
        "pymegacli": "| 15 | 11 |   Python   |",
        "typed-request-client": "| 15 | 5 |   JavaScript   |",
        "Cadence-Docs": "| 15 | 54 |   Vue   |",
        "dosa-idl": "| 9 | 8 |   Thrift   |",
        "percona-server": "| 9 | 3 |   C++   |",
        "uber-pay-reference-app": "| 9 | 3 |   JavaScript   |",
        "react-global-hooks": "| 9 | 3 |   JavaScript   |",
        "libphutil": "| 8 | 5 |   C++   |",
        "cadvisor": "| 8 | 3 |   Go   |",
        "cadence-idl": "| 7 | 23 |   Thrift   |",
        "concurrency-loadbalancer": "| 7 | 6 |   Java   |",
        "homebrew-nanoscope": "| 4 | 6 |   Ruby   |",
        "dynamodb-cross-region-library": "| 3 | 3 |   Java   |",
        "RedELK": "| 1 | 2 |   None   |",
        "hystrix-go": "| 1 | 1 |   None   |",
        ".github": "| 0 | 2 |   None   |",
        "gqlgen": "| 0 | 1 |   None   |",
        "presto": "| 0 | 0 |   None   |",
        "tree-sitter-go": "| 0 | 1 |   JavaScript   |",
        "starlark-go": "| 0 | 1 |   Go   |",
        "kubernetes": "| 0 | 0 |   Go   |",
        "kubernetes-test-infra": "| 0 | 0 |   None   |",
        "kubernetes-enhancements": "| 0 | 2 |   Go   |",
        "kubernetes-community": "| 0 | 1 |   None   |",
        "aristotle": "| 0 | 1 |   Python   |",
        "ray": "| 0 | 0 |   None   |",
        "kubernetes-website": "| 0 | 0 |   None   |",
        "mock": "| 0 | 0 |   None   |"
    }
}