{
    "company": "Ubisoft",
    "h-index": 18,
    "repo count": 45,
    "contributor count": 2305,
    "size": "todo",
    "employee count": "todo",
    "country": null,
    "top language": "Python",
    "repos": {
        "mixer": "| 1297 | 74 |   Python   |",
        "massgate": "| 1109 | 182 |   C++   |",
        "Sharpmake": "| 811 | 140 |   C#   |",
        "ubisoft-laforge-animation-dataset": "| 759 | 142 |   Python   |",
        "ubisoft-laforge-ZeroEGGS": "| 265 | 50 |   Python   |",
        "mobydq": "| 213 | 52 |   Vue   |",
        "shotmanager": "| 178 | 24 |   Python   |",
        "ubisoft-laforge-daft-exprt": "| 97 | 21 |   Python   |",
        "NGitLab": "| 64 | 38 |   C#   |",
        "task-scheduler": "| 60 | 3 |   C++   |",
        "vrtist": "| 52 | 16 |   C#   |",
        "vulnmine": "| 35 | 13 |   Python   |",
        "videotracks": "| 27 | 4 |   Python   |",
        "GitTimeLapseView": "| 26 | 5 |   C#   |",
        "ubisoft-laforge-disentanglement-metrics": "| 24 | 6 |   Python   |",
        "imgui": "| 23 | 5 |   C++   |",
        "stampinfo": "| 22 | 6 |   Python   |",
        "fastbuild": "| 18 | 5 |   C++   |",
        "ubisoft-laforge-asaf": "| 14 | 2 |   Python   |",
        "assetbank": "| 10 | 3 |   Python   |",
        "DirectBehaviorSpecification": "| 8 | 2 |   ASP.NET   |",
        "FASTBuildMonitor": "| 8 | 2 |   None   |",
        "ubisoft-laforge-climate-change-dataset": "| 7 | 1 |   None   |",
        "SmartNavMapGenerator": "| 7 | 3 |   C#   |",
        "quartz-tezos-contracts": "| 6 | 3 |   JavaScript   |",
        "usd-lod-schema-proposal": "| 5 | 0 |   None   |",
        "ubisoft-laforge-predictionperformance": "| 5 | 0 |   Python   |",
        "autoscaler": "| 4 | 4 |   Go   |",
        "SmartNavEnvironment": "| 4 | 1 |   C#   |",
        "OpenTimelineIO": "| 3 | 1 |   Python   |",
        "incubator-livy": "| 2 | 2 |   None   |",
        "iceberg": "| 2 | 1 |   None   |",
        "ubisoft-laforge-PredictiveDeadReckoning": "| 2 | 0 |   Python   |",
        "debezium": "| 1 | 1 |   None   |",
        "sparkmagic": "| 1 | 2 |   None   |",
        "delta": "| 1 | 1 |   None   |",
        "debezium.github.io": "| 1 | 1 |   CSS   |",
        "spark": "| 1 | 0 |   None   |",
        "ubisoft-laforge-brownbuild": "| 1 | 2 |   Python   |",
        "connectors": "| 1 | 1 |   None   |",
        "ranger": "| 1 | 0 |   None   |",
        "spark-dynamodb": "| 1 | 0 |   None   |",
        "datadog-api-client-java": "| 1 | 1 |   None   |",
        "kyuubi": "| 1 | 1 |   None   |",
        "presto": "| 0 | 2 |   None   |"
    }
}