{
    "company": "Udacity",
    "h-index": 119,
    "repo count": 915,
    "contributor count": 5554,
    "size": "todo",
    "employee count": "todo",
    "country": "Mountain View, CA",
    "top language": "JavaScript",
    "repos": {
        "self-driving-car": "| 6066 | 2074 |   Jupyter Notebook   |",
        "deep-learning-v2-pytorch": "| 4930 | 5262 |   Jupyter Notebook   |",
        "deep-reinforcement-learning": "| 4485 | 2280 |   Jupyter Notebook   |",
        "deep-learning": "| 3932 | 4509 |   Jupyter Notebook   |",
        "machine-learning": "| 3793 | 6383 |   Jupyter Notebook   |",
        "self-driving-car-sim": "| 3780 | 1467 |   C#   |",
        "Sunshine-Version-2": "| 2885 | 4495 |   Java   |",
        "ud851-Exercises": "| 2050 | 6973 |   Java   |",
        "ud851-Sunshine": "| 2014 | 4617 |   Java   |",
        "ud120-projects": "| 1573 | 5691 |   DIGITAL Command Language   |",
        "cs344": "| 1186 | 1107 |   Cuda   |",
        "frontend-nanodegree-resume": "| 1173 | 22280 |   JavaScript   |",
        "course-collaboration-travel-plans": "| 1160 | 17159 |   CSS   |",
        "DSND_Term2": "| 1093 | 1683 |   Jupyter Notebook   |",
        "CarND-LaneLines-P1": "| 777 | 2903 |   Jupyter Notebook   |",
        "CVND_Exercises": "| 742 | 670 |   Jupyter Notebook   |",
        "ud839_Miwok": "| 697 | 7739 |   Java   |",
        "ud777-writing-readmes": "| 690 | 488 |   None   |",
        "ud867": "| 669 | 1298 |   Java   |",
        "artificial-intelligence-for-trading": "| 637 | 544 |   Jupyter Notebook   |",
        "ud862-samples": "| 588 | 446 |   Java   |",
        "AIPND": "| 537 | 745 |   Jupyter Notebook   |",
        "create-your-own-adventure": "| 502 | 9409 |   Shell   |",
        "CarND-Term1-Starter-Kit": "| 498 | 609 |   Python   |",
        "Just-Java": "| 497 | 542 |   Java   |",
        "ud891": "| 463 | 1747 |   JavaScript   |",
        "sagemaker-deployment": "| 457 | 684 |   Jupyter Notebook   |",
        "CarND-Advanced-Lane-Lines": "| 452 | 2397 |   Shell   |",
        "artificial-intelligence": "| 441 | 471 |   Python   |",
        "ud839_CustomAdapter_Example": "| 439 | 832 |   Java   |",
        "private-ai": "| 434 | 388 |   Jupyter Notebook   |",
        "Advanced_Android_Development": "| 428 | 541 |   Java   |",
        "CarND-Behavioral-Cloning-P3": "| 425 | 1710 |   Python   |",
        "cn-deep-learning": "| 424 | 530 |   Jupyter Notebook   |",
        "Full-Stack-Foundations": "| 394 | 2034 |   Python   |",
        "fullstack-nanodegree-vm": "| 366 | 11887 |   Python   |",
        "cloud-developer": "| 364 | 3640 |   TypeScript   |",
        "CarND-Traffic-Sign-Classifier-Project": "| 362 | 1986 |   Jupyter Notebook   |",
        "DL_PyTorch": "| 358 | 366 |   Jupyter Notebook   |",
        "ML_SageMaker_Studies": "| 354 | 426 |   Jupyter Notebook   |",
        "ud843-QuakeReport": "| 350 | 1200 |   Java   |",
        "frontend-nanodegree-mobile-portfolio": "| 342 | 3704 |   JavaScript   |",
        "ud615": "| 340 | 161 |   Go   |",
        "cs291": "| 318 | 196 |   JavaScript   |",
        "CarND-Extended-Kalman-Filter-Project": "| 306 | 1563 |   C++   |",
        "CarND-Path-Planning-Project": "| 304 | 1320 |   C++   |",
        "and-nd-firebase": "| 303 | 726 |   Java   |",
        "SFND_Lidar_Obstacle_Detection": "| 300 | 492 |   C++   |",
        "frontend-nanodegree-arcade-game": "| 284 | 3629 |   JavaScript   |",
        "robot_pose_ekf": "| 282 | 117 |   C++   |",
        "FSND": "| 271 | 2831 |   Python   |",
        "fend": "| 270 | 3775 |   CSS   |",
        "rl-cheatsheet": "| 270 | 118 |   TeX   |",
        "Court-Counter": "| 265 | 382 |   Java   |",
        "Android_Me": "| 262 | 1024 |   Java   |",
        "devops-intro-project": "| 259 | 3621 |   Shell   |",
        "APIs": "| 255 | 1162 |   Python   |",
        "CarND-Vehicle-Detection": "| 250 | 1473 |   Shell   |",
        "CarND-MPC-Project": "| 250 | 1201 |   C++   |",
        "aind2-cnn": "| 249 | 560 |   Jupyter Notebook   |",
        "reactnd-project-myreads-starter": "| 247 | 3624 |   JavaScript   |",
        "DSND_Term1": "| 247 | 741 |   Jupyter Notebook   |",
        "nd064_course_1": "| 246 | 1413 |   Python   |",
        "ud845-Pets": "| 243 | 733 |   Java   |",
        "AIND-NLP": "| 239 | 383 |   Jupyter Notebook   |",
        "data-analyst": "| 221 | 229 |   HTML   |",
        "frontend-nanodegree-styleguide": "| 218 | 4902 |   HTML   |",
        "P1_Facial_Keypoints": "| 218 | 394 |   Jupyter Notebook   |",
        "dermatologist-ai": "| 208 | 263 |   Python   |",
        "NLP-Exercises": "| 198 | 343 |   Jupyter Notebook   |",
        "nd1309-work-code": "| 194 | 263 |   JavaScript   |",
        "nd9991-c2-Infrastructure-as-Code-v1": "| 194 | 615 |   Shell   |",
        "frontend-nanodegree-styleguide-zh": "| 192 | 78 |   HTML   |",
        "CarND-Camera-Calibration": "| 191 | 609 |   Jupyter Notebook   |",
        "andfun-kotlin-android-trivia": "| 191 | 474 |   Kotlin   |",
        "ud864": "| 188 | 905 |   HTML   |",
        "CarND-Capstone": "| 186 | 1542 |   CMake   |",
        "CarND-Semantic-Segmentation": "| 185 | 825 |   Python   |",
        "dog-project": "| 182 | 905 |   Jupyter Notebook   |",
        "DevOps_Microservices": "| 180 | 1378 |   Jupyter Notebook   |",
        "ud811": "| 178 | 439 |   JavaScript   |",
        "ShoppingListPlusPlus": "| 176 | 212 |   Java   |",
        "CppND-Route-Planning-Project": "| 174 | 734 |   C++   |",
        "ud405": "| 172 | 340 |   Java   |",
        "ud859": "| 170 | 240 |   Java   |",
        "reactnd-contacts-complete": "| 170 | 589 |   JavaScript   |",
        "ios-nd-networking": "| 169 | 92 |   Swift   |",
        "course-git-blog-project": "| 167 | 4999 |   HTML   |",
        "intro-to-ml-tensorflow": "| 159 | 320 |   Jupyter Notebook   |",
        "AIND-Sudoku": "| 156 | 669 |   Python   |",
        "course-JS-and-the-DOM": "| 155 | 5769 |   JavaScript   |",
        "CarND-Mercedes-SF-Utilities": "| 154 | 317 |   Jupyter Notebook   |",
        "didi-competition": "| 153 | 78 |   Python   |",
        "CVND---Image-Captioning-Project": "| 147 | 229 |   Jupyter Notebook   |",
        "exoplanet-explorer": "| 146 | 584 |   HTML   |",
        "ud989-retain": "| 144 | 794 |   JavaScript   |",
        "ud989-cat-clicker-premium-vanilla": "| 144 | 374 |   JavaScript   |",
        "nd9991-c2-Infrastructure-as-Code-v1-Exercises_Solution": "| 142 | 212 |   None   |",
        "AdvancedAndroid_Emojify": "| 141 | 458 |   Java   |",
        "JDND": "| 140 | 497 |   Java   |",
        "CppND-Capstone-Snake-Game": "| 140 | 372 |   C++   |",
        "nd027-c3-data-lakes-with-spark": "| 140 | 230 |   Python   |",
        "AdvancedAndroid_Shushme": "| 139 | 370 |   Java   |",
        "cloudflare-typescript-workers": "| 139 | 13 |   TypeScript   |",
        "RoboND-Rover-Project": "| 134 | 483 |   Jupyter Notebook   |",
        "ios-nd-swift-syntax": "| 133 | 114 |   Swift   |",
        "kotlin-notepad": "| 132 | 200 |   Java   |",
        "RL-Quadcopter": "| 132 | 107 |   Jupyter Notebook   |",
        "CarND-LeNet-Lab": "| 131 | 433 |   Jupyter Notebook   |",
        "frontend-grading-engine": "| 129 | 175 |   JavaScript   |",
        "cn-machine-learning": "| 128 | 172 |   Jupyter Notebook   |",
        "pytorch_challenge": "| 128 | 310 |   Jupyter Notebook   |",
        "project-pixel-art-maker-starter": "| 125 | 966 |   HTML   |",
        "fend-office-hours": "| 124 | 103 |   JavaScript   |",
        "CarND-TensorFlow-Lab": "| 124 | 403 |   Jupyter Notebook   |",
        "udacidrone": "| 123 | 88 |   Python   |",
        "CarND-PID-Control-Project": "| 122 | 1371 |   C++   |",
        "CVND_Localization_Exercises": "| 122 | 121 |   Jupyter Notebook   |",
        "ud843_Soonami": "| 121 | 560 |   Java   |",
        "ud858": "| 119 | 331 |   JavaScript   |",
        "CarND-Unscented-Kalman-Filter-Project": "| 118 | 1064 |   C++   |",
        "CarND-Kidnapped-Vehicle-Project": "| 117 | 1310 |   C++   |",
        "AdvancedAndroid_ClassicalMusicQuiz": "| 117 | 324 |   Java   |",
        "FCND-Simulator-Releases": "| 117 | 79 |   None   |",
        "AdvancedAndroid_TeaTime": "| 116 | 312 |   Java   |",
        "AdvancedAndroid_Squawker": "| 115 | 358 |   Java   |",
        "aipnd-project": "| 115 | 345 |   Jupyter Notebook   |",
        "ud989-pizzamvo": "| 113 | 450 |   JavaScript   |",
        "devsummit": "| 113 | 58 |   HTML   |",
        "Happy-Birthday": "| 113 | 158 |   Java   |",
        "CarND-MPC-Quizzes": "| 113 | 430 |   C++   |",
        "CarND-Alexnet-Feature-Extraction": "| 112 | 410 |   Python   |",
        "andfun-kotlin-guess-it": "| 112 | 264 |   Kotlin   |",
        "mws-restaurant-stage-1": "| 111 | 2220 |   JavaScript   |",
        "reactnd-contacts-app": "| 109 | 596 |   JavaScript   |",
        "andfun-kotlin-mars-real-estate": "| 109 | 233 |   Kotlin   |",
        "OAuth2.0": "| 108 | 2968 |   Python   |",
        "google-play-services": "| 108 | 204 |   Java   |",
        "camera-mount": "| 108 | 28 |   None   |",
        "ud330": "| 105 | 755 |   Python   |",
        "ud843_DidYouFeelIt": "| 105 | 431 |   Java   |",
        "android-custom-arrayadapter": "| 104 | 133 |   Java   |",
        "AdvancedAndroid_MyGarden": "| 104 | 307 |   Java   |",
        "RL-Quadcopter-2": "| 103 | 272 |   Jupyter Notebook   |",
        "ud032": "| 102 | 199 |   HTML   |",
        "CarND-Object-Detection-Lab": "| 102 | 341 |   Jupyter Notebook   |",
        "cn-wechat-weather": "| 102 | 65 |   JavaScript   |",
        "reactnd-UdaciFitness-complete": "| 101 | 173 |   JavaScript   |",
        "StockHawk": "| 100 | 367 |   Java   |",
        "andfun-kotlin-dev-bytes": "| 99 | 185 |   Kotlin   |",
        "CppND-Program-a-Concurrent-Traffic-Simulation": "| 99 | 469 |   C++   |",
        "course-es6": "| 98 | 205 |   JavaScript   |",
        "AIND-Isolation": "| 98 | 650 |   Python   |",
        "ipnd-webcasts": "| 97 | 44 |   Python   |",
        "AIPND-revision": "| 97 | 225 |   Python   |",
        "andfun-kotlin-sleep-tracker-with-recyclerview": "| 97 | 220 |   Kotlin   |",
        "AIND-CV-FacialKeypoints": "| 96 | 178 |   Jupyter Notebook   |",
        "RoboND-Perception-Exercises": "| 96 | 214 |   Cython   |",
        "AIND-VUI-Capstone": "| 94 | 227 |   Jupyter Notebook   |",
        "asteroids": "| 93 | 558 |   JavaScript   |",
        "web-workers-demo": "| 93 | 511 |   JavaScript   |",
        "nd035-c1-spring-boot-basics-examples": "| 93 | 310 |   Java   |",
        "CVND---Gesture-Recognition": "| 90 | 57 |   Python   |",
        "SFND_3D_Object_Tracking": "| 90 | 233 |   C++   |",
        "ud549": "| 89 | 458 |   JavaScript   |",
        "ud036_StarterCode": "| 88 | 1882 |   Python   |",
        "reinforcement-learning": "| 86 | 165 |   Jupyter Notebook   |",
        "andfun-kotlin-dice-roller": "| 86 | 134 |   Kotlin   |",
        "ud892": "| 84 | 435 |   JavaScript   |",
        "ud839_ViewPager_Example": "| 82 | 380 |   Java   |",
        "andfun-kotlin-sleep-tracker": "| 82 | 193 |   Kotlin   |",
        "P3_Implement_SLAM": "| 81 | 169 |   Jupyter Notebook   |",
        "AIND-Planning": "| 80 | 538 |   Python   |",
        "reactnd-project-readable-starter": "| 80 | 689 |   JavaScript   |",
        "ud381": "| 79 | 114 |   Java   |",
        "sandwich-club-starter-code": "| 79 | 560 |   Java   |",
        "RoboND-Kinematics-Project": "| 77 | 308 |   C++   |",
        "ud282": "| 76 | 220 |   Java   |",
        "hmm-tagger": "| 76 | 154 |   Jupyter Notebook   |",
        "frontend-nanodegree-feedreader": "| 71 | 1699 |   JavaScript   |",
        "CarND-Functional-Safety-Project": "| 71 | 254 |   None   |",
        "reactnd-redux-todos-goals": "| 70 | 205 |   JavaScript   |",
        "cs101": "| 69 | 53 |   Python   |",
        "ud825-render": "| 69 | 104 |   None   |",
        "RoboND-Rover-Unity-Simulator": "| 69 | 39 |   C#   |",
        "RoboND-EKFLab": "| 68 | 69 |   C++   |",
        "SFND_Unscented_Kalman_Filter": "| 68 | 219 |   C++   |",
        "AIND-NLP-Bookworm": "| 67 | 178 |   Jupyter Notebook   |",
        "fend-project-memory-game": "| 67 | 948 |   HTML   |",
        "CppND-System-Monitor": "| 67 | 523 |   C++   |",
        "qrcode": "| 66 | 404 |   JavaScript   |",
        "aitnd-issues": "| 66 | 0 |   None   |",
        "cd0157-Server-Deployment-and-Containerization": "| 66 | 2721 |   Python   |",
        "cd0046-SQL-and-Data-Modeling-for-the-Web": "| 66 | 480 |   HTML   |",
        "news-aggregator": "| 64 | 365 |   JavaScript   |",
        "CarND-Transfer-Learning-Lab": "| 64 | 339 |   Python   |",
        "android-kotlin-notifications": "| 64 | 194 |   Kotlin   |",
        "git-styleguide": "| 62 | 27 |   HTML   |",
        "android-widget": "| 62 | 35 |   Java   |",
        "wmpnd-news": "| 62 | 36 |   None   |",
        "andfun-kotlin-dessert-pusher": "| 62 | 261 |   Kotlin   |",
        "reactnd-udacimeals-complete": "| 61 | 157 |   JavaScript   |",
        "OOJS-screencasts": "| 61 | 74 |   JavaScript   |",
        "facebook-account-kit-android": "| 60 | 70 |   Java   |",
        "cn-python-foundation": "| 59 | 207 |   Python   |",
        "nd9991-c3-Build-CI-CD-Pipelines-Monitoring-and-Logging-v1": "| 59 | 269 |   HTML   |",
        "AIND-Simulated_Annealing": "| 58 | 218 |   Jupyter Notebook   |",
        "RoboND-QuadRotor-Unity-Simulator": "| 58 | 32 |   C#   |",
        "FCND-Motion-Planning": "| 58 | 231 |   Python   |",
        "RoboND-DeepRL-Project": "| 58 | 86 |   C++   |",
        "SFND_2D_Feature_Tracking": "| 58 | 211 |   C++   |",
        "AIND-Recognizer": "| 57 | 457 |   Jupyter Notebook   |",
        "reactnd-contacts-server": "| 57 | 173 |   JavaScript   |",
        "RoboND-Perception-Project": "| 57 | 221 |   C++   |",
        "RoboND-DeepLearning-Project": "| 57 | 206 |   Python   |",
        "nd131-openvino-fundamentals-project-starter": "| 57 | 122 |   JavaScript   |",
        "course-ud303": "| 56 | 173 |   Python   |",
        "xyz-reader-starter-code": "| 55 | 283 |   Java   |",
        "aind2-nlp-capstone": "| 55 | 226 |   Jupyter Notebook   |",
        "android-content-provider": "| 54 | 67 |   Java   |",
        "android-testing": "| 53 | 89 |   Kotlin   |",
        "RoboND-Controls-Lab": "| 52 | 88 |   Python   |",
        "FCND-Controls-CPP": "| 52 | 181 |   C   |",
        "aind2-rnn": "| 51 | 288 |   Jupyter Notebook   |",
        "responsive-images": "| 50 | 41 |   HTML   |",
        "ud406": "| 50 | 88 |   Java   |",
        "CppND-Memory-Management-Chatbot": "| 50 | 593 |   C++   |",
        "FCND-FixedWing": "| 49 | 60 |   Python   |",
        "fend-webpack-content": "| 49 | 2286 |   JavaScript   |",
        "RoboND-Python-StarterKit": "| 48 | 80 |   Python   |",
        "new-dand-advanced-china": "| 48 | 136 |   R   |",
        "ud989-school-attendance": "| 47 | 522 |   HTML   |",
        "reactnd-chirper-app": "| 47 | 436 |   JavaScript   |",
        "cdond-c3-projectstarter": "| 47 | 2214 |   TypeScript   |",
        "br-machine-learning": "| 46 | 105 |   Jupyter Notebook   |",
        "mws-restaurant-stage-2": "| 45 | 686 |   JavaScript   |",
        "PyTorchCrashCourse": "| 45 | 35 |   Jupyter Notebook   |",
        "nd320-c3-3d-med-imaging": "| 45 | 61 |   Jupyter Notebook   |",
        "gt-cs6250": "| 44 | 79 |   HTML   |",
        "ud825-compute-and-memory": "| 44 | 78 |   None   |",
        "ios-nd-gcd": "| 44 | 57 |   Swift   |",
        "ios-nd-firebase": "| 44 | 91 |   Swift   |",
        "andfun-kotlin-about-me": "| 44 | 68 |   Kotlin   |",
        "FlightSurety": "| 44 | 171 |   Solidity   |",
        "cd0385-project-starter": "| 44 | 198 |   Jupyter Notebook   |",
        "live-codings-react-nanodegree": "| 42 | 42 |   JavaScript   |",
        "mws-restaurant-stage-3": "| 42 | 505 |   JavaScript   |",
        "RoboND-PathPlanning": "| 41 | 39 |   C++   |",
        "AIPND-cn-trial": "| 41 | 40 |   Jupyter Notebook   |",
        "pdsnd_github": "| 41 | 7469 |   None   |",
        "BCND-C6-Exercises": "| 41 | 70 |   None   |",
        "nd9991-c3-hello-world-exercise-solution": "| 41 | 478 |   HTML   |",
        "cd0385-exercise-files": "| 41 | 74 |   Jupyter Notebook   |",
        "ios-nd-uikit": "| 40 | 44 |   Swift   |",
        "aind2-dl": "| 40 | 180 |   Jupyter Notebook   |",
        "AIND-CV-Mimic": "| 40 | 108 |   JavaScript   |",
        "reactnd-contacts-server2": "| 40 | 237 |   JavaScript   |",
        "ios-nd-repos": "| 39 | 9 |   None   |",
        "SFND_Camera": "| 39 | 70 |   C++   |",
        "pappu-pakia": "| 38 | 122 |   JavaScript   |",
        "course-ajax": "| 38 | 324 |   HTML   |",
        "cd0010-advanced-python-techniques-project-starter": "| 38 | 117 |   Python   |",
        "cd0037-API-Development-and-Documentation-exercises": "| 38 | 503 |   JavaScript   |",
        "nd002-C4-Data_Visualization": "| 38 | 37 |   Jupyter Notebook   |",
        "CS256-Conference-App": "| 37 | 26 |   JavaScript   |",
        "DictionaryProviderExample": "| 37 | 93 |   Java   |",
        "grading-assigner": "| 37 | 37 |   Python   |",
        "ios-ml-dog-classifier": "| 37 | 4 |   Swift   |",
        "arkit-unity-course-assets": "| 37 | 26 |   C#   |",
        "iosnd-design-patterns": "| 37 | 18 |   Swift   |",
        "Blockchain-Capstone": "| 37 | 136 |   Solidity   |",
        "conference-central-android-app": "| 36 | 38 |   Java   |",
        "android-layout": "| 36 | 71 |   None   |",
        "FCND-Backyard-Flyer": "| 36 | 154 |   Python   |",
        "RoboND-myrobot": "| 36 | 37 |   C++   |",
        "RoboND-simple_arm": "| 36 | 54 |   C++   |",
        "CppND-System-Monitor-Project-Updated": "| 36 | 221 |   C++   |",
        "FCND-Estimation-CPP": "| 35 | 169 |   C++   |",
        "AIHCND_C2_Starter": "| 35 | 81 |   Jupyter Notebook   |",
        "ud989-todo-app": "| 34 | 609 |   JavaScript   |",
        "CarND-Catch-Run-Away-Car-UKF": "| 34 | 111 |   C++   |",
        "andfun-kotlin-gdg-finder": "| 34 | 118 |   Kotlin   |",
        "nd013-c2-fusion-starter": "| 34 | 121 |   Python   |",
        "nd009t-c1-intro-to-ml-templates": "| 34 | 85 |   Jupyter Notebook   |",
        "Analytics_and_Tag_Manager": "| 33 | 56 |   Java   |",
        "python-for-data-science": "| 33 | 17 |   None   |",
        "RoboND-MCL-Lab": "| 33 | 41 |   C++   |",
        "CarND-Keras-Lab": "| 32 | 114 |   Jupyter Notebook   |",
        "reactnd-project-would-you-rather-starter": "| 32 | 468 |   JavaScript   |",
        "graphb": "| 32 | 20 |   Go   |",
        "new-dand-basic-china": "| 31 | 22 |   None   |",
        "RoboND-OccupancyGridMappingAlgorithm": "| 31 | 52 |   C++   |",
        "nd00333_AZMLND_Optimizing_a_Pipeline_in_Azure-Starter_Files": "| 31 | 298 |   Jupyter Notebook   |",
        "activeadmin_json_editor": "| 30 | 38 |   Ruby   |",
        "CarND-Term1-Starter-Kit-Test": "| 30 | 73 |   Jupyter Notebook   |",
        "arkit-swift": "| 30 | 27 |   Swift   |",
        "FEF-UdaciMeals-Backbone": "| 29 | 228 |   JavaScript   |",
        "sdc-issue-reports": "| 29 | 6 |   None   |",
        "RoboND-Camera-Calibration": "| 29 | 82 |   Jupyter Notebook   |",
        "andfun-kotlin-color-my-views": "| 29 | 48 |   Kotlin   |",
        "FCND-Controls-Crazyflie": "| 29 | 23 |   Python   |",
        "nd035-c1-spring-boot-basics-project-starter": "| 29 | 300 |   HTML   |",
        "nd940-android-kotlin-course1-starter": "| 29 | 223 |   Kotlin   |",
        "udacity-nd009t-C2-Developing-ML-Workflow": "| 29 | 215 |   Jupyter Notebook   |",
        "Pokemon": "| 28 | 94 |   Java   |",
        "Introduction-to-Virtual-Reality_Udacity-Carnival": "| 28 | 38 |   C#   |",
        "FCND-Controls": "| 28 | 63 |   Python   |",
        "CppND-Garbage-Collector": "| 28 | 114 |   C++   |",
        "nd9990-c3-microservices-exercises": "| 28 | 640 |   TypeScript   |",
        "nd0067-c2-creating-an-api-with-postgresql-and-express-project-starter": "| 28 | 186 |   TypeScript   |",
        "ios-nd-persistence": "| 27 | 31 |   Swift   |",
        "odom_to_trajectory": "| 27 | 17 |   CMake   |",
        "wechat-term2-demo": "| 27 | 14 |   JavaScript   |",
        "nd1309-Project-6b-Example-Template": "| 27 | 146 |   JavaScript   |",
        "RWDF-samples": "| 26 | 26 |   HTML   |",
        "AIND-VUI-Lab-Voice-Data": "| 26 | 99 |   Python   |",
        "AIPND-cn": "| 26 | 129 |   Jupyter Notebook   |",
        "MLND_CN_Capstone": "| 26 | 57 |   Python   |",
        "nd940-android-kotlin-c2-starter": "| 26 | 211 |   Kotlin   |",
        "nd063-c2-design-for-availability-resilience-reliability-replacement-project-starter-template": "| 26 | 208 |   HTML   |",
        "cd0039-Identity-and-Access-Management": "| 26 | 634 |   TypeScript   |",
        "AIND-VUI-Alexa": "| 25 | 67 |   JavaScript   |",
        "nd1309_hashing": "| 25 | 78 |   JavaScript   |",
        "cloudflare-typescript-worker-template": "| 25 | 4 |   TypeScript   |",
        "nd013-c1-vision-starter": "| 25 | 162 |   Python   |",
        "cd0354-monolith-to-microservices-project": "| 25 | 1082 |   TypeScript   |",
        "ud989-cat-clicker-ko-starter": "| 24 | 398 |   HTML   |",
        "challenge-4": "| 24 | 13 |   None   |",
        "Bosch-Challenge": "| 24 | 14 |   None   |",
        "FCND-Term1-Starter-Kit": "| 24 | 63 |   Python   |",
        "CppND-Capstone-Hello-World": "| 24 | 97 |   CMake   |",
        "cd0037-API-Development-and-Documentation-project": "| 24 | 808 |   JavaScript   |",
        "ud989-cat-clicker-andy": "| 23 | 267 |   HTML   |",
        "pizza-perf": "| 23 | 156 |   JavaScript   |",
        "fend-webpack-sass": "| 23 | 1249 |   JavaScript   |",
        "nd320-c4-wearable-data-project-starter": "| 23 | 50 |   Jupyter Notebook   |",
        "cd0360-Introduction-to-Computer-Vision": "| 23 | 27 |   Jupyter Notebook   |",
        "FEF-UdaciMeals-Backbone-Server": "| 22 | 179 |   Go   |",
        "RoboND-SLAMLAb": "| 22 | 26 |   C++   |",
        "AIPND-Exercises": "| 22 | 104 |   Jupyter Notebook   |",
        "nd940-android-kotlin-c4-starter": "| 22 | 160 |   Kotlin   |",
        "nd013-c2-fusion-exercises": "| 22 | 54 |   Python   |",
        "AIND-Constraint_Satisfaction": "| 21 | 150 |   Jupyter Notebook   |",
        "kinesis_tf": "| 21 | 16 |   HCL   |",
        "CppND-Game-Server": "| 21 | 28 |   C++   |",
        "nd320-c3-3d-imaging-starter": "| 21 | 47 |   Python   |",
        "nd320-c4-wearable-data-starter": "| 21 | 43 |   Jupyter Notebook   |",
        "nd082-Azure-Cloud-DevOps-Starter-Code": "| 21 | 310 |   Jupyter Notebook   |",
        "RoboND-MinkowskiSum": "| 20 | 24 |   C++   |",
        "turtles-cn": "| 20 | 18 |   Python   |",
        "Javascript": "| 20 | 185 |   CSS   |",
        "nd081-c1-provisioning-microsoft-azure-vms-project-starter": "| 20 | 154 |   Python   |",
        "cd0017-introduction-to-data-science": "| 20 | 45 |   Jupyter Notebook   |",
        "ud825-battery": "| 19 | 24 |   None   |",
        "android-lifecycle": "| 19 | 26 |   Java   |",
        "ios-nd-uikit-cont.": "| 19 | 11 |   Swift   |",
        "simple_arm_01": "| 19 | 39 |   CMake   |",
        "RoboND-Localization-Project": "| 19 | 52 |   CMake   |",
        "cn-wechat-term2": "| 19 | 14 |   JavaScript   |",
        "NLPND-VUI-Alexa": "| 19 | 30 |   JavaScript   |",
        "nd320-c1-emr-data-starter": "| 19 | 44 |   Jupyter Notebook   |",
        "simple_arm": "| 18 | 37 |   CMake   |",
        "wechat_store": "| 18 | 8 |   None   |",
        "cd0354-monolith-to-microservices-exercises": "| 18 | 509 |   Dockerfile   |",
        "ios-nd-gif-maker-objc": "| 17 | 16 |   Objective-C   |",
        "ios-short-viper": "| 17 | 10 |   Swift   |",
        "cn-translation-volunteer-training": "| 17 | 18 |   Jupyter Notebook   |",
        "AIPND_P1_Robot_Controller": "| 17 | 108 |   Jupyter Notebook   |",
        "workspaces-student-support": "| 17 | 25 |   Python   |",
        "nd940-c3-advanced-android-programming-project-starter": "| 17 | 160 |   Kotlin   |",
        "React-Fundamentals-Exercises": "| 17 | 85 |   JavaScript   |",
        "android-web-api-sample": "| 16 | 14 |   Java   |",
        "CarND-TensorFlow-Lab-Fork": "| 16 | 20 |   Jupyter Notebook   |",
        "firebase-analytics-green-thumb-android": "| 16 | 34 |   Java   |",
        "ios-short-core-ml": "| 16 | 8 |   Jupyter Notebook   |",
        "FCND-Gimbal-Demo": "| 16 | 18 |   ASP.NET   |",
        "Pokemon-Solution": "| 16 | 26 |   Java   |",
        "android-kotlin-animation-property-animation": "| 16 | 63 |   Kotlin   |",
        "CN-Flight-Delay-Forecast": "| 16 | 5 |   Jupyter Notebook   |",
        "nd0821-c2-build-model-workflow-exercises": "| 16 | 56 |   Jupyter Notebook   |",
        "android-kotlin-geo-fences": "| 15 | 43 |   Kotlin   |",
        "nd064-c2-message-passing-projects-starter": "| 15 | 258 |   Python   |",
        "cd0381-advanced-java-programming-techniques-projectstarter": "| 15 | 66 |   Java   |",
        "60fps": "| 14 | 8 |   HTML   |",
        "js-grader": "| 14 | 6 |   JavaScript   |",
        "FEF-Quiz-Angular-Up-and-Running": "| 14 | 137 |   JavaScript   |",
        "UserProfile": "| 14 | 12 |   None   |",
        "nd1309_practice_block": "| 14 | 72 |   JavaScript   |",
        "MLND_CN_P5_Reinforcement_Learning": "| 14 | 45 |   Python   |",
        "nd029-c2-apache-spark-and-spark-streaming-starter": "| 14 | 36 |   Python   |",
        "ios-nd-gif-maker-swift": "| 13 | 18 |   Swift   |",
        "RoboND-Control_Rover": "| 13 | 11 |   C++   |",
        "nd032-c3-asynchronous-programming-with-javascript-project-starter": "| 13 | 94 |   JavaScript   |",
        "nd063-c3-design-for-security-project-starter": "| 13 | 150 |   None   |",
        "nd9990-c3-microservices-v1": "| 13 | 113 |   TypeScript   |",
        "nd940-cap-advanced-android-programming-project-starter": "| 13 | 86 |   Kotlin   |",
        "nd00333_AZMLND_C2": "| 13 | 263 |   Jupyter Notebook   |",
        "nd035-c4-Security-and-DevOps": "| 13 | 383 |   Java   |",
        "nd0821-c2-build-model-workflow-starter": "| 13 | 404 |   Python   |",
        "cd0581-building-a-reproducible-model-workflow-exercises": "| 13 | 42 |   Jupyter Notebook   |",
        "fsnd-office-hours": "| 12 | 3 |   Python   |",
        "ansible-marathon": "| 12 | 6 |   Python   |",
        "ios-short-account-kit": "| 12 | 21 |   Objective-C   |",
        "RoboND-Segmentation-Lab": "| 12 | 69 |   Python   |",
        "RoboND-A-Visualization": "| 12 | 25 |   C++   |",
        "pgm_map_creator": "| 12 | 27 |   C++   |",
        "nd009t-c1-intro-to-ml-project-starter": "| 12 | 66 |   Jupyter Notebook   |",
        "cd0361_Advanced-Computer-Vision-and-Deep-Learning": "| 12 | 10 |   Jupyter Notebook   |",
        "https-github.com-udacity-cd0171--software-engineering-for-data-scientists": "| 12 | 15 |   Jupyter Notebook   |",
        "ios-nd-debugging": "| 11 | 12 |   Swift   |",
        "cpp-grapher": "| 11 | 10 |   C++   |",
        "cn-frontend-development-basic": "| 11 | 16 |   JavaScript   |",
        "android-architecture-components_toy_app": "| 11 | 8 |   Java   |",
        "learn-swift-programming": "| 11 | 8 |   Swift   |",
        "android-kotlin-login": "| 11 | 62 |   Kotlin   |",
        "nd035-c3-data-stores-and-persistence-project-starter": "| 11 | 176 |   Java   |",
        "nd064-c2-message-passing-exercises": "| 11 | 150 |   Python   |",
        "nd035-C2-Web-Services-and-APIs-Exercises-and-Project-Starter": "| 11 | 237 |   Java   |",
        "nd0191-c1-myreads": "| 11 | 301 |   JavaScript   |",
        "Sunshine_Data_And_Test": "| 10 | 23 |   Java   |",
        "ios-nd-alien-adventure": "| 10 | 5 |   Swift   |",
        "Firebase-UI-Deep-Dive": "| 10 | 14 |   Java   |",
        "ToDoList": "| 10 | 11 |   Java   |",
        "cn-frontend-development-advanced": "| 10 | 6 |   JavaScript   |",
        "RoboND-DNN-Lab": "| 10 | 27 |   Jupyter Notebook   |",
        "arkit-unity-starter-project": "| 10 | 9 |   C#   |",
        "VR-Scenes-and-Objects_Game-Objects": "| 10 | 9 |   None   |",
        "gym-jetson": "| 10 | 7 |   Jupyter Notebook   |",
        "nd032-c2-functional-programming-with-javascript-starter": "| 10 | 78 |   None   |",
        "cd0292-building-a-server-project-starter": "| 10 | 55 |   None   |",
        "nd064_course_1_cloud_foundry": "| 10 | 39 |   Python   |",
        "cd0025-supervised-learning": "| 10 | 134 |   Jupyter Notebook   |",
        "zk-exhibitor": "| 9 | 8 |   HCL   |",
        "FSND-P4-Design-A-Game": "| 9 | 43 |   Python   |",
        "galeria": "| 9 | 555 |   HTML   |",
        "tensorflow": "| 9 | 7 |   C++   |",
        "AIND-Isolation_PvP": "| 9 | 7 |   Python   |",
        "isdc-router-planner-project": "| 9 | 16 |   Jupyter Notebook   |",
        "MLND_CN_P4_Dog_Project": "| 9 | 34 |   Jupyter Notebook   |",
        "CNAND_nd064_C4_Observability_Starter_Files": "| 9 | 153 |   Python   |",
        "nd0067-c4-deployment-process-project-starter": "| 9 | 261 |   TypeScript   |",
        "Planning-for-High-Availability-and-Incident-Response": "| 9 | 91 |   HCL   |",
        "cd0281-Introduction-to-Neural-Networks-with-PyTorch": "| 9 | 12 |   Jupyter Notebook   |",
        "cd0157_Final_Pipeline": "| 9 | 375 |   Dockerfile   |",
        "nd027-Data-Engineering-Data-Lakes-AWS-Exercises": "| 9 | 9 |   Python   |",
        "ios-nd-style-guide": "| 8 | 4 |   None   |",
        "FEF-Quiz-Angular-Controllers": "| 8 | 54 |   JavaScript   |",
        "FEF-Quiz-Angular-Bootstrap": "| 8 | 49 |   JavaScript   |",
        "your-first-sinatra-app": "| 8 | 27 |   CSS   |",
        "ios-short-continuous-integration": "| 8 | 253 |   Swift   |",
        "nelson": "| 8 | 4 |   Python   |",
        "cn-interview": "| 8 | 8 |   JavaScript   |",
        "AIND-VUI-quizzes": "| 8 | 7 |   Python   |",
        "RoboND-NN-Lab": "| 8 | 28 |   Jupyter Notebook   |",
        "RoboND-CNN-Lab": "| 8 | 25 |   Jupyter Notebook   |",
        "iSDC-P5-traffic-light-classifier-starter-code": "| 8 | 23 |   Jupyter Notebook   |",
        "Linear-Algebra-cn": "| 8 | 23 |   Jupyter Notebook   |",
        "AIPND_CN_P2_Explore_Movie_Dataset": "| 8 | 27 |   Jupyter Notebook   |",
        "MLND_CN_P2_Finding_Donors": "| 8 | 31 |   Jupyter Notebook   |",
        "nd1309_Project1_v2": "| 8 | 5 |   JavaScript   |",
        "android-kotlin-notifications-fcm": "| 8 | 23 |   Kotlin   |",
        "PYND": "| 8 | 28 |   Python   |",
        "android-kotlin-geo-maps": "| 8 | 9 |   Kotlin   |",
        "nd064_capstone_starter": "| 8 | 32 |   Go   |",
        "nd1309-p2-Decentralized-Star-Notary-Service-Starter-Code": "| 8 | 88 |   JavaScript   |",
        "Value-based-methods": "| 8 | 24 |   Python   |",
        "nd189-1-Introduction-to-Machine-Learning-project-starter": "| 8 | 38 |   Jupyter Notebook   |",
        "cd0547-React-Redux-TODO-GOALS-project": "| 8 | 13 |   HTML   |",
        "ud675-proj": "| 7 | 6 |   Python   |",
        "fullstack-nanodegree-conference": "| 7 | 15 |   JavaScript   |",
        "sunshine_icons": "| 7 | 10 |   None   |",
        "Menu-Example": "| 7 | 18 |   Java   |",
        "course-web-forms": "| 7 | 8 |   JavaScript   |",
        "ios-nd-robot-maze-2": "| 7 | 3 |   Swift   |",
        "FEF-Quiz-Angular-Directives": "| 7 | 55 |   JavaScript   |",
        "ios-nd-geo-quiz": "| 7 | 35 |   Swift   |",
        "ios-nd-swift-for-beginners": "| 7 | 0 |   Swift   |",
        "geode": "| 7 | 1 |   Haskell   |",
        "AIND-Chiron": "| 7 | 3 |   Python   |",
        "MLND_CN_P3_Customer_Segments": "| 7 | 36 |   Jupyter Notebook   |",
        "wechat_weather_overseas_version": "| 7 | 10 |   None   |",
        "nd013-c6-control-starter": "| 7 | 63 |   C++   |",
        "cd0377-Introduction-to-Natural-Language-Processing": "| 7 | 19 |   Jupyter Notebook   |",
        "cd0461-building-computer-vision-solutions-with-azure-exercises": "| 7 | 6 |   Jupyter Notebook   |",
        "React-Fundamentals-C1-React-Contacts": "| 7 | 73 |   JavaScript   |",
        "fsnd_template_webcast": "| 6 | 3 |   HTML   |",
        "course-front-end-frameworks": "| 6 | 7 |   JavaScript   |",
        "FEF-Quiz-Angular-Services": "| 6 | 49 |   JavaScript   |",
        "RuBot": "| 6 | 4 |   Ruby   |",
        "VR-Software-Development_Creating-Scripts": "| 6 | 7 |   C#   |",
        "ipnd_rps_starter_code": "| 6 | 36 |   Python   |",
        "MLND-cn-trial": "| 6 | 15 |   Jupyter Notebook   |",
        "fluent-react-utils": "| 6 | 2 |   JavaScript   |",
        "AIPNDCapstone-cn": "| 6 | 30 |   Jupyter Notebook   |",
        "CN-Face-Recognition": "| 6 | 12 |   Jupyter Notebook   |",
        "cd0345-design-for-performance-and-scalability": "| 6 | 178 |   HCL   |",
        "nd081-c2-Building-and-deploying-cloud-native-applications-from-scratch-project-starter": "| 6 | 104 |   Python   |",
        "nd101-c2-landmarks-starter": "| 6 | 50 |   Jupyter Notebook   |",
        "nd0821-c3-starter-code": "| 6 | 297 |   Python   |",
        "nd189-1-Introduction-to-Machine-Learning": "| 6 | 18 |   Jupyter Notebook   |",
        "build-ml-pipeline-for-short-term-rental-prices": "| 6 | 340 |   Python   |",
        "osqa": "| 5 | 3 |   Python   |",
        "ud820-proj": "| 5 | 1 |   Python   |",
        "ud741-proj": "| 5 | 5 |   Python   |",
        "Cookies-Example": "| 5 | 8 |   Java   |",
        "ggplot": "| 5 | 11 |   Python   |",
        "FEF-Quiz-Angular-Module": "| 5 | 65 |   JavaScript   |",
        "quiz-builder": "| 5 | 2 |   HTML   |",
        "dlnd-issue-reports": "| 5 | 0 |   None   |",
        "dlnd-slack-wiki": "| 5 | 3 |   None   |",
        "sql.js_with_react": "| 5 | 2 |   PLpgSQL   |",
        "IntroCarND_P0": "| 5 | 6 |   CSS   |",
        "VR-Scenes-and-Objects_Cameras": "| 5 | 6 |   C#   |",
        "VR-Software-Development_Advanced-VR-Scripting": "| 5 | 6 |   C#   |",
        "VR-Design_Movement-Mechanics": "| 5 | 7 |   C#   |",
        "VR-Software-Development_Physics-and-Audio": "| 5 | 4 |   C#   |",
        "DAND-CN-feedback": "| 5 | 0 |   None   |",
        "aipnd-issues-zh": "| 5 | 2 |   None   |",
        "nd1309-express-js": "| 5 | 17 |   JavaScript   |",
        "aleph": "| 5 | 0 |   None   |",
        "android-kotlin-drawing-custom-views": "| 5 | 6 |   Kotlin   |",
        "android-kotlin-login-navigation": "| 5 | 10 |   Kotlin   |",
        "CN-Sagemaker-deployment": "| 5 | 6 |   Jupyter Notebook   |",
        "nd013-c5-planning-starter": "| 5 | 59 |   C++   |",
        "nd0067-c3-post-reader-demo": "| 5 | 7 |   TypeScript   |",
        "cd1898-Observing-Cloud-Resources": "| 5 | 87 |   HCL   |",
        "cd0379-computing-with-natural-language": "| 5 | 7 |   Jupyter Notebook   |",
        "CD0387-deep-learning-topics-within-computer-vision-nlp-project-starter": "| 5 | 79 |   Jupyter Notebook   |",
        "cd2073-intro-to-js-1-project-starter": "| 5 | 95 |   JavaScript   |",
        "python-markdown2": "| 4 | 8 |   Python   |",
        "intro-programming-nd-example-code": "| 4 | 3 |   Python   |",
        "Misc-files-for-analytics": "| 4 | 8 |   Java   |",
        "connect-four-tester": "| 4 | 6 |   Java   |",
        "haproxy-consul": "| 4 | 2 |   Shell   |",
        "ios-nd-robot-maze-1": "| 4 | 6 |   Swift   |",
        "FEF-Quiz-Angular-Routing": "| 4 | 42 |   JavaScript   |",
        "FEF-Quiz-Ember-Nested-Routes": "| 4 | 29 |   JavaScript   |",
        "ruby-nanodegree-vm": "| 4 | 2 |   Shell   |",
        "frontend-mockup-to-article": "| 4 | 15 |   HTML   |",
        "burning-container": "| 4 | 0 |   Clojure   |",
        "ToDoList_L9": "| 4 | 3 |   Java   |",
        "falcon": "| 4 | 1 |   C++   |",
        "DroidTermsExample-APK": "| 4 | 2 |   None   |",
        "ios-short-programmatic-ui": "| 4 | 5 |   Swift   |",
        "cn-data-analyst": "| 4 | 8 |   HTML   |",
        "Business_Analyst_China": "| 4 | 10 |   None   |",
        "VR-Software-Development_A-Maze": "| 4 | 7 |   C#   |",
        "ud989-pizzamvo-zh": "| 4 | 2 |   JavaScript   |",
        "ud989-retain-zh": "| 4 | 5 |   JavaScript   |",
        "embeddings-cn": "| 4 | 2 |   Jupyter Notebook   |",
        "MLND_CN_P1_Predicting_Housing_Price": "| 4 | 37 |   Jupyter Notebook   |",
        "service-workers": "| 4 | 0 |   JavaScript   |",
        "learning-plans": "| 4 | 5 |   Jupyter Notebook   |",
        "motionlayout": "| 4 | 49 |   Kotlin   |",
        "CN-ML_SageMaker_Studies": "| 4 | 6 |   Jupyter Notebook   |",
        "nd698-c2-systems-security-project-starter": "| 4 | 22 |   None   |",
        "nd081-c4-azure-performance-project-starter": "| 4 | 174 |   Shell   |",
        "nd00333-capstone": "| 4 | 157 |   Jupyter Notebook   |",
        "nd064-c3-microservices-security-project-starter": "| 4 | 62 |   Shell   |",
        "nd-0067-c3-angular-fundamentals-project-starter": "| 4 | 41 |   CSS   |",
        "nd992-c2-identity-access-control": "| 4 | 11 |   None   |",
        "cd0029_Data-Modeling": "| 4 | 1 |   Jupyter Notebook   |",
        "nd331-c4-advanced-data-analysis-with-powerbi": "| 4 | 11 |   None   |",
        "cd0428-landing-page": "| 4 | 109 |   HTML   |",
        "gae_mini_profiler": "| 3 | 1 |   Python   |",
        "nose2-gae": "| 3 | 2 |   Python   |",
        "UDCSRTResponseSerializer": "| 3 | 1 |   Objective-C   |",
        "iframe-live-coding-widget": "| 3 | 0 |   JavaScript   |",
        "gae-discourse-client": "| 3 | 3 |   Python   |",
        "intro-to-jquery": "| 3 | 1 |   HTML   |",
        "ipnd-starter-code": "| 3 | 4 |   Python   |",
        "pygow": "| 3 | 4 |   Python   |",
        "course-promises": "| 3 | 7 |   HTML   |",
        "FEF-Quiz-Ember-Handlebars": "| 3 | 26 |   JavaScript   |",
        "rbnd-toycity-part4": "| 3 | 97 |   Ruby   |",
        "Regift": "| 3 | 0 |   Swift   |",
        "DevOps-nanodegree-vm": "| 3 | 4 |   None   |",
        "fend-animal-trading-cards": "| 3 | 19 |   HTML   |",
        "ios-nd-objc-problem-set": "| 3 | 9 |   Objective-C   |",
        "udacity-code-studio": "| 3 | 4 |   HTML   |",
        "BottomBar": "| 3 | 9 |   Java   |",
        "ToDoList_final": "| 3 | 8 |   Java   |",
        "ios-short-s3-monolith": "| 3 | 2 |   Swift   |",
        "ios-short-s3-auth": "| 3 | 2 |   Swift   |",
        "ios-short-s3-deploy": "| 3 | 3 |   Swift   |",
        "machinery": "| 3 | 2 |   Go   |",
        "simple_arm_c": "| 3 | 7 |   CMake   |",
        "VR-Scenes-and-Objects_Animations": "| 3 | 6 |   C#   |",
        "VR-Design_Intro-to-VR-Design": "| 3 | 5 |   C#   |",
        "Performance-Bounceback-Starter-Project": "| 3 | 1 |   C#   |",
        "job_description-example_project": "| 3 | 1 |   Python   |",
        "boilerPlateDAPPproject": "| 3 | 8 |   JavaScript   |",
        "android-kotlin-drawing-canvas": "| 3 | 4 |   Kotlin   |",
        "nd081-c3-Migrating-Non-Native-Cloud-Applications-project-starter": "| 3 | 76 |   CSS   |",
        "cd0384-java-application-deployment-projectstarter": "| 3 | 46 |   Java   |",
        "nd064-c3-microservices-security-exercises": "| 3 | 59 |   Python   |",
        "AI_fundamentals": "| 3 | 3 |   Jupyter Notebook   |",
        "nd087-c3-deployment-roulette": "| 3 | 47 |   HCL   |",
        "nd009t-capstone-starter": "| 3 | 14 |   Jupyter Notebook   |",
        "cd1756-Azure-Applications-project": "| 3 | 59 |   Python   |",
        "nd0191-c2-React-Redux-project-starter": "| 3 | 64 |   JavaScript   |",
        "nd698-c4-application-security-demo-files": "| 3 | 2 |   JavaScript   |",
        "cd0444-react-native-exercises": "| 3 | 4 |   JavaScript   |",
        "cd1807-Ensuring-Quality-Releases-Exercises": "| 3 | 11 |   HCL   |",
        "cd2688-object-detection-in-urban-environment-project": "| 3 | 2 |   Jupyter Notebook   |",
        "cd1822-rnn-transformers": "| 3 | 0 |   Jupyter Notebook   |",
        "discourse": "| 2 | 3 |   Ruby   |",
        "python-openid": "| 2 | 3 |   Python   |",
        "gae-discourse-sso": "| 2 | 1 |   Python   |",
        "ngCalendar": "| 2 | 2 |   JavaScript   |",
        "workingfrom": "| 2 | 0 |   Python   |",
        "FEF-UdaciMeals-Ember": "| 2 | 1 |   JavaScript   |",
        "capgemini-terraform.py": "| 2 | 1 |   Python   |",
        "rbnd-demo-project": "| 2 | 72 |   None   |",
        "rbnd-survivr-part2": "| 2 | 109 |   Ruby   |",
        "FEF-Quiz-Ember-Routes-and-Templates": "| 2 | 36 |   JavaScript   |",
        "FEF-Quiz-Ember-Dynamic-Data-P1": "| 2 | 27 |   JavaScript   |",
        "FEF-Quiz-Ember-Dynamic-Data-P2": "| 2 | 21 |   JavaScript   |",
        "FEF-Quiz-Ember-Component": "| 2 | 23 |   JavaScript   |",
        "FEF-Quiz-Ember-Service": "| 2 | 20 |   JavaScript   |",
        "atom-theme-content": "| 2 | 1 |   CSS   |",
        "FEF-Quiz-Ember-Actions": "| 2 | 22 |   JavaScript   |",
        "Senior-Web-Developer-Notes": "| 2 | 4 |   None   |",
        "ios-nd-beginning-ios": "| 2 | 5 |   Swift   |",
        "rails_admin": "| 2 | 2 |   Ruby   |",
        "Q-Up": "| 2 | 3 |   Java   |",
        "boardingpass": "| 2 | 3 |   Java   |",
        "ios-nd-swift-for-developers": "| 2 | 1 |   Swift   |",
        "iosnd-autolayout-vertical": "| 2 | 2 |   Swift   |",
        "firebase-analytics-green-thumb-ios": "| 2 | 2 |   Swift   |",
        "cn-dlnd-issue-reports": "| 2 | 0 |   None   |",
        "WechatBot": "| 2 | 5 |   Python   |",
        "robotics-nanodegree-issues": "| 2 | 0 |   None   |",
        "FCND-Simulator": "| 2 | 1 |   C#   |",
        "VR-Scenes-and-Objects_Build-an-Apartment": "| 2 | 8 |   C#   |",
        "VR-Design_Puzzler": "| 2 | 9 |   C#   |",
        "Mobile-Performance-Course-Assets": "| 2 | 3 |   C#   |",
        "High-Immersion-Course-Assets": "| 2 | 2 |   C#   |",
        "VR-Software-Development_VR-Interaction": "| 2 | 7 |   C#   |",
        "br-fend-issues": "| 2 | 0 |   None   |",
        "fend-issues-zh": "| 2 | 1 |   None   |",
        "JavaBasics-BetaTesting-CN": "| 2 | 0 |   None   |",
        "intro2car-cn_feedback": "| 2 | 1 |   None   |",
        "wmpnd-issues-cn": "| 2 | 0 |   None   |",
        "VR-Software-Development_Controlling-Objects-Using-Code": "| 2 | 4 |   C#   |",
        "blockchain-nanodegree-issues": "| 2 | 2 |   None   |",
        "animal-trading-cards": "| 2 | 3 |   HTML   |",
        "band-issues-cn": "| 2 | 0 |   None   |",
        "nd1309_leveldb": "| 2 | 7 |   JavaScript   |",
        "MyHealthData-cn": "| 2 | 3 |   Jupyter Notebook   |",
        "lab-predicting-cuisine-cn": "| 2 | 9 |   Jupyter Notebook   |",
        "Wechat-Program-Dev-nd666-issues-cn": "| 2 | 0 |   None   |",
        "UXND": "| 2 | 4 |   None   |",
        "android-kotlin-drawing-clipping": "| 2 | 4 |   Kotlin   |",
        "ND1309-C1-Project-Starter-Code": "| 2 | 2 |   None   |",
        "ND073-C3-Build-AI-Enriched-Corporate-Training-Catalog": "| 2 | 27 |   HTML   |",
        "nd009t-c3-deep-learning-topics-within-computer-vision-nlp-project-starter": "| 2 | 5 |   Jupyter Notebook   |",
        "cd0461-building-computer-vision-solutions-with-azure-project-starter": "| 2 | 26 |   None   |",
        "cd0036-Data-Streaming-API-Development-and-Documentation": "| 2 | 5 |   Python   |",
        "cd0547-react-chirper-app": "| 2 | 30 |   None   |",
        "nd081-c2-Azure-Microservices-Exercises": "| 2 | 7 |   Python   |",
        "cd1807-Project-Ensuring-Quality-Releases": "| 2 | 47 |   JavaScript   |",
        "cd0583-model-scoring-and-drift-using-evidently": "| 2 | 12 |   Python   |",
        "cd12354-Movie-Picture-Pipeline": "| 2 | 7 |   HCL   |",
        "Project-Build-an-ML-Pipeline-Starter": "| 2 | 1 |   Jupyter Notebook   |",
        "builtwith.angularjs.org": "| 1 | 2 |   JavaScript   |",
        "omniauth-sso-cookie": "| 1 | 3 |   Ruby   |",
        "conf": "| 1 | 1 |   JavaScript   |",
        "nose2": "| 1 | 1 |   Python   |",
        "nose2-cov": "| 1 | 1 |   Python   |",
        "image-build": "| 1 | 0 |   Clojure   |",
        "udacity-pairing-host": "| 1 | 1 |   Ruby   |",
        "ud595-shell": "| 1 | 2 |   Shell   |",
        "ios-nd-pirate-fleet-1": "| 1 | 2 |   Swift   |",
        "ios-nd-pirate-fleet-2": "| 1 | 1 |   Swift   |",
        "rbnd-toycity-part1": "| 1 | 6 |   Ruby   |",
        "rbnd-roobiedocks": "| 1 | 6 |   Ruby   |",
        "FEF-Angular-Added-To-Simple-App": "| 1 | 1 |   HTML   |",
        "blog": "| 1 | 5 |   Python   |",
        "angular-translate": "| 1 | 0 |   JavaScript   |",
        "2d-game-dev-project-0": "| 1 | 6 |   Java   |",
        "fomotograph": "| 1 | 8 |   Ruby   |",
        "ios-nd-autolayout-4-imageviews": "| 1 | 0 |   Swift   |",
        "aasm": "| 1 | 0 |   Ruby   |",
        "ios-short-adaptive-layouts": "| 1 | 0 |   Swift   |",
        "VisualPolish_breakdown": "| 1 | 4 |   Java   |",
        "panda": "| 1 | 2 |   CSS   |",
        "robotics-beta-test-issues": "| 1 | 0 |   None   |",
        "cn-udacity-talks": "| 1 | 2 |   None   |",
        "sqlpad": "| 1 | 4 |   JavaScript   |",
        "ios-short-s3-users": "| 1 | 2 |   Swift   |",
        "ios-short-s3-hello": "| 1 | 2 |   Swift   |",
        "ssl_setup": "| 1 | 0 |   Nginx   |",
        "ios-short-s3-sql-example": "| 1 | 2 |   Swift   |",
        "ios-short-account-kit-test": "| 1 | 1 |   Objective-C   |",
        "DAND-Advanced-China": "| 1 | 3 |   HTML   |",
        "VR-Scenes-and-Objects_Lights": "| 1 | 7 |   C#   |",
        "VR-Software-Development_Programming-Animations": "| 1 | 6 |   C#   |",
        "Unreal-Advanced-Project-Template": "| 1 | 4 |   None   |",
        "Mobile-Performance-Starter-Project": "| 1 | 4 |   C#   |",
        "fend-learning-services-zh": "| 1 | 0 |   None   |",
        "fcnd-issue-reports": "| 1 | 4 |   None   |",
        "gitignore": "| 1 | 0 |   None   |",
        "reviewer-dashboard-feedback": "| 1 | 0 |   None   |",
        "aipnd_issues_tracker": "| 1 | 0 |   None   |",
        "fend-zh": "| 1 | 0 |   HTML   |",
        "cvnd-waffle-issues": "| 1 | 0 |   None   |",
        "Knowledge-Feedback": "| 1 | 0 |   None   |",
        "ud989-cat-clicker-premium-vanilla-zh": "| 1 | 3 |   JavaScript   |",
        "relay": "| 1 | 0 |   JavaScript   |",
        "Udacity-Apollo": "| 1 | 0 |   None   |",
        "VR-Design_Presenting-the-Work": "| 1 | 4 |   None   |",
        "drlnd-issues-tracker": "| 1 | 0 |   None   |",
        "nd1309-rest-api-hapi": "| 1 | 11 |   JavaScript   |",
        "nd1309_block_explorer": "| 1 | 14 |   JavaScript   |",
        "CN-linear-algebra-old": "| 1 | 2 |   Jupyter Notebook   |",
        "MLND-CN-Capstone-TGSImage": "| 1 | 4 |   None   |",
        "dand-workshops": "| 1 | 1 |   None   |",
        "cloud-devops": "| 1 | 3 |   None   |",
        "ytdl": "| 1 | 0 |   Go   |",
        "nanodegree-data-products-course-3": "| 1 | 1 |   Jupyter Notebook   |",
        "video.js": "| 1 | 1 |   JavaScript   |",
        "nd325-c1-implementing-privacy-in-software-applications": "| 1 | 3 |   Python   |",
        "nd035-v1-C1-Java-Basics-Exercises-and-Project-Starter": "| 1 | 9 |   HTML   |",
        "warp-pipe": "| 1 | 2 |   Go   |",
        "nd313-c3-radar-exercises": "| 1 | 1 |   None   |",
        "sentry-spark": "| 1 | 1 |   Scala   |",
        "azure-voting-app-redis": "| 1 | 22 |   Python   |",
        "nd087-c3-self-healing-architectures-exercises": "| 1 | 23 |   HCL   |",
        "cd0372-Applying-AI-to-EHR-Data": "| 1 | 2 |   Jupyter Notebook   |",
        "nd073-3-Knowledge-Mining-Azure-Cognitive-Search-Exercises": "| 1 | 2 |   HTML   |",
        "cd0351_Design_for_Availability-_Reliability-_and_Resiliency-new-": "| 1 | 0 |   HTML   |",
        "Azure-Data-Warehouse-Project": "| 1 | 10 |   Python   |",
        "opencv": "| 1 | 0 |   None   |",
        "cd0670-Neural-Networks-AI-Programming-with-Python": "| 1 | 0 |   None   |",
        "cd11970-Go-screencast-code": "| 1 | 1 |   None   |",
        "sagemaker-deployment-v2": "| 1 | 0 |   None   |",
        "cd11573-multicloud-computing-project": "| 1 | 12 |   HCL   |",
        "cd12352-Deploy-Infrastructure-as-Code": "| 1 | 1 |   Shell   |",
        "cd12355-microservices-aws-kubernetes-project-starter": "| 1 | 3 |   Python   |",
        "CloudDevOpsMicroservicesAtScaleExercises": "| 1 | 0 |   None   |",
        "Deploying-a-Scalable-ML-Pipeline-with-FastAPI": "| 1 | 2 |   Python   |",
        "gae-sessions": "| 0 | 1 |   Python   |",
        "garethr-riemann": "| 0 | 0 |   Ruby   |",
        "create-topic-url": "| 0 | 0 |   JavaScript   |",
        "stillgrab": "| 0 | 0 |   Python   |",
        "udacity-solo": "| 0 | 2 |   Ruby   |",
        "udacitext": "| 0 | 0 |   None   |",
        "project-nautilus-project-0": "| 0 | 1 |   CSS   |",
        "jank-invaders-tracker": "| 0 | 0 |   JavaScript   |",
        "labs": "| 0 | 0 |   None   |",
        "rr": "| 0 | 2 |   None   |",
        "marked": "| 0 | 0 |   HTML   |",
        "rethinkdb-websocket-client": "| 0 | 0 |   JavaScript   |",
        "tend-rst": "| 0 | 0 |   CSS   |",
        "techent-resources": "| 0 | 1 |   CSS   |",
        "registrator": "| 0 | 0 |   Go   |",
        "_ci-scripts": "| 0 | 0 |   Shell   |",
        "sir-trevor-js": "| 0 | 0 |   JavaScript   |",
        "github-oauth-servlet": "| 0 | 0 |   Scala   |",
        "datadog-client": "| 0 | 0 |   Scala   |",
        "rbnd-toycity-part2": "| 0 | 6 |   Ruby   |",
        "FEF-UdaciMeals-Angular": "| 0 | 3 |   JavaScript   |",
        "rbnd-udacitask-part1": "| 0 | 4 |   Ruby   |",
        "rbnd-toycity-part3": "| 0 | 151 |   Ruby   |",
        "rbnd-udacitask-part2": "| 0 | 132 |   Ruby   |",
        "rbnd-survivr-part1": "| 0 | 3 |   None   |",
        "passport-openid": "| 0 | 1 |   JavaScript   |",
        "passport-examples": "| 0 | 1 |   JavaScript   |",
        "node-openid": "| 0 | 2 |   JavaScript   |",
        "udacicharts": "| 0 | 4 |   Ruby   |",
        "fomotograph-api": "| 0 | 0 |   Makefile   |",
        "ud839_MusicPlayer_Example": "| 0 | 0 |   None   |",
        "wx_pay": "| 0 | 0 |   Ruby   |",
        "ud812": "| 0 | 0 |   None   |",
        "OHHTTPStubs": "| 0 | 0 |   Objective-C   |",
        "srtgears": "| 0 | 0 |   Go   |",
        "shufflebot": "| 0 | 0 |   HTML   |",
        "logspout": "| 0 | 0 |   Go   |",
        "openid-go": "| 0 | 0 |   Go   |",
        "bios-nd-didi-weatherapp": "| 0 | 1 |   None   |",
        "survey-says": "| 0 | 0 |   CSS   |",
        "ios-nd-autolayout-1-Labels": "| 0 | 0 |   Swift   |",
        "ios-nd-autolayout-2-row": "| 0 | 0 |   Swift   |",
        "ios-nd-autolayout-lesson1-node3": "| 0 | 0 |   Swift   |",
        "Nuke-FLAnimatedImage-Plugin": "| 0 | 0 |   Swift   |",
        "mlnd": "| 0 | 0 |   None   |",
        "ios-nd-swift-problem-set": "| 0 | 4 |   Swift   |",
        "gh-board": "| 0 | 2 |   JavaScript   |",
        "ios-nd-autolayout-forcebook": "| 0 | 0 |   Swift   |",
        "aind-issue-reports": "| 0 | 0 |   None   |",
        "mlnd_issues_tracker": "| 0 | 0 |   None   |",
        "ios-short-s3-salutations": "| 0 | 1 |   Swift   |",
        "ansible-datadog": "| 0 | 0 |   None   |",
        "cas": "| 0 | 0 |   Go   |",
        "ios-short-event-patterns": "| 0 | 0 |   Swift   |",
        "go-retryablehttp": "| 0 | 1 |   Go   |",
        "fend-issue-reports": "| 0 | 0 |   None   |",
        "course-collaboration-travel-plans-version2": "| 0 | 3 |   CSS   |",
        "wetty": "| 0 | 0 |   JavaScript   |",
        "ios-short-s3-activities": "| 0 | 5 |   Swift   |",
        "ios-short-s3-friends": "| 0 | 1 |   Swift   |",
        "ios-short-s3-events": "| 0 | 2 |   Swift   |",
        "cn-android": "| 0 | 1 |   None   |",
        "ipnd_bug_tracker": "| 0 | 0 |   None   |",
        "Highlightr": "| 0 | 0 |   Swift   |",
        "ios-short-s3-docker-images": "| 0 | 1 |   Dockerfile   |",
        "br-reactnd-issues": "| 0 | 0 |   None   |",
        "consul-template": "| 0 | 0 |   Go   |",
        "arkit-issues": "| 0 | 0 |   None   |",
        "Unreal-Intro-Project-Template": "| 0 | 3 |   None   |",
        "Unreal-Performance-Analysis-Project": "| 0 | 1 |   None   |",
        "unreal-issues": "| 0 | 0 |   None   |",
        "High-Immersion-Starter-Project": "| 0 | 3 |   None   |",
        "ansible-role-ntp": "| 0 | 1 |   Shell   |",
        "cs101x": "| 0 | 3 |   HTML   |",
        "br-fsnd-issues": "| 0 | 0 |   None   |",
        "course-issues-ud117": "| 0 | 0 |   None   |",
        "course-issues-ud711": "| 0 | 0 |   None   |",
        "flink": "| 0 | 1 |   Java   |",
        "iSDC-P1-Implement-Matrix-Class-starter-code": "| 0 | 6 |   Jupyter Notebook   |",
        "aind-waffle-issues": "| 0 | 0 |   None   |",
        "nlpnd-waffle-issues": "| 0 | 0 |   None   |",
        "Python-BetaTesting-CN": "| 0 | 0 |   None   |",
        "lesson_feedback_nd209": "| 0 | 0 |   None   |",
        "burry.sh": "| 0 | 0 |   Go   |",
        "migrate": "| 0 | 0 |   Go   |",
        "go-marathon": "| 0 | 0 |   Go   |",
        "eventsource": "| 0 | 0 |   Go   |",
        "angular-cli": "| 0 | 0 |   TypeScript   |",
        "glide": "| 0 | 1 |   JavaScript   |",
        "quiz-notebook-cn": "| 0 | 0 |   Jupyter Notebook   |",
        "jdpay": "| 0 | 0 |   Ruby   |",
        "sapient-webinar": "| 0 | 0 |   Jupyter Notebook   |",
        "dlnd-cn-trial": "| 0 | 1 |   Jupyter Notebook   |",
        "mlnd-issues-zh": "| 0 | 0 |   None   |",
        "realip": "| 0 | 0 |   Go   |",
        "cn-content-feedback": "| 0 | 0 |   None   |",
        "cn-nlp-issue-report": "| 0 | 0 |   None   |",
        "cn-cv-issue-report": "| 0 | 1 |   None   |",
        "udacity-br_slack_codeofconduct": "| 0 | 0 |   None   |",
        "pontoon": "| 0 | 0 |   Python   |",
        "garie": "| 0 | 0 |   JavaScript   |",
        "nd1309_exercise_client_server": "| 0 | 11 |   JavaScript   |",
        "libhoney-go": "| 0 | 0 |   Go   |",
        "china-content-issues": "| 0 | 0 |   None   |",
        "predicting-housing-price": "| 0 | 23 |   Jupyter Notebook   |",
        "intro2python_china": "| 0 | 0 |   None   |",
        "ci-minikube": "| 0 | 0 |   None   |",
        "flipkart-webinars": "| 0 | 1 |   Jupyter Notebook   |",
        "angularx-qrcode": "| 0 | 0 |   TypeScript   |",
        "nodend-songs-db-sequelize": "| 0 | 1 |   JavaScript   |",
        "nodend-songs-db-sqlite": "| 0 | 1 |   JavaScript   |",
        "instamap-web": "| 0 | 0 |   TypeScript   |",
        "nodend-songs-db-testing-starter": "| 0 | 1 |   JavaScript   |",
        "nodend-songs-db-testing": "| 0 | 1 |   JavaScript   |",
        "fortnightly-quizzes": "| 0 | 1 |   None   |",
        "ud667-WeChat-International": "| 0 | 0 |   None   |",
        "visibility-test": "| 0 | 0 |   None   |",
        "cp-ansible": "| 0 | 1 |   Jinja   |",
        "CN-Precision-Marketing-for-Banks": "| 0 | 1 |   None   |",
        "nd063-c1-design-for-availability-resilience-and-reliability-project-starter": "| 0 | 1 |   None   |",
        "cypress-axe": "| 0 | 0 |   JavaScript   |",
        "nd340-c1-intro-to-uipath-rpa-project-starter": "| 0 | 0 |   None   |",
        "dockerfile-wizard": "| 0 | 0 |   Perl   |",
        "nd035-v1-C3-Data-Stores-and-Persistence": "| 0 | 3 |   Java   |",
        "go-agent": "| 0 | 0 |   Go   |",
        "nd090-c3-security-project": "| 0 | 1 |   PowerShell   |",
        "nd073-c2-Dental-Office-Virtual-Assistant": "| 0 | 29 |   CSS   |",
        "992-C4-Incident-Response-and-Business-Continuity-for-Micro-Assurances": "| 0 | 0 |   None   |",
        "mentor-resources": "| 0 | 0 |   None   |",
        "nd073-c2-Exercises-Building-NLP-and-Conversational-AI-Solutions-with-Azure": "| 0 | 4 |   JavaScript   |",
        "shiftfs-dkms": "| 0 | 0 |   None   |",
        "sysbox": "| 0 | 0 |   Shell   |",
        "dbt-athena": "| 0 | 0 |   Python   |",
        "dockerfiles-1": "| 0 | 0 |   Dockerfile   |",
        "cd0395-Enterprise-Identity-and-Access-Control": "| 0 | 0 |   None   |",
        "Project-Part-of-Speech-Tagging": "| 0 | 9 |   Jupyter Notebook   |",
        "cd0349-adversarial-search": "| 0 | 0 |   Python   |",
        "cd00284-intro-to-RPA-with-UiPath-project": "| 0 | 0 |   None   |",
        "cd0455_-Implementing_Privacy_in_Software_Applications": "| 0 | 3 |   Python   |",
        "nd018-Social-Media-Marketing": "| 0 | 0 |   CSS   |",
        "cd0455-implementing-privacy-in-software-applications-tree-solution-": "| 0 | 0 |   Python   |",
        "pgverify": "| 0 | 0 |   Go   |",
        "nd0191-C3-react-native-exercises": "| 0 | 0 |   None   |",
        "terraform-provider-confluentcloud": "| 0 | 0 |   None   |",
        "cd11970-Go": "| 0 | 2 |   None   |",
        "kubefed": "| 0 | 0 |   None   |",
        "cd0295-reactnd-contacts-server": "| 0 | 14 |   JavaScript   |",
        "nd0821-c3-deploying-a-scalable-pipeline-in-prod-demos": "| 0 | 17 |   Jupyter Notebook   |",
        "cstore_fdw": "| 0 | 0 |   None   |",
        "cd0583-diagnose-and-fix": "| 0 | 6 |   Python   |",
        "cd12238-dynamic-web-page": "| 0 | 1 |   CSS   |",
        "udacity-intro-to-ml-labs": "| 0 | 1 |   Jupyter Notebook   |",
        "cd12815-mycart-and-store-with-springboot": "| 0 | 3 |   TypeScript   |",
        "nd035-c3-data-stores-and-persistence-exercise-solution": "| 0 | 16 |   Java   |",
        "cd0583-historical-data-drift": "| 0 | 6 |   Python   |",
        "UdacityLabTemplates": "| 0 | 0 |   PowerShell   |",
        "consul-k8s": "| 0 | 0 |   None   |",
        "nd035-ent-angular-springboot-exercises": "| 0 | 2 |   TypeScript   |",
        "cd12101-Deploy-Application-with-AWS-Lambda": "| 0 | 1 |   JavaScript   |",
        "cd11573-multicloud-computing": "| 0 | 4 |   HCL   |",
        "render-cloud-example": "| 0 | 28 |   Python   |",
        "cd12099-Full-Stack-Apps-AWS": "| 0 | 4 |   JavaScript   |",
        "cd0582-api-deployment-with-fastapi": "| 0 | 2 |   None   |",
        "cd12642-masterschool-backend-assessment": "| 0 | 26 |   JavaScript   |",
        "-cd12352-Deploy-Infrastructure-as-Code-project": "| 0 | 2 |   None   |",
        "cd12101-lesson-demos-and-exercise-starters-solutions": "| 0 | 0 |   JavaScript   |",
        "cd5237-JavaScript-Fluency": "| 0 | 0 |   JavaScript   |",
        "cd12528-small-data-project-starter": "| 0 | 9 |   Python   |",
        "cd1807-final-cicd-demo": "| 0 | 0 |   None   |",
        "cd0354-monolith-to-microservices-circleci-exercise": "| 0 | 16 |   JavaScript   |",
        "cd12900-exercises": "| 0 | 0 |   None   |",
        "cd12529-intro-to-data-analysis-exercises": "| 0 | 0 |   None   |",
        "mentor-onboarding-and-style-guide": "| 0 | 0 |   None   |"
    }
}