{
    "company": "Unisys",
    "h-index": 1,
    "repo count": 9,
    "contributor count": 128,
    "size": "todo",
    "employee count": "todo",
    "country": "Global",
    "top language": "Groovy",
    "repos": {
        "docker-ci-tool-stack": "| 1 | 0 |   Groovy   |",
        "ecs-refarch-cloudformation": "| 0 | 0 |   Makefile   |",
        "awslimitchecker": "| 0 | 1 |   Python   |",
        "jenkins-withdocker": "| 0 | 0 |   Dockerfile   |",
        "windows-dev-box-setup-scripts": "| 0 | 0 |   PowerShell   |",
        "polaris": "| 0 | 0 |   None   |",
        "kube-bench": "| 0 | 0 |   None   |",
        "devtraining-needit-orlando": "| 0 | 1 |   None   |",
        "NSign": "| 0 | 0 |   C#   |"
    }
}