{
    "company": "Unity Technologies",
    "h-index": 137,
    "repo count": 715,
    "contributor count": 17977,
    "size": "todo",
    "employee count": "todo",
    "country": "Copenhagen, Denmark",
    "top language": "C#",
    "repos": {
        "ml-agents": "| 14665 | 3842 |   C#   |",
        "UnityCsReference": "| 10355 | 2309 |   C#   |",
        "EntityComponentSystemSamples": "| 5484 | 1298 |   C#   |",
        "FPSSample": "| 4584 | 1790 |   C#   |",
        "PostProcessing": "| 3642 | 746 |   C#   |",
        "NavMeshComponents": "| 2787 | 1031 |   C#   |",
        "arfoundation-samples": "| 2529 | 971 |   C#   |",
        "BoatAttack": "| 2190 | 854 |   C#   |",
        "Graphics": "| 2086 | 694 |   C#   |",
        "AssetBundles-Browser": "| 1918 | 494 |   C#   |",
        "com.unity.netcode.gameobjects": "| 1864 | 385 |   C#   |",
        "UniversalRenderingExamples": "| 1805 | 413 |   C#   |",
        "VolumetricLighting": "| 1575 | 249 |   C#   |",
        "AutoLOD": "| 1530 | 196 |   C#   |",
        "Unity-Robotics-Hub": "| 1527 | 357 |   C#   |",
        "VisualEffectGraph-Samples": "| 1492 | 333 |   C#   |",
        "2d-extras": "| 1382 | 328 |   C#   |",
        "Animation-Instancing": "| 1362 | 273 |   C#   |",
        "multiplayer": "| 1329 | 205 |   None   |",
        "InputSystem": "| 1324 | 289 |   C#   |",
        "Unity.Mathematics": "| 1290 | 155 |   C#   |",
        "DOTS-training-samples": "| 1272 | 323 |   C#   |",
        "com.unity.multiplayer.samples.coop": "| 1226 | 379 |   C#   |",
        "mono": "| 1155 | 496 |   C#   |",
        "ShaderGraph": "| 1141 | 149 |   C#   |",
        "Addressables-Sample": "| 1084 | 282 |   ShaderLab   |",
        "UnityRenderStreaming": "| 1066 | 300 |   C#   |",
        "AssetGraph": "| 1049 | 208 |   C#   |",
        "FontainebleauDemo": "| 938 | 252 |   C#   |",
        "uGUI": "| 931 | 265 |   C#   |",
        "DOTSSample": "| 921 | 238 |   C#   |",
        "SpaceshipDemo": "| 906 | 254 |   C#   |",
        "VFXToolbox": "| 900 | 92 |   C#   |",
        "EditorXR": "| 887 | 175 |   C#   |",
        "2d-techdemos": "| 879 | 169 |   C#   |",
        "com.unity.toonshader": "| 831 | 136 |   C#   |",
        "game-programming-patterns-demo": "| 825 | 91 |   C#   |",
        "ProjectTinySamples": "| 807 | 231 |   C#   |",
        "XR-Interaction-Toolkit-Examples": "| 784 | 246 |   C#   |",
        "UnityPlayground": "| 762 | 152 |   C#   |",
        "HLSLcc": "| 762 | 108 |   C++   |",
        "com.unity.formats.alembic": "| 761 | 171 |   C#   |",
        "giles": "| 730 | 131 |   C#   |",
        "com.unity.perception": "| 730 | 159 |   C#   |",
        "UniteAustinTechnicalPresentation": "| 719 | 188 |   C#   |",
        "SuperScience": "| 670 | 55 |   C#   |",
        "com.unity.webrtc": "| 639 | 156 |   Assembly   |",
        "NativeRenderingPlugin": "| 624 | 132 |   C   |",
        "HLODSystem": "| 621 | 104 |   C#   |",
        "com.unity.uiwidgets": "| 603 | 74 |   C#   |",
        "uaal-example": "| 599 | 201 |   Objective-C++   |",
        "BackgroundDownload": "| 593 | 115 |   C#   |",
        "guid-based-reference": "| 575 | 58 |   C#   |",
        "MeshApiExamples": "| 557 | 31 |   C#   |",
        "com.unity.demoteam.hair": "| 554 | 72 |   C#   |",
        "unity-cache-server": "| 553 | 127 |   JavaScript   |",
        "ProjectAuditor": "| 553 | 45 |   C#   |",
        "SimpleAnimation": "| 536 | 116 |   C#   |",
        "obstacle-tower-env": "| 533 | 125 |   Python   |",
        "GenericFrameRecorder": "| 528 | 65 |   C#   |",
        "graph-visualizer": "| 522 | 84 |   C#   |",
        "Standard-Assets-Characters": "| 518 | 155 |   C#   |",
        "com.unity.multiplayer.docs": "| 501 | 139 |   JavaScript   |",
        "DeLightingTool": "| 488 | 51 |   C#   |",
        "facial-ar-remote": "| 480 | 115 |   C#   |",
        "animation-jobs-samples": "| 465 | 71 |   C#   |",
        "barracuda-release": "| 460 | 63 |   C#   |",
        "arfoundation-demos": "| 456 | 117 |   C#   |",
        "vscode-unity-debug": "| 440 | 111 |   C#   |",
        "com.unity.demoteam.digital-human": "| 427 | 74 |   C#   |",
        "UIElementsExamples": "| 409 | 62 |   C#   |",
        "usd-unity-sdk": "| 404 | 70 |   C#   |",
        "PhysicsExamples2D": "| 401 | 69 |   C#   |",
        "com.unity.cinemachine": "| 401 | 103 |   C#   |",
        "com.unity.demoteam.mesh-to-sdf": "| 399 | 21 |   C#   |",
        "MeshSyncDCCPlugins": "| 396 | 56 |   C++   |",
        "Unity.Animation.Samples": "| 370 | 73 |   C#   |",
        "UnityMeshSimplifier": "| 338 | 41 |   C#   |",
        "BatchBreakingCause": "| 330 | 75 |   GLSL   |",
        "MeasuredMaterialLibraryHDRP": "| 328 | 91 |   C#   |",
        "UIToolkitUnityRoyaleRuntimeDemo": "| 328 | 60 |   C#   |",
        "SynthDet": "| 323 | 47 |   C#   |",
        "UnityDataTools": "| 323 | 20 |   C#   |",
        "MeasuredMaterialLibraryURP": "| 322 | 77 |   HLSL   |",
        "multiplayer-community-contributions": "| 313 | 137 |   C#   |",
        "EndlessRunnerSampleGame": "| 307 | 132 |   C#   |",
        "com.unity.services.samples.use-cases": "| 305 | 76 |   C#   |",
        "UnityOctree": "| 298 | 49 |   C#   |",
        "HDRPRayTracingScenes": "| 298 | 74 |   None   |",
        "XRLineRenderer": "| 290 | 42 |   C#   |",
        "marathon-envs": "| 278 | 48 |   C#   |",
        "articulations-robot-demo": "| 278 | 65 |   C#   |",
        "com.unity.demoteam.digital-human.sample": "| 275 | 58 |   C#   |",
        "BuildReportInspector": "| 270 | 46 |   C#   |",
        "SkyboxPanoramicShader": "| 264 | 64 |   ShaderLab   |",
        "com.unity.probuilder": "| 264 | 74 |   C#   |",
        "NotificationsSamples": "| 262 | 53 |   C#   |",
        "PeopleSansPeople": "| 260 | 32 |   C#   |",
        "2d-pixel-perfect": "| 244 | 31 |   C#   |",
        "ShaderGraph-Custom-Lighting": "| 244 | 159 |   Mathematica   |",
        "VRAlchemyLab": "| 243 | 74 |   C#   |",
        "ECS-Network-Racing-Sample": "| 238 | 43 |   C#   |",
        "ui-toolkit-manual-code-examples": "| 237 | 47 |   C#   |",
        "crunch": "| 217 | 54 |   C++   |",
        "Robotics-Nav2-SLAM-Example": "| 217 | 100 |   Python   |",
        "unity-ads-android": "| 215 | 95 |   Java   |",
        "TerrainToolSamples": "| 208 | 39 |   C#   |",
        "Robotics-Object-Pose-Estimation": "| 206 | 68 |   Python   |",
        "2d-spriteshape-samples": "| 202 | 32 |   C#   |",
        "ROS-TCP-Connector": "| 201 | 65 |   C#   |",
        "2d-gamedemo-robodash": "| 200 | 37 |   C#   |",
        "com.unity.multiplayer.samples.bitesize": "| 198 | 81 |   C#   |",
        "AddressableAssetsWebinar": "| 191 | 81 |   ASP   |",
        "2d-animation-samples": "| 189 | 45 |   None   |",
        "com.unity.formats.fbx": "| 187 | 44 |   C#   |",
        "com.autodesk.fbx": "| 185 | 42 |   C#   |",
        "SRPBatcherBenchmark": "| 183 | 77 |   C#   |",
        "DesktopSamples": "| 183 | 74 |   C++   |",
        "vector-graphics-samples": "| 181 | 28 |   C#   |",
        "Megacity-Sample": "| 180 | 40 |   C#   |",
        "boat-attack-water": "| 174 | 40 |   C#   |",
        "MissilesPerfectMaster": "| 172 | 22 |   C#   |",
        "ToolsCollection": "| 167 | 22 |   C#   |",
        "animation-rigging-workshop-siggraph2019": "| 159 | 32 |   Mathematica   |",
        "Kinematica_Demo": "| 159 | 32 |   C#   |",
        "URDF-Importer": "| 155 | 56 |   C#   |",
        "2d-renderer-samples": "| 154 | 20 |   C#   |",
        "DOTS-Shmup3D-sample": "| 153 | 50 |   C#   |",
        "Gamekit3D": "| 151 | 50 |   C#   |",
        "TheHeretic-VFXCharacter": "| 144 | 32 |   C#   |",
        "unityscript2csharp": "| 143 | 35 |   C#   |",
        "com.unity.editoriterationprofiler": "| 141 | 12 |   C#   |",
        "katana": "| 140 | 31 |   None   |",
        "ZombieObjectDetector": "| 140 | 13 |   C#   |",
        "Classic-Sponza": "| 140 | 34 |   C#   |",
        "Git-for-Unity": "| 139 | 32 |   JavaScript   |",
        "UnityOptions": "| 138 | 9 |   C#   |",
        "com.unity.services.samples.game-lobby": "| 133 | 47 |   C#   |",
        "com.unity.services.samples": "| 132 | 62 |   None   |",
        "Q-GridWorld": "| 131 | 37 |   C#   |",
        "unity-ads-ios": "| 128 | 62 |   Objective-C   |",
        "ShaderGraph-MasterStack-Samples": "| 127 | 25 |   ShaderLab   |",
        "VehicleTools": "| 126 | 21 |   C#   |",
        "UIElementsUniteCPH2019RuntimeDemo": "| 125 | 37 |   C#   |",
        "com.unity.search.extensions": "| 121 | 13 |   C#   |",
        "ROS-TCP-Endpoint": "| 120 | 72 |   Python   |",
        "otto": "| 119 | 31 |   ShaderLab   |",
        "ConditionalCompilationUtility": "| 117 | 16 |   C#   |",
        "obstacle-tower-challenge": "| 117 | 40 |   Python   |",
        "DOTS-StreamingSamples": "| 115 | 33 |   C#   |",
        "obstacle-tower-source": "| 115 | 25 |   C#   |",
        "Onslaught": "| 113 | 18 |   C#   |",
        "AnotherThreadECS": "| 112 | 18 |   C#   |",
        "ProBuilder-API-Examples": "| 109 | 21 |   C#   |",
        "com.unity.selection-groups": "| 109 | 9 |   C#   |",
        "lua_live_coding": "| 109 | 20 |   Lua   |",
        "PerformanceBenchmarkReporter": "| 108 | 15 |   JavaScript   |",
        "com.unity.mobile.notifications": "| 107 | 42 |   C#   |",
        "DynamicResolutionSample": "| 106 | 19 |   C#   |",
        "ai-planner-samples": "| 104 | 29 |   C#   |",
        "qstat": "| 103 | 32 |   C   |",
        "monodevelop": "| 100 | 25 |   C#   |",
        "film-tv-toolbox": "| 100 | 16 |   C#   |",
        "UnityMixedCallstack": "| 99 | 8 |   C#   |",
        "BanditDungeon": "| 99 | 23 |   C#   |",
        "ScriptableRenderPipelineData": "| 99 | 34 |   C#   |",
        "XRAutomatedTests": "| 98 | 19 |   C#   |",
        "animation-rigging-advanced-character-interaction": "| 98 | 25 |   Mask   |",
        "NativeAudioPlugins": "| 98 | 21 |   C++   |",
        "PrefabAPIExamples": "| 95 | 20 |   C#   |",
        "Physical-Camera": "| 91 | 14 |   C#   |",
        "UnityTextureAccessApiExamples": "| 91 | 5 |   C#   |",
        "CharacterControllerSamples": "| 90 | 15 |   C#   |",
        "com.unity.material-switch": "| 89 | 8 |   C#   |",
        "GooglePlayLicenseVerification": "| 85 | 27 |   C#   |",
        "datasetinsights": "| 84 | 16 |   Jupyter Notebook   |",
        "pythonnet": "| 83 | 10 |   C#   |",
        "SharedSpheres": "| 82 | 25 |   C#   |",
        "probuilder-vr": "| 80 | 20 |   C#   |",
        "unitysimulation-coronavirus-example": "| 78 | 24 |   ShaderLab   |",
        "com.unity.gis.high-precision-framework": "| 78 | 9 |   HTML   |",
        "unity-inverse-dynamics-demo": "| 77 | 10 |   C#   |",
        "VHACD": "| 76 | 12 |   C++   |",
        "asset-auditing-tools": "| 74 | 10 |   C#   |",
        "UIElementsUniteLATurretDemo": "| 73 | 22 |   C#   |",
        "VHACD-deprecated": "| 72 | 20 |   C#   |",
        "unite2019-scenedatatodots": "| 70 | 16 |   C#   |",
        "GenLockProofOfConcept": "| 69 | 13 |   C#   |",
        "uaal-ar-example": "| 69 | 11 |   C#   |",
        "com.unity.ads.ios-support": "| 69 | 19 |   C#   |",
        "go-xgboost": "| 68 | 16 |   Go   |",
        "com.unity.performance-tracking": "| 68 | 5 |   C#   |",
        "HLODSystemDemo": "| 68 | 21 |   C#   |",
        "FilmSampleProject": "| 67 | 19 |   C#   |",
        "ShaderGraphFeatureDemo_LitMasterNode": "| 66 | 31 |   C#   |",
        "unity-ads": "| 64 | 44 |   None   |",
        "KdTree": "| 64 | 14 |   C#   |",
        "TimelineMarkerCustomization": "| 64 | 15 |   C#   |",
        "GenericRecorder-MovieRecorderPlugin": "| 63 | 8 |   C#   |",
        "MultiMaterial": "| 62 | 15 |   C#   |",
        "SplineToolTutorial": "| 62 | 4 |   C#   |",
        "rival-documentation": "| 62 | 2 |   None   |",
        "MonoDevelop.Debugger.Soft.Unity": "| 60 | 36 |   C#   |",
        "PotatoBenchmark": "| 59 | 9 |   C#   |",
        "monobuildtools": "| 58 | 18 |   Perl   |",
        "Timeline-MessageMarker": "| 58 | 9 |   C#   |",
        "VisualScripting": "| 57 | 6 |   None   |",
        "com.unity.cv.synthetichumans": "| 57 | 12 |   C#   |",
        "GettingStartedWithBurst-Unite2019": "| 56 | 10 |   C#   |",
        "animation-rigging-crane-example": "| 55 | 14 |   C#   |",
        "NotchSafeAreaSample": "| 55 | 16 |   C#   |",
        "lookdev-studio": "| 54 | 12 |   C#   |",
        "360-Video-Heatmaps": "| 52 | 15 |   C#   |",
        "2d-animation-v2-samples": "| 52 | 13 |   None   |",
        "com.unity.reflect.viewer": "| 52 | 88 |   C#   |",
        "barracuda-starter-kit": "| 50 | 11 |   C#   |",
        "unityscript": "| 47 | 15 |   Boo   |",
        "com.unity.cli-project-setup": "| 47 | 2 |   C#   |",
        "com.unity.simviz": "| 47 | 17 |   C#   |",
        "ios-deploy": "| 46 | 11 |   Objective-C   |",
        "ReproProjectWizard": "| 46 | 14 |   C#   |",
        "SimpleIKSolver": "| 46 | 9 |   C#   |",
        "SyntheticHomes": "| 45 | 4 |   None   |",
        "CodeEditor": "| 44 | 25 |   C#   |",
        "android-jni-bridge": "| 44 | 18 |   C++   |",
        "TimelineSignalsTutorial": "| 44 | 22 |   Mathematica   |",
        "uncrustify": "| 43 | 12 |   C++   |",
        "VR-Spectator-Sample": "| 43 | 13 |   C#   |",
        "XRInputTests": "| 43 | 8 |   C#   |",
        "com.unity.rpc": "| 43 | 2 |   C#   |",
        "rat-rnn": "| 42 | 14 |   Jupyter Notebook   |",
        "Robotics-Warehouse": "| 42 | 17 |   C#   |",
        "com.unity.multiplayer.rfcs": "| 41 | 3 |   None   |",
        "ml-agents-dodgeball-env": "| 41 | 12 |   C#   |",
        "hello-cube-ecs-training": "| 40 | 8 |   C#   |",
        "com.unity.goql": "| 40 | 3 |   C#   |",
        "HuaweiServiceSample": "| 40 | 18 |   C#   |",
        "com.unity.services.samples.matchplay": "| 40 | 11 |   C#   |",
        "bdwgc": "| 39 | 16 |   C   |",
        "go-ts3": "| 39 | 20 |   Go   |",
        "TilingRandomization": "| 39 | 3 |   HLSL   |",
        "tundra": "| 37 | 10 |   None   |",
        "roslyn": "| 36 | 9 |   C#   |",
        "NativeVersionControlPlugins": "| 36 | 10 |   C++   |",
        "com.unity.process-server": "| 35 | 4 |   C#   |",
        "UnityOBBDownloader": "| 34 | 14 |   Java   |",
        "triangle.net": "| 34 | 7 |   C#   |",
        "XRAcceptanceTests": "| 34 | 6 |   C#   |",
        "MGOBE": "| 34 | 8 |   C#   |",
        "progroups": "| 33 | 6 |   C#   |",
        "physically-based-anim-tool": "| 33 | 6 |   C#   |",
        "ILSpy": "| 32 | 12 |   C#   |",
        "go-slack": "| 32 | 5 |   Go   |",
        "video-recorder": "| 32 | 9 |   C#   |",
        "UnityTestRunnerResultsReporter": "| 32 | 9 |   JavaScript   |",
        "com.unity.immediate-window": "| 32 | 15 |   C#   |",
        "cn-playerid-docs": "| 32 | 15 |   None   |",
        "sol-games-unity-samples": "| 32 | 8 |   C#   |",
        "gametune-example-game": "| 31 | 17 |   C#   |",
        "Labs": "| 31 | 7 |   Python   |",
        "runtime": "| 31 | 4 |   C#   |",
        "com.unity.mobile.logcat": "| 29 | 7 |   C#   |",
        "com.unity.editor.tasks": "| 29 | 9 |   C#   |",
        "furioos-sdk-js": "| 29 | 13 |   JavaScript   |",
        "FlatSharp": "| 29 | 4 |   C#   |",
        "Game-Simulation-Match-3-Sample": "| 28 | 8 |   C#   |",
        "ARFoundationGDC2019": "| 27 | 10 |   C#   |",
        "protobuf": "| 27 | 7 |   C++   |",
        "quickstart-arcade": "| 27 | 6 |   C#   |",
        "glTFast": "| 27 | 5 |   C#   |",
        "input-prototype": "| 26 | 8 |   C#   |",
        "ShaderForge": "| 26 | 8 |   C#   |",
        "iOSNativeCodeSamples": "| 26 | 11 |   Objective-C++   |",
        "2D-Entities-Starter": "| 26 | 3 |   C#   |",
        "SerializableCallback": "| 26 | 6 |   C#   |",
        "UnetEncryptionExample": "| 24 | 10 |   C++   |",
        "perception-synthdet-viewer-app": "| 24 | 3 |   Swift   |",
        "com.unity.ide.vscode": "| 24 | 22 |   C#   |",
        "cecil": "| 23 | 6 |   C#   |",
        "kaizen": "| 23 | 16 |   Groovy   |",
        "glsl-optimizer": "| 23 | 8 |   C++   |",
        "linker": "| 23 | 9 |   C#   |",
        "vault-secret-fetcher": "| 23 | 2 |   Go   |",
        "ExCSS": "| 22 | 10 |   C#   |",
        "profiler-snapshot-tool": "| 22 | 5 |   C#   |",
        "furioos-sdk-unity": "| 22 | 8 |   C#   |",
        "com.unity.light-assistant": "| 21 | 5 |   C#   |",
        "AudioDemos": "| 21 | 3 |   C#   |",
        "multiplay-examples": "| 21 | 0 |   Go   |",
        "pysolotools": "| 21 | 8 |   Python   |",
        "css-layout": "| 20 | 7 |   C++   |",
        "poly2tri-cs": "| 20 | 6 |   C#   |",
        "SPIRV-Cross": "| 20 | 4 |   GLSL   |",
        "Facial-AR-Remote-Project": "| 20 | 8 |   ShaderLab   |",
        "com.unity.gis.streaming-framework": "| 20 | 2 |   HTML   |",
        "MonoDevelop.UnityMode": "| 19 | 3 |   C#   |",
        "curl": "| 19 | 13 |   C   |",
        "Tanto": "| 19 | 6 |   JavaScript   |",
        "OpenCppCoverage": "| 18 | 4 |   C++   |",
        "hlsl2glslfork": "| 17 | 10 |   C++   |",
        "Reflect-Extensions": "| 17 | 8 |   C#   |",
        "unity-relay-mirror-sample": "| 17 | 5 |   C#   |",
        "boo": "| 16 | 7 |   C#   |",
        "go-source": "| 16 | 2 |   Go   |",
        "hw18-adventuregame": "| 16 | 8 |   C#   |",
        "com.unity.asset-store-tools": "| 16 | 0 |   C#   |",
        "hot-fuzz": "| 15 | 6 |   Python   |",
        "Timeline-Cinemachine-Test-Suite": "| 15 | 7 |   C#   |",
        "open-match": "| 15 | 5 |   Go   |",
        "ReferenceRewriter": "| 14 | 4 |   C#   |",
        "NSubstitute": "| 14 | 4 |   C#   |",
        "unity-ads-cocos2dx": "| 14 | 15 |   C++   |",
        "GenericRecorder-FrameCapturerPlugin": "| 14 | 8 |   C#   |",
        "Benchmark": "| 14 | 10 |   C#   |",
        "com.unity.testframework.graphics": "| 14 | 3 |   C#   |",
        "xr.sdk.validation.input": "| 14 | 3 |   C#   |",
        "com.unity.cli-config-manager": "| 14 | 2 |   C#   |",
        "unity-gaming-services-cli": "| 14 | 3 |   C#   |",
        "7-Zip-zstd": "| 13 | 6 |   C   |",
        "TraceEventProfiler": "| 13 | 6 |   C++   |",
        "test-framework-training": "| 13 | 2 |   C#   |",
        "SimpleUIDemo": "| 13 | 7 |   C++   |",
        "unity-ml-template": "| 13 | 2 |   Python   |",
        "hw20-multiplayer-asteroid-soccer-game": "| 13 | 5 |   C#   |",
        "drone-pose-estimation-navigation": "| 13 | 2 |   C#   |",
        "unity_web_research": "| 13 | 0 |   HLSL   |",
        "com.unity.services.samples.friends": "| 13 | 5 |   ShaderLab   |",
        "steam-runtime": "| 12 | 3 |   Roff   |",
        "NSubstitute.Elevated": "| 12 | 2 |   C#   |",
        "android-libunwind": "| 12 | 4 |   C   |",
        "laptop": "| 12 | 1 |   Shell   |",
        "UnityAndroidNotchSupport": "| 12 | 3 |   C#   |",
        "Zenject": "| 12 | 1 |   C#   |",
        "debugger-libs": "| 11 | 6 |   C#   |",
        "ScriptableRenderLoopScenes": "| 11 | 5 |   GLSL   |",
        "ml-agents-dots": "| 11 | 8 |   C#   |",
        "PackageDependencyMapper": "| 11 | 2 |   C#   |",
        "pysolotools-fiftyone": "| 11 | 1 |   Python   |",
        "BenchmarkDotNet": "| 10 | 0 |   C#   |",
        "com.unity.innovationgroup.filmlib": "| 10 | 7 |   C#   |",
        "go-tensorgen": "| 10 | 1 |   Go   |",
        "mobileQA-LostCrypt-AutoPlay-Deterministic": "| 10 | 3 |   C#   |",
        "com.unity.xr-content.template-mars-platformer": "| 10 | 2 |   C#   |",
        "UnityVolumeRendering": "| 10 | 3 |   C#   |",
        "vscode-mono-debug": "| 9 | 10 |   C#   |",
        "go-battleye": "| 9 | 1 |   Go   |",
        "mono-unity": "| 9 | 3 |   C   |",
        "protopolis": "| 9 | 4 |   None   |",
        "kubernetes-deploy": "| 9 | 3 |   Go   |",
        "libpng": "| 9 | 4 |   C   |",
        "InputSystemTest": "| 9 | 1 |   C#   |",
        "furioos-sdk-unreal-engine": "| 9 | 2 |   C++   |",
        "reflect.publisher.csharp": "| 9 | 4 |   C#   |",
        "krait-signal-handler": "| 8 | 8 |   Perl   |",
        "temp-salt": "| 8 | 4 |   Python   |",
        "tk-unity": "| 8 | 2 |   Python   |",
        "com.unity.integrations.shotgrid": "| 8 | 4 |   C#   |",
        "jpt-mobile-perf-runner": "| 8 | 3 |   Python   |",
        "Keras-GAN": "| 8 | 3 |   Python   |",
        "DebugWatch": "| 8 | 3 |   GLSL   |",
        "SeamAwareDecimater": "| 8 | 1 |   C++   |",
        "unity-mediation-cocoapods-prod": "| 8 | 2 |   Ruby   |",
        "paper-ml-agents": "| 8 | 4 |   Python   |",
        "com.unity.xr-content.xr-sim-environments": "| 8 | 3 |   None   |",
        "boo-md-addins": "| 7 | 10 |   Boo   |",
        "libatomic_ops": "| 7 | 6 |   C   |",
        "editorconfig-visualstudio": "| 7 | 1 |   C#   |",
        "mysql-connector-python": "| 7 | 9 |   Python   |",
        "markdig": "| 7 | 3 |   C#   |",
        "Graphics-Test-Framework-Examples": "| 7 | 6 |   C#   |",
        "zlib": "| 7 | 3 |   C   |",
        "xxHash": "| 7 | 2 |   C   |",
        "mz-golang-backend-assignment": "| 7 | 13 |   Go   |",
        "com.unity.xr.certinputauto": "| 7 | 4 |   C#   |",
        "emunittest": "| 7 | 4 |   HTML   |",
        "com.unity.channel-client-examples": "| 7 | 2 |   JavaScript   |",
        "com.unity.platforms.wsl": "| 7 | 1 |   C#   |",
        "PS-DOTSChunkDefragmentationSample": "| 7 | 5 |   C#   |",
        "jsonnet-libs": "| 7 | 1 |   Jsonnet   |",
        "simple-exec": "| 7 | 1 |   None   |",
        "UGS-SQL-Cookbook": "| 7 | 0 |   None   |",
        "gtk": "| 6 | 3 |   C   |",
        "debugger": "| 6 | 4 |   C#   |",
        "monodevelop-build": "| 6 | 3 |   Perl   |",
        "brotli": "| 6 | 4 |   C   |",
        "Babylon.js": "| 6 | 3 |   TypeScript   |",
        "p7zip-zstd": "| 6 | 4 |   C++   |",
        "symbolstrip": "| 6 | 3 |   C#   |",
        "RadeonRays_SDK": "| 6 | 0 |   C++   |",
        "tk-config-unity": "| 6 | 2 |   Python   |",
        "Mobile-Audio-Test-Suite": "| 6 | 4 |   C#   |",
        "bgfx": "| 6 | 1 |   C++   |",
        "com.unity.xr.test-framework.performance": "| 6 | 1 |   C#   |",
        "xr.sdk.oculus.performancetests": "| 6 | 1 |   C#   |",
        "uzap": "| 6 | 3 |   Go   |",
        "perception-synthdet-torchserve": "| 6 | 2 |   Python   |",
        "FramerateSmoothnessTest": "| 6 | 1 |   C#   |",
        "URPCloudRenderingTestProject": "| 6 | 6 |   None   |",
        "PS-DOTSStructuralChangeTests": "| 6 | 2 |   C#   |",
        "tensorflow": "| 6 | 2 |   C++   |",
        "UnityMeshImporter": "| 6 | 4 |   None   |",
        "glide-pin": "| 5 | 2 |   Go   |",
        "UTF_Tests_Lighting": "| 5 | 3 |   C#   |",
        "go-cticker": "| 5 | 2 |   Go   |",
        "openrtb": "| 5 | 1 |   Go   |",
        "qtbase": "| 5 | 6 |   C++   |",
        "t4": "| 5 | 1 |   C#   |",
        "com.unity.mocks": "| 5 | 1 |   C#   |",
        "com.unity.objectid-rendering": "| 5 | 1 |   C#   |",
        "go-svrquery": "| 5 | 11 |   Go   |",
        "glfw": "| 5 | 2 |   None   |",
        "com.unity.test.metadata-manager": "| 5 | 2 |   C#   |",
        "instant-meshes": "| 5 | 2 |   None   |",
        "xr.sdk.functionaltests": "| 5 | 1 |   C#   |",
        "swiftshader": "| 5 | 1 |   C++   |",
        "com.unity.xr-content.template-training": "| 5 | 3 |   C#   |",
        "DracoUnity": "| 5 | 2 |   C#   |",
        "com.unity.ml-agents": "| 5 | 1 |   C#   |",
        "flatbuffers": "| 5 | 0 |   C++   |",
        "com.unity.services.samples.parties": "| 5 | 0 |   ShaderLab   |",
        "boo-extensions": "| 4 | 5 |   Boo   |",
        "mongo-c-driver": "| 4 | 3 |   C   |",
        "SigningHelper": "| 4 | 2 |   C#   |",
        "MonoDevelop.UnityMode-Build": "| 4 | 2 |   Perl   |",
        "omnisharp-server": "| 4 | 1 |   C#   |",
        "emscripten": "| 4 | 5 |   C   |",
        "NRefactory": "| 4 | 0 |   C#   |",
        "timetracking_app": "| 4 | 2 |   JavaScript   |",
        "Fody": "| 4 | 2 |   C#   |",
        "unittest-cpp": "| 4 | 6 |   C++   |",
        "git-unity-as": "| 4 | 5 |   Python   |",
        "libtorrent": "| 4 | 7 |   C++   |",
        "DevicePortalTool": "| 4 | 3 |   C#   |",
        "ml-agents-grpc": "| 4 | 0 |   C++   |",
        "ucs-diag-utils": "| 4 | 1 |   JavaScript   |",
        "JsonRpc.Standard": "| 4 | 1 |   C#   |",
        "QuickVideoTester": "| 4 | 2 |   C#   |",
        "SDL": "| 4 | 2 |   C   |",
        "com.unity.xr.oculusperformanceutility": "| 4 | 0 |   C#   |",
        "llvm-project": "| 4 | 3 |   C++   |",
        "frontend-developer-test": "| 4 | 24 |   JavaScript   |",
        "OnlineSurfaceReconstruction": "| 4 | 2 |   C++   |",
        "idb": "| 4 | 1 |   Objective-C   |",
        "F3Net": "| 4 | 0 |   Python   |",
        "factory_girl": "| 3 | 1 |   Ruby   |",
        "serialize_location_header": "| 3 | 3 |   Ruby   |",
        "MonoDevelop.Boo.UnityScript.Addins": "| 3 | 3 |   C#   |",
        "emscripten-fastcomp": "| 3 | 2 |   C++   |",
        "nunitv3": "| 3 | 3 |   C#   |",
        "elastic-formula": "| 3 | 1 |   HTML   |",
        "mbedtls": "| 3 | 3 |   C   |",
        "msbuild": "| 3 | 4 |   C#   |",
        "exampleunity": "| 3 | 4 |   C#   |",
        "resonance-audio": "| 3 | 1 |   C++   |",
        "corefx": "| 3 | 1 |   C#   |",
        "vault-developer": "| 3 | 1 |   Shell   |",
        "il-repack": "| 3 | 1 |   C#   |",
        "api-anaylzers": "| 3 | 2 |   None   |",
        "barracuda-burst-release": "| 3 | 1 |   None   |",
        "github-release-notes": "| 3 | 0 |   JavaScript   |",
        "buildroot": "| 3 | 4 |   Makefile   |",
        "pre-terraform-provider-orion": "| 3 | 1 |   None   |",
        "com.unity.demoteam.attributes": "| 3 | 2 |   C#   |",
        "dynapath": "| 3 | 1 |   Python   |",
        "hw20-645-videoconference-filters-soundboard-app": "| 3 | 2 |   C#   |",
        "com.unity.reflect.vr": "| 3 | 2 |   None   |",
        "electron": "| 3 | 2 |   C++   |",
        "ucb-android-sdks-testing": "| 3 | 1 |   None   |",
        "com.unity.xr-content.mars-sim-environments": "| 3 | 2 |   None   |",
        "com.unity.xr-content.template-mars-basic": "| 3 | 1 |   None   |",
        "lightning-hydra-template": "| 3 | 1 |   None   |",
        "scrcpy": "| 3 | 1 |   C   |",
        "pdf.js": "| 3 | 1 |   None   |",
        "com.unity.vs-attribution": "| 3 | 1 |   C#   |",
        "ProjNet4GeoAPI": "| 3 | 1 |   None   |",
        "kubeflow": "| 3 | 0 |   Jsonnet   |",
        "com.unity.cinecast.sample-wildwest": "| 3 | 0 |   C#   |",
        "USD": "| 3 | 0 |   C++   |",
        "generate-plantuml-action": "| 3 | 0 |   TypeScript   |",
        "MeshSyncDCCPlugins-Pipeline": "| 3 | 1 |   None   |",
        "ros2cs": "| 3 | 0 |   C#   |",
        "create-data-open-metadata": "| 3 | 0 |   None   |",
        "validates_existence_of": "| 2 | 1 |   Ruby   |",
        "panda": "| 2 | 1 |   Ruby   |",
        "mono-addins": "| 2 | 1 |   C#   |",
        "emscripten-fastcomp-clang": "| 2 | 2 |   C++   |",
        "binaryen": "| 2 | 4 |   Assembly   |",
        "unity-ads-engineintegration-test": "| 2 | 2 |   C#   |",
        "corert": "| 2 | 1 |   C#   |",
        "kafka-formula": "| 2 | 3 |   Shell   |",
        "hw2017-ab-variants-2": "| 2 | 7 |   C#   |",
        "apache-formula": "| 2 | 2 |   HTML   |",
        "go-utils": "| 2 | 1 |   Go   |",
        "UTF_Suites_Lighting": "| 2 | 2 |   None   |",
        "UTF_Suites_Animation": "| 2 | 1 |   None   |",
        "logzio-dotnet": "| 2 | 1 |   C#   |",
        "homebrew-dotnet-updatepkg": "| 2 | 3 |   F#   |",
        "procore-legacy-docs": "| 2 | 1 |   HTML   |",
        "storage-transfer-sync": "| 2 | 3 |   Python   |",
        "go-openrtb": "| 2 | 1 |   Go   |",
        "SystemWrapper": "| 2 | 1 |   C#   |",
        "pdfbox": "| 2 | 0 |   None   |",
        "devops-spinnaker-test": "| 2 | 1 |   Python   |",
        "com.unity.reflect.ar": "| 2 | 1 |   None   |",
        "com.unity.installationhelper": "| 2 | 1 |   TypeScript   |",
        "ml-test": "| 2 | 1 |   Python   |",
        "terraform-provider-artifactory": "| 2 | 1 |   None   |",
        "react-fullpage": "| 2 | 1 |   None   |",
        "RadeonImageFilter": "| 2 | 0 |   C++   |",
        "action-slack": "| 2 | 0 |   None   |",
        "renovate": "| 2 | 1 |   TypeScript   |",
        "SZZUnleashed": "| 2 | 1 |   Java   |",
        "udp": "| 2 | 1 |   None   |",
        "metrics": "| 2 | 2 |   None   |",
        "quicktype": "| 2 | 0 |   None   |",
        "liquibase": "| 2 | 1 |   None   |",
        "external-dns": "| 2 | 0 |   None   |",
        "kubeflow-github-action": "| 2 | 3 |   Python   |",
        "oneTBB": "| 2 | 0 |   C++   |",
        "AppLovin-MAX-SDK-Android": "| 2 | 0 |   Java   |",
        "download-artifact": "| 2 | 1 |   None   |",
        "escalus": "| 2 | 0 |   None   |",
        "auction-gym": "| 2 | 1 |   None   |",
        "leaky-repo": "| 2 | 0 |   None   |",
        "terraform-github-actions": "| 2 | 0 |   None   |",
        "poco": "| 2 | 0 |   None   |",
        "was_changed": "| 1 | 1 |   Ruby   |",
        "attachment_fu": "| 1 | 1 |   Ruby   |",
        "wmi": "| 1 | 2 |   Go   |",
        "websocket": "| 1 | 1 |   Go   |",
        "build-qt": "| 1 | 4 |   Perl   |",
        "user_data_app": "| 1 | 2 |   JavaScript   |",
        "dhcpd-formula": "| 1 | 1 |   HTML   |",
        "katana-dev-environment": "| 1 | 2 |   CSS   |",
        "redis-formula": "| 1 | 2 |   HTML   |",
        "grafana-formula": "| 1 | 2 |   Python   |",
        "com.unity.image-viewer": "| 1 | 2 |   None   |",
        "statsd": "| 1 | 4 |   Go   |",
        "pykube": "| 1 | 2 |   Python   |",
        "testinfra": "| 1 | 3 |   Python   |",
        "keepalived-formula": "| 1 | 2 |   HTML   |",
        "samba-formula": "| 1 | 3 |   HTML   |",
        "rsyslog-formula": "| 1 | 2 |   HTML   |",
        "memcached-formula": "| 1 | 2 |   SaltStack   |",
        "stunnel-formula": "| 1 | 2 |   HTML   |",
        "zabbix-formula": "| 1 | 2 |   HTML   |",
        "postgres-formula": "| 1 | 2 |   Python   |",
        "dante-formula": "| 1 | 2 |   HTML   |",
        "influxdb-formula": "| 1 | 2 |   HTML   |",
        "MonoProfileTools": "| 1 | 2 |   C#   |",
        "dotpackage-assistant": "| 1 | 2 |   C#   |",
        "UTF_Tests_Animation": "| 1 | 1 |   None   |",
        "ftpserver": "| 1 | 1 |   Go   |",
        "gitlab_ci_test": "| 1 | 1 |   None   |",
        "vast": "| 1 | 1 |   Go   |",
        "kubernetes-ci-cd": "| 1 | 2 |   JavaScript   |",
        "truss": "| 1 | 1 |   Go   |",
        "list": "| 1 | 0 |   Python   |",
        "googleads-mobile-android-mediation": "| 1 | 1 |   Java   |",
        "pino": "| 1 | 3 |   JavaScript   |",
        "OpenKE": "| 1 | 2 |   Python   |",
        "aec.test": "| 1 | 1 |   None   |",
        "mz-requestbin": "| 1 | 1 |   CSS   |",
        "cla-test": "| 1 | 2 |   None   |",
        "lucene-solr": "| 1 | 0 |   None   |",
        "watermill": "| 1 | 2 |   None   |",
        "gddo": "| 1 | 0 |   Go   |",
        "goreportcard": "| 1 | 1 |   Go   |",
        "cla-assistant": "| 1 | 0 |   None   |",
        "com.unity.xr.test.runtimesettings": "| 1 | 1 |   C#   |",
        "hgwebcachingproxy": "| 1 | 1 |   Python   |",
        "grpc-go": "| 1 | 0 |   None   |",
        "grafana": "| 1 | 0 |   None   |",
        "com.unity.test.performance.runtimesettings": "| 1 | 1 |   C#   |",
        "repotest123": "| 1 | 0 |   None   |",
        "gen-playerid-stats": "| 1 | 0 |   None   |",
        "go-pingdom": "| 1 | 1 |   None   |",
        "format": "| 1 | 0 |   None   |",
        "china-connected-games": "| 1 | 1 |   None   |",
        "duplicate-bug-report-detection-kk": "| 1 | 1 |   None   |",
        "terraform-provider-kubernetes": "| 1 | 0 |   Go   |",
        "yasm": "| 1 | 1 |   None   |",
        "Buildserver1987": "| 1 | 1 |   None   |",
        "mz-gamerai-reducer": "| 1 | 1 |   None   |",
        "charts": "| 1 | 0 |   Go   |",
        "ios-sdk": "| 1 | 1 |   None   |",
        "CocoaPods": "| 1 | 1 |   None   |",
        "ucb-tests-ghostly-toast-github": "| 1 | 1 |   C#   |",
        "S22.Xmpp": "| 1 | 1 |   None   |",
        "mz-helm-imply": "| 1 | 1 |   Mustache   |",
        "deploy-sourcegraph": "| 1 | 0 |   None   |",
        "helm-unittest": "| 1 | 0 |   None   |",
        "DataflowTemplates": "| 1 | 0 |   None   |",
        "emsdk": "| 1 | 0 |   None   |",
        "godruid": "| 1 | 2 |   Go   |",
        "gremlin-helm": "| 1 | 1 |   Mustache   |",
        "dtls": "| 1 | 1 |   Go   |",
        "gh-pr-content-checker": "| 1 | 2 |   None   |",
        "electron-notarize": "| 1 | 0 |   None   |",
        "opentelemetry-collector-contrib": "| 1 | 1 |   Go   |",
        "backstage-upstream-fork": "| 1 | 1 |   None   |",
        "eslint-plugin-react": "| 1 | 0 |   None   |",
        "avro4s": "| 1 | 0 |   None   |",
        "ccentral4j-1": "| 1 | 1 |   None   |",
        "sloop": "| 1 | 0 |   None   |",
        "kompose": "| 1 | 0 |   None   |",
        "kube_remediator": "| 1 | 1 |   None   |",
        "pyrra": "| 1 | 0 |   Go   |",
        "saramaprom": "| 1 | 0 |   Go   |",
        "AppLovin-MAX-SDK-iOS": "| 1 | 1 |   Objective-C   |",
        "distribution": "| 1 | 0 |   None   |",
        "opentelemetry-cpp": "| 1 | 1 |   C++   |",
        "ibus": "| 1 | 0 |   None   |",
        "mnesia_json": "| 1 | 0 |   None   |",
        "FlexLayout": "| 1 | 0 |   None   |",
        "vcpkg": "| 1 | 1 |   None   |",
        "protoc-gen-bq-schema": "| 1 | 0 |   Go   |",
        "lager_rsyslog": "| 1 | 0 |   Erlang   |",
        "mongoose_jid": "| 1 | 0 |   None   |",
        "jx3-terraform-gke": "| 1 | 0 |   HCL   |",
        "migrate": "| 1 | 0 |   Go   |",
        "cost-analyzer-helm-chart": "| 1 | 0 |   Mustache   |",
        "enumer": "| 1 | 0 |   Go   |",
        "librdkafka": "| 1 | 0 |   None   |",
        "batch-publishing-node": "| 1 | 0 |   JavaScript   |",
        "OpenTimelineIO-C-Bindings": "| 1 | 0 |   None   |",
        "octodns-googlecloud": "| 1 | 0 |   Python   |",
        "pipelines": "| 1 | 0 |   Python   |",
        "WindowsDevicePortalWrapper": "| 1 | 0 |   None   |",
        "ct-react-test": "| 1 | 0 |   JavaScript   |",
        "hunter": "| 1 | 0 |   None   |",
        "public-support-scripts": "| 1 | 0 |   None   |",
        "zapdriver": "| 1 | 0 |   Go   |",
        "terraform-google-ingress-to-gke-internal": "| 1 | 0 |   None   |",
        "terraform-google-backend-to-gke-internal": "| 1 | 0 |   None   |",
        "terraform-google-http-ingress-internal": "| 1 | 0 |   None   |",
        "terraform-google-certificate-map-simple-internal": "| 1 | 0 |   None   |",
        "go-lager-internal": "| 1 | 0 |   None   |",
        "tools-gcp-internal": "| 1 | 0 |   None   |",
        "go-tutl-internal": "| 1 | 0 |   None   |",
        "gradle": "| 0 | 2 |   Java   |",
        "php-pango": "| 0 | 1 |   C   |",
        "puppet-homes": "| 0 | 1 |   Ruby   |",
        "puppet-nginx": "| 0 | 0 |   Ruby   |",
        "puppetlabs-concat": "| 0 | 0 |   Ruby   |",
        "puppet-pkgng": "| 0 | 0 |   Ruby   |",
        "goamz": "| 0 | 2 |   Go   |",
        "nginx-helper-remote-cache": "| 0 | 1 |   PHP   |",
        "hooktftp": "| 0 | 1 |   Go   |",
        "django-storages": "| 0 | 1 |   Python   |",
        "winsvc": "| 0 | 2 |   Go   |",
        "puppetlabs-postgresql": "| 0 | 0 |   Ruby   |",
        "golang-sys": "| 0 | 2 |   Go   |",
        "go-ole": "| 0 | 2 |   Go   |",
        "puppet-redis": "| 0 | 0 |   Puppet   |",
        "puppetlabs-mcollective": "| 0 | 0 |   Ruby   |",
        "xmlrpc": "| 0 | 2 |   Go   |",
        "puppetlabs-rabbitmq": "| 0 | 0 |   Ruby   |",
        "puppetdb": "| 0 | 0 |   Clojure   |",
        "puppetlabs-puppetdb": "| 0 | 0 |   Puppet   |",
        "testify": "| 0 | 1 |   Go   |",
        "garethr-docker": "| 0 | 0 |   Ruby   |",
        "veewee": "| 0 | 0 |   Shell   |",
        "puppet-module-puppetboard": "| 0 | 1 |   Puppet   |",
        "gometalinter": "| 0 | 1 |   Go   |",
        "hubot-pager-me": "| 0 | 0 |   CoffeeScript   |",
        "puppetlabs-registry": "| 0 | 0 |   Ruby   |",
        "zabbix-community-docker": "| 0 | 1 |   Shell   |",
        "nunitv2": "| 0 | 1 |   C#   |",
        "docker-lloyd": "| 0 | 2 |   Python   |",
        "docker-insurance": "| 0 | 2 |   Python   |",
        "nginx-range-cache": "| 0 | 4 |   C   |",
        "django-courriers": "| 0 | 1 |   Python   |",
        "mfsbsd": "| 0 | 1 |   Makefile   |",
        "python-mailchimp": "| 0 | 1 |   Python   |",
        "zabbix-docker-monitoring": "| 0 | 1 |   C   |",
        "redigo": "| 0 | 2 |   Go   |",
        "celerybeatredis": "| 0 | 2 |   Python   |",
        "requests-aws4auth": "| 0 | 1 |   Python   |",
        "puppet-kapacitor": "| 0 | 1 |   Puppet   |",
        "celery": "| 0 | 0 |   Python   |",
        "golja-influxdb": "| 0 | 2 |   Puppet   |",
        "vividcortex-puppet": "| 0 | 1 |   Puppet   |",
        "infping": "| 0 | 2 |   Go   |",
        "elastalert": "| 0 | 0 |   Python   |",
        "smokeping-formula": "| 0 | 2 |   SaltStack   |",
        "logrus": "| 0 | 0 |   Go   |",
        "puppet-rsyslog": "| 0 | 1 |   Ruby   |",
        "rabbitmq-formula": "| 0 | 2 |   SaltStack   |",
        "sensu-formula": "| 0 | 2 |   Ruby   |",
        "brotli.js": "| 0 | 1 |   JavaScript   |",
        "runc": "| 0 | 0 |   Go   |",
        "reference-assemblies": "| 0 | 3 |   None   |",
        "sun-java-formula": "| 0 | 2 |   SaltStack   |",
        "zookeeper-formula": "| 0 | 2 |   SaltStack   |",
        "nginx-formula": "| 0 | 3 |   SaltStack   |",
        "haproxy-formula": "| 0 | 2 |   HTML   |",
        "salt-formula-glusterfs": "| 0 | 2 |   SaltStack   |",
        "telegraf-formula": "| 0 | 2 |   HTML   |",
        "artifactory-formula": "| 0 | 2 |   SaltStack   |",
        "consul-formula": "| 0 | 3 |   SaltStack   |",
        "ntp-formula": "| 0 | 2 |   SaltStack   |",
        "bind-formula": "| 0 | 2 |   SaltStack   |",
        "salt-java-formula": "| 0 | 2 |   SaltStack   |",
        "flex": "| 0 | 2 |   C   |",
        "go-rrd": "| 0 | 1 |   Go   |",
        "redsync": "| 0 | 1 |   Go   |",
        "influxdata-docker": "| 0 | 1 |   Shell   |",
        "proxysql": "| 0 | 0 |   C++   |",
        "sqlx": "| 0 | 1 |   Go   |",
        "googleads-mobile-ios-mediation": "| 0 | 1 |   Objective-C   |",
        "go-edac": "| 0 | 3 |   Go   |",
        "go-countrycode": "| 0 | 1 |   Go   |",
        "go-languagecode": "| 0 | 1 |   Go   |",
        "terraform-provider-ansible": "| 0 | 1 |   None   |"
    }
}