{
    "company": "Vanguard",
    "h-index": 3,
    "repo count": 7,
    "contributor count": 7,
    "size": "todo",
    "employee count": "todo",
    "country": "Valley Forge, PA",
    "top language": "Java",
    "repos": {
        "behave-asl": "| 14 | 0 |   Gherkin   |",
        "jira-workflowcouncil-addon": "| 4 | 3 |   Java   |",
        "selenium-automation-framework.lib": "| 3 | 0 |   Java   |",
        "sql_translate": "| 3 | 1 |   Python   |",
        "lambda-debug-logging": "| 1 | 0 |   Python   |",
        "jira-workflowcouncil-inttests": "| 0 | 0 |   Java   |",
        ".github": "| 0 | 0 |   None   |"
    }
}