{
    "company": "Veeva Systems",
    "h-index": 3,
    "repo count": 19,
    "contributor count": 9,
    "size": "todo",
    "employee count": "todo",
    "country": null,
    "top language": "Java",
    "repos": {
        "vault-api-library": "| 12 | 3 |   Java   |",
        "vaultjavasdk-maven-plugin": "| 4 | 7 |   Java   |",
        "vsdk-service-basics": "| 4 | 3 |   Java   |",
        "vsdk-helloworld": "| 2 | 7 |   Java   |",
        "vsdk-spark-integration-rules-sample": "| 2 | 4 |   Java   |",
        "vsdk-spark-doc-copy-sample": "| 2 | 1 |   Java   |",
        "Vault-Kanban-Board": "| 2 | 2 |   JavaScript   |",
        "vsdk-object-sample": "| 1 | 3 |   Java   |",
        "vsdk-spark-v2v-sample": "| 1 | 4 |   Java   |",
        "vsdk-spark-external-aws-sample": "| 1 | 6 |   Java   |",
        "vault-log-analyzer": "| 1 | 0 |   Java   |",
        "vsdk-document-sample": "| 0 | 2 |   Java   |",
        "vsdk-translation-service-sample": "| 0 | 1 |   Java   |",
        "vsdk-user-defined-service-sample": "| 0 | 1 |   Java   |",
        "vsdk-job-service-sample": "| 0 | 1 |   Java   |",
        "vsdk-user-defined-model-sample": "| 0 | 2 |   Java   |",
        "vsdk-object-metadata-service-sample": "| 0 | 1 |   Java   |",
        "Vault-Holiday-VPK": "| 0 | 2 |   None   |",
        "CRM-MyInsights-CDE-Examples": "| 0 | 0 |   JavaScript   |"
    }
}