{
    "company": "Vercel",
    "h-index": 73,
    "repo count": 126,
    "contributor count": 3147,
    "size": "todo",
    "employee count": "todo",
    "country": "Global",
    "top language": "JavaScript",
    "repos": {
        "next.js": "| 105984 | 23855 |   JavaScript   |",
        "hyper": "| 40865 | 3430 |   TypeScript   |",
        "swr": "| 26674 | 1058 |   TypeScript   |",
        "pkg": "| 23245 | 992 |   JavaScript   |",
        "turbo": "| 21261 | 1429 |   Rust   |",
        "vercel": "| 10565 | 1805 |   TypeScript   |",
        "micro": "| 10420 | 511 |   TypeScript   |",
        "serve": "| 8644 | 717 |   TypeScript   |",
        "satori": "| 8074 | 138 |   TypeScript   |",
        "ncc": "| 7861 | 269 |   JavaScript   |",
        "styled-jsx": "| 7414 | 312 |   JavaScript   |",
        "commerce": "| 7230 | 2603 |   TypeScript   |",
        "ms": "| 4557 | 268 |   TypeScript   |",
        "og-image": "| 3994 | 1293 |   TypeScript   |",
        "release": "| 3514 | 146 |   JavaScript   |",
        "nextjs-subscription-payments": "| 3204 | 623 |   TypeScript   |",
        "hazel": "| 2757 | 272 |   JavaScript   |",
        "next-plugins": "| 2668 | 336 |   None   |",
        "platforms": "| 2655 | 276 |   TypeScript   |",
        "examples": "| 2544 | 769 |   TypeScript   |",
        "virtual-event-starter-kit": "| 2039 | 378 |   TypeScript   |",
        "next-learn": "| 1854 | 1312 |   JavaScript   |",
        "async-retry": "| 1663 | 63 |   JavaScript   |",
        "app-playground": "| 1381 | 335 |   TypeScript   |",
        "arg": "| 1137 | 54 |   JavaScript   |",
        "nft": "| 933 | 69 |   JavaScript   |",
        "avatar": "| 875 | 58 |   TypeScript   |",
        "next-react-server-components": "| 836 | 130 |   JavaScript   |",
        "server-components-notes-demo": "| 692 | 75 |   JavaScript   |",
        "micro-dev": "| 691 | 78 |   JavaScript   |",
        "react-keyframes": "| 612 | 36 |   TypeScript   |",
        "hyperpower": "| 596 | 133 |   JavaScript   |",
        "edge-runtime": "| 579 | 50 |   TypeScript   |",
        "async-sema": "| 560 | 29 |   TypeScript   |",
        "title": "| 547 | 41 |   JavaScript   |",
        "static-fun": "| 542 | 58 |   TypeScript   |",
        "fetch": "| 517 | 23 |   JavaScript   |",
        "vrs": "| 501 | 81 |   TypeScript   |",
        "serve-handler": "| 497 | 88 |   JavaScript   |",
        "nextjs-portfolio-starter": "| 482 | 200 |   JavaScript   |",
        "style-guide": "| 443 | 12 |   JavaScript   |",
        "swr-site": "| 430 | 336 |   JavaScript   |",
        "fun": "| 423 | 21 |   TypeScript   |",
        "spr-landing": "| 398 | 68 |   CSS   |",
        "hyper-site": "| 384 | 188 |   JavaScript   |",
        "pkg-fetch": "| 353 | 173 |   TypeScript   |",
        "mongodb-starter": "| 350 | 101 |   TypeScript   |",
        "reactions": "| 298 | 46 |   JavaScript   |",
        "storage": "| 279 | 14 |   TypeScript   |",
        "email-prompt": "| 274 | 28 |   JavaScript   |",
        "analytics": "| 266 | 11 |   TypeScript   |",
        "sveltekit-commerce": "| 256 | 30 |   Svelte   |",
        "nextjs-planetscale-nextauth-tailwindcss-template": "| 238 | 68 |   TypeScript   |",
        "nextjs-mysql-auth-starter": "| 229 | 60 |   TypeScript   |",
        "fetch-retry": "| 222 | 18 |   JavaScript   |",
        "uid-promise": "| 221 | 18 |   TypeScript   |",
        "git-hooks": "| 188 | 10 |   JavaScript   |",
        "zsh-theme": "| 169 | 30 |   None   |",
        "remote-cache": "| 160 | 8 |   TypeScript   |",
        "cosmosdb-server": "| 158 | 29 |   TypeScript   |",
        "update-check": "| 157 | 16 |   JavaScript   |",
        "test-listen": "| 150 | 19 |   JavaScript   |",
        "install-node": "| 132 | 28 |   Shell   |",
        "title-site": "| 115 | 21 |   JavaScript   |",
        "err-sh": "| 95 | 18 |   JavaScript   |",
        "commerce-framework": "| 94 | 21 |   TypeScript   |",
        "terraform-provider-vercel": "| 94 | 16 |   Go   |",
        "preview-mode-demo": "| 86 | 18 |   TypeScript   |",
        "webpack-asset-relocator-loader": "| 84 | 32 |   JavaScript   |",
        "hyperyellow": "| 83 | 43 |   JavaScript   |",
        "community": "| 83 | 4 |   None   |",
        "beginner-sveltekit": "| 79 | 11 |   JavaScript   |",
        "nextjs-discord-bot": "| 76 | 23 |   TypeScript   |",
        "schemas": "| 73 | 27 |   JavaScript   |",
        "next-codemod": "| 62 | 3 |   JavaScript   |",
        "nuxt3-kitchen-sink": "| 59 | 3 |   Vue   |",
        "wait-for": "| 42 | 4 |   C   |",
        "tracing-js": "| 40 | 2 |   TypeScript   |",
        "dns-cached-resolve": "| 37 | 9 |   TypeScript   |",
        "fetch-cached-dns": "| 34 | 10 |   JavaScript   |",
        "example-integration": "| 33 | 24 |   JavaScript   |",
        "resolve-node": "| 29 | 12 |   JavaScript   |",
        "remark-capitalize": "| 28 | 6 |   JavaScript   |",
        "otel": "| 28 | 1 |   TypeScript   |",
        "xterm.js": "| 24 | 10 |   TypeScript   |",
        "body-scroll-lock": "| 24 | 4 |   JavaScript   |",
        "rcurl": "| 22 | 4 |   Shell   |",
        "release-auth": "| 20 | 7 |   JavaScript   |",
        "gatsby-plugin-vercel": "| 19 | 3 |   JavaScript   |",
        "stripe-integration": "| 18 | 10 |   TypeScript   |",
        "cert-demo": "| 17 | 5 |   TypeScript   |",
        "go-bridge": "| 15 | 7 |   Go   |",
        "remix": "| 15 | 4 |   TypeScript   |",
        "cosmosdb-query": "| 13 | 8 |   TypeScript   |",
        "actions": "| 13 | 8 |   Ruby   |",
        "react-maskedinput": "| 11 | 2 |   JavaScript   |",
        "json-schema-to-ts": "| 11 | 3 |   TypeScript   |",
        "jsonpath": "| 9 | 3 |   JavaScript   |",
        "react-jsx-parser": "| 9 | 3 |   JavaScript   |",
        "sqsmv": "| 9 | 2 |   Go   |",
        "vscode-material-icon-theme": "| 8 | 2 |   None   |",
        "reflio": "| 8 | 2 |   JavaScript   |",
        "lua-aws": "| 7 | 2 |   Lua   |",
        "response": "| 7 | 3 |   JavaScript   |",
        "SyslogPro": "| 7 | 4 |   TypeScript   |",
        "redis-semaphore": "| 6 | 4 |   JavaScript   |",
        "sqs-consumer": "| 6 | 3 |   TypeScript   |",
        "cla": "| 6 | 2 |   None   |",
        "has-changed-path": "| 6 | 2 |   None   |",
        "workshop-reacthaton": "| 5 | 12 |   TypeScript   |",
        "turbo-private": "| 5 | 1 |   None   |",
        "xopt": "| 4 | 3 |   C   |",
        "rollup-plugin-commonjs": "| 4 | 4 |   JavaScript   |",
        "amazon-kinesis-client-nodejs": "| 4 | 2 |   None   |",
        ".github": "| 4 | 12 |   None   |",
        "opentelemetry-collector-dev-setup": "| 4 | 0 |   Shell   |",
        "lua-resty-template": "| 3 | 2 |   Lua   |",
        "terraform-aws-eks": "| 3 | 2 |   HCL   |",
        "algolite": "| 3 | 4 |   JavaScript   |",
        "busted": "| 3 | 3 |   Lua   |",
        "clabot-config": "| 3 | 2 |   None   |",
        "hitbot": "| 3 | 0 |   TypeScript   |",
        "terraform-provider-preset": "| 3 | 0 |   Go   |",
        "azure-sdk-for-js": "| 2 | 1 |   None   |",
        "lua-bcrypt": "| 2 | 2 |   None   |",
        "tsyringe": "| 1 | 0 |   None   |"
    }
}