{
    "company": "Veritone, Inc.",
    "h-index": 4,
    "repo count": 83,
    "contributor count": 1532,
    "size": "todo",
    "employee count": "todo",
    "country": "575 Anton Suite 100, Costa Mesa, CA 92626",
    "top language": "Go",
    "repos": {
        "ds-transcription-capstone": "| 22 | 20 |   None   |",
        "veritone-sdk": "| 19 | 7 |   JavaScript   |",
        "veritone-app-boilerplate-react": "| 5 | 5 |   JavaScript   |",
        "veritone-sample-app-react": "| 4 | 1 |   JavaScript   |",
        "docker_auth": "| 2 | 0 |   Go   |",
        "veritone-sample-engine-py": "| 2 | 0 |   Python   |",
        "veritone-sample-engine-yolo": "| 2 | 0 |   Python   |",
        "task-rt-test-engine": "| 2 | 0 |   Go   |",
        "cis-ubuntu-ansible": "| 1 | 1 |   Python   |",
        "docker-gc": "| 1 | 0 |   Shell   |",
        "wav2letter": "| 1 | 0 |   C++   |",
        "V3-Engine-Examples": "| 1 | 0 |   Go   |",
        "audd-go": "| 1 | 0 |   Go   |",
        "comfy_gallery": "| 0 | 2 |   Ruby   |",
        "devise-async": "| 0 | 0 |   Ruby   |",
        "active_i18n": "| 0 | 0 |   Ruby   |",
        "veritone-sentiment": "| 0 | 0 |   Go   |",
        "task-veritone-sentiment-server-legacy": "| 0 | 0 |   Go   |",
        "node-azure-media": "| 0 | 0 |   JavaScript   |",
        "elastic.js": "| 0 | 1 |   JavaScript   |",
        "slate": "| 0 | 0 |   JavaScript   |",
        "r-h2o": "| 0 | 0 |   None   |",
        "go-logger": "| 0 | 0 |   Go   |",
        "opencv": "| 0 | 0 |   C++   |",
        "json-config": "| 0 | 0 |   Go   |",
        "amz": "| 0 | 0 |   Go   |",
        "nsqd-prometheus-exporter": "| 0 | 1 |   Go   |",
        "wercker-step-install-aws-cli": "| 0 | 0 |   Shell   |",
        "distribution-library-image": "| 0 | 0 |   Shell   |",
        "ansible-hardening": "| 0 | 0 |   Python   |",
        "nexus3-rundeck-plugin": "| 0 | 0 |   Java   |",
        "veritone-sample-engine-amazon": "| 0 | 1 |   JavaScript   |",
        "swarmprom": "| 0 | 0 |   Shell   |",
        "amazon-kinesis-video-streams-producer-sdk-cpp": "| 0 | 0 |   C++   |",
        "API-Java-SDK": "| 0 | 0 |   Java   |",
        "go-messaging-lib": "| 0 | 2 |   Go   |",
        "kms-cmake-utils": "| 0 | 0 |   CMake   |",
        "kms-core": "| 0 | 0 |   C   |",
        "kms-elements": "| 0 | 0 |   C   |",
        "kms-filters": "| 0 | 0 |   C   |",
        "kms-jsonrpc": "| 0 | 0 |   C++   |",
        "kurento-media-server": "| 0 | 0 |   C++   |",
        "kurento-module-creator": "| 0 | 0 |   Java   |",
        "elastigo": "| 0 | 0 |   Go   |",
        "nsqjs": "| 0 | 0 |   JavaScript   |",
        "core-messages": "| 0 | 1 |   JavaScript   |",
        "DeepSpeech": "| 0 | 1 |   C++   |",
        "react-native-webrtc": "| 0 | 0 |   Objective-C   |",
        "wazee-subtitle": "| 0 | 0 |   Java   |",
        "tagger": "| 0 | 0 |   Go   |",
        "homebrew-veritone": "| 0 | 0 |   Ruby   |",
        "graphql": "| 0 | 1 |   Go   |",
        "ansible-role-cis-amazon-linux": "| 0 | 0 |   Python   |",
        "redis_exporter": "| 0 | 0 |   Go   |",
        "veritone-node-red": "| 0 | 0 |   HTML   |",
        "curlew": "| 0 | 0 |   Go   |",
        "whiteboard-bench": "| 0 | 0 |   JavaScript   |",
        "veritone-interview-boilerplate": "| 0 | 0 |   JavaScript   |",
        "veritone-sdk-types": "| 0 | 0 |   None   |",
        "graphql_java_gen": "| 0 | 0 |   Java   |",
        "veritone-sample-app-netlify": "| 0 | 7 |   JavaScript   |",
        "flashlight": "| 0 | 0 |   C++   |",
        "veritone-dev-session-override": "| 0 | 0 |   JavaScript   |",
        "vocalid-espeak-ng": "| 0 | 0 |   C   |",
        "redux-dynamic-modules-api-middleware-fixed": "| 0 | 0 |   JavaScript   |",
        "iron_core_node": "| 0 | 0 |   CoffeeScript   |",
        "iron_worker_node": "| 0 | 0 |   CoffeeScript   |",
        "translation-benchmark": "| 0 | 0 |   Go   |",
        "install-x": "| 0 | 0 |   None   |",
        "slackin": "| 0 | 0 |   JavaScript   |",
        "rollup-plugin-typescript-paths": "| 0 | 0 |   TypeScript   |",
        "hubot-jenkins-connector": "| 0 | 0 |   None   |",
        "docsify-sidebar-collapse": "| 0 | 0 |   None   |",
        "githubaction-duplicate-files": "| 0 | 0 |   Shell   |",
        "aiware-integration": "| 0 | 0 |   None   |",
        "vocalid-audiowmark": "| 0 | 0 |   None   |",
        "aiwarejs-vanilla-boilerplate": "| 0 | 0 |   HTML   |",
        "superset": "| 0 | 0 |   TypeScript   |",
        "asatraitis-exercise": "| 0 | 0 |   Go   |",
        "scheduled-job-updater": "| 0 | 0 |   None   |",
        "enterprise-serverless-playground": "| 0 | 0 |   TypeScript   |",
        "redux-dynamic-modules": "| 0 | 0 |   None   |",
        "sync_s3": "| 0 | 0 |   None   |"
    }
}