{
    "company": "Video.js",
    "h-index": 29,
    "repo count": 72,
    "contributor count": 672,
    "size": "todo",
    "employee count": "todo",
    "country": null,
    "top language": "JavaScript",
    "repos": {
        "video.js": "| 35542 | 7362 |   JavaScript   |",
        "videojs-contrib-hls": "| 2808 | 816 |   JavaScript   |",
        "http-streaming": "| 2230 | 404 |   JavaScript   |",
        "videojs-youtube": "| 1053 | 550 |   JavaScript   |",
        "mux.js": "| 943 | 197 |   JavaScript   |",
        "videojs-vr": "| 454 | 126 |   JavaScript   |",
        "m3u8-parser": "| 380 | 93 |   JavaScript   |",
        "videojs-contrib-ads": "| 366 | 258 |   JavaScript   |",
        "video-js-swf": "| 338 | 323 |   JavaScript   |",
        "videojs-playlist": "| 330 | 124 |   JavaScript   |",
        "videojs-contrib-dash": "| 287 | 126 |   JavaScript   |",
        "videojs-overlay": "| 224 | 89 |   JavaScript   |",
        "videojs-flash": "| 215 | 55 |   JavaScript   |",
        "videojs-vimeo": "| 191 | 208 |   JavaScript   |",
        "videojs-contrib-eme": "| 168 | 64 |   JavaScript   |",
        "hls-fetcher": "| 157 | 47 |   JavaScript   |",
        "videojs-contrib-media-sources": "| 145 | 117 |   JavaScript   |",
        "videojs-contrib-quality-levels": "| 134 | 47 |   JavaScript   |",
        "thumbcoil": "| 118 | 26 |   JavaScript   |",
        "videojs-playlist-ui": "| 117 | 68 |   HTML   |",
        "themes": "| 113 | 55 |   CSS   |",
        "videojs-errors": "| 83 | 30 |   JavaScript   |",
        "generator-videojs-plugin": "| 76 | 40 |   JavaScript   |",
        "mpd-parser": "| 66 | 49 |   JavaScript   |",
        "vtt.js": "| 60 | 42 |   JavaScript   |",
        "font": "| 56 | 76 |   CSS   |",
        "murphy": "| 55 | 11 |   JavaScript   |",
        "videojs.com": "| 54 | 77 |   JavaScript   |",
        "designer": "| 40 | 29 |   JavaScript   |",
        "aes-decrypter": "| 29 | 12 |   JavaScript   |",
        "videojs-contextmenu-ui": "| 28 | 16 |   JavaScript   |",
        "videojs-playbackrate-adjuster": "| 24 | 5 |   JavaScript   |",
        "cdn": "| 23 | 14 |   JavaScript   |",
        "ie8": "| 23 | 38 |   JavaScript   |",
        "video.js-component": "| 14 | 24 |   JavaScript   |",
        "docs": "| 13 | 16 |   JavaScript   |",
        "videojs-adaptive": "| 10 | 9 |   JavaScript   |",
        "plugin-concat": "| 9 | 4 |   JavaScript   |",
        "videojs-settings-menu": "| 8 | 8 |   JavaScript   |",
        "doc-generator": "| 7 | 7 |   JavaScript   |",
        "videojs-media-session": "| 7 | 7 |   JavaScript   |",
        "thumb.co.il": "| 7 | 3 |   JavaScript   |",
        "videojs-4to5": "| 6 | 5 |   JavaScript   |",
        "standard": "| 5 | 6 |   JavaScript   |",
        "vhs-utils": "| 5 | 5 |   JavaScript   |",
        "grunt-videojs-languages": "| 4 | 4 |   JavaScript   |",
        "standard-format": "| 4 | 3 |   JavaScript   |",
        "videojs-placeholder": "| 4 | 4 |   None   |",
        "remark-preset-lint-videojs": "| 4 | 1 |   JavaScript   |",
        "blog": "| 3 | 13 |   Stylus   |",
        "webwackify": "| 3 | 3 |   JavaScript   |",
        "videojs-generate-rollup-config": "| 3 | 9 |   JavaScript   |",
        "videojs-languages": "| 2 | 6 |   JavaScript   |",
        "eslint-config-videojs": "| 2 | 5 |   JavaScript   |",
        "autoplay-tests": "| 2 | 4 |   HTML   |",
        "tooling": "| 2 | 2 |   JavaScript   |",
        "spellbook": "| 1 | 6 |   JavaScript   |",
        "conventional-changelog-videojs": "| 1 | 4 |   JavaScript   |",
        "ffrwd": "| 1 | 0 |   None   |",
        "videojs-bundler-sample": "| 1 | 1 |   JavaScript   |",
        "generator-helpers": "| 1 | 1 |   None   |",
        "xhr": "| 1 | 3 |   JavaScript   |",
        "babel-config": "| 1 | 3 |   JavaScript   |",
        ".github": "| 1 | 2 |   None   |",
        "ops": "| 0 | 0 |   None   |",
        "videojs-qs": "| 0 | 1 |   JavaScript   |",
        "videojs-generate-karma-config": "| 0 | 2 |   JavaScript   |",
        "videojs-generate-postcss-config": "| 0 | 2 |   JavaScript   |",
        "videojs-generator-verify": "| 0 | 4 |   JavaScript   |",
        "update-changelog": "| 0 | 1 |   JavaScript   |",
        "admin": "| 0 | 0 |   None   |",
        "rfcs": "| 0 | 0 |   None   |"
    }
}