{
    "company": "Vimeo",
    "h-index": 38,
    "repo count": 102,
    "contributor count": 2161,
    "size": "todo",
    "employee count": "todo",
    "country": "New York, NY",
    "top language": "Go",
    "repos": {
        "psalm": "| 5199 | 611 |   PHP   |",
        "player.js": "| 1335 | 261 |   JavaScript   |",
        "graph-explorer": "| 1067 | 99 |   Python   |",
        "php-mysql-engine": "| 532 | 42 |   PHP   |",
        "player-api": "| 450 | 430 |   None   |",
        "vimeo.php": "| 434 | 206 |   PHP   |",
        "laravel": "| 364 | 87 |   PHP   |",
        "stag-java": "| 353 | 36 |   Java   |",
        "VIMVideoPlayer": "| 279 | 64 |   Objective-C   |",
        "vimeo.js": "| 257 | 77 |   JavaScript   |",
        "vimeo-oembed-examples": "| 236 | 140 |   HTML   |",
        "vimeo.py": "| 203 | 86 |   Python   |",
        "vimeo-unity-sdk": "| 199 | 47 |   C#   |",
        "graphite-influxdb": "| 198 | 38 |   Python   |",
        "timeserieswidget": "| 195 | 18 |   JavaScript   |",
        "vimeo-php-lib": "| 180 | 80 |   PHP   |",
        "tailgate": "| 163 | 10 |   JavaScript   |",
        "PlayerKit": "| 155 | 48 |   Swift   |",
        "ABLincoln": "| 151 | 17 |   PHP   |",
        "vimeo-networking-java": "| 119 | 51 |   Kotlin   |",
        "py-money": "| 114 | 25 |   Python   |",
        "tattletale.js": "| 85 | 13 |   JavaScript   |",
        "VimeoNetworking": "| 82 | 50 |   Swift   |",
        "vimeo-threejs-player": "| 82 | 22 |   JavaScript   |",
        "aframe-vimeo-component": "| 79 | 23 |   JavaScript   |",
        "vimeo-depth-player": "| 78 | 14 |   JavaScript   |",
        "simple-black-box": "| 66 | 4 |   Shell   |",
        "VimeoUpload": "| 58 | 24 |   Swift   |",
        "libvmod-boltsort": "| 57 | 15 |   C   |",
        "smoketcp": "| 57 | 15 |   Go   |",
        "whisper-to-influxdb": "| 57 | 12 |   Go   |",
        "VIMNetworking": "| 57 | 29 |   Objective-C   |",
        "pentagon": "| 57 | 8 |   Go   |",
        "galaxycache": "| 52 | 9 |   Go   |",
        "carbon-tagger": "| 49 | 4 |   Go   |",
        "vimeo-depth-viewer": "| 49 | 10 |   C++   |",
        "go-util": "| 43 | 11 |   Go   |",
        "Blueprint": "| 40 | 8 |   None   |",
        "graphite-api-influxdb-docker": "| 38 | 13 |   Shell   |",
        "iris": "| 38 | 16 |   TypeScript   |",
        "go-magic": "| 33 | 4 |   Go   |",
        "rollup-plugin-bundle-size": "| 25 | 12 |   JavaScript   |",
        "vimeo-maxmsp": "| 22 | 5 |   Max   |",
        "VIMDeeplink": "| 16 | 7 |   Swift   |",
        "openapi": "| 15 | 12 |   None   |",
        "puppet-diamond": "| 14 | 6 |   Puppet   |",
        "nagios-cloudwatch-plugin": "| 14 | 27 |   Python   |",
        "l-smash": "| 14 | 3 |   C   |",
        "elevator": "| 11 | 2 |   Rust   |",
        "puppet-statsd": "| 10 | 9 |   Puppet   |",
        "VIMUpload": "| 10 | 10 |   Objective-C   |",
        "VIMObjectMapper": "| 9 | 5 |   Objective-C   |",
        "go-hammer": "| 9 | 3 |   Go   |",
        "babel-plugin-transform-i18n": "| 9 | 7 |   JavaScript   |",
        "dials": "| 8 | 1 |   Go   |",
        "go-taglog": "| 7 | 2 |   Go   |",
        "ios-labs-staffpicks": "| 6 | 2 |   Swift   |",
        "tusd": "| 6 | 2 |   Go   |",
        "netstorage": "| 5 | 2 |   Go   |",
        "docker-skyline": "| 5 | 3 |   Python   |",
        "Uniform": "| 5 | 3 |   Swift   |",
        "grouplogger": "| 5 | 2 |   Go   |",
        "go-clocks": "| 5 | 1 |   Go   |",
        "graphite-web": "| 4 | 0 |   JavaScript   |",
        "graph-explorer-docker": "| 4 | 3 |   Shell   |",
        "eslint-config-player": "| 4 | 3 |   JavaScript   |",
        "zendesk-ticket-history": "| 4 | 7 |   JavaScript   |",
        "alog": "| 4 | 3 |   Go   |",
        "caps": "| 4 | 0 |   Go   |",
        "leaderelection": "| 4 | 3 |   Go   |",
        "go-iccjpeg": "| 3 | 3 |   Go   |",
        "go-imgparse": "| 3 | 3 |   Go   |",
        "bosun": "| 3 | 1 |   Go   |",
        "graphite-go": "| 3 | 2 |   Go   |",
        "go-retry": "| 3 | 2 |   Go   |",
        "vimeo-live-player-examples": "| 3 | 2 |   HTML   |",
        "omnipay-bluesnap": "| 2 | 5 |   PHP   |",
        "payment-gateway-logger": "| 2 | 4 |   PHP   |",
        "av1stats": "| 2 | 1 |   Rust   |",
        "Diamond": "| 1 | 0 |   Python   |",
        "swift": "| 1 | 1 |   Python   |",
        "vimeo-deeplink-android": "| 1 | 1 |   Java   |",
        "policy": "| 1 | 0 |   None   |",
        "omnipay-vindicia": "| 1 | 7 |   PHP   |",
        "VimeoCommon": "| 1 | 0 |   None   |",
        "gomemcache": "| 1 | 0 |   Go   |",
        "genepool": "| 1 | 3 |   Go   |",
        "k8swatcher": "| 1 | 2 |   Go   |",
        "shaka-player": "| 1 | 1 |   None   |",
        "fastlane": "| 1 | 0 |   None   |",
        "supplygoat": "| 1 | 1 |   None   |",
        "grunt-blanket-mocha": "| 0 | 1 |   JavaScript   |",
        "docker-squid": "| 0 | 1 |   Shell   |",
        "tornado": "| 0 | 2 |   None   |",
        "slack": "| 0 | 0 |   None   |",
        "athens": "| 0 | 1 |   None   |",
        "danger": "| 0 | 1 |   None   |",
        "CombineExt": "| 0 | 2 |   None   |",
        "go-retryablehttp": "| 0 | 0 |   Go   |",
        "mkcert": "| 0 | 1 |   Go   |",
        "pycaption": "| 0 | 0 |   Python   |",
        "terragoat": "| 0 | 2 |   None   |"
    }
}