{
    "company": "Sloth",
    "h-index": 21,
    "repo count": 25,
    "contributor count": 334,
    "size": "todo",
    "employee count": "todo",
    "country": null,
    "top language": "JavaScript",
    "repos": {
        "page.js": "| 7597 | 719 |   JavaScript   |",
        "move.js": "| 4714 | 707 |   JavaScript   |",
        "node-progress": "| 2875 | 230 |   JavaScript   |",
        "masteringnode": "| 1834 | 262 |   JavaScript   |",
        "express-resource": "| 1413 | 148 |   JavaScript   |",
        "uikit": "| 1323 | 117 |   JavaScript   |",
        "deploy": "| 1149 | 142 |   Shell   |",
        "screenshot-app": "| 853 | 110 |   JavaScript   |",
        "expresso": "| 761 | 96 |   JavaScript   |",
        "bytes.js": "| 429 | 59 |   JavaScript   |",
        "node-jscoverage": "| 399 | 42 |   C++   |",
        "batch": "| 318 | 58 |   JavaScript   |",
        "stack": "| 313 | 13 |   Go   |",
        "express-messages": "| 263 | 43 |   JavaScript   |",
        "google-search": "| 255 | 57 |   Ruby   |",
        "express-params": "| 146 | 9 |   JavaScript   |",
        "stats": "| 78 | 7 |   JavaScript   |",
        "histogram": "| 69 | 8 |   JavaScript   |",
        "go-debug": "| 56 | 5 |   Go   |",
        "minstache": "| 54 | 14 |   JavaScript   |",
        "go-hpc": "| 29 | 3 |   Go   |",
        "connect-render": "| 17 | 10 |   JavaScript   |",
        "spinner": "| 14 | 3 |   JavaScript   |",
        "koa": "| 3 | 2 |   JavaScript   |",
        "readme": "| 1 | 1 |   None   |"
    }
}