{
    "company": "VMware",
    "h-index": 50,
    "repo count": 210,
    "contributor count": 1597,
    "size": "todo",
    "employee count": "todo",
    "country": "Palo Alto, CA",
    "top language": "Go",
    "repos": {
        "photon": "| 2804 | 698 |   Python   |",
        "govmomi": "| 2096 | 853 |   Go   |",
        "pyvmomi": "| 2046 | 761 |   Python   |",
        "open-vm-tools": "| 1975 | 403 |   C   |",
        "differential-datalog": "| 1260 | 107 |   Java   |",
        "pyvmomi-community-samples": "| 949 | 899 |   Python   |",
        "PowerCLI-Example-Scripts": "| 693 | 577 |   PowerShell   |",
        "vsphere-automation-sdk-python": "| 661 | 291 |   Python   |",
        "vic": "| 638 | 179 |   Go   |",
        "splinterdb": "| 565 | 40 |   C   |",
        "burp-rest-api": "| 532 | 116 |   Java   |",
        "concord-bft": "| 359 | 149 |   C++   |",
        "versatile-data-kit": "| 331 | 35 |   Python   |",
        "chap": "| 318 | 40 |   C++   |",
        "kube-fluentd-operator": "| 311 | 92 |   Go   |",
        "vsphere-automation-sdk-java": "| 180 | 127 |   Java   |",
        "goipmi": "| 178 | 50 |   Go   |",
        "database-stream-processor": "| 173 | 16 |   Rust   |",
        "vic-product": "| 167 | 93 |   RobotFramework   |",
        "pyvcloud": "| 159 | 192 |   Python   |",
        "vcd-cli": "| 159 | 103 |   Python   |",
        "mangle": "| 152 | 49 |   Java   |",
        "ansible-for-nsxt": "| 150 | 125 |   Python   |",
        "weathervane": "| 148 | 38 |   Java   |",
        "vmware-go-kcl": "| 138 | 57 |   Go   |",
        "dscr-for-vmware": "| 135 | 43 |   PowerShell   |",
        "terraform-provider-vcd": "| 119 | 100 |   Go   |",
        "ansible-module-vcloud-director": "| 103 | 80 |   Python   |",
        "tdnf": "| 101 | 44 |   C   |",
        "dod-compliance-and-automation": "| 99 | 44 |   Ruby   |",
        "declarative-cluster-management": "| 95 | 15 |   Java   |",
        "terraform-provider-nsxt": "| 91 | 69 |   Go   |",
        "powerclicore": "| 90 | 48 |   Dockerfile   |",
        "terraform-provider-vra": "| 85 | 86 |   Go   |",
        "hamlet": "| 82 | 12 |   None   |",
        "container-service-extension": "| 77 | 55 |   Python   |",
        "go-nfs-client": "| 75 | 37 |   Go   |",
        "open-vmdk": "| 74 | 27 |   Python   |",
        "load-balancer-and-ingress-services-for-kubernetes": "| 72 | 48 |   Go   |",
        "clarity-city": "| 71 | 13 |   CSS   |",
        "nsx-t-datacenter-ci-pipelines": "| 70 | 46 |   Python   |",
        "vrealize-developer-tools": "| 69 | 20 |   TypeScript   |",
        "flowgate": "| 67 | 31 |   Java   |",
        "nsx-powerops": "| 66 | 34 |   Python   |",
        "go-vcloud-director": "| 66 | 65 |   Go   |",
        "singleton": "| 64 | 60 |   Java   |",
        "alb-sdk": "| 60 | 67 |   Java   |",
        "transport-go": "| 60 | 17 |   Go   |",
        "esx-boot": "| 53 | 16 |   C   |",
        "go-vmware-nsxt": "| 51 | 24 |   Go   |",
        "node-replication": "| 50 | 13 |   Rust   |",
        "ansible-security-hardening": "| 49 | 22 |   None   |",
        "te-ns": "| 48 | 5 |   C   |",
        "idm": "| 47 | 28 |   None   |",
        "bitfusion-with-kubernetes-integration": "| 46 | 20 |   Go   |",
        "replay-app-for-tvos": "| 45 | 9 |   Swift   |",
        "vcd-ext-sdk": "| 42 | 42 |   TypeScript   |",
        "vmw-guestinfo": "| 40 | 16 |   Go   |",
        "photon-docker-image": "| 40 | 16 |   Shell   |",
        "data-annotator-for-machine-learning": "| 38 | 15 |   TypeScript   |",
        "harbor-boshrelease": "| 37 | 22 |   Shell   |",
        "terraform-provider-vra7": "| 37 | 37 |   Go   |",
        "c-rest-engine": "| 36 | 10 |   C   |",
        "terraform-provider-tanzu-mission-control": "| 34 | 21 |   Go   |",
        "nsx-alb-datascript-samples-library": "| 33 | 16 |   Lua   |",
        "script-runtime-service-for-vsphere": "| 32 | 7 |   Smalltalk   |",
        "vrops-export": "| 31 | 13 |   Java   |",
        "photon-packer-templates": "| 30 | 22 |   HCL   |",
        "nerpa": "| 30 | 2 |   Rust   |",
        "terraform-provider-avi": "| 29 | 30 |   Go   |",
        "ansible-vsphere-gos-validation": "| 29 | 22 |   Python   |",
        "cluster-api-provider-cloud-director": "| 29 | 23 |   Go   |",
        "vidm-saml-toolkit": "| 27 | 12 |   Java   |",
        "powershell-module-for-vmware-cloud-foundation": "| 27 | 11 |   JavaScript   |",
        "nsx-container-plugin-operator": "| 27 | 22 |   Go   |",
        "likewise-open": "| 26 | 31 |   C   |",
        "ansible-etcd-cluster": "| 26 | 16 |   HTML   |",
        "json-template-engine": "| 26 | 7 |   C++   |",
        "vsphere-automation-sdk-go": "| 26 | 17 |   Go   |",
        "vic-ui": "| 25 | 23 |   TypeScript   |",
        "vmware-cloud-director-ui-components": "| 25 | 27 |   TypeScript   |",
        "rules_oss_audit": "| 24 | 8 |   Starlark   |",
        "vsphere-guest-run": "| 23 | 11 |   Python   |",
        "network-config-manager": "| 23 | 7 |   C   |",
        "go-ipfix": "| 23 | 17 |   Go   |",
        "sql-to-dbsp-compiler": "| 23 | 2 |   Java   |",
        "vmware-openapi-generator": "| 22 | 17 |   Python   |",
        "python-client-for-vmware-cloud-on-aws": "| 22 | 18 |   Python   |",
        "cloud-director-named-disk-csi-driver": "| 21 | 21 |   Go   |",
        "workflowTools": "| 20 | 9 |   Java   |",
        "terraform-provider-vmc": "| 20 | 26 |   Go   |",
        "nsx-advanced-load-balancer-tools": "| 19 | 14 |   Python   |",
        "django-yamlconf": "| 18 | 4 |   Python   |",
        "safekeeping": "| 18 | 17 |   Java   |",
        "global-load-balancing-services-for-kubernetes": "| 18 | 17 |   Go   |",
        "crest": "| 18 | 5 |   CSS   |",
        "build-tools-for-vmware-aria": "| 18 | 5 |   Java   |",
        "upgrade-framework": "| 17 | 13 |   Java   |",
        "vra-sdk-go": "| 17 | 8 |   Python   |",
        "ansible-coreos-bootstrap": "| 16 | 11 |   Shell   |",
        "nsx-integration-for-openshift": "| 16 | 7 |   Python   |",
        "vhpc-toolkit": "| 16 | 7 |   Python   |",
        "kernel-event-collector-module": "| 16 | 8 |   C   |",
        "ansible-coreos-setup": "| 15 | 6 |   None   |",
        "test-automation-for-web-applications": "| 15 | 6 |   JavaScript   |",
        "pmd": "| 14 | 13 |   Go   |",
        "trace-cruncher": "| 14 | 8 |   C   |",
        "network-event-broker": "| 14 | 4 |   Go   |",
        "smb-connector": "| 13 | 6 |   C++   |",
        "ansible-aws-greengrass": "| 13 | 5 |   Dockerfile   |",
        "bare-metal-server-integration-with-nsxt": "| 13 | 8 |   Shell   |",
        "ansible-collection-alb": "| 13 | 12 |   Python   |",
        "cloud-provider-for-cloud-director": "| 13 | 19 |   Go   |",
        "ansible-coreos-kubernetes-master": "| 12 | 12 |   Jinja   |",
        "network-insight-sdk-generic-datasources": "| 12 | 9 |   Python   |",
        "transport": "| 12 | 4 |   None   |",
        "service-level-indicator-exporter-for-kafka": "| 12 | 1 |   Go   |",
        "software-forensic-kit": "| 11 | 3 |   Java   |",
        "vsan-integration-for-prometheus": "| 11 | 7 |   Python   |",
        "antrea-operator-for-kubernetes": "| 11 | 8 |   Go   |",
        "vmware-go-kcl-v2": "| 11 | 11 |   Go   |",
        "powershell-module-for-vmware-cloud-foundation-reporting": "| 11 | 3 |   PowerShell   |",
        "captive-web-view": "| 10 | 5 |   Swift   |",
        "virtual-disks": "| 10 | 17 |   Go   |",
        "ml-ops-platform-for-vsphere": "| 10 | 8 |   Jupyter Notebook   |",
        "guest-introspection-nsx": "| 9 | 6 |   C   |",
        "vmware-log-collectors-for-public-cloud": "| 9 | 18 |   JavaScript   |",
        "terraform-provider-wavefront": "| 9 | 22 |   Go   |",
        "cloud-director-extension-standard-library": "| 9 | 0 |   TypeScript   |",
        "o11n-plugin-crypto": "| 8 | 4 |   Java   |",
        "vrealize-suite-lifecycle-manager-sdk": "| 8 | 6 |   None   |",
        "vcd-api-schemas": "| 8 | 16 |   XSLT   |",
        "vcd-api-tools": "| 8 | 13 |   Java   |",
        "photon-os-installer": "| 8 | 9 |   Python   |",
        "database-stream-processor-compiler": "| 8 | 0 |   Rust   |",
        "vmware-aria-operations-integration-sdk": "| 8 | 0 |   Python   |",
        "fluent-plugin-vmware-loginsight": "| 7 | 13 |   Ruby   |",
        "go-reminders": "| 7 | 10 |   Go   |",
        "bitfusion-license-manager-for-kubernetes": "| 7 | 2 |   Go   |",
        "photonos-netmgr": "| 6 | 7 |   C   |",
        "vsphere-automation-sdk": "| 6 | 5 |   None   |",
        "cloud-to-edge": "| 6 | 2 |   None   |",
        "clarity-assets": "| 6 | 7 |   None   |",
        "fluent-plugin-vmware-log-intelligence": "| 6 | 10 |   Ruby   |",
        "vrealize-orchestrator-plugin-for-alb": "| 6 | 5 |   Java   |",
        "network-insight-sdk-python": "| 6 | 5 |   Python   |",
        "container-service-extension-templates": "| 6 | 14 |   Shell   |",
        "carbon-black-adapter-for-harbor": "| 6 | 2 |   Go   |",
        "saas-functional-testing-framework": "| 6 | 0 |   Java   |",
        "terraform-provider-vcf": "| 6 | 1 |   Go   |",
        "ansible-fleet-cluster": "| 5 | 5 |   None   |",
        "ansible-flannel": "| 5 | 8 |   None   |",
        "ansible-coreos-kubelet": "| 5 | 11 |   Shell   |",
        "copenapi": "| 5 | 4 |   C   |",
        "xpath-for-json": "| 5 | 6 |   Java   |",
        "transport-typescript": "| 5 | 5 |   TypeScript   |",
        "slices-for-redux": "| 5 | 2 |   TypeScript   |",
        "cloud-director-java-clients": "| 5 | 10 |   Java   |",
        "cloud-network-setup": "| 5 | 2 |   Go   |",
        "carbon-black-cloud-container-cli": "| 5 | 6 |   Go   |",
        "vmware-powercli-for-vmware-cloud-disaster-recovery": "| 5 | 0 |   C#   |",
        "terraform-vsphere-avi-alb-deployment-vsphere": "| 5 | 3 |   Smarty   |",
        "powershell-module-for-vmware-cloud-foundation-power-management": "| 5 | 3 |   PowerShell   |",
        "vivace": "| 4 | 4 |   Makefile   |",
        "ansible-coreos-autofs": "| 4 | 4 |   None   |",
        "ansible-role-microsoft-azure-iot": "| 4 | 2 |   Dockerfile   |",
        "ansible-role-microsoft-azure-edge": "| 4 | 5 |   Dockerfile   |",
        "ansible-role-cloud-to-edge-vm": "| 4 | 2 |   Dockerfile   |",
        "cloud-to-edge-automation": "| 4 | 1 |   HTML   |",
        "cloud-to-edge-concourse-deploy": "| 4 | 4 |   Jinja   |",
        "cloud-director-ext-emulators": "| 4 | 5 |   TypeScript   |",
        "terraform-avi-nia-module": "| 4 | 2 |   HCL   |",
        "distributed-apps-platform": "| 4 | 5 |   Python   |",
        ".github": "| 4 | 12 |   None   |",
        "terraform-google-avi-alb-deployment-gcp": "| 4 | 0 |   HCL   |",
        "terraform-aws-avi-alb-deployment-aws": "| 4 | 2 |   Smarty   |",
        "powershell-module-for-vmware-cloud-foundation-password-management": "| 4 | 1 |   PowerShell   |",
        "ansible-etcd-ca": "| 3 | 6 |   None   |",
        "ansible-coreos-kubernetes-minion": "| 3 | 4 |   Shell   |",
        "cloud-to-edge-config-ui": "| 3 | 1 |   TypeScript   |",
        "wavefront-plugin-for-jenkins": "| 3 | 6 |   Java   |",
        "generic-sidecar-injector": "| 3 | 2 |   Go   |",
        "cloud-director-typescript-clients": "| 3 | 7 |   TypeScript   |",
        "transport-java": "| 3 | 4 |   Java   |",
        "terraform-azurerm-avi-alb-deployment-azure": "| 3 | 0 |   Smarty   |",
        "ansible-kubernetes-ca": "| 2 | 7 |   Jinja   |",
        "LittleProxy": "| 2 | 5 |   HTML   |",
        "test-operations": "| 2 | 3 |   Java   |",
        "ansible-role-greengrass-awscli": "| 2 | 2 |   HTML   |",
        "ansible-role-greengrass-init": "| 2 | 2 |   Dockerfile   |",
        "perl-net-sharepoint-basic": "| 2 | 2 |   Perl   |",
        "vmaccel": "| 2 | 4 |   C   |",
        "documentation-injector": "| 2 | 2 |   Python   |",
        "eslint-config-vmware-react": "| 2 | 1 |   JavaScript   |",
        "queue-for-redux-saga": "| 2 | 1 |   JavaScript   |",
        "code-stream-cli": "| 2 | 2 |   Go   |",
        "gssapi-unix": "| 2 | 3 |   C   |",
        "commit-validator-for-gerrit": "| 2 | 2 |   Java   |",
        "bridgeql": "| 2 | 3 |   Python   |",
        "pmd-next-gen": "| 2 | 2 |   Go   |",
        "powershell-module-for-vmware-cloud-foundation-certificate-management": "| 2 | 1 |   PowerShell   |",
        "vcf-sdk-go": "| 2 | 0 |   Shell   |",
        "photon-checksum-generator": "| 1 | 2 |   C   |",
        "app-control-event-kernel-module": "| 1 | 2 |   C   |",
        "metadata-reaper-for-kafka": "| 1 | 0 |   Go   |",
        "salt-native-minion-for-arista": "| 0 | 0 |   Shell   |",
        "salt-native-minion-for-juniper": "| 0 | 0 |   Python   |",
        "salt-native-minion-for-solaris-10": "| 0 | 0 |   Shell   |",
        "salt-native-minion-for-solaris-11": "| 0 | 0 |   Shell   |",
        "salt-native-minion-for-aix": "| 0 | 0 |   Shell   |"
    }
}