{
    "company": "vuejs",
    "h-index": 83,
    "repo count": 120,
    "contributor count": 5146,
    "size": "todo",
    "employee count": "todo",
    "country": "All Over the World",
    "top language": "JavaScript",
    "repos": {
        "vue": "| 203544 | 33714 |   TypeScript   |",
        "awesome-vue": "| 68553 | 9333 |   None   |",
        "core": "| 37470 | 6857 |   TypeScript   |",
        "vue-cli": "| 29637 | 6440 |   JavaScript   |",
        "vuex": "| 28024 | 9595 |   JavaScript   |",
        "devtools": "| 23617 | 4100 |   TypeScript   |",
        "vuepress": "| 21506 | 4778 |   JavaScript   |",
        "vue-router": "| 18981 | 5175 |   JavaScript   |",
        "vue-hackernews-2.0": "| 10980 | 2228 |   JavaScript   |",
        "pinia": "| 10441 | 799 |   TypeScript   |",
        "petite-vue": "| 7729 | 318 |   TypeScript   |",
        "vitepress": "| 7609 | 1405 |   TypeScript   |",
        "apollo": "| 5828 | 520 |   JavaScript   |",
        "vue-class-component": "| 5808 | 433 |   TypeScript   |",
        "vetur": "| 5682 | 592 |   TypeScript   |",
        "v2.vuejs.org": "| 5077 | 3567 |   JavaScript   |",
        "vue-loader": "| 4935 | 926 |   TypeScript   |",
        "rfcs": "| 4679 | 562 |   None   |",
        "language-tools": "| 4536 | 275 |   TypeScript   |",
        "composition-api": "| 4123 | 357 |   TypeScript   |",
        "eslint-plugin-vue": "| 4066 | 635 |   JavaScript   |",
        "vue-test-utils": "| 3560 | 683 |   JavaScript   |",
        "vuefire": "| 3540 | 322 |   TypeScript   |",
        "vue-rx": "| 3322 | 202 |   JavaScript   |",
        "router": "| 2896 | 948 |   TypeScript   |",
        "vue-touch": "| 2734 | 404 |   JavaScript   |",
        "vuex-router-sync": "| 2531 | 139 |   JavaScript   |",
        "vue-hackernews": "| 2515 | 534 |   Vue   |",
        "create-vue": "| 2276 | 269 |   Vue   |",
        "docs": "| 2243 | 3075 |   Vue   |",
        "v2.cn.vuejs.org": "| 1860 | 3533 |   JavaScript   |",
        "babel-plugin-transform-vue-jsx": "| 1833 | 145 |   JavaScript   |",
        "babel-plugin-jsx": "| 1550 | 136 |   TypeScript   |",
        "vue-syntax-highlight": "| 1484 | 237 |   None   |",
        "jsx-vue2": "| 1414 | 95 |   JavaScript   |",
        "vue-docs-zh-cn": "| 1343 | 203 |   None   |",
        "ui": "| 1321 | 96 |   Vue   |",
        "vueify": "| 1177 | 159 |   JavaScript   |",
        "vue-web-component-wrapper": "| 1026 | 106 |   JavaScript   |",
        "docs-next-zh-cn": "| 960 | 893 |   Vue   |",
        "roadmap": "| 851 | 43 |   None   |",
        "rollup-plugin-vue": "| 842 | 157 |   TypeScript   |",
        "vue-jest": "| 738 | 157 |   JavaScript   |",
        "test-utils": "| 684 | 192 |   TypeScript   |",
        "vue-migration-helper": "| 594 | 68 |   JavaScript   |",
        "repl": "| 570 | 90 |   TypeScript   |",
        "vue-dev-server": "| 565 | 35 |   TypeScript   |",
        "vue2-ssr-docs": "| 560 | 244 |   None   |",
        "vue-hot-reload-api": "| 465 | 58 |   JavaScript   |",
        "vue-animated-list": "| 464 | 52 |   JavaScript   |",
        "vue-next-webpack-preview": "| 430 | 127 |   JavaScript   |",
        "vue-async-data": "| 419 | 39 |   JavaScript   |",
        "vue-eslint-parser": "| 380 | 75 |   TypeScript   |",
        "vue-component-compiler": "| 343 | 52 |   TypeScript   |",
        "vue-cli-plugin-vue-next": "| 340 | 24 |   JavaScript   |",
        "eslint-config-vue": "| 326 | 96 |   JavaScript   |",
        "component-compiler-utils": "| 311 | 72 |   TypeScript   |",
        "vue-test-utils-jest-example": "| 299 | 91 |   JavaScript   |",
        "vue-template-explorer": "| 262 | 23 |   Vue   |",
        "events": "| 247 | 82 |   Vue   |",
        "jp.vuejs.org": "| 244 | 260 |   JavaScript   |",
        "tsconfig": "| 233 | 23 |   None   |",
        "vue-codemod": "| 230 | 45 |   TypeScript   |",
        "vue-style-loader": "| 227 | 67 |   JavaScript   |",
        "blog": "| 221 | 56 |   Vue   |",
        "vue-element": "| 206 | 227 |   JavaScript   |",
        "v3-migration-guide": "| 206 | 24 |   JavaScript   |",
        "vue-curated": "| 177 | 61 |   None   |",
        "theme": "| 169 | 73 |   Vue   |",
        "Discussion": "| 168 | 17 |   None   |",
        "preload-webpack-plugin": "| 166 | 30 |   JavaScript   |",
        "vuex-observable": "| 155 | 22 |   JavaScript   |",
        "composition-api-converter": "| 145 | 10 |   JavaScript   |",
        "vue-issue-helper": "| 143 | 49 |   Vue   |",
        "babel-preset-vue-app": "| 124 | 25 |   JavaScript   |",
        "art": "| 115 | 32 |   None   |",
        "laravel-elixir-vue-2": "| 106 | 20 |   JavaScript   |",
        "vue-router-demos": "| 106 | 35 |   Vue   |",
        "composition-api-rfc": "| 106 | 40 |   JavaScript   |",
        "vue-test-utils-mocha-webpack-example": "| 105 | 53 |   JavaScript   |",
        "eslint-plugin-vue-libs": "| 103 | 34 |   JavaScript   |",
        "eslint-config-typescript": "| 89 | 23 |   JavaScript   |",
        "babel-preset-vue": "| 86 | 11 |   JavaScript   |",
        "vue-test-utils-getting-started": "| 81 | 45 |   JavaScript   |",
        "vue-webpack-meteor-example": "| 78 | 21 |   Vue   |",
        "vue-html-loader": "| 76 | 17 |   JavaScript   |",
        "vue-requests": "| 69 | 6 |   None   |",
        "vue-curated-client": "| 66 | 17 |   Vue   |",
        "news.vuejs.org": "| 62 | 28 |   Vue   |",
        "ecosystem-ci": "| 60 | 8 |   TypeScript   |",
        "vue-template-es2015-compiler": "| 59 | 23 |   JavaScript   |",
        "eslint-config-airbnb": "| 58 | 13 |   JavaScript   |",
        "vue-test-utils-typescript-example": "| 55 | 31 |   Vue   |",
        "eslint-config-prettier": "| 47 | 7 |   JavaScript   |",
        "vue-ssr-html-stream": "| 40 | 9 |   HTML   |",
        "eslint-config-standard": "| 39 | 13 |   JavaScript   |",
        "create-eslint-config": "| 39 | 2 |   JavaScript   |",
        "it.vuejs.org": "| 34 | 28 |   JavaScript   |",
        "systemjs-plugin-vue": "| 34 | 11 |   JavaScript   |",
        "test-utils-docs": "| 32 | 19 |   JavaScript   |",
        "vue-curated-server": "| 31 | 9 |   JavaScript   |",
        "create-vue-templates": "| 31 | 7 |   Vue   |",
        "regression-testing": "| 30 | 11 |   Shell   |",
        "babel-helper-vue-jsx-merge-props": "| 29 | 16 |   JavaScript   |",
        "vue-ci-image": "| 28 | 18 |   Dockerfile   |",
        "vue-template-validator": "| 26 | 13 |   JavaScript   |",
        "todomvc": "| 23 | 13 |   JavaScript   |",
        "conventional-changelog": "| 21 | 9 |   JavaScript   |",
        "governance": "| 15 | 9 |   None   |",
        "vuedesk-bundle": "| 13 | 3 |   None   |",
        "v1.vuejs.org": "| 10 | 10 |   HTML   |",
        "012.vuejs.org": "| 9 | 16 |   HTML   |",
        "011.vuejs.org": "| 9 | 7 |   HTML   |",
        "insert-css": "| 8 | 8 |   JavaScript   |",
        "gitbook-plugin-theme-vuejs": "| 7 | 6 |   CSS   |",
        "012-cn.vuejs.org": "| 5 | 16 |   HTML   |",
        "v1-jp.vuejs.org": "| 5 | 7 |   JavaScript   |",
        "v1-cn.vuejs.org": "| 5 | 6 |   JavaScript   |",
        "vue.js.org": "| 4 | 3 |   HTML   |",
        "vue-cli-wiki": "| 3 | 3 |   None   |"
    }
}