{
    "company": "World Wide Web Consortium",
    "h-index": 102,
    "repo count": 1010,
    "contributor count": 3223,
    "size": "todo",
    "employee count": "todo",
    "country": "World Wide Web",
    "top language": "HTML",
    "repos": {
        "csswg-drafts": "| 3956 | 638 |   Bikeshed   |",
        "IntersectionObserver": "| 3616 | 569 |   Bikeshed   |",
        "ServiceWorker": "| 3602 | 346 |   HTML   |",
        "html": "| 1846 | 596 |   HTML   |",
        "css-houdini-drafts": "| 1820 | 161 |   Bikeshed   |",
        "epubcheck": "| 1320 | 384 |   Java   |",
        "aria-practices": "| 1014 | 242 |   HTML   |",
        "webauthn": "| 958 | 184 |   HTML   |",
        "activitypub": "| 892 | 61 |   HTML   |",
        "webappsec-change-password-url": "| 877 | 27 |   Bikeshed   |",
        "wcag": "| 839 | 206 |   HTML   |",
        "webcodecs": "| 712 | 109 |   HTML   |",
        "webtransport": "| 694 | 58 |   Bikeshed   |",
        "clreq": "| 665 | 63 |   HTML   |",
        "svgwg": "| 650 | 139 |   HTML   |",
        "respec": "| 648 | 422 |   JavaScript   |",
        "webdriver": "| 638 | 198 |   HTML   |",
        "manifest": "| 621 | 177 |   HTML   |",
        "webappsec": "| 573 | 177 |   HTML   |",
        "aria": "| 555 | 130 |   HTML   |",
        "trusted-types": "| 540 | 72 |   JavaScript   |",
        "chinese-ig": "| 529 | 194 |   HTML   |",
        "webextensions": "| 482 | 42 |   HTML   |",
        "payment-request": "| 479 | 175 |   HTML   |",
        "trace-context": "| 431 | 78 |   Python   |",
        "musicxml": "| 428 | 60 |   XSLT   |",
        "webrtc-pc": "| 416 | 129 |   HTML   |",
        "web-performance": "| 388 | 77 |   HTML   |",
        "web-advertising": "| 379 | 77 |   HTML   |",
        "did-core": "| 370 | 94 |   HTML   |",
        "webappsec-permissions-policy": "| 368 | 159 |   Bikeshed   |",
        "web-share": "| 350 | 74 |   HTML   |",
        "miniapp": "| 339 | 47 |   HTML   |",
        "Mobile-Checker": "| 315 | 105 |   JavaScript   |",
        "picture-in-picture": "| 299 | 43 |   Bikeshed   |",
        "web-nfc": "| 284 | 72 |   HTML   |",
        "websub": "| 280 | 60 |   HTML   |",
        "wai-tutorials": "| 279 | 237 |   JavaScript   |",
        "epub-specs": "| 261 | 67 |   HTML   |",
        "paint-timing": "| 251 | 28 |   None   |",
        "webcrypto": "| 246 | 69 |   HTML   |",
        "webpayments": "| 244 | 78 |   HTML   |",
        "EasierRDF": "| 244 | 20 |   Python   |",
        "danmaku": "| 243 | 16 |   HTML   |",
        "activitystreams": "| 241 | 68 |   HTML   |",
        "media-source": "| 241 | 69 |   HTML   |",
        "vc-data-model": "| 229 | 95 |   HTML   |",
        "longtasks": "| 227 | 31 |   Bikeshed   |",
        "IndexedDB": "| 221 | 81 |   Bikeshed   |",
        "webidl2.js": "| 216 | 67 |   JavaScript   |",
        "web-of-things-framework": "| 209 | 71 |   JavaScript   |",
        "wot": "| 202 | 130 |   HTML   |",
        "webdriver-bidi": "| 193 | 28 |   Bikeshed   |",
        "smufl": "| 190 | 37 |   HTML   |",
        "silver": "| 189 | 38 |   HTML   |",
        "web-share-target": "| 188 | 26 |   HTML   |",
        "webappsec-csp": "| 186 | 90 |   HTML   |",
        "web-roadmaps": "| 185 | 50 |   HTML   |",
        "css-validator": "| 183 | 107 |   Java   |",
        "webref": "| 182 | 66 |   JavaScript   |",
        "editing": "| 175 | 40 |   HTML   |",
        "encrypted-media": "| 163 | 93 |   HTML   |",
        "csvw": "| 159 | 57 |   HTML   |",
        "browser-specs": "| 156 | 37 |   JavaScript   |",
        "html-aria": "| 153 | 53 |   HTML   |",
        "w3c-api": "| 152 | 108 |   HTML   |",
        "push-api": "| 142 | 51 |   HTML   |",
        "clipboard-apis": "| 141 | 39 |   HTML   |",
        "sdw": "| 140 | 84 |   HTML   |",
        "wcag21": "| 139 | 69 |   HTML   |",
        "elements-of-html": "| 135 | 32 |   HTML   |",
        "web-annotation": "| 134 | 38 |   HTML   |",
        "automotive": "| 134 | 66 |   HTML   |",
        "webvtt.js": "| 133 | 51 |   JavaScript   |",
        "strategy": "| 132 | 65 |   None   |",
        "w3c.github.io": "| 130 | 49 |   HTML   |",
        "uievents": "| 130 | 53 |   HTML   |",
        "mnx": "| 129 | 24 |   HTML   |",
        "webcomponents-cg": "| 129 | 11 |   HTML   |",
        "gamepad": "| 127 | 51 |   HTML   |",
        "aria-at": "| 125 | 31 |   HTML   |",
        "ortc": "| 123 | 42 |   HTML   |",
        "sensors": "| 122 | 59 |   HTML   |",
        "p2p-webtransport": "| 122 | 12 |   HTML   |",
        "dxwg": "| 121 | 54 |   HTML   |",
        "wot-thing-description": "| 119 | 71 |   HTML   |",
        "web-locks": "| 119 | 15 |   Bikeshed   |",
        "resource-timing": "| 118 | 44 |   HTML   |",
        "csswg-test": "| 116 | 345 |   None   |",
        "web-animations": "| 116 | 33 |   HTML   |",
        "webrtc-stats": "| 116 | 51 |   HTML   |",
        "mediasession": "| 116 | 31 |   Bikeshed   |",
        "libwww": "| 115 | 45 |   C   |",
        "Unicorn": "| 115 | 73 |   Java   |",
        "webrtc-encoded-transform": "| 115 | 24 |   Bikeshed   |",
        "navigation-timing": "| 113 | 29 |   HTML   |",
        "performance-timeline": "| 113 | 34 |   HTML   |",
        "w3process": "| 111 | 171 |   HTML   |",
        "sparql-12": "| 111 | 22 |   None   |",
        "testharness.js": "| 106 | 163 |   None   |",
        "mediacapture-main": "| 106 | 63 |   HTML   |",
        "rdf-star": "| 106 | 20 |   HTML   |",
        "json-ld-syntax": "| 102 | 36 |   HTML   |",
        "wot-architecture": "| 100 | 48 |   HTML   |",
        "webmention": "| 99 | 51 |   HTML   |",
        "markup-validator": "| 98 | 42 |   HTML   |",
        "blockchain": "| 98 | 34 |   HTML   |",
        "FileAPI": "| 95 | 53 |   HTML   |",
        "permissions": "| 92 | 54 |   HTML   |",
        "did-spec-registries": "| 92 | 163 |   HTML   |",
        "webvtt": "| 91 | 39 |   HTML   |",
        "mediacapture-record": "| 90 | 28 |   Bikeshed   |",
        "link-checker": "| 90 | 42 |   Perl   |",
        "secure-payment-confirmation": "| 88 | 43 |   Bikeshed   |",
        "Amaya-Editor": "| 86 | 69 |   C   |",
        "Micropub": "| 86 | 23 |   HTML   |",
        "window-management": "| 86 | 24 |   Bikeshed   |",
        "using-aria": "| 85 | 30 |   HTML   |",
        "largest-contentful-paint": "| 85 | 14 |   Bikeshed   |",
        "screen-wake-lock": "| 83 | 35 |   HTML   |",
        "jlreq": "| 83 | 22 |   HTML   |",
        "badging": "| 82 | 16 |   HTML   |",
        "openscreenprotocol": "| 81 | 21 |   Bikeshed   |",
        "preload": "| 80 | 31 |   HTML   |",
        "data-shapes": "| 80 | 31 |   HTML   |",
        "html-aam": "| 80 | 33 |   HTML   |",
        "resource-hints": "| 79 | 24 |   HTML   |",
        "mediacapture-screen-share": "| 78 | 32 |   HTML   |",
        "PWETF": "| 76 | 66 |   HTML   |",
        "network-error-logging": "| 75 | 22 |   HTML   |",
        "server-timing": "| 75 | 27 |   HTML   |",
        "media-capabilities": "| 75 | 35 |   HTML   |",
        "reporting": "| 73 | 42 |   HTML   |",
        "wpub": "| 72 | 25 |   HTML   |",
        "wcag-em-report-tool": "| 71 | 52 |   JavaScript   |",
        "payment-handler": "| 71 | 57 |   HTML   |",
        "webappsec-fetch-metadata": "| 71 | 25 |   HTML   |",
        "geolocation-api": "| 70 | 61 |   HTML   |",
        "presentation-api": "| 69 | 50 |   HTML   |",
        "mediacapture-image": "| 68 | 38 |   Bikeshed   |",
        "webappsec-subresource-integrity": "| 68 | 45 |   HTML   |",
        "w3c-website-templates-bundle": "| 68 | 8 |   Twig   |",
        "contact-picker": "| 67 | 8 |   Bikeshed   |",
        "WebPlatformWG": "| 66 | 92 |   HTML   |",
        "json-ld-api": "| 66 | 37 |   HTML   |",
        "device-memory": "| 65 | 27 |   Bikeshed   |",
        "pointerevents": "| 62 | 42 |   HTML   |",
        "dom": "| 61 | 18 |   HTML   |",
        "fxtf-drafts": "| 61 | 52 |   HTML   |",
        "tr-design": "| 61 | 41 |   HTML   |",
        "vc-test-suite": "| 60 | 44 |   HTML   |",
        "geolocation-sensor": "| 60 | 18 |   HTML   |",
        "webappswg": "| 60 | 18 |   HTML   |",
        "w3c-website": "| 58 | 11 |   None   |",
        "validator-suite": "| 57 | 22 |   Scala   |",
        "alreq": "| 57 | 31 |   HTML   |",
        "payment-request-info": "| 57 | 17 |   None   |",
        "wai-wcag-quickref": "| 56 | 38 |   SCSS   |",
        "i18n-drafts": "| 56 | 71 |   HTML   |",
        "i18n-activity": "| 55 | 31 |   HTML   |",
        "reffy": "| 55 | 24 |   JavaScript   |",
        "feedvalidator": "| 55 | 42 |   Python   |",
        "compute-pressure": "| 55 | 9 |   HTML   |",
        "coga": "| 54 | 33 |   HTML   |",
        "specberus": "| 53 | 55 |   HTML   |",
        "media-and-entertainment": "| 53 | 15 |   HTML   |",
        "hr-time": "| 52 | 30 |   HTML   |",
        "transitions": "| 52 | 35 |   HTML   |",
        "fingerprinting-guidance": "| 51 | 13 |   HTML   |",
        "webrtc-extensions": "| 51 | 15 |   HTML   |",
        "requestidlecallback": "| 49 | 18 |   HTML   |",
        "wcag-act": "| 49 | 32 |   HTML   |",
        "dwbp": "| 48 | 34 |   HTML   |",
        "webappsec-credential-management": "| 48 | 46 |   HTML   |",
        "adapt": "| 47 | 26 |   HTML   |",
        "vc-use-cases": "| 47 | 24 |   HTML   |",
        "beacon": "| 46 | 22 |   HTML   |",
        "modern-tooling": "| 46 | 39 |   HTML   |",
        "mathml": "| 46 | 17 |   HTML   |",
        "did-use-cases": "| 46 | 25 |   HTML   |",
        "deviceorientation": "| 45 | 36 |   Bikeshed   |",
        "accname": "| 45 | 25 |   JavaScript   |",
        "wai-intro-wcag": "| 44 | 248 |   Ruby   |",
        "event-timing": "| 44 | 13 |   Bikeshed   |",
        "apa": "| 43 | 38 |   JavaScript   |",
        "verifiable-credentials": "| 43 | 14 |   HTML   |",
        "selection-api": "| 42 | 32 |   HTML   |",
        "publ-cg": "| 42 | 16 |   HTML   |",
        "ttml2": "| 41 | 16 |   XSLT   |",
        "wasm-wg": "| 41 | 16 |   HTML   |",
        "machine-learning-workshop": "| 41 | 16 |   HTML   |",
        "echidna": "| 39 | 47 |   HTML   |",
        "typography": "| 39 | 14 |   HTML   |",
        "a11ySlackers": "| 39 | 13 |   HTML   |",
        "wai-website": "| 39 | 138 |   JavaScript   |",
        "cogai": "| 39 | 18 |   HTML   |",
        "mediacapture-transform": "| 39 | 20 |   Bikeshed   |",
        "wot-scripting-api": "| 38 | 27 |   HTML   |",
        "baggage": "| 38 | 17 |   Python   |",
        "distributed-tracing-wg": "| 38 | 13 |   None   |",
        "webrtc-svc": "| 38 | 13 |   HTML   |",
        "N3": "| 38 | 19 |   Java   |",
        "did-test-suite": "| 37 | 53 |   HTML   |",
        "wai-wcag-em-report-tool": "| 37 | 33 |   Svelte   |",
        "mobile-web-browser-emulator": "| 36 | 20 |   JavaScript   |",
        "wg-effectiveness": "| 35 | 21 |   None   |",
        "page-visibility": "| 34 | 23 |   HTML   |",
        "developers": "| 34 | 14 |   HTML   |",
        "ldn": "| 34 | 18 |   HTML   |",
        "ColorWeb-CG": "| 34 | 21 |   HTML   |",
        "did-wg": "| 34 | 17 |   HTML   |",
        "rdfvalidator-ng": "| 33 | 17 |   Java   |",
        "hcls-fhir-rdf": "| 33 | 13 |   HTML   |",
        "rdf-tests": "| 33 | 22 |   HTML   |",
        "epubweb": "| 32 | 10 |   HTML   |",
        "webappsec-secure-contexts": "| 32 | 37 |   HTML   |",
        "vc-data-integrity": "| 32 | 8 |   HTML   |",
        "mathml-core": "| 32 | 13 |   HTML   |",
        "wai-curricula": "| 32 | 38 |   Ruby   |",
        "websec": "| 31 | 22 |   HTML   |",
        "scholarly-html": "| 31 | 26 |   HTML   |",
        "payment-method-basic-card": "| 31 | 38 |   HTML   |",
        "wotwg": "| 31 | 13 |   HTML   |",
        "charter-drafts": "| 30 | 52 |   HTML   |",
        "graphql-rdf": "| 30 | 10 |   HTML   |",
        "device-posture": "| 30 | 17 |   HTML   |",
        "imsc": "| 29 | 27 |   HTML   |",
        "css-a11y": "| 29 | 9 |   None   |",
        "core-aam": "| 29 | 14 |   HTML   |",
        "sealreq": "| 29 | 9 |   HTML   |",
        "json-ld-wg": "| 29 | 23 |   HTML   |",
        "webrtc-nv-use-cases": "| 29 | 14 |   HTML   |",
        "vc-di-bbs": "| 29 | 8 |   HTML   |",
        "PNG-spec": "| 29 | 8 |   HTML   |",
        "i18n-checker": "| 28 | 16 |   PHP   |",
        "aria-at-app": "| 28 | 14 |   JavaScript   |",
        "screen-orientation": "| 27 | 28 |   HTML   |",
        "charter-webperf": "| 27 | 11 |   HTML   |",
        "DOM-Parsing": "| 27 | 21 |   HTML   |",
        "remote-playback": "| 27 | 23 |   HTML   |",
        "webmediaapi": "| 27 | 18 |   HTML   |",
        "font-text-cg": "| 27 | 5 |   None   |",
        "html-reference": "| 26 | 23 |   HTML   |",
        "wptrunner": "| 26 | 52 |   None   |",
        "security-disclosure": "| 26 | 8 |   HTML   |",
        "wai-statements": "| 26 | 56 |   HTML   |",
        "translation-management": "| 26 | 23 |   HTML   |",
        "touch-events": "| 25 | 22 |   HTML   |",
        "webappsec-suborigins": "| 25 | 11 |   HTML   |",
        "web-ledger": "| 25 | 14 |   JavaScript   |",
        "autoplay": "| 25 | 12 |   HTML   |",
        "spec-prod": "| 25 | 19 |   TypeScript   |",
        "mediacapture-depth": "| 24 | 20 |   HTML   |",
        "ambient-light": "| 24 | 20 |   HTML   |",
        "user-timing": "| 24 | 23 |   HTML   |",
        "mediacapture-output": "| 24 | 24 |   HTML   |",
        "webperf-dashboard": "| 24 | 7 |   JavaScript   |",
        "webappsec-referrer-policy": "| 24 | 32 |   HTML   |",
        "payment-method-id": "| 24 | 20 |   HTML   |",
        "wai-people-use-web": "| 24 | 68 |   Ruby   |",
        "tr-pages": "| 24 | 18 |   HTML   |",
        "qt3tests": "| 24 | 17 |   HTML   |",
        "audiobooks": "| 24 | 15 |   HTML   |",
        "css-print": "| 24 | 3 |   HTML   |",
        "klreq": "| 23 | 12 |   HTML   |",
        "node-w3capi": "| 23 | 22 |   JavaScript   |",
        "xslt30-test": "| 23 | 10 |   XSLT   |",
        "json-ld-rc": "| 23 | 9 |   HTML   |",
        "ldp-testsuite": "| 22 | 29 |   Java   |",
        "spec-generator": "| 22 | 16 |   JavaScript   |",
        "webpayments-ig": "| 22 | 29 |   HTML   |",
        "poe": "| 22 | 22 |   HTML   |",
        "battery": "| 22 | 16 |   HTML   |",
        "opentrack-cg": "| 22 | 10 |   HTML   |",
        "Guide": "| 22 | 35 |   HTML   |",
        "qtspecs": "| 22 | 28 |   HTML   |",
        "json-ld-framing": "| 22 | 20 |   HTML   |",
        "wpsig": "| 22 | 8 |   None   |",
        "browser-statuses": "| 22 | 2 |   JavaScript   |",
        "automotive-bg": "| 21 | 25 |   HTML   |",
        "mediacapture-fromelement": "| 21 | 14 |   HTML   |",
        "ime-api": "| 21 | 9 |   HTML   |",
        "wot-arduino": "| 21 | 19 |   C++   |",
        "mailing-list-archives": "| 21 | 12 |   CSS   |",
        "miniapp-white-paper": "| 21 | 6 |   HTML   |",
        "vc-json-schema": "| 21 | 6 |   HTML   |",
        "media-production-workshop": "| 21 | 13 |   HTML   |",
        "html-tools": "| 20 | 19 |   Python   |",
        "perf-timing-primer": "| 20 | 10 |   HTML   |",
        "input-events": "| 20 | 20 |   HTML   |",
        "credweb": "| 20 | 10 |   HTML   |",
        "manifest-app-info": "| 20 | 13 |   HTML   |",
        "dpv": "| 20 | 15 |   HTML   |",
        "mathonwebpages": "| 19 | 13 |   HTML   |",
        "wot-usecases": "| 19 | 32 |   HTML   |",
        "filesystem-api": "| 18 | 9 |   HTML   |",
        "omn": "| 18 | 21 |   Java   |",
        "infobot": "| 18 | 26 |   Perl   |",
        "wai-quick-start": "| 18 | 42 |   CSS   |",
        "mlreq": "| 18 | 12 |   HTML   |",
        "vctf": "| 18 | 10 |   HTML   |",
        "accelerometer": "| 18 | 22 |   HTML   |",
        "css-aam": "| 18 | 11 |   JavaScript   |",
        "wot-binding-templates": "| 18 | 24 |   HTML   |",
        "type-samples": "| 18 | 10 |   HTML   |",
        "shacl": "| 18 | 8 |   HTML   |",
        "wot-security": "| 18 | 21 |   HTML   |",
        "pronunciation": "| 18 | 12 |   HTML   |",
        "json-ld-bp": "| 18 | 7 |   HTML   |",
        "wot-discovery": "| 18 | 21 |   HTML   |",
        "at-driver": "| 18 | 3 |   Bikeshed   |",
        "charmod-norm": "| 17 | 23 |   HTML   |",
        "bp-i18n-specdev": "| 17 | 20 |   HTML   |",
        "ash-nazg": "| 17 | 24 |   JavaScript   |",
        "pointerlock": "| 17 | 20 |   HTML   |",
        "low-vision-a11y-tf": "| 17 | 18 |   HTML   |",
        "webpayments-http-api": "| 17 | 12 |   HTML   |",
        "spec-dashboard": "| 17 | 19 |   JavaScript   |",
        "publ-wg": "| 17 | 19 |   JavaScript   |",
        "epub4": "| 17 | 6 |   HTML   |",
        "svg-aam": "| 17 | 14 |   JavaScript   |",
        "woff": "| 17 | 13 |   HTML   |",
        "wai-about-wai": "| 17 | 204 |   HTML   |",
        "me-media-timed-events": "| 17 | 11 |   HTML   |",
        "idcg": "| 17 | 6 |   HTML   |",
        "epub-tests": "| 17 | 21 |   HTML   |",
        "mediacapture-region": "| 17 | 9 |   HTML   |",
        "sustyweb": "| 17 | 0 |   None   |",
        "testtwf-website": "| 16 | 47 |   CSS   |",
        "html-media-capture": "| 16 | 19 |   HTML   |",
        "immersive-web-wg-charter": "| 16 | 16 |   HTML   |",
        "wcag-act-rules": "| 16 | 18 |   HTML   |",
        "i18n-tests": "| 16 | 15 |   HTML   |",
        "vc-imp-guide": "| 16 | 17 |   HTML   |",
        "web-networks": "| 16 | 5 |   HTML   |",
        "wot-testing": "| 16 | 30 |   HTML   |",
        "did-imp-guide": "| 16 | 11 |   HTML   |",
        "vc-jwt": "| 16 | 4 |   HTML   |",
        "nfc": "| 15 | 21 |   HTML   |",
        "wptserve": "| 15 | 33 |   None   |",
        "woff2-tests": "| 15 | 12 |   Python   |",
        "webappsec-clear-site-data": "| 15 | 20 |   HTML   |",
        "webpayments-flows": "| 15 | 14 |   HTML   |",
        "gyroscope": "| 15 | 19 |   HTML   |",
        "microdata": "| 15 | 19 |   HTML   |",
        "W3CLifecycleEventsBundle": "| 15 | 9 |   PHP   |",
        "publ-a11y": "| 15 | 10 |   HTML   |",
        "wot-profile": "| 15 | 8 |   HTML   |",
        "webappsec-post-spectre-webdev": "| 15 | 1 |   HTML   |",
        "w3c-website-frontend": "| 15 | 10 |   PHP   |",
        "dpub-pagination": "| 14 | 10 |   HTML   |",
        "microdata-rdf": "| 14 | 9 |   HTML   |",
        "dpub-pwp": "| 14 | 12 |   HTML   |",
        "findtext": "| 14 | 7 |   HTML   |",
        "unicode-xml": "| 14 | 21 |   HTML   |",
        "i18n-discuss": "| 14 | 10 |   HTML   |",
        "webpayments-methods-tokenization": "| 14 | 15 |   HTML   |",
        "validate-repos": "| 14 | 15 |   JavaScript   |",
        "pwpub": "| 14 | 9 |   HTML   |",
        "webauthn-pay": "| 14 | 3 |   None   |",
        "vsso": "| 14 | 11 |   HTML   |",
        "w3c-website-redesign-documentation": "| 14 | 4 |   SCSS   |",
        "test-results": "| 13 | 81 |   HTML   |",
        "Mobile-A11y-TF-Note": "| 13 | 25 |   HTML   |",
        "midgard": "| 13 | 15 |   JavaScript   |",
        "vibration": "| 13 | 11 |   HTML   |",
        "wai-policies-prototype": "| 13 | 35 |   JavaScript   |",
        "imsc-tests": "| 13 | 13 |   None   |",
        "wai-components": "| 13 | 40 |   Ruby   |",
        "3ds": "| 13 | 9 |   HTML   |",
        "xsdtests": "| 13 | 8 |   HTML   |",
        "mdn-spec-links": "| 13 | 21 |   JSON   |",
        "did-rubric": "| 13 | 16 |   HTML   |",
        "epub-rs-bugs": "| 13 | 4 |   None   |",
        "a11y-discov-vocab": "| 13 | 5 |   HTML   |",
        "packaged-webapps": "| 12 | 12 |   HTML   |",
        "tvapi": "| 12 | 11 |   HTML   |",
        "geofencing-api": "| 12 | 9 |   HTML   |",
        "uievents-key": "| 12 | 14 |   HTML   |",
        "wai-inclusion": "| 12 | 16 |   Ruby   |",
        "websockets": "| 12 | 12 |   HTML   |",
        "proximity": "| 12 | 18 |   HTML   |",
        "ttml1": "| 12 | 12 |   HTML   |",
        "media-playback-quality": "| 12 | 6 |   HTML   |",
        "ping": "| 12 | 16 |   HTML   |",
        "wai-intro-accessibility": "| 12 | 80 |   Ruby   |",
        "dnt": "| 12 | 19 |   HTML   |",
        "respec-web-services": "| 12 | 13 |   TypeScript   |",
        "orientation-sensor": "| 12 | 20 |   HTML   |",
        "voiceinteraction": "| 12 | 10 |   HTML   |",
        "publishing": "| 12 | 13 |   HTML   |",
        "nodejs": "| 12 | 7 |   None   |",
        "wot-marketing": "| 12 | 20 |   HTML   |",
        "PFE-analysis": "| 12 | 7 |   Python   |",
        "mediacapture-extensions": "| 12 | 11 |   HTML   |",
        "miniapp-packaging": "| 12 | 8 |   HTML   |",
        "virtual-keyboard": "| 12 | 3 |   HTML   |",
        "wcag2ict": "| 12 | 5 |   HTML   |",
        "apiary": "| 11 | 12 |   JavaScript   |",
        "webappsec-mixed-content": "| 11 | 32 |   HTML   |",
        "Web-and-TV-IG": "| 11 | 11 |   HTML   |",
        "dpub-pwp-ucr": "| 11 | 19 |   HTML   |",
        "payment-method-credit-transfer": "| 11 | 13 |   HTML   |",
        "perf-security-privacy": "| 11 | 7 |   HTML   |",
        "tvcontrol-api": "| 11 | 11 |   HTML   |",
        "scribejs": "| 11 | 15 |   JavaScript   |",
        "webvr-content-workshop": "| 11 | 11 |   HTML   |",
        "odrl": "| 11 | 8 |   HTML   |",
        "sync-media-pub": "| 11 | 8 |   JavaScript   |",
        "wai-media-guide": "| 11 | 42 |   Ruby   |",
        "publishingcg": "| 11 | 8 |   HTML   |",
        "wai-atag-report-tool": "| 11 | 9 |   JavaScript   |",
        "mnxconverter": "| 11 | 4 |   Python   |",
        "rch-wg-charter": "| 11 | 7 |   HTML   |",
        "vc-status-list-2021": "| 11 | 9 |   HTML   |",
        "mediacapture-handle": "| 11 | 9 |   HTML   |",
        "multicast-cg": "| 11 | 3 |   HTML   |",
        "wot-cg": "| 11 | 2 |   None   |",
        "testtwf-website-src": "| 10 | 17 |   HTML   |",
        "ilreq": "| 10 | 11 |   HTML   |",
        "webappsec-epr": "| 10 | 9 |   HTML   |",
        "webappsec-cowl": "| 10 | 10 |   HTML   |",
        "wai-showcase-examples": "| 10 | 33 |   HTML   |",
        "wbs-design": "| 10 | 24 |   HTML   |",
        "webappsec-uisecurity": "| 10 | 11 |   HTML   |",
        "node-linkchecker": "| 10 | 8 |   JavaScript   |",
        "magnetometer": "| 10 | 19 |   HTML   |",
        "webmediaguidelines": "| 10 | 16 |   HTML   |",
        "wai-video-standards-and-benefits": "| 10 | 57 |   Ruby   |",
        "browser-compat-data": "| 10 | 7 |   JavaScript   |",
        "cg-monitor": "| 10 | 20 |   JavaScript   |",
        "scribe": "| 10 | 8 |   HTML   |",
        "contentEditable": "| 10 | 5 |   HTML   |",
        "epub-3-wg-charter": "| 10 | 4 |   HTML   |",
        "calendar": "| 10 | 5 |   None   |",
        "wai-aria-practices": "| 10 | 11 |   JavaScript   |",
        "wai-course-list": "| 10 | 12 |   JavaScript   |",
        "css3-display": "| 9 | 10 |   HTML   |",
        "web-ecmascript": "| 9 | 9 |   JavaScript   |",
        "respec-docs": "| 9 | 20 |   HTML   |",
        "insafe": "| 9 | 10 |   JavaScript   |",
        "elreq": "| 9 | 8 |   HTML   |",
        "mediacapture-worker": "| 9 | 12 |   HTML   |",
        "Mobile-A11y-Extension": "| 9 | 14 |   HTML   |",
        "mathml.old": "| 9 | 7 |   HTML   |",
        "standards-track": "| 9 | 15 |   HTML   |",
        "web-annotation-tests": "| 9 | 9 |   None   |",
        "wai-mobile": "| 9 | 44 |   Ruby   |",
        "wai-website-components": "| 9 | 9 |   JavaScript   |",
        "string-meta": "| 9 | 18 |   HTML   |",
        "webrtc-ice": "| 9 | 14 |   HTML   |",
        "distributed-tracing-not": "| 9 | 4 |   HTML   |",
        "wai-audiences": "| 9 | 97 |   Ruby   |",
        "web-thing-protocol": "| 9 | 3 |   HTML   |",
        "inclusive-xr-roadmap": "| 9 | 7 |   None   |",
        "json-ld-streaming": "| 9 | 6 |   HTML   |",
        "web-wcg-hdr-workshop": "| 9 | 12 |   HTML   |",
        "machine-learning-charter": "| 9 | 3 |   HTML   |",
        "network-emulation": "| 9 | 2 |   None   |",
        "rdf-star-wg-charter": "| 9 | 4 |   HTML   |",
        "jlreq-d": "| 9 | 2 |   None   |",
        "rdf-canon": "| 9 | 5 |   HTML   |",
        "rdf-star-wg": "| 9 | 3 |   None   |",
        "stackoverflow": "| 9 | 0 |   JavaScript   |",
        "testing-how-to": "| 8 | 14 |   HTML   |",
        "html-landscape": "| 8 | 12 |   HTML   |",
        "wai-axsdb-web": "| 8 | 14 |   JavaScript   |",
        "rocket": "| 8 | 8 |   JavaScript   |",
        "predefined-counter-styles": "| 8 | 13 |   HTML   |",
        "uievents-code": "| 8 | 12 |   HTML   |",
        "activitystreams-testing": "| 8 | 12 |   JavaScript   |",
        "share-psi": "| 8 | 22 |   HTML   |",
        "design": "| 8 | 12 |   HTML   |",
        "vr-workshop": "| 8 | 12 |   HTML   |",
        "webappsec-cors-for-developers": "| 8 | 11 |   HTML   |",
        "ldp-next": "| 8 | 6 |   None   |",
        "aria-common": "| 8 | 15 |   JavaScript   |",
        "hlreq": "| 8 | 9 |   HTML   |",
        "exi-testsuite": "| 8 | 13 |   JavaScript   |",
        "mixedreality": "| 8 | 7 |   None   |",
        "automotive-pay": "| 8 | 10 |   HTML   |",
        "dpub-aria": "| 8 | 10 |   JavaScript   |",
        "wot-security-best-practices": "| 8 | 11 |   HTML   |",
        "IFT": "| 8 | 14 |   HTML   |",
        "mathml-polyfills": "| 8 | 3 |   Java   |",
        "scribe2": "| 8 | 6 |   Perl   |",
        "rdf-dir-literal": "| 8 | 6 |   HTML   |",
        "dms": "| 8 | 4 |   HTML   |",
        "epub-wg": "| 8 | 5 |   HTML   |",
        "vc-di-eddsa": "| 8 | 8 |   HTML   |",
        "wot-jp-cg": "| 8 | 10 |   HTML   |",
        "WebID": "| 8 | 5 |   HTML   |",
        "webref-analysis": "| 8 | 9 |   HTML   |",
        "devcouncil": "| 8 | 2 |   None   |",
        "its-2.0-testsuite": "| 7 | 19 |   HTML   |",
        "wai-axsdb-services": "| 7 | 9 |   Java   |",
        "third-party-resources-checker": "| 7 | 10 |   JavaScript   |",
        "pheme": "| 7 | 14 |   JavaScript   |",
        "wpt-tools": "| 7 | 47 |   None   |",
        "quota-api": "| 7 | 10 |   HTML   |",
        "wot-esp8266": "| 7 | 9 |   None   |",
        "tlreq": "| 7 | 9 |   HTML   |",
        "XMLHttpRequest": "| 7 | 10 |   HTML   |",
        "xml-entities": "| 7 | 12 |   XSLT   |",
        "tt-profile-registry": "| 7 | 12 |   HTML   |",
        "motion-sensors": "| 7 | 12 |   HTML   |",
        "payment-method-manifest": "| 7 | 13 |   HTML   |",
        "wai-accessibility-principles": "| 7 | 31 |   Ruby   |",
        "iip": "| 7 | 15 |   HTML   |",
        "wai-news": "| 7 | 26 |   HTML   |",
        "secondscreen-wg": "| 7 | 5 |   HTML   |",
        "src": "| 7 | 7 |   None   |",
        "afrlreq": "| 7 | 6 |   HTML   |",
        "htmlwg": "| 7 | 4 |   None   |",
        "wai-authoring-tools-list": "| 7 | 10 |   Liquid   |",
        "json-ld-cbor": "| 7 | 6 |   HTML   |",
        "tocc": "| 7 | 6 |   HTML   |",
        "simple-ruby": "| 7 | 5 |   HTML   |",
        "miniapp-lifecycle": "| 7 | 6 |   HTML   |",
        "miniapp-manifest": "| 7 | 8 |   HTML   |",
        "fedidcg": "| 7 | 1 |   None   |",
        "edit-context": "| 7 | 4 |   HTML   |",
        "yml2vocab": "| 7 | 0 |   HTML   |",
        "secure-the-web-forward-workshop": "| 7 | 9 |   HTML   |",
        "i18n-checker-java": "| 6 | 7 |   Java   |",
        "wai-eval-tools": "| 6 | 13 |   HTML   |",
        "dpub-accessibility": "| 6 | 10 |   HTML   |",
        "hcls": "| 6 | 7 |   None   |",
        "wot-go": "| 6 | 9 |   JavaScript   |",
        "webappsec-upgrade-insecure-requests": "| 6 | 20 |   HTML   |",
        "ttml-webvtt-mapping": "| 6 | 8 |   HTML   |",
        "cg-charter": "| 6 | 23 |   HTML   |",
        "writing-accessible-svg": "| 6 | 7 |   HTML   |",
        "sparql-exists": "| 6 | 9 |   HTML   |",
        "wai-eval-report-templates": "| 6 | 14 |   Ruby   |",
        "manual-of-style": "| 6 | 12 |   HTML   |",
        "wai-develop-training": "| 6 | 16 |   Ruby   |",
        "wai-bcase": "| 6 | 25 |   PHP   |",
        "wpub-ann": "| 6 | 10 |   HTML   |",
        "ttml2-tests": "| 6 | 5 |   JavaScript   |",
        "pub-vocab": "| 6 | 5 |   HTML   |",
        "permissions-ws-2018": "| 6 | 12 |   HTML   |",
        "ttml3": "| 6 | 6 |   XSLT   |",
        "wai-cognitive": "| 6 | 10 |   Ruby   |",
        "dmpl": "| 6 | 5 |   HTML   |",
        "media-wg": "| 6 | 10 |   HTML   |",
        "pub-manifest": "| 6 | 13 |   HTML   |",
        "web-cert-api-cg": "| 6 | 5 |   HTML   |",
        "automotive-viss2": "| 6 | 12 |   Go   |",
        "mediacapture-viewport": "| 6 | 4 |   HTML   |",
        "maturity-model": "| 6 | 5 |   HTML   |",
        "AB-public": "| 6 | 5 |   HTML   |",
        "ctaur": "| 6 | 1 |   HTML   |",
        "media-pipeline-arch": "| 6 | 0 |   None   |",
        "audio-session": "| 6 | 2 |   Bikeshed   |",
        "hanuman": "| 5 | 7 |   JavaScript   |",
        "dpub-metadata": "| 5 | 6 |   HTML   |",
        "wai-dynamic-planning": "| 5 | 18 |   HTML   |",
        "eventsource": "| 5 | 7 |   HTML   |",
        "streams-api": "| 5 | 6 |   HTML   |",
        "itsrdf": "| 5 | 9 |   None   |",
        "github-notify-ml-config": "| 5 | 30 |   None   |",
        "webpayments-http-messages": "| 5 | 12 |   HTML   |",
        "css-validator-testsuite": "| 5 | 6 |   CSS   |",
        "htmldiff-nav": "| 5 | 9 |   JavaScript   |",
        "architecture": "| 5 | 7 |   None   |",
        "accessibility-intro": "| 5 | 8 |   HTML   |",
        "service-workers-wg": "| 5 | 12 |   HTML   |",
        "imsc-vnext-reqs": "| 5 | 8 |   HTML   |",
        "wai-presentations2all": "| 5 | 27 |   Ruby   |",
        "graphics-aria": "| 5 | 3 |   JavaScript   |",
        "webrtc-provisional-stats": "| 5 | 10 |   HTML   |",
        "webpayments-crypto": "| 5 | 7 |   HTML   |",
        "wai-website-theme": "| 5 | 19 |   JavaScript   |",
        "wai-sitemap": "| 5 | 46 |   Ruby   |",
        "wai-design-develop-overview": "| 5 | 59 |   Ruby   |",
        "wai-roles-responsibilities": "| 5 | 5 |   None   |",
        "cred-claims": "| 5 | 5 |   None   |",
        "web-networks-charter": "| 5 | 8 |   HTML   |",
        "bdcoma-cg": "| 5 | 7 |   HTML   |",
        "trace-context-mqtt": "| 5 | 6 |   HTML   |",
        "annotation-aria": "| 5 | 6 |   JavaScript   |",
        "translation-glossaries": "| 5 | 12 |   Shell   |",
        "hcls-natural-product-drug-interaction-fair": "| 5 | 5 |   HTML   |",
        "wai-fundamentals-overview": "| 5 | 48 |   Ruby   |",
        "lpf": "| 5 | 4 |   HTML   |",
        "horizontal-issue-tracker": "| 5 | 4 |   None   |",
        "dx-connegp": "| 5 | 3 |   HTML   |",
        "presentation-viewer": "| 5 | 3 |   HTML   |",
        "w3c-website-redesign-html": "| 5 | 2 |   HTML   |",
        "personalXR": "| 5 | 4 |   JavaScript   |",
        "tdm-reservation-protocol": "| 5 | 6 |   HTML   |",
        "wai-wcag-supplemental": "| 5 | 12 |   HTML   |",
        "miniapp-addressing": "| 5 | 3 |   HTML   |",
        "a11y-request": "| 5 | 3 |   None   |",
        "security-request": "| 5 | 3 |   None   |",
        "smartcities-workshop": "| 5 | 13 |   HTML   |",
        "miniapp-widget": "| 5 | 6 |   HTML   |",
        "miniapp-components": "| 5 | 3 |   HTML   |",
        "did-wg-charter": "| 5 | 6 |   HTML   |",
        "permissions-ws-2022": "| 5 | 12 |   CSS   |",
        "html-api-map": "| 4 | 10 |   HTML   |",
        "dpub-annotation": "| 4 | 7 |   HTML   |",
        "ShEx": "| 4 | 6 |   HTML   |",
        "HTMLSourcingInbandTracks": "| 4 | 14 |   HTML   |",
        "pfwg": "| 4 | 16 |   HTML   |",
        "webrtc-charter": "| 4 | 16 |   HTML   |",
        "tv-ggie": "| 4 | 7 |   None   |",
        "charter-html": "| 4 | 15 |   HTML   |",
        "ltli": "| 4 | 9 |   HTML   |",
        "swig": "| 4 | 8 |   HTML   |",
        "wai-easy-checks": "| 4 | 34 |   Ruby   |",
        "charter-timed-text": "| 4 | 11 |   HTML   |",
        "html-old": "| 4 | 10 |   HTML   |",
        "Unitas": "| 4 | 8 |   HTML   |",
        "wdclient": "| 4 | 10 |   None   |",
        "xinclude": "| 4 | 7 |   None   |",
        "html-extensions": "| 4 | 9 |   HTML   |",
        "png-hdr-pq": "| 4 | 7 |   HTML   |",
        "wai-mobile-intro": "| 4 | 4 |   CSS   |",
        "wai-selecting-eval-tools": "| 4 | 23 |   Ruby   |",
        "wai-intro-aria": "| 4 | 25 |   Ruby   |",
        "hcls-drug-drug-interaction": "| 4 | 7 |   HTML   |",
        "webrtc-identity": "| 4 | 11 |   HTML   |",
        "wai-eo-online-learning": "| 4 | 4 |   None   |",
        "adpt": "| 4 | 7 |   HTML   |",
        "webappsec-cspee": "| 4 | 6 |   HTML   |",
        "wcag-act-rules-cg": "| 4 | 6 |   Ruby   |",
        "games-workshop": "| 4 | 7 |   HTML   |",
        "wai-coga": "| 4 | 4 |   HTML   |",
        "csswg-www": "| 4 | 8 |   SCSS   |",
        "trace-context-amqp": "| 4 | 5 |   HTML   |",
        "eurlreq": "| 4 | 5 |   HTML   |",
        "image-resource": "| 4 | 5 |   HTML   |",
        "dx-prof": "| 4 | 2 |   HTML   |",
        "webtransport-charter": "| 4 | 4 |   HTML   |",
        "market-data-odrl-profile": "| 4 | 6 |   HTML   |",
        "onboarding": "| 4 | 12 |   JavaScript   |",
        "whatwg-coord": "| 4 | 6 |   HTML   |",
        "aria-at-automation-driver": "| 4 | 4 |   C++   |",
        "edge-computing-web-exploration": "| 4 | 6 |   HTML   |",
        "dapt": "| 4 | 3 |   HTML   |",
        "saur": "| 4 | 3 |   HTML   |",
        "pulse-snapshots": "| 4 | 0 |   HTML   |",
        "vc-jws-2020": "| 4 | 1 |   HTML   |",
        "avmedia-formats-cg": "| 4 | 0 |   HTML   |",
        "rdf-concepts": "| 4 | 1 |   HTML   |",
        "rdf-semantics": "| 4 | 0 |   HTML   |",
        "vc-specs-dir": "| 4 | 7 |   HTML   |",
        "the-library": "| 3 | 8 |   JavaScript   |",
        "limitfiles": "| 3 | 6 |   Python   |",
        "tweetie": "| 3 | 5 |   Perl   |",
        "github_sync": "| 3 | 11 |   Python   |",
        "indie-ui": "| 3 | 7 |   HTML   |",
        "dpub-content-and-markup": "| 3 | 6 |   HTML   |",
        "w3c-waet": "| 3 | 7 |   HTML   |",
        "unspecified-web": "| 3 | 9 |   HTML   |",
        "wai-components-gallery": "| 3 | 9 |   PHP   |",
        "using-github": "| 3 | 7 |   None   |",
        "webstorage": "| 3 | 9 |   HTML   |",
        "echidna-manifester": "| 3 | 7 |   JavaScript   |",
        "workers": "| 3 | 13 |   HTML   |",
        "setImmediate": "| 3 | 8 |   HTML   |",
        "wai-website-design": "| 3 | 7 |   HTML   |",
        "rqtf": "| 3 | 10 |   HTML   |",
        "wai-website-personas": "| 3 | 8 |   CSS   |",
        "webpayments-overview": "| 3 | 11 |   HTML   |",
        "mst-content-hint": "| 3 | 14 |   HTML   |",
        "rdfa-md-service": "| 3 | 7 |   Python   |",
        "wai-media-intro": "| 3 | 9 |   CSS   |",
        "wai-eval-overview": "| 3 | 37 |   Ruby   |",
        "wai-intro-atag": "| 3 | 41 |   Ruby   |",
        "i18n-issues": "| 3 | 4 |   None   |",
        "wai-perspective-videos": "| 3 | 38 |   Ruby   |",
        "sakura": "| 3 | 6 |   None   |",
        "wai-teach-advocate-overview": "| 3 | 25 |   Ruby   |",
        "wai-plan-policies-overview": "| 3 | 24 |   Ruby   |",
        "exi-specs": "| 3 | 4 |   XSLT   |",
        "wcag-eo": "| 3 | 7 |   HTML   |",
        "wai-translation-playground": "| 3 | 4 |   JavaScript   |",
        "ttwg": "| 3 | 5 |   HTML   |",
        "tt-reqs": "| 3 | 5 |   HTML   |",
        "htmldiff-ui": "| 3 | 6 |   Perl   |",
        "IMSC-1.1_Text_TestContent": "| 3 | 4 |   None   |",
        "a11y-review": "| 3 | 6 |   None   |",
        "timing-entrytypes-registry": "| 3 | 6 |   HTML   |",
        "gargantua": "| 3 | 5 |   HTML   |",
        "inclusive-xr-workshop": "| 3 | 6 |   HTML   |",
        "prof-conneg-testing": "| 3 | 3 |   None   |",
        "respec-w3c-auto-publish": "| 3 | 5 |   JavaScript   |",
        "webrtc-interop-reports": "| 3 | 2 |   HTML   |",
        "system-wake-lock": "| 3 | 2 |   None   |",
        "gsheets": "| 3 | 4 |   JavaScript   |",
        "hns-core-spec": "| 3 | 2 |   None   |",
        "vc-wg-charter": "| 3 | 15 |   HTML   |",
        "mathml-docs": "| 3 | 8 |   HTML   |",
        "clearspec": "| 3 | 0 |   HTML   |",
        "cg-reports": "| 3 | 10 |   HTML   |",
        "fast": "| 3 | 1 |   HTML   |",
        "rdf-ucr": "| 3 | 0 |   HTML   |",
        "its-2.0-testsuite-inputdata": "| 2 | 10 |   HTML   |",
        "UAAG": "| 2 | 10 |   HTML   |",
        "ganesh": "| 2 | 4 |   JavaScript   |",
        "privacy-considerations": "| 2 | 12 |   HTML   |",
        "dpub-stem": "| 2 | 6 |   HTML   |",
        "mediacapture-scenarios": "| 2 | 9 |   HTML   |",
        "html-media": "| 2 | 8 |   HTML   |",
        "spork": "| 2 | 7 |   HTML   |",
        "hcls-ccda-rdf": "| 2 | 6 |   XSLT   |",
        "rangefinder": "| 2 | 6 |   HTML   |",
        "transition-notifier": "| 2 | 2 |   JavaScript   |",
        "webmessaging": "| 2 | 8 |   HTML   |",
        "2dcontext": "| 2 | 11 |   HTML   |",
        "ole": "| 2 | 8 |   HTML   |",
        "webrtc-respec-ci": "| 2 | 14 |   Makefile   |",
        "devicesensors-wg": "| 2 | 10 |   HTML   |",
        "workshops": "| 2 | 12 |   HTML   |",
        "spec-releases": "| 2 | 9 |   JavaScript   |",
        "tpac2016": "| 2 | 7 |   JavaScript   |",
        "kiss": "| 2 | 6 |   HTML   |",
        "ping-security-questionnaire": "| 2 | 5 |   HTML   |",
        "wai-aria-intro": "| 2 | 6 |   HTML   |",
        "string-search": "| 2 | 8 |   HTML   |",
        "dpubwg-charter": "| 2 | 5 |   HTML   |",
        "staticrange": "| 2 | 8 |   HTML   |",
        "webmediaporting": "| 2 | 10 |   None   |",
        "media-web-roadmap": "| 2 | 6 |   HTML   |",
        "web5g-workshop": "| 2 | 13 |   HTML   |",
        "wai-resource-template": "| 2 | 7 |   Ruby   |",
        "wai-older-users": "| 2 | 12 |   Ruby   |",
        "wai-tips-procuring": "| 2 | 6 |   HTML   |",
        "ATAG20-auth-trans-zh": "| 2 | 7 |   HTML   |",
        "secondscreen-charter": "| 2 | 8 |   HTML   |",
        "graphics-aam": "| 2 | 5 |   JavaScript   |",
        "dpub-aam": "| 2 | 12 |   JavaScript   |",
        "wai-std-gl-overview": "| 2 | 33 |   Ruby   |",
        "wai-intro-earl": "| 2 | 5 |   Ruby   |",
        "wai-shared-experiences": "| 2 | 4 |   Ruby   |",
        "display_errata": "| 2 | 5 |   HTML   |",
        "wai-combined-expertise": "| 2 | 5 |   Ruby   |",
        "wai-planning-and-managing": "| 2 | 17 |   Ruby   |",
        "orcid_in_respec": "| 2 | 4 |   JavaScript   |",
        "transition-issues-bot": "| 2 | 8 |   JavaScript   |",
        "math-aam": "| 2 | 5 |   JavaScript   |",
        "me-vision": "| 2 | 5 |   HTML   |",
        "archival-workshop": "| 2 | 5 |   CSS   |",
        "wai-translations": "| 2 | 5 |   None   |",
        "wot-security-testing-plan": "| 2 | 6 |   HTML   |",
        "ttml3-tests": "| 2 | 4 |   None   |",
        "trace-context-binary": "| 2 | 5 |   HTML   |",
        "respec-hljs": "| 2 | 5 |   JavaScript   |",
        "analytics-personalization-datalayer": "| 2 | 5 |   HTML   |",
        "IMSC-1.1_Image_TestContent": "| 2 | 3 |   None   |",
        "IMSC-1.0.1_Text_TestContent": "| 2 | 3 |   None   |",
        "tt-module-karaoke": "| 2 | 5 |   HTML   |",
        "w3c-track-2019": "| 2 | 4 |   CSS   |",
        "wai-better-browsing": "| 2 | 4 |   Ruby   |",
        "wai-tutorial-tables": "| 2 | 2 |   Ruby   |",
        "mathml-aam": "| 2 | 7 |   JavaScript   |",
        "me-media-production": "| 2 | 3 |   HTML   |",
        "cg-council": "| 2 | 3 |   None   |",
        "audiobooks-wg-charter": "| 2 | 3 |   HTML   |",
        "me-media-integration-guidelines": "| 2 | 2 |   HTML   |",
        "wai-resource-list": "| 2 | 12 |   Ruby   |",
        "wai-arrm": "| 2 | 12 |   Ruby   |",
        "wai-wcag-videos": "| 2 | 2 |   Ruby   |",
        "document-services": "| 2 | 2 |   None   |",
        "oss-relations": "| 2 | 2 |   None   |",
        "i18n-glossary": "| 2 | 7 |   HTML   |",
        "aria-at-automation-harness": "| 2 | 2 |   JavaScript   |",
        "patch-subset-incxfer": "| 2 | 4 |   C++   |",
        "localizable-manifests": "| 2 | 4 |   HTML   |",
        "speech-synthesis11": "| 2 | 1 |   HTML   |",
        "i-slide": "| 2 | 3 |   JavaScript   |",
        "consentcg": "| 2 | 5 |   None   |",
        "captcha-accessibility": "| 2 | 4 |   HTML   |",
        "wai-evaluation-tools-list": "| 2 | 4 |   JavaScript   |",
        "spec-families": "| 2 | 1 |   JavaScript   |",
        "GHURLBot": "| 2 | 0 |   Perl   |",
        "vc-di-ecdsa": "| 2 | 2 |   HTML   |",
        "interactive-media-cg": "| 2 | 1 |   None   |",
        "groups": "| 2 | 1 |   JavaScript   |",
        "TPAC2022-Health-rules": "| 2 | 1 |   None   |",
        "naur": "| 2 | 1 |   HTML   |",
        "immersive-worlds-workshop": "| 2 | 1 |   HTML   |",
        "rch-wg": "| 2 | 0 |   None   |",
        "rch-rdh": "| 2 | 0 |   HTML   |",
        "cities": "| 2 | 0 |   Shell   |",
        "ns": "| 2 | 2 |   HTML   |",
        "aac-registry": "| 2 | 0 |   HTML   |",
        "rdf-new": "| 2 | 0 |   HTML   |",
        "rdf-n-quads": "| 2 | 1 |   HTML   |",
        "rdf-turtle": "| 2 | 1 |   HTML   |",
        "sparql-query": "| 2 | 0 |   HTML   |",
        "testing-task-forces": "| 1 | 7 |   None   |",
        "subline": "| 1 | 8 |   HTML   |",
        "W3CPasswordStrengthBundle": "| 1 | 7 |   PHP   |",
        "wptreport": "| 1 | 27 |   JavaScript   |",
        "manifest-csp": "| 1 | 7 |   HTML   |",
        "wai-planning-and-implementation": "| 1 | 16 |   HTML   |",
        "animation-timing": "| 1 | 9 |   HTML   |",
        "motion-path": "| 1 | 8 |   HTML   |",
        "UAAG-Implementations": "| 1 | 8 |   HTML   |",
        "dpub": "| 1 | 10 |   HTML   |",
        "licenses": "| 1 | 17 |   None   |",
        "LRS": "| 1 | 8 |   HTML   |",
        "woff2-compiled-tests": "| 1 | 6 |   HTML   |",
        "cordova-plugin-W3C-aligned": "| 1 | 5 |   None   |",
        "wai-policieslist": "| 1 | 7 |   HTML   |",
        "wai-gh-training-2015-06-29": "| 1 | 6 |   HTML   |",
        "WAIsite": "| 1 | 0 |   None   |",
        "timed-text-dashboard": "| 1 | 6 |   JavaScript   |",
        "dpub-pwp-arch": "| 1 | 8 |   HTML   |",
        "wai-resources": "| 1 | 13 |   HTML   |",
        "netinfo": "| 1 | 6 |   HTML   |",
        "low-vision-SC": "| 1 | 10 |   HTML   |",
        "Eunomia": "| 1 | 7 |   JavaScript   |",
        "frame-timing": "| 1 | 9 |   None   |",
        "web-based-signage-bg": "| 1 | 7 |   HTML   |",
        "tr-links": "| 1 | 8 |   HTML   |",
        "prbuildbot": "| 1 | 10 |   Python   |",
        "its2req": "| 1 | 7 |   HTML   |",
        "mlw-metadata-us-impl": "| 1 | 8 |   HTML   |",
        "wai-bad-demo": "| 1 | 6 |   None   |",
        "publ-bg": "| 1 | 10 |   HTML   |",
        "wai-search": "| 1 | 8 |   JavaScript   |",
        "webex": "| 1 | 8 |   None   |",
        "aria-in-html": "| 1 | 7 |   HTML   |",
        "wai-contacting-orgs": "| 1 | 22 |   Ruby   |",
        "payment-method-pisp-credit": "| 1 | 7 |   HTML   |",
        "wai-website-jekyll-templates": "| 1 | 6 |   HTML   |",
        "wai-home": "| 1 | 6 |   None   |",
        "wai-first-aid": "| 1 | 9 |   Ruby   |",
        "socialwg": "| 1 | 7 |   None   |",
        "wai-InvolveUsersAll": "| 1 | 12 |   Ruby   |",
        "wai-InvolveUsersEval": "| 1 | 10 |   Ruby   |",
        "wai-org-policies": "| 1 | 14 |   Ruby   |",
        "me-cloud-browser": "| 1 | 4 |   HTML   |",
        "wai-get-involved": "| 1 | 4 |   Ruby   |",
        "wai-customize-design": "| 1 | 18 |   Ruby   |",
        "wai-eval-tools-overview": "| 1 | 7 |   Ruby   |",
        "wai-intro-uaag": "| 1 | 11 |   Ruby   |",
        "wai-std-harmonization": "| 1 | 4 |   Ruby   |",
        "wai-wcag-mob-overlap": "| 1 | 3 |   Ruby   |",
        "wai-about-w3c-process": "| 1 | 28 |   Ruby   |",
        "wai-selecting-authoring-tools": "| 1 | 5 |   Ruby   |",
        "tokyo18-workshop": "| 1 | 6 |   CSS   |",
        "ws-homepage-template": "| 1 | 5 |   CSS   |",
        "wai-intro-act": "| 1 | 4 |   Ruby   |",
        "wai-eval-standards": "| 1 | 5 |   Ruby   |",
        "ttml1-tests": "| 1 | 4 |   JavaScript   |",
        "chinese-ig-charter": "| 1 | 6 |   HTML   |",
        "earl": "| 1 | 8 |   None   |",
        "math-aria": "| 1 | 6 |   JavaScript   |",
        "strong-authentication-and-identity-workshop": "| 1 | 13 |   HTML   |",
        "charter-media-wg": "| 1 | 6 |   HTML   |",
        "wai-translation-playground2": "| 1 | 5 |   HTML   |",
        "wai-tutorial-images": "| 1 | 5 |   Ruby   |",
        "time-series-and-spatial-data": "| 1 | 8 |   None   |",
        "wai-website-theme-beta": "| 1 | 5 |   JavaScript   |",
        "wai-website-data": "| 1 | 23 |   Ruby   |",
        "mathml-schema": "| 1 | 0 |   XSLT   |",
        "wai-personalization-standards": "| 1 | 7 |   Ruby   |",
        "tt-module-live": "| 1 | 7 |   HTML   |",
        "online-spellchecker-py": "| 1 | 7 |   Python   |",
        "http-headers-py": "| 1 | 5 |   Python   |",
        "trace-interchange-format": "| 1 | 3 |   HTML   |",
        "trace-response-headers": "| 1 | 3 |   HTML   |",
        "tracestate-ids-registry": "| 1 | 12 |   HTML   |",
        "new-guide": "| 1 | 3 |   None   |",
        "wai-minimal-header-design": "| 1 | 3 |   HTML   |",
        "tpac-breakouts": "| 1 | 12 |   HTML   |",
        "wai-authoring-tools-service": "| 1 | 4 |   None   |",
        "tools-repo-template": "| 1 | 3 |   None   |",
        "note-respec-repo-template": "| 1 | 5 |   HTML   |",
        "wai-tutorial-page-structure": "| 1 | 2 |   Ruby   |",
        "publ-tests": "| 1 | 7 |   HTML   |",
        "security-review": "| 1 | 2 |   None   |",
        "media-bundle-workshop": "| 1 | 2 |   HTML   |",
        "wake-lock": "| 1 | 3 |   HTML   |",
        "json-ld-wg-charter": "| 1 | 3 |   HTML   |",
        "web-fights-covid19-cg": "| 1 | 2 |   None   |",
        "amlreq": "| 1 | 5 |   HTML   |",
        "gpuweb-wg": "| 1 | 2 |   HTML   |",
        "geekweek2020": "| 1 | 2 |   HTML   |",
        "font-text-cg-temp": "| 1 | 2 |   None   |",
        "w3c-website-redesign-design-system": "| 1 | 2 |   SCSS   |",
        "mse-byte-stream-format-isobmff": "| 1 | 4 |   HTML   |",
        "mse-byte-stream-format-mp2t": "| 1 | 3 |   HTML   |",
        "miniapp-docs": "| 1 | 2 |   HTML   |",
        "dev-support": "| 1 | 4 |   CSS   |",
        "cnwa": "| 1 | 2 |   SCSS   |",
        "did-cbor-note": "| 1 | 0 |   HTML   |",
        "miniapp-iot": "| 1 | 2 |   HTML   |",
        "sphinx-to-tr": "| 1 | 3 |   JavaScript   |",
        "wot-ejs": "| 1 | 2 |   HTML   |",
        "strudy": "| 1 | 4 |   JavaScript   |",
        "wot-tools": "| 1 | 1 |   None   |",
        "ift-server-tests": "| 1 | 2 |   Python   |",
        "ift-client-tests": "| 1 | 1 |   None   |",
        "wai-interactive-lists": "| 1 | 0 |   JavaScript   |",
        "aria-at-automation-results-viewer": "| 1 | 2 |   JavaScript   |",
        "linkchecker-testsuite": "| 1 | 0 |   HTML   |",
        "AgendaBot": "| 1 | 1 |   Perl   |",
        "dapt-reqs": "| 1 | 2 |   HTML   |",
        "federated-learning-cg": "| 1 | 0 |   HTML   |",
        "xaur": "| 1 | 1 |   HTML   |",
        "remote-meetings": "| 1 | 1 |   HTML   |",
        "epub-fxl-a11y": "| 1 | 1 |   None   |",
        "miniapp-tests": "| 1 | 1 |   TypeScript   |",
        "epub-structural-tests": "| 1 | 1 |   HTML   |",
        "rch-explainer": "| 1 | 0 |   HTML   |",
        "rdf-primer": "| 1 | 0 |   HTML   |",
        "rdf-schema": "| 1 | 0 |   HTML   |",
        "rdf-n-triples": "| 1 | 1 |   HTML   |",
        "rdf-trig": "| 1 | 1 |   HTML   |",
        "rdf-xml": "| 1 | 0 |   HTML   |",
        "sparql-update": "| 1 | 1 |   HTML   |",
        "sparql-graph-store-protocol": "| 1 | 0 |   HTML   |",
        "equity-cg": "| 1 | 0 |   None   |",
        "html-cr-exit": "| 0 | 6 |   JavaScript   |",
        "alt-techniques": "| 0 | 8 |   HTML   |",
        "html-normative-references": "| 0 | 7 |   JavaScript   |",
        "emma": "| 0 | 6 |   HTML   |",
        "mmi-discovery": "| 0 | 5 |   HTML   |",
        "locadd": "| 0 | 7 |   HTML   |",
        "dpub-charter": "| 0 | 7 |   HTML   |",
        "editing-apis": "| 0 | 7 |   HTML   |",
        "das-charter": "| 0 | 12 |   HTML   |",
        "html-transcript": "| 0 | 7 |   HTML   |",
        "gh-backup": "| 0 | 7 |   JavaScript   |",
        "gh-issue-dashboard": "| 0 | 6 |   JavaScript   |",
        "dpub-pwp-loc": "| 0 | 6 |   HTML   |",
        "mediartc-roadmap-ui": "| 0 | 8 |   HTML   |",
        "ghapi": "| 0 | 8 |   JavaScript   |",
        "mmi": "| 0 | 10 |   HTML   |",
        "charters-dashboard": "| 0 | 8 |   JavaScript   |",
        "w3process-obsolete-rescinded": "| 0 | 10 |   HTML   |",
        "wai-intro-linking": "| 0 | 7 |   Ruby   |",
        "csswg-w3ctestlib": "| 0 | 8 |   Python   |",
        "csswg-apiclient": "| 0 | 9 |   Python   |",
        "wai-act-quickref": "| 0 | 7 |   CSS   |",
        "webrtc-priority": "| 0 | 8 |   None   |",
        "wai-conformance-eval-overview": "| 0 | 4 |   Ruby   |",
        "wai-wcag-em-overview": "| 0 | 9 |   Ruby   |",
        "snapshot-generator": "| 0 | 5 |   JavaScript   |",
        "WCAG21-zh": "| 0 | 5 |   HTML   |",
        "trace-context-protocols-registry": "| 0 | 6 |   HTML   |",
        "tt-module-registry": "| 0 | 4 |   None   |",
        "tt-module-cjk-ext-1": "| 0 | 5 |   None   |",
        "tt-module-vr": "| 0 | 6 |   None   |",
        "tt-module-css": "| 0 | 5 |   None   |",
        "py-http-handler": "| 0 | 5 |   Python   |",
        "wai-website-plugin": "| 0 | 7 |   Ruby   |",
        "publ_ack": "| 0 | 4 |   TypeScript   |",
        "prof-voc-reg": "| 0 | 3 |   None   |",
        "wai-pronunciation": "| 0 | 3 |   Ruby   |",
        "mediacapture-automation": "| 0 | 3 |   HTML   |",
        "i18n-request": "| 0 | 8 |   None   |",
        "line_paragraph_tests": "| 0 | 4 |   None   |",
        "character_phrase_tests": "| 0 | 3 |   None   |",
        "text_direction_tests": "| 0 | 3 |   None   |",
        "bullet-chatting-docs": "| 0 | 2 |   None   |",
        "did-kr-cg": "| 0 | 0 |   Ruby   |",
        "publ-webinar": "| 0 | 2 |   CSS   |",
        "documentreview": "| 0 | 3 |   HTML   |",
        "merchantcg": "| 0 | 3 |   HTML   |",
        "merchant-validation": "| 0 | 2 |   HTML   |",
        "mse-byte-stream-format-registry": "| 0 | 3 |   HTML   |",
        "wcag-redesign": "| 0 | 1 |   HTML   |",
        "mse-byte-stream-format-mpeg-audio": "| 0 | 3 |   HTML   |",
        "mse-byte-stream-format-webm": "| 0 | 3 |   HTML   |",
        "net-maint": "| 0 | 2 |   None   |",
        "redesign-mockups": "| 0 | 2 |   HTML   |",
        "screen-fold": "| 0 | 3 |   HTML   |",
        "webref-archive": "| 0 | 2 |   HTML   |",
        "related-tooling": "| 0 | 1 |   None   |",
        "apg-redesign": "| 0 | 1 |   None   |",
        "imsc-hrm": "| 0 | 5 |   HTML   |",
        "zakim-monitor": "| 0 | 1 |   Perl   |",
        "2021-didwg-formal-objection-faq": "| 0 | 4 |   None   |",
        "xmldsig": "| 0 | 1 |   HTML   |",
        "ruby-t2s-req": "| 0 | 3 |   HTML   |",
        "imsc-hrm-tests": "| 0 | 0 |   None   |",
        "permissions-registry": "| 0 | 2 |   HTML   |",
        "wai-wcag-understanding": "| 0 | 0 |   HTML   |",
        "groups-server": "| 0 | 0 |   JavaScript   |",
        "dapt-tests": "| 0 | 1 |   None   |",
        "epub-translations": "| 0 | 0 |   None   |",
        "logos": "| 0 | 1 |   None   |",
        "raur": "| 0 | 1 |   HTML   |",
        "captcha": "| 0 | 1 |   HTML   |",
        "media-accessibility-reqs": "| 0 | 1 |   HTML   |",
        "payment-accessibility-reqs": "| 0 | 1 |   HTML   |",
        "wai-people-use-web-videos": "| 0 | 5 |   Ruby   |",
        "timezone": "| 0 | 1 |   HTML   |",
        "i18n-translations": "| 0 | 0 |   None   |",
        "miniapp-tpac-2022": "| 0 | 0 |   None   |",
        "sparql-new": "| 0 | 0 |   JavaScript   |",
        "sparql-concepts": "| 0 | 0 |   HTML   |",
        "sparql-service-description": "| 0 | 0 |   HTML   |",
        "sparql-federated-query": "| 0 | 0 |   HTML   |",
        "sparql-results-json": "| 0 | 1 |   HTML   |",
        "sparql-results-csv-tsv": "| 0 | 0 |   HTML   |",
        "sparql-results-xml": "| 0 | 1 |   HTML   |",
        "sparql-entailment": "| 0 | 0 |   HTML   |",
        "sparql-protocol": "| 0 | 0 |   HTML   |",
        "rdf-common": "| 0 | 0 |   JavaScript   |",
        "wot-charter-drafts": "| 0 | 6 |   HTML   |",
        "publ-maintenance-wg-charter": "| 0 | 1 |   HTML   |"
    }
}