{
    "company": "Wayfair Tech",
    "h-index": 13,
    "repo count": 25,
    "contributor count": 227,
    "size": "todo",
    "employee count": "todo",
    "country": "Boston, MA // Berlin, Germany",
    "top language": "JavaScript",
    "repos": {
        "pylift": "| 353 | 71 |   Python   |",
        "dociql": "| 328 | 97 |   JavaScript   |",
        "rainbow-sprinkles": "| 138 | 10 |   TypeScript   |",
        "hypernova-php": "| 76 | 19 |   PHP   |",
        "statsdcc": "| 36 | 3 |   C++   |",
        "git-parse": "| 35 | 17 |   TypeScript   |",
        "data-snapshot": "| 34 | 2 |   JavaScript   |",
        "hussar": "| 27 | 1 |   Shell   |",
        "brickkit-android": "| 27 | 21 |   Kotlin   |",
        "terraform-provider-foreman": "| 25 | 8 |   Go   |",
        "WANDS": "| 25 | 3 |   Jupyter Notebook   |",
        "keras_image_similarity_training": "| 19 | 8 |   Jupyter Notebook   |",
        "one-version": "| 19 | 2 |   JavaScript   |",
        "bagel": "| 13 | 5 |   JavaScript   |",
        "terraform-provider-utils": "| 12 | 2 |   Go   |",
        "vsm-ios": "| 5 | 0 |   Swift   |",
        "wayfair.github.io": "| 4 | 5 |   JavaScript   |",
        "ospo-automation": "| 4 | 1 |   None   |",
        "ngx_http_txtset": "| 3 | 1 |   C   |",
        "cream": "| 3 | 0 |   C   |",
        "pytest-eucalyptus": "| 2 | 1 |   Python   |",
        "psVaultUtils": "| 2 | 3 |   PowerShell   |",
        "librabbitmq": "| 0 | 0 |   C   |",
        "rabbitmq-codegen": "| 0 | 0 |   Python   |",
        "rabbitmq-c": "| 0 | 0 |   C   |"
    }
}