{
    "company": "webpack",
    "h-index": 31,
    "repo count": 49,
    "contributor count": 1316,
    "size": "todo",
    "employee count": "todo",
    "country": null,
    "top language": "JavaScript",
    "repos": {
        "webpack": "| 63044 | 8733 |   JavaScript   |",
        "webpack-dev-server": "| 7617 | 1465 |   JavaScript   |",
        "tapable": "| 3486 | 386 |   JavaScript   |",
        "webpack-cli": "| 2487 | 569 |   JavaScript   |",
        "webpack-dev-middleware": "| 2444 | 372 |   JavaScript   |",
        "react-starter": "| 2221 | 329 |   JavaScript   |",
        "webpack.js.org": "| 2175 | 3340 |   JavaScript   |",
        "docs": "| 1465 | 137 |   JavaScript   |",
        "memory-fs": "| 882 | 89 |   JavaScript   |",
        "analyse": "| 860 | 144 |   JavaScript   |",
        "enhanced-resolve": "| 837 | 188 |   JavaScript   |",
        "webpack-pwa": "| 809 | 64 |   JavaScript   |",
        "loader-utils": "| 747 | 150 |   JavaScript   |",
        "react-webpack-server-side-example": "| 462 | 77 |   JavaScript   |",
        "node-libs-browser": "| 436 | 88 |   JavaScript   |",
        "watchpack": "| 363 | 101 |   JavaScript   |",
        "webpack-with-common-libs": "| 343 | 110 |   JavaScript   |",
        "loader-runner": "| 284 | 62 |   JavaScript   |",
        "webpack-sources": "| 248 | 74 |   JavaScript   |",
        "changelog-v5": "| 246 | 83 |   None   |",
        "schema-utils": "| 227 | 36 |   JavaScript   |",
        "meeting-notes": "| 189 | 12 |   None   |",
        "concord": "| 158 | 7 |   None   |",
        "example-app": "| 139 | 49 |   JavaScript   |",
        "enhanced-require": "| 65 | 13 |   JavaScript   |",
        "fastparse": "| 64 | 7 |   JavaScript   |",
        "playground": "| 56 | 17 |   JavaScript   |",
        "analyse-tool": "| 56 | 8 |   JavaScript   |",
        "hot-node-example": "| 54 | 14 |   JavaScript   |",
        "source-list-map": "| 40 | 18 |   JavaScript   |",
        "benchmark": "| 36 | 13 |   JavaScript   |",
        "core": "| 26 | 26 |   JavaScript   |",
        "media": "| 23 | 62 |   None   |",
        "voting-app": "| 22 | 11 |   JavaScript   |",
        "tooling": "| 19 | 11 |   JavaScript   |",
        "graph": "| 12 | 4 |   JavaScript   |",
        "template": "| 10 | 5 |   JavaScript   |",
        "webpack.github.com": "| 10 | 17 |   JavaScript   |",
        "github-org-overview": "| 6 | 3 |   JavaScript   |",
        "management": "| 6 | 3 |   None   |",
        "the-big-test": "| 5 | 3 |   JavaScript   |",
        "meetup-2018-05-08": "| 4 | 4 |   None   |",
        "escope": "| 3 | 2 |   JavaScript   |",
        "v4.webpack.js.org": "| 3 | 3 |   None   |",
        "jquery-wpt-module": "| 2 | 2 |   JavaScript   |",
        "bootstrap-wpt-module": "| 2 | 2 |   JavaScript   |",
        "webpack-tests-example": "| 2 | 2 |   JavaScript   |",
        "enhanced-resolve-completion-demo": "| 2 | 3 |   JavaScript   |",
        "github-wiki": "| 2 | 2 |   JavaScript   |"
    }
}