{
    "company": "Xamarin",
    "h-index": 51,
    "repo count": 178,
    "contributor count": 3141,
    "size": "todo",
    "employee count": "todo",
    "country": "Boston, MA",
    "top language": "C#",
    "repos": {
        "Xamarin.Forms": "| 5650 | 1922 |   C#   |",
        "xamarin-forms-samples": "| 4293 | 7626 |   C#   |",
        "xamarin-macios": "| 2250 | 487 |   C#   |",
        "monodroid-samples": "| 2200 | 4135 |   C#   |",
        "XamarinComponents": "| 1999 | 708 |   C#   |",
        "xamarin-android": "| 1783 | 538 |   C#   |",
        "XamarinCommunityToolkit": "| 1588 | 490 |   C#   |",
        "ios-samples": "| 1581 | 1954 |   C#   |",
        "Essentials": "| 1520 | 510 |   C#   |",
        "mobile-samples": "| 1458 | 3050 |   C#   |",
        "XobotOS": "| 1247 | 260 |   Java   |",
        "xamarin-forms-book-samples": "| 729 | 580 |   C#   |",
        "docs-archive": "| 567 | 1578 |   Java   |",
        "Xamarin.Auth": "| 546 | 361 |   C#   |",
        "urho": "| 455 | 124 |   C#   |",
        "urho-samples": "| 387 | 505 |   C#   |",
        "app-crm": "| 385 | 262 |   C#   |",
        "Sport": "| 356 | 229 |   C#   |",
        "Monkey.BluetoothLE": "| 349 | 233 |   C#   |",
        "mac-samples": "| 316 | 254 |   C#   |",
        "WebSharp": "| 306 | 27 |   C#   |",
        "mqtt": "| 297 | 74 |   C#   |",
        "dev-days-labs": "| 296 | 318 |   C#   |",
        "GooglePlayServicesComponents": "| 279 | 154 |   C#   |",
        "KimonoDesigner": "| 252 | 61 |   C#   |",
        "SignaturePad": "| 244 | 152 |   C#   |",
        "Xamarin.Mobile": "| 237 | 85 |   C#   |",
        "prebuilt-apps": "| 216 | 310 |   C#   |",
        "GoogleApisForiOSComponents": "| 215 | 148 |   C#   |",
        "xamarin-forms-book-preview-2": "| 210 | 131 |   C#   |",
        "Workbooks": "| 187 | 71 |   C#   |",
        "flex": "| 181 | 28 |   C   |",
        "java.interop": "| 163 | 50 |   C#   |",
        "AndroidX": "| 147 | 38 |   C#   |",
        "AndroidSupportComponents": "| 146 | 61 |   C#   |",
        "binding-tools-for-swift": "| 136 | 19 |   C#   |",
        "XamarinStripe": "| 134 | 60 |   C#   |",
        "Xamarin.Social": "| 126 | 79 |   C#   |",
        "AngryNinjas": "| 120 | 45 |   C#   |",
        "customer-success-samples": "| 103 | 98 |   None   |",
        "KinderChat": "| 100 | 46 |   C#   |",
        "VervetaCRM": "| 97 | 66 |   C#   |",
        "ExposureNotification.Sample": "| 95 | 23 |   C#   |",
        "mini-hacks": "| 89 | 109 |   C#   |",
        "PortableRazor": "| 89 | 30 |   C#   |",
        "FacebookComponents": "| 85 | 69 |   C#   |",
        "Seminars": "| 68 | 91 |   C#   |",
        "amazon": "| 62 | 48 |   C#   |",
        "xamarin-forms-book-preview": "| 61 | 40 |   C#   |",
        "XamarinAzureChallenge": "| 58 | 28 |   C#   |",
        "mac-ios-samples": "| 54 | 40 |   C#   |",
        "azure-mobile-services": "| 48 | 25 |   C#   |",
        "google-apis": "| 47 | 43 |   C#   |",
        "xamarin-evolve-2014": "| 45 | 22 |   C#   |",
        "Rivets": "| 43 | 14 |   C#   |",
        "mobcat": "| 43 | 20 |   None   |",
        "Xamarin.Forms.CarouselView": "| 41 | 44 |   C#   |",
        "Xamarin.Forms.GraphQL": "| 41 | 9 |   C#   |",
        "app-xamarintv": "| 41 | 13 |   C#   |",
        "monotouch-element-pack": "| 36 | 16 |   C#   |",
        "evolve-quest": "| 36 | 18 |   C#   |",
        "android-activity-controller": "| 36 | 10 |   C#   |",
        "xamarin-iot-samples": "| 35 | 15 |   C#   |",
        "PortableRazorStarterKit": "| 34 | 18 |   JavaScript   |",
        "Xamarin.Forms-api-docs": "| 34 | 57 |   PowerShell   |",
        "ServiceStack": "| 31 | 11 |   C#   |",
        "SalesforceSDK": "| 31 | 16 |   C#   |",
        "LibZipSharp": "| 28 | 10 |   C#   |",
        "Xamarin.Legacy.Sdk": "| 27 | 5 |   None   |",
        "benchmarker": "| 26 | 22 |   C#   |",
        "sketches": "| 26 | 8 |   None   |",
        "Xamarin.MacDev": "| 26 | 27 |   C#   |",
        "xamarin-android-tools": "| 26 | 27 |   C#   |",
        "apple-api-docs": "| 25 | 42 |   F#   |",
        "mirepoix": "| 25 | 6 |   C#   |",
        "GithubSharp": "| 24 | 7 |   C#   |",
        "app-customers": "| 24 | 33 |   C#   |",
        "Xamarin.PropertyEditing": "| 24 | 20 |   C#   |",
        "xamarinu-connect2016": "| 23 | 17 |   C#   |",
        "xunit": "| 22 | 5 |   C#   |",
        "MyCompany": "| 22 | 23 |   C#   |",
        "jar2xml": "| 19 | 15 |   Java   |",
        "android-api-docs": "| 19 | 12 |   PowerShell   |",
        "demo-xamarincrm": "| 19 | 7 |   C#   |",
        "dropbox-sync-component": "| 18 | 15 |   C#   |",
        "Urho3D": "| 18 | 31 |   C++   |",
        "xamarin-evolution": "| 18 | 9 |   None   |",
        "XamarinAndroidXMigration": "| 18 | 3 |   C#   |",
        "vs-mono-debugger-sample": "| 17 | 29 |   C#   |",
        "DocWriter": "| 16 | 14 |   C#   |",
        "ModernHttpClient": "| 16 | 11 |   C#   |",
        "SaveTheDate": "| 15 | 13 |   C#   |",
        "evolve-presentation-template": "| 15 | 5 |   HTML   |",
        "xamarin-windows": "| 15 | 6 |   C#   |",
        "fsharpbinding": "| 14 | 5 |   F#   |",
        "FlyOutNavigation": "| 13 | 17 |   C#   |",
        "IronJS": "| 13 | 2 |   JavaScript   |",
        "web-tests": "| 12 | 11 |   C#   |",
        "md-xamarin-fsharp-addins": "| 11 | 6 |   F#   |",
        "Windows.Injector": "| 11 | 6 |   C++   |",
        "fsharp-iOS-designer": "| 10 | 4 |   F#   |",
        "moq": "| 9 | 5 |   C#   |",
        "github-trello": "| 8 | 2 |   Ruby   |",
        "component-template": "| 7 | 12 |   Ruby   |",
        "evolve-2014-presentation-template": "| 7 | 3 |   None   |",
        "sales-uitest-extensions": "| 7 | 4 |   C#   |",
        "vscode": "| 7 | 1 |   TypeScript   |",
        "XtermSharp": "| 7 | 3 |   C#   |",
        "Gendarme.Rules.Xamarin": "| 6 | 4 |   C#   |",
        "azure-content": "| 6 | 4 |   None   |",
        "Wikitude": "| 6 | 6 |   C#   |",
        "AndroidDesigner.EPL": "| 6 | 3 |   Java   |",
        "NuGetizer3000": "| 6 | 4 |   C#   |",
        "emscripten-test": "| 6 | 4 |   C   |",
        "release-notes-archive": "| 6 | 10 |   HTML   |",
        "moq4": "| 5 | 1 |   C#   |",
        "embedded-frameworks": "| 5 | 1 |   C#   |",
        "SubmissionSamples": "| 5 | 12 |   C#   |",
        "sqlcipher": "| 5 | 1 |   C   |",
        "Evolve2016": "| 5 | 5 |   None   |",
        "appium.old": "| 5 | 8 |   JavaScript   |",
        "xamarin-android-api-compatibility": "| 5 | 10 |   Makefile   |",
        "CodeAnalysis": "| 5 | 5 |   C#   |",
        "partydonk": "| 5 | 1 |   None   |",
        "weekly-algorithms": "| 4 | 4 |   C#   |",
        "Touch.Unit": "| 4 | 2 |   C#   |",
        "FSXamarinStore": "| 4 | 4 |   F#   |",
        "mono-test-results": "| 4 | 6 |   TypeScript   |",
        "sqlite": "| 4 | 5 |   C++   |",
        "sharp-electron-quick-start": "| 4 | 2 |   JavaScript   |",
        "AtkCocoa": "| 4 | 5 |   C   |",
        "ApiInteresect": "| 4 | 6 |   C#   |",
        "Xamarin.VSSDK": "| 4 | 8 |   C#   |",
        "Xamarin.Build.AsyncTask": "| 4 | 6 |   C#   |",
        "SmartHotel360-Mobile": "| 4 | 4 |   None   |",
        "TalkToMe": "| 3 | 4 |   C#   |",
        "Xamarin.Android.FSharp.ResourceProvider": "| 3 | 10 |   F#   |",
        "Home": "| 3 | 4 |   None   |",
        "macios-binaries": "| 3 | 10 |   Shell   |",
        "get-started": "| 3 | 1 |   None   |",
        "SSH.NET": "| 3 | 2 |   C#   |",
        "linker-optimizer": "| 3 | 2 |   C#   |",
        "MonoDevelop.Xml": "| 3 | 2 |   C#   |",
        "macdoc": "| 2 | 8 |   C#   |",
        "raygun4net": "| 2 | 2 |   C#   |",
        "CppSharpBinaries": "| 2 | 5 |   None   |",
        "CodeMirror": "| 2 | 4 |   JavaScript   |",
        "Homebrew-Formulas": "| 2 | 6 |   Ruby   |",
        "monaco-editor": "| 2 | 3 |   HTML   |",
        "mvpwb": "| 2 | 4 |   None   |",
        "proguard": "| 2 | 4 |   Java   |",
        "NuGetizerWorkaroundForVS2017RTW": "| 2 | 4 |   None   |",
        "mono-sdks": "| 2 | 4 |   C   |",
        "codeformatter": "| 2 | 1 |   C#   |",
        "NRefactory": "| 2 | 5 |   C#   |",
        "Cryptography": "| 2 | 2 |   C#   |",
        "visualfsharp": "| 2 | 6 |   F#   |",
        "MiniEditor": "| 2 | 2 |   C#   |",
        "backport-bot-action": "| 2 | 2 |   None   |",
        "xamarin-android-binutils": "| 2 | 3 |   C++   |",
        "FAKE": "| 1 | 1 |   JavaScript   |",
        "FSharp.Compiler.Service": "| 1 | 1 |   F#   |",
        "mxe": "| 1 | 6 |   Makefile   |",
        "rye": "| 1 | 1 |   Ruby   |",
        "publish-over-onedrive-plugin": "| 1 | 3 |   Java   |",
        "gtkmsi": "| 1 | 2 |   HTML   |",
        "prosemirror": "| 1 | 2 |   JavaScript   |",
        "monaco-languages": "| 1 | 3 |   TypeScript   |",
        "azure-activedirectory-library-for-ruby": "| 1 | 4 |   Ruby   |",
        "homebrew-xamarin-android-windeps": "| 1 | 1 |   Ruby   |",
        "binding-tools-for-swift-reflector": "| 1 | 1 |   None   |",
        "vscode-mono-debug": "| 1 | 3 |   None   |",
        "Xamarin.Legacy.NUnitLite": "| 1 | 2 |   C#   |",
        "GuiUnitNg": "| 1 | 3 |   C#   |",
        "Merq": "| 1 | 2 |   C#   |",
        ".github": "| 0 | 1 |   None   |",
        "rebase-bot-action": "| 0 | 1 |   None   |",
        "t4": "| 0 | 1 |   C#   |"
    }
}