{
    "company": "Yarn",
    "h-index": 10,
    "repo count": 18,
    "contributor count": 1011,
    "size": "todo",
    "employee count": "todo",
    "country": null,
    "top language": "JavaScript",
    "repos": {
        "yarn": "| 41165 | 2886 |   JavaScript   |",
        "berry": "| 6264 | 992 |   TypeScript   |",
        "rfcs": "| 422 | 159 |   None   |",
        "website": "| 407 | 1047 |   JavaScript   |",
        "pnp-sample-app": "| 148 | 20 |   JavaScript   |",
        "example-yarn-package": "| 65 | 77 |   JavaScript   |",
        "lets-dev-demo": "| 58 | 24 |   JavaScript   |",
        "releases": "| 24 | 17 |   Shell   |",
        "release-infra": "| 22 | 11 |   PHP   |",
        "assets": "| 17 | 21 |   None   |",
        "perf": "| 9 | 9 |   JavaScript   |",
        "search-indexer-dashboard": "| 9 | 8 |   JavaScript   |",
        "committee": "| 5 | 6 |   JavaScript   |",
        "website-sitemaps": "| 5 | 6 |   JavaScript   |",
        "e2e-test-repo": "| 4 | 9 |   None   |",
        "v8-compile-cache": "| 4 | 6 |   JavaScript   |",
        "yarn-downloads": "| 3 | 14 |   HTML   |",
        "util-deprecate": "| 1 | 3 |   None   |"
    }
}