{
    "company": "Yelp.com",
    "h-index": 58,
    "repo count": 235,
    "contributor count": 4879,
    "size": "todo",
    "employee count": "todo",
    "country": "San Francisco",
    "top language": "Python",
    "repos": {
        "elastalert": "| 7905 | 1774 |   Python   |",
        "dumb-init": "| 6254 | 334 |   Python   |",
        "detect-secrets": "| 3041 | 377 |   Python   |",
        "mrjob": "| 2600 | 608 |   Python   |",
        "osxcollector": "| 1859 | 249 |   Python   |",
        "paasta": "| 1649 | 229 |   Python   |",
        "undebt": "| 1637 | 63 |   Python   |",
        "MOE": "| 1305 | 142 |   C++   |",
        "dockersh": "| 1281 | 84 |   Go   |",
        "dataset-examples": "| 1171 | 607 |   Python   |",
        "yelp.github.io": "| 671 | 118 |   JavaScript   |",
        "bravado": "| 592 | 118 |   Python   |",
        "yelp-api": "| 581 | 1110 |   PHP   |",
        "service-principles": "| 423 | 35 |   None   |",
        "pyleus": "| 406 | 110 |   Python   |",
        "mysql_streamer": "| 403 | 85 |   Python   |",
        "swagger-gradle-codegen": "| 403 | 33 |   Kotlin   |",
        "yelp-fusion": "| 384 | 352 |   Python   |",
        "docker-custodian": "| 354 | 55 |   Python   |",
        "android-school": "| 350 | 38 |   None   |",
        "Tron": "| 336 | 61 |   Python   |",
        "kafka-utils": "| 308 | 126 |   Python   |",
        "bento": "| 302 | 32 |   Kotlin   |",
        "Testify": "| 299 | 68 |   Python   |",
        "clusterman": "| 293 | 20 |   Python   |",
        "kotlin-android-workshop": "| 289 | 20 |   Kotlin   |",
        "threat_intel": "| 262 | 58 |   Python   |",
        "python-gearman": "| 242 | 128 |   Python   |",
        "py_zipkin": "| 220 | 46 |   Python   |",
        "nrtsearch": "| 201 | 33 |   Java   |",
        "yelp-python": "| 180 | 110 |   Python   |",
        "venv-update": "| 178 | 34 |   Python   |",
        "fuzz-lightyear": "| 176 | 27 |   Python   |",
        "firefly": "| 171 | 43 |   JavaScript   |",
        "amira": "| 149 | 46 |   Python   |",
        "YLTableView": "| 147 | 29 |   Objective-C   |",
        "love": "| 144 | 35 |   Python   |",
        "lemon-reset": "| 132 | 12 |   JavaScript   |",
        "aactivator": "| 125 | 20 |   Python   |",
        "data_pipeline": "| 110 | 23 |   Python   |",
        "bravado-core": "| 109 | 99 |   Python   |",
        "detect-secrets-server": "| 109 | 35 |   Python   |",
        "yelp-ruby": "| 106 | 58 |   Ruby   |",
        "dataloader-codegen": "| 106 | 9 |   TypeScript   |",
        "swagger_spec_validator": "| 102 | 67 |   Python   |",
        "ybinlogp": "| 97 | 36 |   C   |",
        "schematizer": "| 85 | 24 |   Python   |",
        "beans": "| 85 | 36 |   Python   |",
        "casper": "| 83 | 7 |   Rust   |",
        "requirements-tools": "| 82 | 33 |   Python   |",
        "sensu_handlers": "| 76 | 30 |   Ruby   |",
        "osxcollector_output_filters": "| 75 | 10 |   Python   |",
        "graphql-guidelines": "| 72 | 4 |   Makefile   |",
        "kegmate": "| 71 | 21 |   Objective-C   |",
        "parcelgen": "| 66 | 34 |   Python   |",
        "ephemeral-port-reserve": "| 63 | 13 |   Python   |",
        "salsa": "| 63 | 6 |   Swift   |",
        "yelp-ios": "| 62 | 48 |   Objective-C   |",
        "docker-observium": "| 57 | 27 |   ApacheConf   |",
        "yelp-android": "| 56 | 34 |   Java   |",
        "terraform-provider-signalform": "| 44 | 25 |   Go   |",
        "mycroft": "| 42 | 8 |   Python   |",
        "terraform-provider-gitfile": "| 41 | 18 |   Go   |",
        "zygote": "| 40 | 16 |   Python   |",
        "ffmpeg-android": "| 39 | 9 |   Shell   |",
        "pushmanager": "| 38 | 23 |   Python   |",
        "yelp_kafka": "| 38 | 12 |   Python   |",
        "pidtree-bcc": "| 35 | 4 |   Python   |",
        "EMRio": "| 32 | 12 |   Python   |",
        "pgctl": "| 32 | 14 |   Python   |",
        "s3mysqldump": "| 31 | 14 |   Python   |",
        "pyramid_zipkin": "| 29 | 16 |   Python   |",
        "virtualenv-tools": "| 29 | 6 |   Python   |",
        "puppet-netstdlib": "| 28 | 20 |   Ruby   |",
        "send_nsca": "| 27 | 23 |   Python   |",
        "uwsgi_metrics": "| 27 | 3 |   Python   |",
        "xgboost-predictor-java": "| 27 | 5 |   Java   |",
        "sqlite3dbm": "| 26 | 9 |   Python   |",
        "cocoapods-readonly": "| 26 | 1 |   Ruby   |",
        "data_pipeline_avro_util": "| 26 | 8 |   Python   |",
        "WebImageView": "| 25 | 16 |   Java   |",
        "docker-push-latest-if-changed": "| 24 | 10 |   Python   |",
        "android-varanus": "| 24 | 4 |   Kotlin   |",
        "PushmasterApp": "| 22 | 3 |   Python   |",
        "task_processing": "| 22 | 3 |   Python   |",
        "tlspretense-service": "| 21 | 2 |   Makefile   |",
        "puppet-uchiwa": "| 20 | 59 |   Ruby   |",
        "logfeeder": "| 20 | 4 |   Python   |",
        "yelp_cheetah": "| 19 | 13 |   Python   |",
        "fido": "| 19 | 17 |   Python   |",
        "gprof2dot": "| 19 | 7 |   Python   |",
        "pyramid-hypernova": "| 19 | 8 |   Python   |",
        "swagger-spec-compatibility": "| 19 | 7 |   Python   |",
        "pysensu-yelp": "| 17 | 13 |   Python   |",
        "kafka-python": "| 17 | 9 |   Python   |",
        "mr3po": "| 16 | 10 |   Python   |",
        "YPFastDateParser": "| 15 | 3 |   Objective-C   |",
        "docker-compose": "| 15 | 36 |   Python   |",
        "yelp_uri": "| 14 | 7 |   Python   |",
        "terraform-provider-cloudhealth": "| 14 | 4 |   Go   |",
        "yelp-rails-example": "| 13 | 32 |   Ruby   |",
        "named_decorator": "| 13 | 4 |   Python   |",
        "doloop": "| 11 | 10 |   Python   |",
        "puppet-cron": "| 11 | 6 |   Ruby   |",
        "environment_tools": "| 11 | 6 |   Python   |",
        "pt-online-schema-change-plugins": "| 11 | 4 |   Perl   |",
        "yelp_encodings": "| 10 | 8 |   Python   |",
        "pygear": "| 10 | 1 |   C   |",
        "swagger_zipkin": "| 10 | 9 |   Python   |",
        "golang-scribe": "| 10 | 3 |   Makefile   |",
        "pyswf": "| 10 | 3 |   Python   |",
        "cheetah": "| 9 | 5 |   Python   |",
        "aws_logs_to_parquet_converter": "| 9 | 5 |   Python   |",
        "dateglob": "| 8 | 13 |   Python   |",
        "ezio": "| 8 | 2 |   Python   |",
        "yelp_sampling": "| 8 | 1 |   Python   |",
        "yelp_bytes": "| 7 | 8 |   Python   |",
        "wsgi-mod-rpaf": "| 7 | 2 |   Python   |",
        "yelp_pyspark_xgboost": "| 7 | 1 |   Scala   |",
        "rusty_jetpack": "| 7 | 2 |   Rust   |",
        "thehub": "| 6 | 1 |   JavaScript   |",
        "service_configuration_lib": "| 6 | 9 |   Python   |",
        "paasta-tools-go": "| 6 | 4 |   Go   |",
        "puppetupdate": "| 5 | 2 |   Ruby   |",
        "SimpleAL": "| 5 | 5 |   Objective-C   |",
        "yelp-avro": "| 5 | 12 |   Java   |",
        "sqlparse": "| 5 | 7 |   Python   |",
        "signalform-tools": "| 5 | 3 |   Python   |",
        "spark-redshift": "| 5 | 4 |   Scala   |",
        "occam": "| 4 | 5 |   CSS   |",
        "puppet-kafka": "| 4 | 1 |   Puppet   |",
        "security_monkey": "| 4 | 3 |   Python   |",
        "terraform-ami_fromhttp": "| 4 | 2 |   Go   |",
        "nerve-tools": "| 4 | 11 |   Python   |",
        "twisted_s3": "| 4 | 4 |   Python   |",
        "sticht": "| 4 | 2 |   Python   |",
        "jnuc-2022": "| 4 | 1 |   Shell   |",
        "catbox": "| 3 | 3 |   C   |",
        "pootle": "| 3 | 5 |   Python   |",
        "puppet": "| 3 | 4 |   Ruby   |",
        "pyasn": "| 3 | 3 |   Python   |",
        "puppet-vault": "| 3 | 3 |   Shell   |",
        "puppet-time_bomb": "| 3 | 0 |   Ruby   |",
        "gc_freeze": "| 3 | 6 |   C   |",
        "gh-kit": "| 2 | 3 |   Objective-C   |",
        "TMCache": "| 2 | 1 |   Objective-C   |",
        "CocoaPodsBundlerSampleProject": "| 2 | 0 |   Objective-C   |",
        "puppetlabs-aws": "| 2 | 3 |   Ruby   |",
        "terraform": "| 2 | 2 |   Go   |",
        "chronos": "| 2 | 3 |   JavaScript   |",
        "puppet-omnibus": "| 2 | 4 |   Ruby   |",
        "logstash-v2": "| 2 | 2 |   Ruby   |",
        "pyramid_mock_server": "| 2 | 3 |   Python   |",
        "elasticsearch_exporter": "| 2 | 1 |   Go   |",
        "engage.android": "| 1 | 0 |   Java   |",
        "gh-unit": "| 1 | 2 |   Objective-C   |",
        "logstash-contrib": "| 1 | 0 |   Ruby   |",
        "debs-kafka": "| 1 | 1 |   Python   |",
        "sensu": "| 1 | 5 |   None   |",
        "puppetlabs-apache": "| 1 | 2 |   Ruby   |",
        "puppetlabs-stdlib": "| 1 | 4 |   Ruby   |",
        "Diamond": "| 1 | 1 |   Python   |",
        "chronos-python": "| 1 | 2 |   Python   |",
        "liquibase-percona": "| 1 | 1 |   Java   |",
        "yelp_clog": "| 1 | 12 |   Python   |",
        "pypicloud": "| 1 | 0 |   Python   |",
        "puppet-paasta": "| 1 | 0 |   Puppet   |",
        "s6-setuptools": "| 1 | 5 |   Python   |",
        "cookiecutter-boto-cli": "| 1 | 2 |   Python   |",
        "atlantis": "| 1 | 1 |   Go   |",
        "ansible": "| 1 | 0 |   Python   |",
        "lua-cassandra": "| 1 | 1 |   Lua   |",
        "gray_logger": "| 0 | 0 |   Ruby   |",
        "master_slave_adapter": "| 0 | 0 |   Ruby   |",
        "logstash": "| 0 | 2 |   Ruby   |",
        "checks": "| 0 | 0 |   Ruby   |",
        "garethr-docker": "| 0 | 4 |   Ruby   |",
        "zipkin": "| 0 | 1 |   Scala   |",
        "mcollective-sshkey-security": "| 0 | 1 |   None   |",
        "docker_securitymonkey": "| 0 | 2 |   None   |",
        "puppetlabs-xinetd": "| 0 | 2 |   Ruby   |",
        "puppet-dhcp": "| 0 | 0 |   Ruby   |",
        "puppet-sudo": "| 0 | 2 |   Augeas   |",
        "synapse": "| 0 | 4 |   Ruby   |",
        "garethr-diamond": "| 0 | 2 |   Ruby   |",
        "statsd": "| 0 | 1 |   JavaScript   |",
        "nerve": "| 0 | 1 |   Ruby   |",
        "puppet-logrotate": "| 0 | 1 |   Puppet   |",
        "marathon-python": "| 0 | 1 |   Python   |",
        "puppet-redis_sentinel": "| 0 | 0 |   Ruby   |",
        "puppet-consul_template": "| 0 | 0 |   Ruby   |",
        "puppet-zookeeper": "| 0 | 4 |   Puppet   |",
        "puppet-snmp": "| 0 | 1 |   Ruby   |",
        "puppet-kmod": "| 0 | 1 |   Ruby   |",
        "puppet-xtrabackup": "| 0 | 2 |   Puppet   |",
        "puppet-mesos": "| 0 | 4 |   Ruby   |",
        "puppet-carbon_c_relay": "| 0 | 0 |   Puppet   |",
        "puppetlabs-splunk": "| 0 | 1 |   Puppet   |",
        "ocmock": "| 0 | 1 |   Objective-C   |",
        "puppetlabs-rabbitmq": "| 0 | 1 |   Ruby   |",
        "uchiwa": "| 0 | 2 |   Go   |",
        "uchiwa-web": "| 0 | 3 |   JavaScript   |",
        "uchiwa-build": "| 0 | 2 |   Shell   |",
        "cloudflare-go": "| 0 | 1 |   Go   |",
        "marionette-collective": "| 0 | 4 |   Ruby   |",
        "go-fastly": "| 0 | 3 |   Go   |",
        "librdkafka": "| 0 | 2 |   C   |",
        "homebrew-paasta": "| 0 | 0 |   Ruby   |",
        "puppetlabs-lvm": "| 0 | 1 |   Ruby   |",
        "puppet-package_purging": "| 0 | 2 |   Ruby   |",
        "elasticsearch-py": "| 0 | 1 |   Python   |",
        "python-cdb": "| 0 | 1 |   C   |",
        "puppetlabs-postgresql": "| 0 | 1 |   Ruby   |",
        "puppet-logstash": "| 0 | 1 |   Puppet   |",
        "puppet-orchestrator-for-mysql": "| 0 | 5 |   Puppet   |",
        "puppet-munki": "| 0 | 2 |   Puppet   |",
        "rspec-puppet": "| 0 | 1 |   Ruby   |",
        "homebrew-salsa": "| 0 | 0 |   Ruby   |",
        "puppetlabs-kubernetes": "| 0 | 1 |   Ruby   |",
        "PyStaticConfiguration": "| 0 | 1 |   Python   |",
        "opa-istio-plugin": "| 0 | 1 |   Go   |",
        "terraform-provider-sensu": "| 0 | 0 |   Go   |",
        "opa": "| 0 | 1 |   Go   |",
        "telegraf": "| 0 | 0 |   Go   |",
        "kiam": "| 0 | 1 |   Go   |",
        "kind": "| 0 | 1 |   Go   |",
        "puppet-macdefaults": "| 0 | 1 |   Ruby   |",
        "sudo_pair": "| 0 | 0 |   None   |",
        "puppet-etcd": "| 0 | 1 |   Puppet   |",
        "puppet-hash_file": "| 0 | 0 |   None   |",
        "behave": "| 0 | 1 |   None   |",
        "rules_proto": "| 0 | 1 |   None   |",
        "manheim-c7n-tools": "| 0 | 1 |   Python   |",
        "aptly": "| 0 | 1 |   Go   |",
        "pyairtable": "| 0 | 1 |   None   |"
    }
}