{
    "company": "\u9605\u6587\u524d\u7aef",
    "h-index": 11,
    "repo count": 51,
    "contributor count": 273,
    "size": "todo",
    "employee count": "todo",
    "country": "Shanghai",
    "top language": "JavaScript",
    "repos": {
        "lulu": "| 2626 | 261 |   JavaScript   |",
        "inertia": "| 300 | 87 |   JavaScript   |",
        "y-translation": "| 156 | 30 |   HTML   |",
        "yux-storage": "| 142 | 15 |   HTML   |",
        "drag-loading": "| 76 | 39 |   JavaScript   |",
        "bobo-electron": "| 46 | 2 |   JavaScript   |",
        "yuenode": "| 33 | 6 |   JavaScript   |",
        "snap-swiper": "| 33 | 4 |   JavaScript   |",
        "Y-BP": "| 28 | 1 |   HTML   |",
        "Yworkflow": "| 23 | 6 |   JavaScript   |",
        "bobo": "| 12 | 1 |   CSS   |",
        "story": "| 11 | 4 |   None   |",
        "Ynative": "| 10 | 3 |   JavaScript   |",
        "fetch-with-loading": "| 10 | 2 |   HTML   |",
        "yworkcli": "| 6 | 1 |   JavaScript   |",
        "web-template": "| 6 | 0 |   HTML   |",
        "y-workflow": "| 5 | 2 |   JavaScript   |",
        "yux-email-sign-generator": "| 4 | 2 |   HTML   |",
        "wnjs": "| 4 | 0 |   TypeScript   |",
        "react-native-qidian": "| 3 | 0 |   JavaScript   |",
        "yued-fe.github.io": "| 3 | 0 |   CSS   |",
        "y-tools": "| 2 | 0 |   JavaScript   |",
        "write-web-icons": "| 2 | 1 |   JavaScript   |",
        "mqq-icons": "| 2 | 1 |   JavaScript   |",
        "yuenode-core": "| 1 | 1 |   JavaScript   |",
        "y-server": "| 1 | 0 |   JavaScript   |",
        "y-server-plugin-proxy": "| 1 | 0 |   JavaScript   |",
        "y-server-plugin-mock": "| 1 | 0 |   JavaScript   |",
        "y-font": "| 1 | 0 |   JavaScript   |",
        "flutter.cn": "| 1 | 1 |   CSS   |",
        "webnovel-icons": "| 1 | 2 |   JavaScript   |",
        "chereads-icons": "| 1 | 0 |   JavaScript   |",
        "request-ok": "| 0 | 0 |   JavaScript   |",
        "yworkoffline": "| 0 | 0 |   JavaScript   |",
        "y-server-plugin-cors": "| 0 | 0 |   JavaScript   |",
        "y-server-plugin-static": "| 0 | 0 |   JavaScript   |",
        "y-server-plugin-ejs": "| 0 | 0 |   JavaScript   |",
        "y-server-plugin-error": "| 0 | 0 |   JavaScript   |",
        "y-server-plugin-template": "| 0 | 0 |   JavaScript   |",
        "y-template-cli": "| 0 | 0 |   JavaScript   |",
        "y-server-load-plugins": "| 0 | 0 |   JavaScript   |",
        "y-server-plugin-nuxt": "| 0 | 0 |   JavaScript   |",
        "nuxt.js": "| 0 | 0 |   JavaScript   |",
        "gulp-y-font": "| 0 | 0 |   None   |",
        "SecurityWorker": "| 0 | 0 |   HTML   |",
        "reset": "| 0 | 0 |   None   |",
        "y-commit": "| 0 | 0 |   JavaScript   |",
        "mqq-reader-icons": "| 0 | 0 |   JavaScript   |",
        "promet-icons": "| 0 | 0 |   JavaScript   |",
        "star": "| 0 | 1 |   HTML   |",
        "wn-fb": "| 0 | 0 |   HTML   |"
    }
}