{
    "company": "Zalando SE",
    "h-index": 41,
    "repo count": 48,
    "contributor count": 1033,
    "size": "todo",
    "employee count": "todo",
    "country": "Berlin, Dublin, Helsinki, Dortmund, Erfurt, M\u00f6nchengladbach, Hamburg",
    "top language": "Java",
    "repos": {
        "patroni": "| 5437 | 718 |   Python   |",
        "postgres-operator": "| 3292 | 877 |   Go   |",
        "skipper": "| 2864 | 320 |   Go   |",
        "zalenium": "| 2397 | 584 |   Java   |",
        "SwiftMonkey": "| 1938 | 179 |   Swift   |",
        "restful-api-guidelines": "| 1902 | 345 |   CSS   |",
        "tailor": "| 1726 | 155 |   JavaScript   |",
        "logbook": "| 1364 | 226 |   Java   |",
        "tech-radar": "| 1332 | 519 |   None   |",
        "spilo": "| 1141 | 306 |   Python   |",
        "intellij-swagger": "| 1130 | 74 |   Java   |",
        "problem-spring-web": "| 915 | 122 |   Java   |",
        "nakadi": "| 891 | 274 |   Java   |",
        "problem": "| 801 | 83 |   Java   |",
        "zally": "| 801 | 135 |   Kotlin   |",
        "zalando-howto-open-source": "| 798 | 140 |   None   |",
        "go-keyring": "| 611 | 74 |   Go   |",
        "zappr": "| 537 | 69 |   JavaScript   |",
        "gin-oauth2": "| 494 | 63 |   Go   |",
        "pg_view": "| 474 | 45 |   Python   |",
        "gulp-check-unused-css": "| 360 | 22 |   CSS   |",
        "zmon": "| 351 | 49 |   Shell   |",
        "engineering-principles": "| 344 | 44 |   None   |",
        "expan": "| 322 | 51 |   Python   |",
        "PGObserver": "| 313 | 67 |   Python   |",
        "riptide": "| 241 | 57 |   Java   |",
        "grafter": "| 239 | 25 |   Scala   |",
        "jackson-datatype-money": "| 228 | 40 |   Java   |",
        "opentracing-toolbox": "| 180 | 48 |   Java   |",
        "elm-street-404": "| 176 | 10 |   Elm   |",
        "tokens": "| 169 | 67 |   Java   |",
        "innkeeper": "| 168 | 21 |   Scala   |",
        "public-presentations": "| 157 | 52 |   None   |",
        "python-nsenter": "| 136 | 22 |   Python   |",
        "dress-code": "| 128 | 16 |   CSS   |",
        "beard": "| 121 | 30 |   Scala   |",
        "friboo": "| 119 | 15 |   Clojure   |",
        "faux-pas": "| 119 | 12 |   Java   |",
        "spring-cloud-config-aws-kms": "| 96 | 33 |   Java   |",
        "zalando.github.io": "| 72 | 43 |   HTML   |",
        "failsafe-actuator": "| 52 | 12 |   Java   |",
        "package-build": "| 36 | 8 |   Ruby   |",
        "ghe-backup": "| 31 | 6 |   Shell   |",
        "hibernate-native-json": "| 9 | 3 |   Java   |",
        "backstage-plugin-api-linter": "| 8 | 5 |   TypeScript   |",
        "hiring_sprint": "| 5 | 0 |   None   |",
        ".github": "| 1 | 0 |   None   |",
        "shop-api-documentation": "| 0 | 0 |   None   |"
    }
}