{
    "company": "Zhihu",
    "h-index": 16,
    "repo count": 31,
    "contributor count": 587,
    "size": "todo",
    "employee count": "todo",
    "country": "Beijing, China",
    "top language": "Java",
    "repos": {
        "Matisse": "| 12407 | 2075 |   Java   |",
        "griffith": "| 2424 | 219 |   TypeScript   |",
        "kids": "| 1223 | 221 |   C++   |",
        "rucene": "| 976 | 54 |   Rust   |",
        "RxLifecycle": "| 517 | 46 |   Java   |",
        "cuBERT": "| 493 | 83 |   C++   |",
        "zhihu-rxjava-meetup": "| 364 | 23 |   None   |",
        "redis-shard": "| 358 | 87 |   Python   |",
        "mirror": "| 274 | 37 |   Java   |",
        "SugarAdapter": "| 231 | 27 |   Java   |",
        "zetta": "| 120 | 18 |   Go   |",
        "norm": "| 81 | 19 |   Go   |",
        "tache": "| 77 | 14 |   Python   |",
        "promate": "| 68 | 8 |   Go   |",
        "SERank": "| 46 | 6 |   Python   |",
        "cmdb": "| 16 | 6 |   Go   |",
        "AndroidGodEye": "| 14 | 0 |   Java   |",
        "chaika": "| 10 | 0 |   None   |",
        "jondis": "| 7 | 9 |   Python   |",
        "phabricator": "| 6 | 8 |   PHP   |",
        "presto-connectors": "| 6 | 0 |   None   |",
        "zetta-proto": "| 6 | 1 |   Shell   |",
        "arcanist": "| 3 | 4 |   PHP   |",
        "zetta-client-go": "| 3 | 3 |   Go   |",
        "puppet-consul": "| 2 | 1 |   Ruby   |",
        "puppet-cdh": "| 2 | 4 |   Puppet   |",
        "libphutil": "| 2 | 2 |   C++   |",
        "protobuf": "| 2 | 2 |   C++   |",
        "disqus-arcanist": "| 1 | 2 |   PHP   |",
        "hive": "| 0 | 1 |   Java   |",
        "zetta-client-java": "| 0 | 0 |   None   |"
    }
}