{
    "company": "Zomato",
    "h-index": 4,
    "repo count": 47,
    "contributor count": 2698,
    "size": "todo",
    "employee count": "todo",
    "country": "Gurgaon, India",
    "top language": "Go",
    "repos": {
        "AndroidPhotoFilters": "| 2491 | 491 |   Java   |",
        "DR-charts": "| 93 | 40 |   Objective-C   |",
        "sushi-ui-android": "| 91 | 7 |   Kotlin   |",
        "vinifera": "| 74 | 10 |   Ruby   |",
        "redash": "| 4 | 6 |   Python   |",
        "aesthetics": "| 2 | 1 |   Python   |",
        "gogeos": "| 2 | 2 |   Go   |",
        "Log.io": "| 1 | 1 |   CoffeeScript   |",
        "find": "| 1 | 3 |   Go   |",
        "ant-design": "| 1 | 3 |   TypeScript   |",
        "keras-spp": "| 1 | 1 |   Python   |",
        "libphonenumber": "| 1 | 1 |   C++   |",
        "foremandns": "| 1 | 2 |   Go   |",
        "rotor": "| 1 | 7 |   Go   |",
        "sushi-ui-web": "| 1 | 10 |   JavaScript   |",
        "zpwned": "| 0 | 4 |   PHP   |",
        "antd-tools": "| 0 | 2 |   JavaScript   |",
        "convnets-keras": "| 0 | 1 |   Python   |",
        "zomato-ios-order-sdk": "| 0 | 1 |   Objective-C   |",
        "zomato-foremandns": "| 0 | 2 |   Ruby   |",
        "polygon": "| 0 | 1 |   Scala   |",
        "gulp-install": "| 0 | 1 |   JavaScript   |",
        "react-lazyload": "| 0 | 3 |   JavaScript   |",
        "react-toolbox": "| 0 | 3 |   JavaScript   |",
        "flink-deployer": "| 0 | 1 |   Go   |",
        "airflow": "| 0 | 6 |   Python   |",
        "spreadsheet-reader": "| 0 | 2 |   PHP   |",
        "predixy": "| 0 | 2 |   C++   |",
        "sparkmagic": "| 0 | 3 |   None   |",
        "predixy_exporter": "| 0 | 1 |   Go   |",
        "incubator-superset": "| 0 | 2 |   None   |",
        "airflow-prometheus-exporter": "| 0 | 2 |   Python   |",
        "statsrelay": "| 0 | 1 |   None   |",
        "amundsenfrontendlibrary": "| 0 | 1 |   None   |",
        "kafka_exporter": "| 0 | 3 |   Go   |",
        "android-lib-release-action": "| 0 | 2 |   Shell   |",
        "presto-gateway": "| 0 | 1 |   JavaScript   |",
        "passenger_exporter": "| 0 | 3 |   Go   |",
        "redash-exporter": "| 0 | 1 |   None   |",
        "treeware": "| 0 | 3 |   Python   |",
        "promconfig": "| 0 | 1 |   Go   |",
        "trino": "| 0 | 0 |   None   |",
        "cadvisor": "| 0 | 1 |   None   |",
        "prometheus-to-cloudwatch": "| 0 | 1 |   None   |",
        "mlflow": "| 0 | 8 |   Python   |",
        "hydra": "| 0 | 1 |   Go   |",
        "dopamine": "| 0 | 3 |   None   |"
    }
}