{
    "company": "Zoom",
    "h-index": 22,
    "repo count": 56,
    "contributor count": 80,
    "size": "todo",
    "employee count": "todo",
    "country": "San Jose, CA",
    "top language": "JavaScript",
    "repos": {
        "meetingsdk-web-sample": "| 580 | 334 |   JavaScript   |",
        "zoom-e2e-whitepaper": "| 531 | 37 |   None   |",
        "meetingsdk-web": "| 261 | 93 |   HTML   |",
        "zoom-sdk-ios": "| 177 | 61 |   None   |",
        "zoom-sdk-android": "| 156 | 94 |   None   |",
        "zoom-sdk-windows": "| 112 | 76 |   None   |",
        "meetingsdk-react-sample": "| 101 | 58 |   JavaScript   |",
        "zoom-sdk-electron": "| 96 | 34 |   None   |",
        "meetingsdk-auth-endpoint-sample": "| 84 | 80 |   JavaScript   |",
        "zoom-oauth-sample-app": "| 80 | 38 |   JavaScript   |",
        "zoom-api-jwt": "| 77 | 50 |   JavaScript   |",
        "zoom-sdk-macos": "| 67 | 34 |   None   |",
        "videosdk-web-sample": "| 59 | 47 |   TypeScript   |",
        "meetingsdk-angular-sample": "| 49 | 50 |   TypeScript   |",
        "api": "| 44 | 36 |   JavaScript   |",
        "zoom-c-sharp-wrapper": "| 44 | 26 |   None   |",
        "zoom-sdk-ionic": "| 31 | 31 |   None   |",
        "meetingsdk-vuejs-sample": "| 31 | 10 |   Vue   |",
        "zoomapps-sample-js": "| 30 | 24 |   JavaScript   |",
        "appssdk": "| 28 | 2 |   None   |",
        "sample-app-node": "| 25 | 28 |   Pug   |",
        "data-visualization-sample-app": "| 23 | 8 |   JavaScript   |",
        "sample-app-ionic": "| 22 | 13 |   JavaScript   |",
        "zoom-macsdk-electron": "| 21 | 14 |   None   |",
        "zoomapps-advancedsample-react": "| 20 | 7 |   JavaScript   |",
        "zoom-winsdk-electron": "| 19 | 8 |   None   |",
        "videosdk-web": "| 19 | 15 |   None   |",
        "unsplash-chatbot": "| 17 | 14 |   JavaScript   |",
        "node.js-chatbot": "| 17 | 11 |   JavaScript   |",
        "zoom-sdk-android-getting-started": "| 15 | 7 |   Java   |",
        "meetingsdk-javascript-sample": "| 15 | 7 |   JavaScript   |",
        "zoom-sample-webhookapp": "| 14 | 8 |   JavaScript   |",
        "api-v1": "| 13 | 15 |   JavaScript   |",
        "zoomapps-texteditor-vuejs": "| 13 | 3 |   TypeScript   |",
        "client-sdk-iOS-getting-started": "| 10 | 7 |   Objective-C   |",
        "webhook-sample": "| 10 | 7 |   JavaScript   |",
        "vote-chatbot": "| 9 | 8 |   JavaScript   |",
        "zoom-bot-api": "| 8 | 8 |   JavaScript   |",
        "node.js-chatbot-cli": "| 8 | 7 |   JavaScript   |",
        "catbot": "| 8 | 8 |   JavaScript   |",
        "zoomapps-customlayout-js": "| 8 | 6 |   JavaScript   |",
        "server-to-server-oauth-starter-api": "| 8 | 5 |   JavaScript   |",
        "alexa": "| 5 | 7 |   JavaScript   |",
        "zoom-bot-demo": "| 4 | 2 |   JavaScript   |",
        "videosdk-auth-endpoint-sample": "| 4 | 13 |   JavaScript   |",
        "webhook-to-postgres": "| 4 | 1 |   JavaScript   |",
        "sample-registration-app": "| 3 | 1 |   JavaScript   |",
        "server-to-server-oauth-token": "| 3 | 2 |   JavaScript   |",
        "zoomapps-cameramode-vuejs": "| 3 | 0 |   Vue   |",
        "node.js-botservice": "| 2 | 5 |   JavaScript   |",
        "zoom-video-sdk-iOS": "| 2 | 4 |   None   |",
        "zoomapps-serverless-vuejs": "| 2 | 0 |   JavaScript   |",
        "user-level-oauth-starter": "| 2 | 0 |   JavaScript   |",
        "kaltura-sample-code": "| 1 | 5 |   Java   |",
        "node.js-zoombottemplates": "| 0 | 3 |   JavaScript   |",
        "gubernator": "| 0 | 0 |   Go   |"
    }
}