{
    "company": "zsh-users",
    "h-index": 10,
    "repo count": 11,
    "contributor count": 600,
    "size": "todo",
    "employee count": "todo",
    "country": null,
    "top language": "Shell",
    "repos": {
        "zsh-autosuggestions": "| 26116 | 1723 |   Shell   |",
        "zsh-syntax-highlighting": "| 16947 | 1286 |   Shell   |",
        "antigen": "| 7570 | 292 |   Shell   |",
        "zsh-completions": "| 5993 | 683 |   Shell   |",
        "zsh": "| 3133 | 425 |   C   |",
        "zsh-history-substring-search": "| 2143 | 143 |   Shell   |",
        "zaw": "| 535 | 66 |   Shell   |",
        "zsh-apple-touchbar": "| 331 | 19 |   Ruby   |",
        "fizsh": "| 284 | 20 |   Shell   |",
        "zsh-docker": "| 83 | 16 |   Dockerfile   |",
        ".github": "| 0 | 0 |   None   |"
    }
}