{
    "company": "Zuora",
    "h-index": 1,
    "repo count": 8,
    "contributor count": 44,
    "size": "todo",
    "employee count": "todo",
    "country": "San Mateo, CA",
    "top language": "Java",
    "repos": {
        "sdk-java-samples": "| 3 | 0 |   Java   |",
        "payment-page-samples": "| 1 | 3 |   JavaScript   |",
        "Avalara-Communication-SDK": "| 0 | 0 |   None   |",
        "AvaTax-REST-V2-JRE-SDK": "| 0 | 0 |   None   |",
        "Vertex-Java-SDK": "| 0 | 0 |   None   |",
        "api-explorer": "| 0 | 0 |   None   |",
        "sdk-go": "| 0 | 0 |   None   |",
        "api-tutorials": "| 0 | 1 |   None   |"
    }
}