Company,degree,betweenness,closeness,eigenvector,clustering,effective size,constraint
microsoft,0.6680412371134021,0.08548191313538925,0.6773397032939401,0.13199191901681329,0.17698658410732715,266.8333333333333,0.018255395860989444
jenkinsci,0.2618556701030928,0.000983672302157834,0.4530330805065505,0.0918652073818854,0.6284214473190851,47.818897637795274,0.026452013106006776
apache,0.48041237113402063,0.020914065887487676,0.553205733765967,0.12129692546806725,0.3008731685659316,163.19742489270385,0.0206566747623727
mozilla,0.4865979381443299,0.019772206238258344,0.557649153314288,0.12049772532587193,0.2902632527948071,167.78813559322032,0.02065983978838866
azure,0.32783505154639175,0.003891827538840208,0.4796360593273151,0.10348297720480315,0.49582039646524956,80.66037735849056,0.023544203804988957
adafruit,0.10927835051546392,0.00021049701909867756,0.4007348893946832,0.04475929362235077,0.7968069666182874,11.566037735849058,0.03665620145205815
googlecloudplatform,0.29690721649484536,0.0018199172660211932,0.4675240376271304,0.0984998594126556,0.5553613053613053,64.58333333333333,0.024975829909545035
owasp,0.01443298969072165,0.0,0.3722644481910395,0.008281009442783278,1.0,1.0,0.14960681849845706
hashicorp,0.39587628865979385,0.005651169322698693,0.5086250519240211,0.1137534777189085,0.3992146596858639,115.75,0.022395430377956806
w3c,0.13195876288659794,0.0006479515931732692,0.4089974644337488,0.049326889568087146,0.7366071428571429,17.59375,0.03441005185948131
intel,0.3463917525773196,0.010283100967790377,0.4872092602640622,0.0987030855570835,0.41231822070145424,99.14285714285714,0.023203044699125593
udacity,0.311340206185567,0.0023372519575341586,0.4730992816874199,0.10170829715131212,0.5346578366445917,70.80132450331126,0.024005263848626224
shopify,0.6309278350515464,0.05367304828564435,0.6488534540899894,0.13133889739568042,0.19680702882245796,245.9738562091503,0.019367656303662894
automattic,0.44948453608247424,0.015340366804351238,0.5371552772737243,0.11638070176387559,0.3219464761341056,148.13761467889907,0.02146897671438899
mapbox,0.24742268041237114,0.0010307647220400287,0.44936776432122244,0.08765244828786385,0.6436974789915967,43.400000000000006,0.026187162311016404
heroku,0.36907216494845363,0.006951092350081041,0.4976868787643646,0.10981363432519306,0.43173686523131005,102.15083798882682,0.02284161223993967
adobe,0.37938144329896906,0.007366904213852425,0.5021867601275144,0.11230593083000096,0.4288429555713946,105.52173913043478,0.022211415211623606
openstack,0.11958762886597939,0.00011596874208929641,0.4036472069048189,0.048754307213221215,0.8554143980641258,9.241379310344826,0.03569765037678338
unity-technologies,0.5835051546391753,0.036733918735328545,0.6157633666308546,0.1293915648840459,0.2254216474951758,219.43109540636044,0.0196775317572006
elastic,0.4556701030927835,0.009715198402296064,0.5402904248064503,0.12084398919816082,0.332579185520362,147.83257918552036,0.02124604672482335
JetBrains,0.3917525773195876,0.006791993676460206,0.5086250519240211,0.11174849379314437,0.3977165135059872,114.83157894736843,0.021877308908093307
rancher,0.3319587628865979,0.0030564866956667032,0.4812985759974271,0.10392034344212604,0.48928571428571427,82.71428571428571,0.023879708411510124
segmentio,0.422680412371134,0.007024236590690564,0.5220099217114952,0.1179962862695473,0.37216642754662843,129.0780487804878,0.021859749841761113
eclipse,0.04948453608247423,6.034621823735122e-06,0.3830472804834696,0.02343486168065268,0.9347826086956522,2.5,0.05576919952173039
alibaba,0.354639175257732,0.00405353490823102,0.4915208466380805,0.10780832413389092,0.4566843465252278,93.90697674418605,0.022994122003894363
discourse,0.16701030927835053,0.00015748772175502417,0.4201350655832306,0.06939517273188761,0.8598765432098765,12.209876543209873,0.030356166751503717
nasa,0.004123711340206186,0.0,0.3611304009759629,0.0024502367736807034,1.0,1.0,0.5034503463935788
github,0.5422680412371134,0.026630439966901263,0.5896163022303937,0.12671362566356598,0.252488897918904,196.84790874524714,0.020256955869107102
spatie,0.051546391752577324,0.0010019253032616175,0.3841068856853602,0.019856732021223584,0.7566666666666667,6.84,0.06550572116637504
auth0,0.3505154639175258,0.0043473455342985115,0.4906524352482606,0.10253693342004604,0.4278454577097111,97.69411764705882,0.023474995623136125
grafana,0.4247422680412371,0.007366308763272814,0.5220099217114952,0.11764653277941697,0.36571157944589155,131.02912621359224,0.021983838012705374
getsentry,0.35876288659793815,0.004650085323565654,0.4950254516051969,0.10836455559024848,0.4494717958939605,96.24137931034483,0.02280873669673324
cloudflare,0.3505154639175258,0.004836280711710968,0.48892478582837223,0.10796799026273553,0.4666202575704838,91.14117647058823,0.023288340018186773
nokia,0.511340206185567,0.021629273603101934,0.5702449247443849,0.12165583641208204,0.2653780854120413,182.4516129032258,0.02098082803364556
thoughtbot,0.24123711340206186,0.0011320616661219724,0.4464779394702821,0.08633208433110724,0.6507515473032714,41.51282051282051,0.026560121133662098
atlassian,0.5278350515463918,0.018874100349491774,0.57976884833093,0.12629388950228151,0.26488970588235294,188.453125,0.0205994173195357
aws,0.27010309278350514,0.001331912619829633,0.4575111669695477,0.09321201799656682,0.6055196711685261,52.2824427480916,0.02566816779132332
getlantern,0.21443298969072166,0.0009326960186623723,0.4359643302205894,0.08056912538995151,0.7199402539208365,29.84615384615384,0.0281434480986986
salesforce,0.012371134020618558,0.0,0.3712690887038977,0.007216725569523779,1.0,1.0,0.17286729638678433
npm,0.2288659793814433,0.0010011075458701692,0.44080837833415154,0.0776503527545654,0.6093366093366094,43.97297297297297,0.02787046985798147
plotly,0.16494845360824742,0.0005972259174610691,0.418867689819782,0.06770165365340246,0.8275316455696202,14.625,0.02930808606932068
futurice,0.07422680412371134,7.296723589915969e-06,0.39004112127881385,0.033282822471453866,0.953968253968254,2.6111111111111143,0.0435616683388441
hubspot,0.4,0.005244065025425551,0.5114351350838222,0.11528484972843889,0.39955130601997757,116.88659793814433,0.022358653113348614
kong,0.30721649484536084,0.003152894706199453,0.4714928325136086,0.10079175594776447,0.538091783058226,69.36241610738254,0.024490445311114904
rstudio,0.1463917525773196,9.887209690505513e-05,0.413257854688267,0.061536399537965,0.8567404426559356,11.028169014084504,0.030891717624250564
nvidia,0.19175257731958764,0.004214230551583636,0.4265887532265983,0.06821443729134902,0.6493688639551192,33.25806451612903,0.02830863196030196
hewlettpackard,0.2618556701030928,0.001397583469841937,0.4552611120500253,0.09036603578912927,0.6071741032370953,50.496062992125985,0.025668421708887924
formidablelabs,0.24329896907216494,0.001353012394100479,0.4464779394702821,0.07984244740537577,0.5751122700275243,50.71186440677967,0.027397848857904805
ionic-team,0.1463917525773196,0.00013906551173297363,0.413257854688267,0.06017006933583145,0.8414486921529175,12.098591549295776,0.03153544915737785
codrops,0.0,0.0,0.0,3.488482422777398e-24,0.0,,
netlify,0.16701030927835053,0.00025261867005893865,0.42077163386441735,0.06574669687463328,0.7953703703703704,17.370370370370374,0.03037603338953169
ethereum,0.061855670103092786,0.0002271984362547102,0.3873211692475808,0.02860203450623253,0.8298850574712644,5.933333333333334,0.048812506939502356
ecomfe,0.05567010309278351,0.0031238225354542114,0.38624378073785187,0.02446776438551158,0.8774928774928775,4.185185185185187,0.049425576041339
digitalocean,0.3463917525773196,0.003403564011834794,0.4880655155545087,0.10604386276843343,0.4632877102936983,90.63095238095238,0.02379494914863228
juniper,0.2309278350515464,0.0009105335217607604,0.4415091865667972,0.0827695968120196,0.6714929214929215,37.46428571428571,0.027880997365412427
square,0.15257731958762888,0.00022112331036603706,0.4151110289245373,0.06251925894431487,0.8430211032950758,12.45945945945946,0.031479156962864775
oracle,0.24948453608247423,0.0010763806465875693,0.4486418067051946,0.08740567792746194,0.6303030303030303,45.36363636363636,0.026417160453166624
spotify,0.20824742268041238,0.0005407109925219764,0.43459980962521977,0.07635928361691367,0.7017821782178217,30.821782178217816,0.028430174708231323
atom,0.24536082474226806,0.0009835545936274753,0.44791819088792817,0.0842624895905379,0.6144423871243413,46.49579831932773,0.02682795377556541
nccgroup,0.016494845360824743,0.0,0.3717661022095254,0.007775087980515904,1.0,1.0,0.13809698747406515
marmelab,0.07422680412371134,5.276527761821935e-06,0.38894856911836895,0.033033371111615535,0.9714285714285714,2.0,0.04426172431942789
symfony,0.061855670103092786,0.0003944382152228716,0.38786212060127856,0.024843119570546624,0.7655172413793103,7.800000000000001,0.05596431674078775
fossasia,0.024742268041237116,0.0031186845020022185,0.3768104183860454,0.011536686290982591,0.8181818181818182,3.0,0.09378083901247795
tc39,0.08247422680412371,2.1714993428458103e-05,0.39279954505023407,0.0327724120436794,0.9064102564102564,4.649999999999999,0.04446943419941238
sap,0.018556701030927835,6.682403727444798e-07,0.3712690887038977,0.008394938321668894,0.9444444444444444,1.4444444444444446,0.12795514492525945
yelp,0.288659793814433,0.0026941963858898715,0.4628487972508591,0.09597939261553019,0.5638232271325796,61.62857142857143,0.025544004517658418
rocketchat,0.27628865979381445,0.0012261134255664814,0.45978357342800574,0.09552719107922751,0.6064414768263944,53.343283582089555,0.025485570000885124
mirantis,0.1752577319587629,0.00019013339836368036,0.42269296552589875,0.07022759484131964,0.8355742296918768,14.811764705882354,0.03097956396450818
paypal,0.02268041237113402,1.5491026822712942e-07,0.3742712646233362,0.011410331431892674,0.9818181818181818,1.1818181818181817,0.1022229366666253
dotnet,0.12164948453608247,0.0002888995481865916,0.40423475742433107,0.047743797234184746,0.7726475745178258,14.186440677966104,0.03471610005391901
palantir,0.1731958762886598,0.0005147648109009294,0.4220505750007834,0.06352264349043825,0.6795754446356856,27.595238095238095,0.029439504913027624
dropbox,0.4041237113402062,0.006021452310625584,0.5142764413898434,0.1162017325428528,0.3990057561486133,118.1938775510204,0.021895222358568788
naver,0.07010309278350516,9.640671733214035e-05,0.38949407903298094,0.03054683420458959,0.8556149732620321,5.764705882352942,0.04535375491325991
netflix,0.12989690721649486,0.0001283363986027127,0.40779629713732074,0.054666969576338834,0.844342037890425,10.650793650793652,0.0331210029853502
vmware,0.07422680412371134,6.784518408659276e-05,0.38949407903298094,0.03291480995366013,0.8952380952380953,4.666666666666668,0.04550842552725387
freecodecamp,0.0577319587628866,0.0006907784282123886,0.38678172472216643,0.026961989783490934,0.9285714285714286,2.928571428571427,0.04769789115333038
yahoo,0.03505154639175258,2.5769626884475777e-05,0.37990325355747667,0.016380132555328043,0.8676470588235294,3.117647058823529,0.07367125666265227
nvlabs,0.002061855670103093,0.0,0.2730671370211558,0.0006460939491263797,0.0,1.0,1.0
angular,0.15051546391752577,0.0003602789804458126,0.41449146022464994,0.05666901851355365,0.73896499238965,19.794520547945204,0.03167869753719473
linuxdeepin,0.004123711340206186,0.0,0.36207207086116744,0.002475598116510021,1.0,1.0,0.503315497352864
ansible,0.13402061855670103,0.0002562900819213973,0.40779629713732074,0.05560698665799576,0.8317307692307693,11.769230769230766,0.033165878302738115
nodejs,0.26597938144329897,0.0021872909080834168,0.4560086672422257,0.08667707424024865,0.547843992248062,58.87596899224806,0.02594121358289058
airbnb,0.38762886597938145,0.00496128878852029,0.5049259606373008,0.11426227553740152,0.42075321424507905,109.31914893617021,0.022463496847201458
rust-lang,0.27835051546391754,0.00205907588833195,0.4605460669162777,0.09471954266108241,0.584742951907131,56.644444444444446,0.025027250837967394
influxdata,0.1958762886597938,0.0002427552331950209,0.4305570206984736,0.07760991553673635,0.8109742441209407,18.76842105263158,0.029610878657331193
meteor,0.38969072164948454,0.0058351051095137775,0.5076952072221489,0.1112187341856159,0.3969379714060565,114.37566137566138,0.02265565900704869
bytedance,0.30103092783505153,0.0029443681463344105,0.4675240376271304,0.09426102739213785,0.5035427491733585,72.98630136986301,0.02480102111874443
fex-team,0.002061855670103093,0.0,0.25595325193595897,0.0002317520752385504,0.0,1.0,1.0
ipfs,0.03917525773195876,6.311159075920088e-07,0.3788666826064331,0.019630020826971944,0.9883040935672515,1.2105263157894726,0.06556368399552974
citrix,0.026804123711340208,0.0,0.36207207086116744,0.010047331223985838,1.0,1.0,0.11125607273775875
thunlp,0.0,0.0,0.0,3.488482422777398e-24,0.0,,
apple,0.12989690721649486,0.00023390227043316186,0.4071983553526619,0.050376138211689125,0.7726574500768049,15.095238095238095,0.03386428869724887
crowdstrike,0.19381443298969073,0.0009841948977524142,0.42856370115820286,0.07497030105713981,0.7520018302447953,24.06382978723404,0.02847151618023343
ebay,0.012371134020618558,0.0,0.36349381983051765,0.005355616334899864,1.0,1.0,0.18603289201488205
deepmind,0.012371134020618558,0.0,0.3658883772734064,0.005097898995868351,1.0,1.0,0.18195219891710054
xamarin,0.10515463917525773,0.00015979209799516444,0.3995816954683675,0.04380465021142218,0.8345098039215686,9.274509803921568,0.03609544263710753
servo,0.20824742268041238,0.0017208209364673033,0.43459980962521977,0.07397360431738408,0.6433663366336634,36.66336633663366,0.027371735767237504
ory,0.15876288659793814,0.00014632121886543398,0.41698089842419733,0.06455253921049596,0.8574846206425154,11.831168831168824,0.032143235808897094
tencent,0.04948453608247423,4.1845578914361175e-05,0.3830472804834696,0.018279452381966134,0.8115942028985508,5.333333333333332,0.06250917372428401
hyperledger,0.012371134020618558,2.6940547938380684e-06,0.3639702206428774,0.00418468018653889,0.6666666666666666,2.6666666666666665,0.18540571799415473
basecamp,0.24123711340206186,0.0014379826523478185,0.4457612814615015,0.08438205526971546,0.627763041556145,44.17948717948718,0.026931008975560965
nextdoor,0.38556701030927837,0.0057302754517148235,0.5030965187509338,0.11295275956699385,0.4157897763210856,109.66310160427807,0.022559199880423843
criteo,0.0,0.0,0.0,3.488482422777398e-24,0.0,,
khronosgroup,0.06804123711340207,2.8101878463060064e-05,0.38894856911836895,0.026860189108768258,0.8920454545454546,4.454545454545453,0.04944257855599074
telus,0.04742268041237113,6.292185037379173e-05,0.3814687889430157,0.02158113969864179,0.8616600790513834,4.043478260869566,0.06090891615642447
samsung,0.12577319587628866,0.00019866759276663255,0.40600771688671855,0.048902582405543765,0.7945355191256831,13.32786885245902,0.035015225011277816
cloudera,0.041237113402061855,4.225007392248577e-06,0.3809455121406248,0.01936806636188443,0.9210526315789473,2.5,0.06321623486362335
trailofbits,0.13608247422680414,0.00010896668995617802,0.41020572873045114,0.05511960989372918,0.8275058275058275,12.212121212121211,0.03273791325586558
jitsi,0.088659793814433,2.1572062991449014e-05,0.39391387000073114,0.03775873021510954,0.9158361018826136,4.534883720930232,0.04141722923650658
amzn,0.020618556701030927,5.15575411535138e-06,0.3722644481910395,0.00884925964810403,0.8444444444444444,2.4000000000000004,0.11880769624094852
pingcap,0.2020618556701031,0.0033060371917061114,0.43122558750080037,0.07901750483755013,0.7889753839680202,21.469387755102048,0.02867803196707514
openai,0.18969072164948453,0.0004674511332029674,0.42724504361617766,0.07180473588655344,0.7565695174390826,23.152173913043484,0.02984977788820631
frappe,0.0288659793814433,9.915025570644554e-06,0.37579063376253785,0.013993117688620663,0.9010989010989011,2.2857142857142865,0.09351429113548801
servicenow,0.1463917525773196,0.0016483223541631496,0.4138737382272958,0.06145434895659907,0.849496981891348,11.535211267605632,0.03043460211195626
qiniu,0.04948453608247423,0.0,0.3825196671494703,0.025462948098002036,1.0,1.0,0.05290829058802383
uber,0.16907216494845362,0.00015241963571780887,0.42077163386441735,0.06921965079454381,0.8488407106293285,13.243902439024396,0.030442524273122117
cyberark,0.03917525773195876,8.520064752492119e-07,0.37783575285784415,0.020048254277432707,0.9883040935672515,1.2105263157894726,0.06591761671815055
freshworks,0.23505154639175257,0.0011312911853083821,0.44291750933096563,0.0851710329671454,0.6694612637789163,38.35087719298245,0.02703768502569444
infinitered,0.09484536082474226,3.2814565681386364e-05,0.39503453534923966,0.03949406026145979,0.8908212560386474,5.913043478260867,0.039911752461839575
sage,0.02268041237113402,0.0,0.3722644481910395,0.011256241711774457,1.0,1.0,0.10233099300125367
easemob,0.008247422680412371,0.0,0.3601936165376335,0.004658313854807071,1.0,1.0,0.25629432011284725
fastai,0.04536082474226804,1.7723826884224272e-05,0.3825196671494703,0.020531803624358882,0.8614718614718615,3.90909090909091,0.061554273723347715
iuap-design,0.07628865979381444,5.526346233073316e-05,0.38949407903298094,0.03532212825094982,0.9369369369369369,3.2702702702702737,0.04180537633443696
tryghost,0.1422680412371134,0.00013365200228836955,0.4114211531118747,0.05909826728480233,0.8516624040920716,11.086956521739133,0.031701385515618526
delta,0.004123711340206186,0.0,0.28193835365534564,0.001431427898662192,1.0,1.0,0.5103724422815754
vercel,0.18144329896907216,0.0005126567054766153,0.424631924083357,0.06353080169337147,0.6747648902821317,29.295454545454547,0.03130117528483487
docusign,0.02268041237113402,0.0,0.3668550572662027,0.010049013070369987,1.0,1.0,0.11752072308850955
dell,0.026804123711340208,3.276947981727738e-07,0.37528280858177765,0.01302947154329968,0.9871794871794872,1.1538461538461533,0.08844722167471827
wordpress,0.004123711340206186,0.0,0.3310003317646191,0.0022435243792817672,1.0,1.0,0.5044219712020919
facebook,0.4329896907216495,0.010591911816146729,0.5299795388368616,0.11430345105957901,0.3372066529961267,139.52380952380952,0.02143836343846853
paytm,0.03711340206185567,1.0379823337990494e-05,0.37990325355747667,0.01766938064230353,0.8954248366013072,2.7777777777777786,0.06859223939431583
alteryx,0.09072164948453608,3.7462150457336465e-05,0.39503453534923966,0.03959862174419726,0.8932346723044398,5.5909090909090935,0.039099913680481165
vuejs,0.18350515463917527,0.005661445935714263,0.42593447599772305,0.05881258877023589,0.575076608784474,38.39325842696629,0.030372073512351133
filamentgroup,0.01443298969072165,1.1566341297859023e-05,0.3707734023371368,0.006215640338875312,0.8095238095238095,2.1428571428571432,0.17306762351711008
storybookjs,0.07422680412371134,1.8317843806841255e-05,0.38894856911836895,0.0288570336538563,0.9285714285714286,3.5,0.05046624646712696
mdn,0.06391752577319587,0.00011138363126028242,0.38786212060127856,0.02543971820764355,0.8795698924731182,4.612903225806452,0.052887876693094804
rails,0.11752577319587629,6.010244878074535e-05,0.40423475742433107,0.05068192778280697,0.9041353383458647,6.368421052631582,0.03499689075827681
minio,0.15051546391752577,0.00010754912234490422,0.41449146022464994,0.06300233082541264,0.8972602739726028,8.397260273972606,0.032520703735303934
aspnet,0.020618556701030927,8.474262636964662e-06,0.3692942531256854,0.007885480598877144,0.8666666666666667,2.2,0.13263130572590062
ant-design,0.04536082474226804,3.5403261389747303e-06,0.3825196671494703,0.0200452074584276,0.9567099567099567,1.90909090909091,0.060544922067683936
ericsson,0.13608247422680414,6.636635361404513e-05,0.4096007055317337,0.055996220451585525,0.875058275058275,9.121212121212125,0.03319134457134416
coinbase,0.002061855670103093,0.0,0.3497597964112285,0.001243927577446559,0.0,1.0,1.0
tensorflow,0.10515463917525773,0.0010258315599806346,0.3995816954683675,0.038141519104050566,0.7050980392156863,15.745098039215684,0.039194182046775994
baidu,0.08247422680412371,2.69550499319574e-05,0.39279954505023407,0.03814470095668439,0.9461538461538461,3.1000000000000014,0.03937096655256668
yandex,0.041237113402061855,8.068905146522936e-06,0.37783575285784415,0.015971757813851566,0.9368421052631579,2.1999999999999993,0.07530640907248513
commaai,0.16907216494845362,0.0006388597983072376,0.4201350655832306,0.06161706691108613,0.686841312857573,26.365853658536587,0.030186393149655877
mastercard,0.0,0.0,0.0,3.488482422777398e-24,0.0,,
seagate,0.18144329896907216,0.0003428040390749623,0.4239836310694892,0.06952302473854999,0.7646290491118077,21.477272727272734,0.02996745239241946
ExpediaInc,0.2268041237113402,0.0014387917730061847,0.4401097913637329,0.08201429539101818,0.6650542118432027,37.509090909090915,0.026906942295282996
huggingface,0.053608247422680416,4.99427876293685e-05,0.3846388896821544,0.019991060523173565,0.7784615384615384,6.53846153846154,0.05906953044457531
huawei,0.0,0.0,0.0,3.488482422777398e-24,0.0,,
vimeo,0.15670103092783505,0.0004004759526651167,0.4163557396559452,0.062043876826750485,0.771578947368421,18.131578947368418,0.03030239325521049
koajs,0.032989690721649485,1.6788017503215724e-05,0.37579063376253785,0.014268644002906068,0.925,2.125,0.08449577695755929
gatsbyjs,0.04536082474226804,3.0260367705474667e-06,0.3814687889430157,0.018343960643980098,0.974025974025974,1.5454545454545467,0.06600802874376066
skillz,0.18350515463917527,0.0009378162623435373,0.42528220268072814,0.06977056491633515,0.72829417773238,24.910112359550567,0.029176346720244998
signalapp,0.1443298969072165,0.0009126811668193358,0.413257854688267,0.05633169392218953,0.7523809523809524,18.08571428571429,0.0318254228080643
powershell,0.020618556701030927,0.0,0.37326515907327346,0.010589340120466568,1.0,1.0,0.1105873534926835
twitter,0.10103092783505155,9.101567719202547e-05,0.3995816954683675,0.04656144351056821,0.9413265306122449,3.816326530612244,0.03531336092638978
medium,0.32577319587628867,0.002241959954157759,0.4796360593273151,0.1048384842815689,0.5147948077078126,77.17721518987342,0.023767493516439062
clojure,0.002061855670103093,0.0,0.3497597964112285,0.001243927577446559,0.0,1.0,1.0
procore,0.16907216494845362,0.00013716688899046277,0.42141013406755007,0.06957162867863491,0.8545618789521229,12.78048780487805,0.030232755604585076
genius,0.18350515463917527,0.002552787709620921,0.4265887532265983,0.06859199049791259,0.7244637385086823,25.247191011235955,0.02926068083929847
electron,0.13195876288659794,0.00014513824020350152,0.4083959975742874,0.051569142697168675,0.8134920634920635,12.75,0.03431829190722582
home-assistant,0.06391752577319587,0.0001042765141011062,0.38786212060127856,0.026550247707317207,0.7978494623655914,7.06451612903226,0.05296698771227149
nytimes,0.010309278350515464,0.0,0.3678268587424046,0.00587756052174554,1.0,1.0,0.20660948832265374
firebase,0.15670103092783505,0.00017487086712024774,0.4163557396559452,0.06336953862695216,0.8126315789473684,15.05263157894737,0.03072394129538562
mercari,0.10927835051546392,1.4544461719287535e-05,0.4007348893946832,0.04814802332081707,0.9426705370101597,3.981132075471699,0.03583027677326017
jupyter,0.051546391752577324,4.867273290322231e-05,0.3830472804834696,0.022109635029108624,0.8933333333333333,3.5599999999999987,0.05871718348833835
okta,0.016494845360824743,0.0,0.37027903780068727,0.008520205889234158,1.0,1.0,0.1352858014775182
realm,0.051546391752577324,1.457029171385918e-05,0.3825196671494703,0.022744342395105227,0.9366666666666666,2.5199999999999996,0.05764718664361752
docker,0.20824742268041238,0.000548545362560359,0.43392074742268044,0.08058560830587846,0.7722772277227723,23.772277227722768,0.02873577687019105
mandiant,0.026804123711340208,0.0,0.37376753479208,0.011732398428619563,1.0,1.0,0.09835111453128159
mercadolibre,0.16082474226804125,0.00034672346585570504,0.418867689819782,0.06628188723195436,0.8331668331668332,13.84615384615384,0.030053460028078214
groupon,0.0,0.0,0.0,3.488482422777398e-24,0.0,,
reactjs,0.13608247422680414,0.00016546220115152302,0.4089974644337488,0.050275538627972655,0.7846153846153846,15.0,0.035865087213256444
papers-we-love,0.0,0.0,0.0,3.488482422777398e-24,0.0,,
tauri-apps,0.03917525773195876,1.3167609171277138e-06,0.3809455121406248,0.01810259080515278,0.9824561403508771,1.3157894736842088,0.0663480030235596
youzan,0.041237113402061855,3.5608162778899863e-06,0.3804236689733088,0.02090945486740039,0.968421052631579,1.6000000000000014,0.06347829601947577
smartrent,0.08453608247422681,1.1539925210028739e-05,0.39279954505023407,0.03726560030858159,0.9402439024390243,3.3902439024390247,0.04097430553962206
prisma,0.03505154639175258,1.7883855377072956e-06,0.37629983516330007,0.015722179222827308,0.9485294117647058,1.8235294117647065,0.073607899979749
opentext,0.006185567010309279,0.0,0.3639702206428774,0.0035950881863958026,1.0,1.0,0.33836762288718236
python,0.11134020618556702,0.00011707884981337336,0.4007348893946832,0.04591583334178282,0.8385744234800838,9.555555555555557,0.03691286849505562
netease,0.03711340206185567,1.408824419647396e-06,0.3783505154639175,0.016195797994701316,0.954248366013072,1.7777777777777786,0.0723705603589216
kotlin,0.012371134020618558,0.0,0.35695279993639517,0.0061759306897791084,1.0,1.0,0.17718313146867867
coupa,0.15051546391752577,0.00010584424753335632,0.4138737382272958,0.06314309580544294,0.8683409436834094,10.479452054794521,0.03148669868155549
denoland,0.1443298969072165,0.0008701642975312174,0.4114211531118747,0.04948477258887157,0.6554865424430641,24.771428571428572,0.03370219243770765
bazelbuild,0.1134020618556701,4.4074280607033234e-05,0.4030613619020544,0.04846765789650574,0.8915824915824916,6.854545454545452,0.03535197562300454
cisco,0.02268041237113402,2.2392477875139541e-07,0.3742712646233362,0.011623924900529842,0.9818181818181818,1.1818181818181817,0.10084270392991591
coursera,0.2020618556701031,0.002381678124425828,0.4318962338266181,0.0756162162953759,0.7100778455712182,29.122448979591837,0.027931487567618676
ironsource,0.09278350515463918,0.0012742720503071223,0.39672754050073633,0.04083490870935199,0.8646464646464647,6.955555555555556,0.03792594793734766
veritone,0.0865979381443299,0.00022972174865158317,0.39616159536450135,0.03731217445504237,0.8199767711962834,8.38095238095238,0.039664699546254026
laravel,0.03711340206185567,0.000584511789925447,0.37732238906320037,0.011094937663627787,0.673202614379085,6.555555555555555,0.09142660283843831
spring-projects,0.04536082474226804,3.5601119150421743e-06,0.3809455121406248,0.021421069026341603,0.9523809523809523,2.0,0.06077909726625808
autodesk,0.012371134020618558,3.759127470467676e-06,0.36444787185107014,0.004522824134613756,0.8666666666666667,1.666666666666667,0.19946234706796145
didi,0.061855670103092786,2.434304214997748e-07,0.3873211692475808,0.03083910806832452,0.9977011494252873,1.0666666666666664,0.04662410873692311
kubernetes,0.21237113402061855,0.0004372719063394414,0.4352810005493972,0.07918277398431615,0.7292975442604226,28.611650485436897,0.0291586069592663
containers,0.1422680412371134,3.49531770568494e-05,0.41264380141235574,0.06071463608522484,0.9317988064791134,5.637681159420289,0.03312720682184926
pinterest,0.1463917525773196,0.00024746876528145776,0.413257854688267,0.058809350812404106,0.8060362173038229,14.577464788732392,0.03179801113691277
nutanix,0.07628865979381444,3.0725379711716214e-07,0.3911398286626978,0.03565083777119105,0.996996996996997,1.1081081081081052,0.04209860806196621
semantic-org,0.006185567010309279,0.0,0.3668550572662027,0.003596306585824069,1.0,1.0,0.3382141292708101
box,0.016494845360824743,1.7020399235974524e-05,0.3712690887038977,0.007456965554156446,0.8571428571428571,2.0,0.15045775606743564
doctrine,0.041237113402061855,0.00020380140848251182,0.3783505154639175,0.016437505048772793,0.8210526315789474,4.4,0.07877956277088131
appian,0.36701030927835054,0.0036315796206790735,0.4950254516051969,0.11090592059892296,0.445058084174443,99.2247191011236,0.023154420460839823
hexojs,0.002061855670103093,0.0,0.3578727813795302,0.0012501120903547192,0.0,1.0,1.0
rethinkdb,0.04536082474226804,0.0001270750118754236,0.3809455121406248,0.02239434417282415,0.8614718614718615,3.90909090909091,0.05773441184073759
openresty,0.01443298969072165,0.0,0.3611304009759629,0.007350121403541509,1.0,1.0,0.1530272276936851
videojs,0.020618556701030927,5.701558483359625e-07,0.37326515907327346,0.01010399347081374,0.9777777777777777,1.1999999999999993,0.11757852784660339
kriasoft,0.061855670103092786,5.863517752328224e-06,0.3841068856853602,0.023885229838844408,0.960919540229885,2.133333333333333,0.055968650854496343
gulpjs,0.032989690721649485,0.0,0.37528280858177765,0.016022635051121767,1.0,1.0,0.07427403748465652
tusimple,0.1154639175257732,0.00012333205721850498,0.402477215000747,0.04556396975674929,0.7935064935064935,12.357142857142854,0.035744634675543514
pytorch,0.06804123711340207,0.0002818992675860684,0.38894856911836895,0.025341852458511303,0.7556818181818182,8.818181818181817,0.05070688372340966
gothinkster,0.0,0.0,0.0,3.488482422777398e-24,0.0,,
opntec,0.002061855670103093,0.0,0.2517763176341935,0.00010927447477120145,0.0,1.0,1.0
douban,0.026804123711340208,0.0,0.3768104183860454,0.01470016600526114,1.0,1.0,0.08554982871985146
blockchain,0.05567010309278351,0.003133346733449151,0.38678172472216643,0.02380436632266307,0.8176638176638177,5.7407407407407405,0.05186006657158507
shadowsocks,0.07628865979381444,1.3719575492287067e-05,0.39169150684134757,0.0360857341821489,0.9534534534534534,2.675675675675677,0.041445809264750305
netdata,0.1154639175257732,4.166742219051024e-05,0.402477215000747,0.05207066712526111,0.9266233766233766,5.035714285714285,0.03369705864975977
doordash,0.26804123711340205,0.001495442284022769,0.4560086672422257,0.09249891631297888,0.60608228980322,51.815384615384616,0.025895665224248948
strapi,0.0,0.0,0.0,3.488482422777398e-24,0.0,,
bilibili,0.09484536082474226,0.0001292954319310982,0.3972951049363597,0.039599496844909675,0.8376811594202899,8.304347826086953,0.039094700785842804
xiaomi,0.026804123711340208,7.924955324913642e-05,0.37528280858177765,0.011360940766615804,0.8205128205128205,3.1538461538461533,0.09498025479209157
lingochamp,0.2061855670103093,0.002021638891595486,0.43392074742268044,0.07671942121936,0.7098989898989899,29.72,0.028167214189775705
qualys,0.024742268041237116,5.1373019955968275e-06,0.37579063376253785,0.01238442246892618,0.9242424242424242,1.833333333333334,0.09871321258031072
solarwinds,0.10103092783505155,0.00016465577477501502,0.4001574616001663,0.0437369142616164,0.8316326530612245,9.081632653061227,0.0358751604010617
datawhalechina,0.0,0.0,0.0,3.488482422777398e-24,0.0,,
qihoo360,0.002061855670103093,0.0,0.2749596815351638,0.0007484118402641896,0.0,1.0,1.0
pypa,0.12164948453608247,0.000140231450436742,0.40482402091911873,0.04984031555989083,0.831092928112215,10.796610169491522,0.035111922089023896
tenable,0.024742268041237116,5.740432089907835e-06,0.37376753479208,0.01074891088203494,0.8787878787878788,2.333333333333334,0.10491158820007854
haiwen,0.020618556701030927,0.0,0.3722644481910395,0.009713378821790247,1.0,1.0,0.12032016493873643
yalantis,0.0,0.0,0.0,3.488482422777398e-24,0.0,,
babel,0.16082474226804125,0.0003248214943819848,0.41698089842419733,0.05632189960411055,0.7159507159507159,22.87179487179487,0.03363110598724714
localstack,0.0865979381443299,5.5364746619654204e-05,0.39559726260757183,0.04055001614314545,0.9419279907084785,3.3809523809523796,0.03844430571157285
wish,0.15257731958762888,9.957005963040176e-05,0.41573245262053216,0.06179572027288513,0.8696778970751573,10.513513513513516,0.033079003769996146
meituan,0.061855670103092786,2.82674870517217e-06,0.38570733104238253,0.028667144813959378,0.9701149425287356,1.8666666666666671,0.048649370756635744
uipath,0.177319587628866,0.0001856630468761644,0.4239836310694892,0.07004614204644707,0.811217510259918,17.04651162790698,0.030527317907159877
bookingcom,0.177319587628866,0.00032300824338412086,0.4239836310694892,0.06917346688042701,0.7857729138166895,19.20930232558139,0.03053621263172754
doximity,0.03711340206185567,9.121623220777546e-06,0.3783505154639175,0.017389567780278642,0.934640522875817,2.1111111111111107,0.07214097691692979
golang,0.19381443298969073,0.0018526131953596323,0.42790335647228883,0.07441108008856022,0.7574925646305193,23.55319148936171,0.02952155875459027
polymer,0.004123711340206186,0.0,0.3611304009759629,0.0024502367736807034,1.0,1.0,0.5034503463935788
zoom,0.0,0.0,0.0,3.488482422777398e-24,0.0,,
equinix,0.03505154639175258,7.106167022606223e-06,0.3678268587424046,0.014335090378658887,0.9485294117647058,1.8235294117647065,0.08652844292708067
liveramp,0.041237113402061855,0.0,0.37376753479208,0.021091471227853754,1.0,1.0,0.06126625544772236
d3,0.006185567010309279,0.0,0.33378519032513876,0.002551445958901725,1.0,1.0,0.3454191102777471
postcss,0.04536082474226804,3.276947981727738e-07,0.3814687889430157,0.01941474261998148,0.9956709956709957,1.09090909090909,0.06266360134031213
jekyll,0.026804123711340208,0.0,0.37528280858177765,0.012927820429448799,1.0,1.0,0.08981756334161015
alipay,0.061855670103092786,4.1200257969247484e-05,0.3873211692475808,0.025775728446697153,0.8735632183908046,4.666666666666668,0.050714827054826835
fortinet,0.0,0.0,0.0,3.488482422777398e-24,0.0,,
lenovo,0.032989690721649485,1.543622827345588e-05,0.3742712646233362,0.01271818574923785,0.9583333333333334,1.625,0.09308379906954613
remitly,0.20824742268041238,0.0009562118174396303,0.43459980962521977,0.07282648035941974,0.6392079207920792,37.07920792079208,0.028336419900027204
adevinta,0.03917525773195876,9.107482681708163e-05,0.3788666826064331,0.0172256022220891,0.847953216374269,3.7368421052631575,0.0726029466702682
gree,0.004123711340206186,0.0,0.3403299979785729,0.0013750660110284473,1.0,1.0,0.5320467225885943
raspberrypi,0.04329896907216495,0.00012252239457270832,0.37990325355747667,0.014727559016221782,0.7571428571428571,5.857142857142858,0.07973128690398892
yued-fe,0.004123711340206186,1.0650080940615148e-06,0.25690035000047684,0.00032320181906183155,0.0,2.0,0.5
renesas,0.03505154639175258,0.0002615325362091365,0.37938426004168774,0.015792089657734563,0.8455882352941176,3.4705882352941178,0.07622469928148945
parse-community,0.012371134020618558,0.0,0.3692942531256854,0.007075175267871184,1.0,1.0,0.17323349946780595
kakao,0.0,0.0,0.0,3.488482422777398e-24,0.0,,
jquery,0.05979381443298969,5.833789507447728e-05,0.38624378073785187,0.024879652467349474,0.8793103448275862,4.379310344827587,0.0537128683385528
pixijs,0.032989690721649485,1.1266641824768398e-06,0.37732238906320037,0.016820641769895308,0.975,1.375,0.07354330175014319
sony,0.006185567010309279,0.0,0.3601936165376335,0.002324454654559596,1.0,1.0,0.35912822617742923
locaweb,0.0,0.0,0.0,3.488482422777398e-24,0.0,,
webpack,0.12989690721649486,0.00018961009489362448,0.4071983553526619,0.04655755663868359,0.7706093189964157,15.222222222222221,0.0376805076249533
nuxt,0.03711340206185567,0.0014624615473251977,0.37938426004168774,0.015631385840991868,0.8235294117647058,4.0,0.06854686293589667
valvesoftware,0.026804123711340208,1.2470253581426876e-05,0.37579063376253785,0.011199940287458226,0.8589743589743589,2.6923076923076916,0.09878214960846622
zalando,0.018556701030927835,0.0,0.37276413201411474,0.010131373330465324,1.0,1.0,0.11962403823453314
dianping,0.09690721649484536,5.7118153960784074e-05,0.3972951049363597,0.04125049979390156,0.8640148011100832,7.255319148936174,0.03785116304425126
zomato,0.16082474226804125,0.0021322464210865423,0.41823686498571605,0.06454983770964057,0.8111888111888111,15.53846153846154,0.03052852591394997
dcloudio,0.024742268041237116,3.027705181102012e-06,0.3668550572662027,0.009382100748237683,0.9545454545454546,1.5,0.11172482214045978
applovin,0.09690721649484536,0.0004061351821462068,0.3972951049363597,0.04231507550923982,0.8677150786308974,7.085106382978722,0.03697664631233498
genymobile,0.041237113402061855,6.380957048920119e-06,0.37938426004168774,0.017056147553560445,0.9157894736842105,2.6000000000000014,0.06930424891466183
dmlc,0.05567010309278351,7.935232584470153e-05,0.38517236941819066,0.01796101445589534,0.7492877492877493,7.518518518518519,0.06339835500546072
yeoman,0.0577319587628866,1.6724797265970224e-05,0.38517236941819066,0.025470662708163432,0.9497354497354498,2.3571428571428577,0.05181284091011913
qunarcorp,0.0,0.0,0.0,3.488482422777398e-24,0.0,,
clarivate,0.0865979381443299,0.000414831601712937,0.39559726260757183,0.037826148010687594,0.851335656213705,7.095238095238095,0.0394971884457024
similarweb,0.09690721649484536,2.4102333128319723e-05,0.3978642956311109,0.04359553844300968,0.9204440333024977,4.659574468085104,0.036776566476035534
socketio,0.053608247422680416,8.679162951604988e-07,0.3814687889430157,0.02407276056432469,0.9907692307692307,1.23076923076923,0.05525962123873165
pivotal,0.13402061855670103,0.00019162403925735325,0.41020572873045114,0.05450856468802273,0.8264423076923076,12.10769230769231,0.03342493613042129
godotengine,0.016494845360824743,0.0,0.37027903780068727,0.006283176315103421,1.0,1.0,0.1550159183434272
ctripcorp,0.020618556701030927,0.0,0.37326515907327346,0.008930062769832882,1.0,1.0,0.12335569538385503
fiserv,0.008247422680412371,0.0,0.3611304009759629,0.00309953132616133,1.0,1.0,0.27116552586353293
prometheus,0.15463917525773196,4.5739781586386225e-05,0.41573245262053216,0.06502698856273965,0.9131531531531532,7.426666666666662,0.03240632714118365
traefik,0.08041237113402062,1.0138108844193061e-06,0.3922447434329315,0.037888938865546465,0.9919028340080972,1.3076923076923066,0.04061411569771435
metafizzy,0.0,0.0,0.0,3.488482422777398e-24,0.0,,
expensify,0.10927835051546392,0.0012828288541502297,0.40131398605565816,0.045375078991435336,0.8265602322206096,10.018867924528301,0.03597351331944101
adyen,0.0,0.0,0.0,3.488482422777398e-24,0.0,,
ubisoft,0.11752577319587629,0.0001279480177002271,0.4030613619020544,0.04828765614845888,0.8527568922305765,9.24561403508772,0.03517638595008339
riskified,0.07010309278350516,2.4112197121685848e-06,0.38786212060127856,0.03321229842232482,0.9750445632798574,1.823529411764703,0.0434064047510095
reactiveX,0.08247422680412371,1.705263334515095e-05,0.3922447434329315,0.03682805561496925,0.9230769230769231,4.0,0.04078629881898941
ramotion,0.0,0.0,0.0,3.488482422777398e-24,0.0,,
open-mmlab,0.004123711340206186,0.0,0.35833455271034254,0.0014901411345942216,1.0,1.0,0.5169266749361681
riot,0.0,0.0,0.0,3.488482422777398e-24,0.0,,
expressjs,0.05567010309278351,9.530103428271481e-06,0.3819935052964449,0.023899067909509738,0.9515669515669516,2.2592592592592595,0.05645012959344141
istio,0.11752577319587629,1.803309657834407e-05,0.4030613619020544,0.04978636327113186,0.9367167919799498,4.543859649122808,0.03600318294299542
shotspotter,0.07422680412371134,0.00011643981134358986,0.39058970232140006,0.026771634235068432,0.7682539682539683,9.11111111111111,0.051579783577047456
googlechrome,0.06391752577319587,2.2204743687933877e-05,0.38786212060127856,0.025827581398292648,0.9225806451612903,3.322580645161292,0.05212521079754501
julialang,0.09484536082474226,5.40566277395385e-05,0.3972951049363597,0.03709930192021801,0.8376811594202899,8.304347826086953,0.03980478856962423
bumptech,0.006185567010309279,0.0,0.3537697813382363,0.003478357149857417,1.0,1.0,0.33896577825604685
factset,0.004123711340206186,0.0,0.34713659793814433,0.002366743487414278,1.0,1.0,0.5038930387000803
cimpress,0.008247422680412371,0.0,0.3601936165376335,0.00346448559706109,1.0,1.0,0.2633097794251349
prettier,0.10927835051546392,0.00010337993063770132,0.40131398605565816,0.041749614712478844,0.8425253991291727,9.18867924528302,0.03899403065831405
swagger-api,0.12783505154639174,0.00039006277897450523,0.40660216449563025,0.050989038891220126,0.8027498677948176,13.032258064516128,0.03429505833230341
eleme,0.006185567010309279,0.0,0.32594985721891484,0.002619424974201563,1.0,1.0,0.34723551674610387
amd,0.020618556701030927,1.2932769002389042e-05,0.3678268587424046,0.006382010072855014,0.7555555555555555,3.2,0.13122161396752366
workday,0.03711340206185567,9.238967459260458e-06,0.3783505154639175,0.016861224820698757,0.9281045751633987,2.2222222222222214,0.07715933644904506
thealgorithms,0.010309278350515464,0.0,0.3692942531256854,0.005259366654880807,1.0,1.0,0.21079291107260004
nestjs,0.012371134020618558,0.0,0.3692942531256854,0.005772688395915156,1.0,1.0,0.17814900052316013
logitech,0.006185567010309279,0.0,0.3424282100499574,0.0027953721786978156,1.0,1.0,0.34314660334039376
secureworks,0.04742268041237113,5.072432262661193e-07,0.3809455121406248,0.022377191328087662,0.9920948616600791,1.1739130434782616,0.058051272126578374
homebrew,0.12164948453608247,1.7750542802301622e-05,0.4054150048912634,0.05550098897676222,0.950905902980713,3.8474576271186436,0.0327284861647168
webtorrent,0.0,0.0,0.0,3.488482422777398e-24,0.0,,
fastlane,0.024742268041237116,1.2533867397734235e-06,0.3722644481910395,0.009886012652193406,0.9545454545454546,1.5,0.10323122812972148
meituan-dianping,0.002061855670103093,0.0,0.2727988981832175,0.000557043534578282,0.0,1.0,1.0
styled-components,0.051546391752577324,6.295188235060512e-06,0.3809455121406248,0.018326856971713282,0.9466666666666667,2.280000000000001,0.06613778502662467
mobxjs,0.012371134020618558,0.0,0.3683146927725669,0.005769682747030229,1.0,1.0,0.1812056836123764
fortawesome,0.06597938144329897,9.178919478575651e-06,0.3873211692475808,0.02768647723357074,0.9536290322580645,2.4375,0.0505414131486854
zhihu,0.032989690721649485,0.0,0.3783505154639175,0.016467906143713757,1.0,1.0,0.07434838710219697
pegasystems,0.0,0.0,0.0,3.488482422777398e-24,0.0,,
avalara,0.026804123711340208,1.1842357014785498e-05,0.37326515907327346,0.010467196563855485,0.8333333333333334,3.0,0.09852801143709917
globant,0.0,0.0,0.0,3.488482422777398e-24,0.0,,
jgraph,0.0,0.0,0.0,3.488482422777398e-24,0.0,,
youtube,0.01443298969072165,6.266068987435918e-06,0.3325859620964257,0.004077643722287612,0.5714285714285714,3.5714285714285716,0.1615270205989417
gohugoio,0.030927835051546393,1.5083368222115234e-06,0.37579063376253785,0.01557960546646832,0.9714285714285714,1.4000000000000004,0.08035088144558372
ansys,0.0,0.0,0.0,3.488482422777398e-24,0.0,,
ebookfoundation,0.024742268041237116,0.0,0.3747763540492786,0.011597609548600035,1.0,1.0,0.09943095498750013
flutter,0.041237113402061855,0.0016624506980632025,0.37990325355747667,0.018491175815274544,0.8526315789473684,3.8000000000000007,0.06448074262346623
h5bp,0.024742268041237116,7.212753229622957e-07,0.37326515907327346,0.011034874673330421,0.9696969696969697,1.333333333333334,0.10197691645279644
jobbole,0.0,0.0,0.0,3.488482422777398e-24,0.0,,
Instagram,0.1134020618556701,0.00015927943181553262,0.40131398605565816,0.04680290396151974,0.8121212121212121,11.145454545454548,0.03530629289286996
redis,0.12371134020618557,0.00012877824686119242,0.40600771688671855,0.05329267944246524,0.8734463276836159,8.466666666666669,0.033322430491176926
graphql,0.09690721649484536,4.6371807543094386e-05,0.39672754050073633,0.039835227164815905,0.9000925069380203,5.5957446808510625,0.04053343607752133
mapmyindia,0.0,0.0,0.0,3.488482422777398e-24,0.0,,
netgear,0.04948453608247423,1.1871479125008642e-05,0.3825196671494703,0.019369154057800233,0.8876811594202898,3.583333333333332,0.062473138309295066
ncsoft,0.010309278350515464,0.0,0.36160062285223366,0.004022735057671964,1.0,1.0,0.21685746955584018
moby,0.16082474226804125,0.00018629135253278296,0.41823686498571605,0.06456852867171269,0.8368298368298368,13.56410256410257,0.03183822871335125
akveo,0.0,0.0,0.0,3.488482422777398e-24,0.0,,
neovim,0.09278350515463918,0.00015380722331431975,0.39559726260757183,0.040452650620443766,0.9090909090909091,5.0,0.03885700032245144
scrapy,0.016494845360824743,0.0,0.3688038225106447,0.007664242122999942,1.0,1.0,0.13902955957010643
wayfair,0.0,0.0,0.0,3.488482422777398e-24,0.0,,
markforged,0.16907216494845362,0.0006123531181982781,0.42141013406755007,0.05846037057205699,0.6862390846130684,26.414634146341463,0.0324189991438915
twbs,0.018556701030927835,9.362708519222109e-07,0.3722644481910395,0.008314827921147076,0.9722222222222222,1.2222222222222223,0.1429376997418736
visionmedia,0.016494845360824743,0.0,0.3639702206428774,0.0076188132687245065,1.0,1.0,0.14736895782596823
sequelize,0.018556701030927835,0.0,0.3712690887038977,0.00946305157249208,1.0,1.0,0.12072071208183324
grpc,0.10309278350515465,2.1961163848853737e-05,0.4001574616001663,0.04583841505737447,0.926530612244898,4.600000000000001,0.03634640837337136
tastejs,0.004123711340206186,0.0,0.279385591901927,0.001139114010521909,1.0,1.0,0.5127413860553787
trainline,0.0,0.0,0.0,3.488482422777398e-24,0.0,,
matterport,0.0,0.0,0.0,3.488482422777398e-24,0.0,,
zynga,0.0,0.0,0.0,3.488482422777398e-24,0.0,,
anjuke,0.0,0.0,0.0,3.488482422777398e-24,0.0,,
23andme,0.026804123711340208,5.197674167400197e-07,0.3747763540492786,0.012703637761290408,0.9615384615384616,1.4615384615384617,0.08933108224179814
egain,0.0,0.0,0.0,3.488482422777398e-24,0.0,,
django,0.03711340206185567,1.035040765223767e-05,0.37783575285784415,0.01547189363504076,0.9215686274509803,2.333333333333334,0.0824430175349049
syncthing,0.006185567010309279,0.0,0.35695279993639517,0.0034920084684738352,1.0,1.0,0.3389949146507276
definitelytyped,0.024742268041237116,2.5077553635568627e-06,0.3683146927725669,0.010044270534521475,0.9848484848484849,1.166666666666666,0.11125767988455866
afnetworking,0.012371134020618558,0.0,0.3555816624206344,0.005520246838442221,1.0,1.0,0.1796635310787963
taobao,0.0,0.0,0.0,3.488482422777398e-24,0.0,,
reduxjs,0.09072164948453608,3.993717926170184e-05,0.39447340674789133,0.0352457317685263,0.8868921775898521,5.863636363636367,0.04474134515546242
encode,0.030927835051546393,1.2686125826320985e-06,0.37629983516330007,0.0137327069486946,0.9904761904761905,1.1333333333333329,0.08873018866914427
overstock,0.10515463917525773,2.711502882941036e-05,0.4007348893946832,0.04577275102181685,0.912156862745098,5.392156862745097,0.03577883183579207
veeva,0.0,0.0,0.0,3.488482422777398e-24,0.0,,
chartjs,0.002061855670103093,0.0,0.3578727813795302,0.0012501120903547192,0.0,1.0,1.0
iqiyi,0.004123711340206186,0.0,0.3045057876650389,0.0014249407373744109,1.0,1.0,0.5126248139665999
weibocom,0.0,0.0,0.0,3.488482422777398e-24,0.0,,
faceplusplus,0.0,0.0,0.0,3.488482422777398e-24,0.0,,
truecaller,0.018556701030927835,2.1846319878184918e-07,0.3722644481910395,0.009178091156211462,0.9722222222222222,1.2222222222222223,0.12266959403654643
keysight,0.008247422680412371,0.0,0.35972704449548637,0.003376649078668036,1.0,1.0,0.26581743148349946
ncino,0.03505154639175258,1.2378280888121562e-05,0.37629983516330007,0.01595718463258382,0.8970588235294118,2.6470588235294112,0.08026352350607843
obsproject,0.02268041237113402,0.0,0.3717661022095254,0.010843120834228621,1.0,1.0,0.10383293487175678
composer,0.024742268041237116,7.72340915168328e-05,0.3683146927725669,0.007554463045969581,0.8636363636363636,2.5,0.13268495544721828
gorilla,0.02268041237113402,0.0,0.3639702206428774,0.011358005866964322,1.0,1.0,0.10226804817628726
seleniumHQ,0.04536082474226804,4.092264304537892e-06,0.3819935052964449,0.022593220234611543,0.9653679653679653,1.7272727272727266,0.05873345487119745
microstrategy,0.0,0.0,0.0,3.488482422777398e-24,0.0,,
HujiangTechnology,0.004123711340206186,0.0,0.2779872656161316,0.0011459746597512236,1.0,1.0,0.5146510335449703
spirent,0.0,0.0,0.0,3.488482422777398e-24,0.0,,
coupang,0.09072164948453608,3.798545857194165e-05,0.39559726260757183,0.041643002052724754,0.9260042283298098,4.18181818181818,0.0380478104569802
30-seconds,0.0,0.0,0.0,3.488482422777398e-24,0.0,,
yarnpkg,0.10103092783505155,2.510227150062956e-05,0.39900758383694745,0.04241586806673359,0.9285714285714286,4.428571428571431,0.03919369883731912
guzzle,0.012371134020618558,0.0,0.31665824213285687,0.0018579867457564085,1.0,1.0,0.24911404934207526
vuzix,0.0,0.0,0.0,3.488482422777398e-24,0.0,,
cyberagent,0.0,0.0,0.0,3.488482422777398e-24,0.0,,
aol,0.004123711340206186,0.0,0.27550523645884467,0.001036443953562242,1.0,1.0,0.5168841071008305
billtrust,0.0,0.0,0.0,3.488482422777398e-24,0.0,,
harmonic,0.006185567010309279,1.4478541409463732e-06,0.2736052003453354,0.0009045522766658124,0.3333333333333333,2.3333333333333335,0.35508861454046636
playstudios,0.05567010309278351,7.282011166841268e-07,0.3819935052964449,0.02578346790923954,0.9886039886039886,1.2962962962962976,0.05190953335207841
keras-team,0.024742268041237116,7.028336243638279e-07,0.37027903780068727,0.008849209963041041,0.9696969696969697,1.333333333333334,0.11081173074760842
iview,0.0,0.0,0.0,3.488482422777398e-24,0.0,,
vipshop,0.0,0.0,0.0,3.488482422777398e-24,0.0,,
certara,0.0,0.0,0.0,3.488482422777398e-24,0.0,,
leaflet,0.010309278350515464,2.637162899580894e-06,0.3668550572662027,0.004465700528216181,0.8,1.7999999999999998,0.2300743716047973
gogs,0.01443298969072165,0.0,0.36978598981426825,0.008180959693279373,1.0,1.0,0.15001265052560672
carsales,0.0,0.0,0.0,3.488482422777398e-24,0.0,,
zscaler,0.0,0.0,0.0,3.488482422777398e-24,0.0,,
teamviewer,0.0,0.0,0.0,3.488482422777398e-24,0.0,,
techtarget,0.0,0.0,0.0,3.488482422777398e-24,0.0,,
doocs,0.0,0.0,0.0,3.488482422777398e-24,0.0,,
pallets,0.07835051546391752,5.7370625913268583e-05,0.39169150684134757,0.0354177105412405,0.8776671408250356,5.526315789473685,0.04339447694451894
opencv,0.010309278350515464,2.748407984674877e-07,0.36160062285223366,0.004085290280299019,0.9,1.4,0.21393150328219115
tesseract-ocr,0.0,0.0,0.0,3.488482422777398e-24,0.0,,
rackspace,0.04742268041237113,8.738531117269632e-07,0.3809455121406248,0.02240838113208335,0.9802371541501976,1.4347826086956523,0.057271290386327806
lumen,0.0,0.0,0.0,3.488482422777398e-24,0.0,,
unisys,0.0,0.0,0.0,3.488482422777398e-24,0.0,,
gin-gonic,0.01443298969072165,0.0,0.37027903780068727,0.008104300416250407,1.0,1.0,0.15020299692977537
scikit-learn,0.002061855670103093,0.0,0.2966979469556789,0.0009348477690389642,0.0,1.0,1.0
tldr-pages,0.0,0.0,0.0,3.488482422777398e-24,0.0,,
baixing,0.0,0.0,0.0,3.488482422777398e-24,0.0,,
colopl,0.012371134020618558,4.484244606574799e-07,0.3688038225106447,0.005298981656525769,0.9333333333333333,1.333333333333333,0.1837483582774844
appen,0.0,0.0,0.0,3.488482422777398e-24,0.0,,
meitu,0.006185567010309279,0.0,0.3592616796255051,0.0022841317424844164,1.0,1.0,0.3541636530477496
marqeta,0.024742268041237116,1.7810289401845152e-06,0.3673403152784596,0.010502082481995292,0.9393939393939394,1.666666666666666,0.10931378328134701
lattice,0.0,0.0,0.0,3.488482422777398e-24,0.0,,
exscientia,0.0,0.0,0.0,3.488482422777398e-24,0.0,,
mui,0.002061855670103093,0.0,0.3578727813795302,0.0012501120903547192,0.0,1.0,1.0
zsh-users,0.012371134020618558,0.0,0.36978598981426825,0.007186129568953049,1.0,1.0,0.17299707061897515
nwjs,0.09278350515463918,0.00019752724404223807,0.39616159536450135,0.03607776653016595,0.8171717171717172,9.044444444444444,0.04236357398144735
robinhood,0.008247422680412371,0.0,0.352422942069182,0.0034167127436377925,1.0,1.0,0.27631324068127233
renren,0.0,0.0,0.0,3.488482422777398e-24,0.0,,
ionq,0.008247422680412371,0.0,0.3058472228529906,0.00315390766557718,1.0,1.0,0.2642537088884925
qualtrics,0.004123711340206186,0.0,0.32594985721891484,0.0022125057717240146,1.0,1.0,0.5048753032510651
makemytrip,0.024742268041237116,1.3584863682266795e-06,0.3555816624206344,0.010079921459156796,0.9393939393939394,1.666666666666666,0.10193156581769272
agilethought,0.0,0.0,0.0,3.488482422777398e-24,0.0,,
hoppscotch,0.0,0.0,0.0,3.488482422777398e-24,0.0,,
freecodecampchina,0.004123711340206186,3.042880268747185e-07,0.3012031218552228,0.001295451532897669,0.0,2.0,0.5
puppeteer,0.030927835051546393,6.214901344656054e-07,0.3712690887038977,0.012866190465382317,0.9809523809523809,1.2666666666666675,0.08657336747515322
jumeirdgroup,0.0,0.0,0.0,3.488482422777398e-24,0.0,,
dangdangdotcom,0.002061855670103093,0.0,0.3199415649199487,0.0011488267491263353,0.0,1.0,1.0
compass,0.008247422680412371,0.0,0.3537697813382363,0.003911407294344308,1.0,1.0,0.26017412117062777
semrush,0.0,0.0,0.0,3.488482422777398e-24,0.0,,
soundhound,0.0,0.0,0.0,3.488482422777398e-24,0.0,,
alamofire,0.0,0.0,0.0,3.488482422777398e-24,0.0,,
N-able,0.0,0.0,0.0,3.488482422777398e-24,0.0,,
avepoint,0.002061855670103093,0.0,0.3578727813795302,0.0012501120903547192,0.0,1.0,1.0
lantronix,0.0,0.0,0.0,3.488482422777398e-24,0.0,,
moment,0.026804123711340208,0.0,0.3747763540492786,0.014288315927879531,1.0,1.0,0.08661993370220825
git,0.024742268041237116,6.990146004366599e-07,0.37528280858177765,0.012474821784833667,0.9848484848484849,1.166666666666666,0.09847628168967779
quilljs,0.0,0.0,0.0,3.488482422777398e-24,0.0,,
micro,0.0,0.0,0.0,3.488482422777398e-24,0.0,,
tripadvisor,0.0,0.0,0.0,3.488482422777398e-24,0.0,,
vacasa,0.0,0.0,0.0,3.488482422777398e-24,0.0,,
zuora,0.0,0.0,0.0,3.488482422777398e-24,0.0,,
qorvo,0.0,0.0,0.0,3.488482422777398e-24,0.0,,
supermicro,0.0,0.0,0.0,3.488482422777398e-24,0.0,,
evercommerce,0.0,0.0,0.0,3.488482422777398e-24,0.0,,
smartsheet,0.0,0.0,0.0,3.488482422777398e-24,0.0,,
ohmyzsh,0.02268041237113402,0.0,0.3742712646233362,0.011456700178637348,1.0,1.0,0.10496366417370612
powerline,0.0,0.0,0.0,3.488482422777398e-24,0.0,,
endava,0.0,0.0,0.0,3.488482422777398e-24,0.0,,
vanguard,0.0,0.0,0.0,3.488482422777398e-24,0.0,,
spire,0.0,0.0,0.0,3.488482422777398e-24,0.0,,
payoneer,0.0,0.0,0.0,3.488482422777398e-24,0.0,,
mtdvio,0.0,0.0,0.0,3.488482422777398e-24,0.0,,
huginn,0.0,0.0,0.0,3.488482422777398e-24,0.0,,
layui,0.0,0.0,0.0,3.488482422777398e-24,0.0,,
nortonlifeLock,0.0,0.0,0.0,3.488482422777398e-24,0.0,,
legalzoom,0.006185567010309279,0.0,0.3278740004138317,0.0024651334028327207,1.0,1.0,0.3488927648502455
channeladvisor,0.0,0.0,0.0,3.488482422777398e-24,0.0,,
lendingclub,0.0,0.0,0.0,3.488482422777398e-24,0.0,,
kinaxis,0.0,0.0,0.0,3.488482422777398e-24,0.0,,
simcorp,0.0,0.0,0.0,3.488482422777398e-24,0.0,,
upstart,0.0,0.0,0.0,3.488482422777398e-24,0.0,,
ChangbaDevs,0.0,0.0,0.0,3.488482422777398e-24,0.0,,
monotaro,0.0,0.0,0.0,3.488482422777398e-24,0.0,,
teladoc,0.006185567010309279,0.0,0.35287074758642367,0.003250743174259947,1.0,1.0,0.34041353319723244
bitcoin,0.002061855670103093,0.0,0.25618937117206225,0.00022546899129553274,0.0,1.0,1.0
konami,0.0,0.0,0.0,3.488482422777398e-24,0.0,,
jumia,0.0,0.0,0.0,3.488482422777398e-24,0.0,,
sailpoint,0.0,0.0,0.0,3.488482422777398e-24,0.0,,
meili,0.0,0.0,0.0,3.488482422777398e-24,0.0,,
identiv,0.0,0.0,0.0,3.488482422777398e-24,0.0,,
isocpp,0.002061855670103093,0.0,0.3578727813795302,0.0012501120903547192,0.0,1.0,1.0
temenos,0.0,0.0,0.0,3.488482422777398e-24,0.0,,
five9,0.0,0.0,0.0,3.488482422777398e-24,0.0,,
nordic,0.0,0.0,0.0,3.488482422777398e-24,0.0,,
nerdwallet,0.0,0.0,0.0,3.488482422777398e-24,0.0,,
gitlab,0.0,0.0,0.0,3.488482422777398e-24,0.0,,
dlocal,0.0,0.0,0.0,3.488482422777398e-24,0.0,,
tietoevry,0.0,0.0,0.0,3.488482422777398e-24,0.0,,
impress,0.0,0.0,0.0,3.488482422777398e-24,0.0,,
snapkit,0.0,0.0,0.0,3.488482422777398e-24,0.0,,
exacity,0.0,0.0,0.0,3.488482422777398e-24,0.0,,
doubleverify,0.0,0.0,0.0,3.488482422777398e-24,0.0,,
knowbe4,0.0,0.0,0.0,3.488482422777398e-24,0.0,,
sprinklr,0.0,0.0,0.0,3.488482422777398e-24,0.0,,
plantronics,0.0,0.0,0.0,3.488482422777398e-24,0.0,,
ytdl-org,0.0,0.0,0.0,3.488482422777398e-24,0.0,,
resume,0.0,0.0,0.0,3.488482422777398e-24,0.0,,
raywenderlich,0.0,0.0,0.0,3.488482422777398e-24,0.0,,
eplus,0.0,0.0,0.0,3.488482422777398e-24,0.0,,
phreesia,0.0,0.0,0.0,3.488482422777398e-24,0.0,,
